touch_observation_id,timestamp_et,session_date_et,session_time_et,level,zone_low,zone_high,approach,consecutive_touch,previous_close,touch_open,touch_high,touch_low,touch_close,touch_close_response_points,full_5m_window,upside_5m_points,downside_5m_points,close_relative_5m_points,favorable_5m_points,adverse_5m_points,close_move_5m_points,full_15m_window,upside_15m_points,downside_15m_points,close_relative_15m_points,favorable_15m_points,adverse_15m_points,close_move_15m_points,full_30m_window,upside_30m_points,downside_30m_points,close_relative_30m_points,favorable_30m_points,adverse_30m_points,close_move_30m_points,dominant_30m_reaction,heavy_10pt_30m_reaction,full_60m_window,upside_60m_points,downside_60m_points,close_relative_60m_points,favorable_60m_points,adverse_60m_points,close_move_60m_points
1,2026-02-02 09:40:00,2026-02-02,09:40:00,6950,6948,6952,from_below,false,6940.27,6940.52,6950.33,6937.14,6948.27,1.73,true,1.26,4.24,-0.01,4.24,1.26,0.01,true,10.31,5.14,-0.71,5.14,10.31,0.71,true,25.23,5.14,24.71,5.14,25.23,-24.71,false,false,true,30.82,5.14,24.08,5.14,30.82,-24.08
2,2026-02-02 09:45:00,2026-02-02,09:45:00,6950,6948,6952,continuation_in_zone,true,6948.27,6948.54,6951.26,6945.76,6949.99,,true,10.31,0.01,6.41,,,,true,10.31,5.14,9.45,,,,true,28.58,5.14,28.06,,,,,,true,30.82,5.14,20.18,,,
3,2026-02-02 09:50:00,2026-02-02,09:50:00,6950,6948,6952,continuation_in_zone,true,6949.99,6950.28,6960.31,6950.28,6956.41,,true,8.08,5.14,-0.71,,,,true,18.6,5.14,18.18,,,,true,29.6,5.14,25.21,,,,,,true,30.82,5.14,22.82,,,
4,2026-02-02 09:55:00,2026-02-02,09:55:00,6950,6948,6952,from_above,true,6956.41,6956.38,6958.08,6944.86,6949.29,-0.71,true,9.46,3.3,9.45,9.46,3.3,9.45,true,25.23,3.3,24.71,25.23,3.3,24.71,true,29.6,3.3,20.37,29.6,3.3,20.37,true,true,true,30.82,3.3,19.78,30.82,3.3,19.78
5,2026-02-02 10:00:00,2026-02-02,10:00:00,6950,6948,6952,continuation_in_zone,true,6949.29,6948.76,6959.46,6946.7,6959.45,,true,18.6,0,18.18,,,,true,28.58,0,28.06,,,,true,29.6,0,24.07,,,,,,true,30.82,0,15.07,,,
6,2026-02-03 10:00:00,2026-02-03,10:00:00,6950,6948,6952,from_above,false,6955.95,6955.91,6958.33,6943.03,6951.22,1.22,true,4.86,7.94,1.25,4.86,7.94,1.25,true,4.86,11.76,-4.23,4.86,11.76,-4.23,true,4.86,19.35,-11.22,4.86,19.35,-11.22,false,false,true,6.88,19.35,-4.96,6.88,19.35,-4.96
7,2026-02-03 10:05:00,2026-02-03,10:05:00,6950,6948,6952,continuation_in_zone,true,6951.22,6950.69,6954.86,6942.06,6951.25,,true,2.04,11.76,-8.91,,,,true,2.04,18.7,-18.51,,,,true,2.04,19.35,-7.78,,,,,,true,6.88,19.35,-6.44,,,
8,2026-02-03 10:10:00,2026-02-03,10:10:00,6950,6948,6952,continuation_in_zone,true,6951.25,6951.59,6952.04,6938.24,6941.09,,true,0,9.79,-4.23,,,,true,0.71,19.35,-5.83,,,,true,0.71,19.35,-14.26,,,,,,true,6.88,19.35,-7.38,,,
9,2026-02-03 10:15:00,2026-02-03,10:15:00,6950,6948,6952,from_below,true,6941.09,6941.36,6949.62,6940.21,6945.77,4.23,true,0.71,18.7,-18.51,18.7,0.71,18.51,true,0.71,19.35,-11.22,19.35,0.71,11.22,true,0.71,19.35,-0.98,19.35,0.71,0.98,true,true,true,6.88,19.35,-9.07,19.35,6.88,9.07
10,2026-02-03 10:20:00,2026-02-03,10:20:00,6950,6948,6952,from_below,true,6945.77,6945.75,6950.71,6931.3,6931.49,18.51,true,0,19.35,-5.83,19.35,0,5.83,true,0,19.35,-7.78,19.35,0,7.78,true,4.6,19.35,1.43,19.35,4.6,-1.43,true,true,true,6.88,19.56,-18.82,19.56,6.88,18.82
11,2026-02-03 10:45:00,2026-02-03,10:45:00,6950,6948,6952,from_below,false,6935.74,6935.54,6949.02,6931.56,6949.02,0.98,true,4.6,7.16,1.43,7.16,4.6,-1.43,true,6.88,7.16,-4.96,7.16,6.88,4.96,true,6.88,10.42,-9.07,10.42,6.88,9.07,true,true,true,6.88,23.12,-17.26,23.12,6.88,17.26
12,2026-02-03 10:50:00,2026-02-03,10:50:00,6950,6948,6952,continuation_in_zone,true,6949.02,6949.28,6954.6,6942.84,6951.43,,true,6.88,0,3.46,,,,true,6.88,6.5,-6.44,,,,true,6.88,19.56,-18.82,,,,,,true,6.88,25.24,-20.45,,,
13,2026-02-03 10:55:00,2026-02-03,10:55:00,6950,6948,6952,continuation_in_zone,true,6951.43,6951.13,6956.88,6950.93,6953.46,,true,3.64,5.08,-4.96,,,,true,3.64,9.17,-7.38,,,,true,3.64,20.53,-20.06,,,,,,true,3.64,25.24,-21.96,,,
14,2026-02-03 11:00:00,2026-02-03,11:00:00,6950,6948,6952,from_above,true,6953.46,6953.39,6953.64,6944.92,6945.04,-4.96,true,0,6.5,-6.44,0,6.5,-6.44,true,0,10.42,-9.07,0,10.42,-9.07,true,0,23.12,-16.8,0,23.12,-16.8,false,false,true,0,25.24,-23.18,0,25.24,-23.18
15,2026-02-03 11:05:00,2026-02-03,11:05:00,6950,6948,6952,from_below,true,6945.04,6944.98,6948.51,6943.5,6943.56,6.44,true,0,9.17,-7.38,9.17,0,7.38,true,0,19.56,-18.82,19.56,0,18.82,true,0,23.12,-19.45,23.12,0,19.45,true,true,true,0,27.8,-22.89,27.8,0,22.89
16,2026-02-03 11:10:00,2026-02-03,11:10:00,6950,6948,6952,from_below,true,6943.56,6943.73,6948.55,6940.83,6942.62,7.38,true,0,10.42,-9.07,10.42,0,9.07,true,0,20.53,-20.06,20.53,0,20.06,true,0,23.12,-18.15,23.12,0,18.15,true,true,true,0,40.9,-36.46,40.9,0,36.46
17,2026-02-03 12:35:00,2026-02-03,12:35:00,6900,6898,6902,from_above,false,6903.56,6903.32,6905.63,6901.18,6902.35,2.35,true,2.48,4.27,-2.1,2.48,4.27,-2.1,true,8.96,4.27,0.21,8.96,4.27,0.21,true,8.96,4.27,1.53,8.96,4.27,1.53,true,false,true,8.96,21.15,-14.45,8.96,21.15,-14.45
18,2026-02-03 12:40:00,2026-02-03,12:40:00,6900,6898,6902,from_above,true,6902.35,6902.48,6902.48,6895.73,6897.9,-2.1,true,4.32,3.88,2.79,4.32,3.88,2.79,true,8.96,3.88,-1.69,8.96,3.88,-1.69,true,8.96,13.85,-10.86,8.96,13.85,-10.86,false,false,true,8.96,21.15,-20.34,8.96,21.15,-20.34
19,2026-02-03 12:45:00,2026-02-03,12:45:00,6900,6898,6902,from_below,true,6897.9,6897.97,6904.32,6896.12,6902.79,-2.79,true,8.96,3.05,0.21,3.05,8.96,-0.21,true,8.96,3.69,-3.54,3.69,8.96,3.54,true,8.96,13.85,-6.13,13.85,8.96,6.13,true,true,true,8.96,24.27,-21.2,24.27,8.96,21.2
20,2026-02-03 12:50:00,2026-02-03,12:50:00,6900,6898,6902,from_above,true,6902.79,6902.61,6908.96,6896.95,6900.21,0.21,true,2.38,1.81,-1.69,2.38,1.81,-1.69,true,6.67,4.19,1.53,6.67,4.19,1.53,true,6.67,13.85,-11.13,6.67,13.85,-11.13,false,false,true,6.67,24.65,-24.26,6.67,24.65,-24.26
21,2026-02-03 12:55:00,2026-02-03,12:55:00,6900,6898,6902,continuation_in_zone,true,6900.21,6900.51,6902.38,6898.19,6898.31,,true,1.85,3.69,-3.54,,,,true,6.67,13.85,-10.86,,,,true,6.67,15.86,-14.45,,,,,,true,6.67,30.1,-30.02,,,
22,2026-02-03 13:00:00,2026-02-03,13:00:00,6900,6898,6902,continuation_in_zone,true,6898.31,6898.64,6901.85,6896.31,6896.46,,true,6.67,4.19,1.53,,,,true,6.67,13.85,-6.13,,,,true,6.67,21.15,-18.06,,,,,,true,6.67,34.7,-33.22,,,
23,2026-02-03 13:05:00,2026-02-03,13:05:00,6900,6898,6902,from_below,true,6896.46,6896.57,6906.67,6895.81,6901.53,-1.53,true,1.64,13.85,-10.86,13.85,1.64,10.86,true,1.64,13.85,-11.13,13.85,1.64,11.13,true,1.64,21.15,-14.45,21.15,1.64,14.45,true,true,true,1.64,37.95,-36.16,37.95,1.64,36.16
24,2026-02-03 13:10:00,2026-02-03,13:10:00,6900,6898,6902,continuation_in_zone,true,6901.53,6901.64,6901.64,6886.15,6889.14,,true,0,12.57,-6.13,,,,true,0,15.86,-14.45,,,,true,0,21.15,-20.34,,,,,,true,0,37.95,-14.02,,,
25,2026-02-03 15:25:00,2026-02-03,15:25:00,6900,6898,6902,from_below,false,6896.23,6896.42,6899.49,6896.37,6897.48,2.52,true,10.45,2.64,10.07,2.64,10.45,-10.07,true,13.55,2.64,7.19,2.64,13.55,-7.19,true,19.55,2.64,19.55,2.64,19.55,-19.55,false,false,false,19.55,2.64,,2.64,19.55,
26,2026-02-03 15:30:00,2026-02-03,15:30:00,6900,6898,6902,from_below,true,6897.48,6897.36,6910.45,6897.36,6910.07,-10.07,true,13.55,0,12.78,0,13.55,-12.78,true,13.55,0,9.75,0,13.55,-9.75,true,19.55,0,17.82,0,19.55,-17.82,false,false,false,19.55,0,,0,19.55,
27,2026-02-04 09:55:00,2026-02-04,09:55:00,6900,6898,6902,from_above,false,6923.89,6924.13,6924.87,6899.69,6902.28,2.28,true,2.78,13.91,-6.03,2.78,13.91,-6.03,true,16.89,13.91,11.33,16.89,13.91,11.33,true,30.01,13.91,21.17,30.01,13.91,21.17,true,true,true,30.01,13.91,6.47,30.01,13.91,6.47
28,2026-02-04 10:00:00,2026-02-04,10:00:00,6900,6898,6902,from_above,true,6902.28,6902.78,6902.78,6886.09,6893.97,-6.03,true,13.28,6.27,11.91,13.28,6.27,11.91,true,16.89,6.27,7.75,16.89,6.27,7.75,true,30.01,6.27,5.16,30.01,6.27,5.16,true,true,true,30.01,8.22,-8.22,30.01,8.22,-8.22
29,2026-02-04 10:05:00,2026-02-04,10:05:00,6900,6898,6902,from_below,true,6893.97,6893.73,6913.28,6893.73,6911.91,-11.91,true,16.89,0,11.33,0,16.89,-11.33,true,24.59,0,22.62,0,24.59,-22.62,true,30.01,4.69,11.52,4.69,30.01,-11.52,false,false,true,30.01,12.79,-11.28,12.79,30.01,11.28
30,2026-02-04 10:35:00,2026-02-04,10:35:00,6900,6898,6902,from_above,false,6905.16,6905.41,6922.44,6895.31,6911.52,11.52,true,24.71,0,17.35,24.71,0,17.35,true,24.71,0,9.96,24.71,0,9.96,true,24.71,12.79,-11.28,24.71,12.79,-11.28,true,true,true,24.71,14.22,-10.28,24.71,14.22,-10.28
31,2026-02-04 11:00:00,2026-02-04,11:00:00,6900,6898,6902,from_above,false,6906.47,6907.58,6909.98,6891.78,6891.78,-8.22,true,0,12.79,-11.28,0,12.79,-11.28,true,4.59,12.79,-11.06,4.59,12.79,-11.06,true,5.99,14.22,-6.72,5.99,14.22,-6.72,false,false,true,5.99,35.17,-10.39,5.99,35.17,-10.39
32,2026-02-04 11:10:00,2026-02-04,11:10:00,6900,6898,6902,from_below,false,6888.72,6889.26,6904.59,6887.57,6900.77,-0.77,true,3.76,12.6,-11.06,12.6,3.76,11.06,true,5.99,14.22,5.37,14.22,5.99,-5.37,true,5.99,24.77,-24.49,24.77,5.99,24.49,true,true,true,5.99,35.17,-11.11,35.17,5.99,11.11
33,2026-02-04 11:15:00,2026-02-04,11:15:00,6900,6898,6902,continuation_in_zone,true,6900.77,6900.81,6903.76,6887.4,6888.94,,true,0,14.22,-0.81,,,,true,5.99,14.22,-6.72,,,,true,5.99,33.68,-30.91,,,,,,true,5.99,35.17,-20.87,,,
34,2026-02-04 11:20:00,2026-02-04,11:20:00,6900,6898,6902,from_below,true,6888.94,6889.22,6899.7,6885.78,6899.19,0.81,true,5.99,3.34,5.37,3.34,5.99,-5.37,true,5.99,10.57,-10.28,10.57,5.99,10.28,true,5.99,35.17,-25.8,35.17,5.99,25.8,true,true,true,5.99,35.17,-23,35.17,5.99,23
35,2026-02-04 11:25:00,2026-02-04,11:25:00,6900,6898,6902,continuation_in_zone,true,6899.19,6899.44,6905.99,6896.66,6905.37,,true,5.55,6.93,-6.72,,,,true,5.55,24.77,-24.49,,,,true,5.55,35.17,-12.3,,,,,,true,5.55,44.83,-42.09,,,
36,2026-02-04 11:30:00,2026-02-04,11:30:00,6900,6898,6902,from_above,true,6905.37,6904.9,6905.55,6893.07,6893.28,-6.72,true,0,10.57,-10.28,0,10.57,-10.28,true,0,33.68,-30.91,0,33.68,-30.91,true,0,35.17,-10.39,0,35.17,-10.39,false,false,true,0,45.32,-42.06,0,45.32,-42.06
37,2026-02-04 12:35:00,2026-02-04,12:35:00,6850,6848,6852,from_above,false,6857.94,6857.97,6857.97,6845.78,6845.97,-4.03,true,2.43,8.35,1.99,2.43,8.35,1.99,true,3.48,11.2,2.01,3.48,11.2,2.01,true,11.32,11.2,-4.54,11.32,11.2,-4.54,true,true,true,21.44,11.2,11.17,21.44,11.2,11.17
38,2026-02-04 12:40:00,2026-02-04,12:40:00,6850,6848,6852,from_below,true,6845.97,6845.56,6852.43,6841.65,6851.99,-1.99,true,3.46,7.61,-5.89,7.61,3.46,5.89,true,9.85,11.2,8.32,11.2,9.85,-8.32,true,11.32,11.2,0.58,11.2,11.32,-0.58,false,true,true,21.44,11.2,12.96,11.2,21.44,-12.96
39,2026-02-04 12:45:00,2026-02-04,12:45:00,6850,6848,6852,continuation_in_zone,true,6851.99,6851.9,6853.46,6842.39,6844.11,,true,3.48,11.2,2.01,,,,true,9.94,11.2,3.73,,,,true,11.32,11.2,-3.76,,,,,,true,21.44,11.2,10.59,,,
40,2026-02-04 12:50:00,2026-02-04,12:50:00,6850,6848,6852,from_below,true,6844.11,6844.37,6853.48,6838.8,6852.01,-2.01,true,9.85,0,8.32,0,9.85,-8.32,true,11.32,4.64,-4.54,4.64,11.32,4.54,true,11.32,4.97,6.42,4.97,11.32,-6.42,false,false,true,21.44,4.97,16.56,4.97,21.44,-16.56
41,2026-02-04 13:00:00,2026-02-04,13:00:00,6850,6848,6852,from_above,false,6858.32,6858.37,6859.94,6848.2,6853.73,3.73,true,11.32,4.64,-4.54,11.32,4.64,-4.54,true,11.32,4.97,-3.76,11.32,4.97,-3.76,true,21.44,4.97,6.53,21.44,4.97,6.53,true,true,true,26.85,4.97,13.26,26.85,4.97,13.26
42,2026-02-04 13:05:00,2026-02-04,13:05:00,6850,6848,6852,from_above,true,6853.73,6854.16,6861.32,6845.36,6845.46,-4.54,true,2.81,4.93,0.58,2.81,4.93,0.58,true,6.42,4.97,6.42,6.42,4.97,6.42,true,21.44,4.97,11.17,21.44,4.97,11.17,true,true,true,26.85,4.97,14.97,26.85,4.97,14.97
43,2026-02-04 13:10:00,2026-02-04,13:10:00,6850,6848,6852,from_below,true,6845.46,6845.19,6852.81,6845.07,6850.58,-0.58,true,2.7,4.97,-3.76,4.97,2.7,3.76,true,21.44,4.97,20.47,4.97,21.44,-20.47,true,21.44,4.97,12.96,4.97,21.44,-12.96,false,false,true,26.85,4.97,15.17,4.97,26.85,-15.17
44,2026-02-04 13:15:00,2026-02-04,13:15:00,6850,6848,6852,continuation_in_zone,true,6850.58,6850.4,6852.7,6845.03,6846.24,,true,6.42,4.6,6.42,,,,true,21.44,4.6,6.53,,,,true,21.44,4.6,10.59,,,,,,true,26.85,4.6,20.35,,,
45,2026-02-04 13:20:00,2026-02-04,13:20:00,6850,6848,6852,from_below,true,6846.24,6846.25,6856.42,6845.4,6856.42,-6.42,true,21.44,0,20.47,0,21.44,-20.47,true,21.44,0,11.17,0,21.44,-11.17,true,21.44,0,16.56,0,21.44,-16.56,false,false,true,26.85,0,20.33,0,26.85,-20.33
46,2026-02-04 14:45:00,2026-02-04,14:45:00,6900,6898,6902,from_below,false,6887.88,6887.97,6904.36,6886.1,6895.73,4.27,true,6.57,6.17,-0.18,6.17,6.57,0.18,true,6.57,6.17,-0.13,6.17,6.57,0.13,true,6.57,10.46,-2.99,10.46,6.57,2.99,true,true,true,6.57,10.46,4.11,10.46,6.57,-4.11
47,2026-02-04 14:50:00,2026-02-04,14:50:00,6900,6898,6902,from_below,true,6895.73,6895.68,6906.57,6893.83,6899.82,0.18,true,5.58,1.82,4.84,1.82,5.58,-4.84,true,6.41,3.45,2.02,3.45,6.41,-2.02,true,6.41,10.46,-0.06,10.46,6.41,0.06,true,true,true,6.41,13.62,-13.02,13.62,6.41,13.02
48,2026-02-04 14:55:00,2026-02-04,14:55:00,6900,6898,6902,continuation_in_zone,true,6899.82,6899.76,6905.58,6898.18,6904.84,,true,6.41,3.45,-0.13,,,,true,6.41,10.46,-3.84,,,,true,6.41,10.46,-2.59,,,,,,true,6.41,21.08,-17.25,,,
49,2026-02-04 15:00:00,2026-02-04,15:00:00,6900,6898,6902,from_above,true,6904.84,6905.01,6906.41,6896.55,6899.87,-0.13,true,2.32,0.61,2.02,2.32,0.61,2.02,true,2.91,10.46,-2.99,2.91,10.46,-2.99,true,3.62,10.46,0.8,3.62,10.46,0.8,false,false,true,4.91,21.08,-17.29,4.91,21.08,-17.29
50,2026-02-04 15:05:00,2026-02-04,15:05:00,6900,6898,6902,continuation_in_zone,true,6899.87,6900.04,6902.32,6899.39,6902.02,,true,2.91,10.46,-3.84,,,,true,2.91,10.46,-0.06,,,,true,4.67,10.46,3.71,,,,,,false,4.91,21.08,,,,
51,2026-02-04 15:10:00,2026-02-04,15:10:00,6900,6898,6902,continuation_in_zone,true,6902.02,6902,6902.91,6889.54,6896.16,,true,0,6.31,-2.99,,,,true,3.62,6.39,-2.59,,,,true,4.91,6.39,0.17,,,,,,false,4.91,21.08,,,,
52,2026-02-04 15:15:00,2026-02-04,15:15:00,6900,6898,6902,from_below,true,6896.16,6896.41,6899.3,6893.69,6897.01,2.99,true,1.75,6.39,-0.06,6.39,1.75,0.06,true,3.62,6.39,0.8,6.39,3.62,-0.8,true,4.91,6.39,4.11,6.39,4.91,-4.11,true,false,false,4.91,21.08,,21.08,4.91,
53,2026-02-04 15:20:00,2026-02-04,15:20:00,6900,6898,6902,from_below,true,6897.01,6896.86,6901.75,6893.61,6899.94,0.06,true,3.62,3.19,-2.59,3.19,3.62,2.59,true,4.67,4.79,3.71,4.79,4.67,-3.71,true,4.91,13.62,-13.02,13.62,4.91,13.02,true,true,false,4.91,21.08,,21.08,4.91,
54,2026-02-04 15:25:00,2026-02-04,15:25:00,6900,6898,6902,continuation_in_zone,true,6899.94,6900.09,6903.62,6896.81,6897.41,,true,2.75,4.79,0.8,,,,true,4.91,4.79,0.17,,,,true,4.91,21.08,-17.25,,,,,,false,4.91,21.08,,,,
55,2026-02-04 15:30:00,2026-02-04,15:30:00,6900,6898,6902,from_below,true,6897.41,6897.44,6902.75,6895.21,6900.8,-0.8,true,4.67,1.6,3.71,1.6,4.67,-3.71,true,4.91,2.98,4.11,2.98,4.91,-4.11,true,4.91,21.08,-17.29,21.08,4.91,17.29,true,true,false,4.91,21.08,,21.08,4.91,
56,2026-02-04 15:35:00,2026-02-04,15:35:00,6900,6898,6902,continuation_in_zone,true,6900.8,6900.53,6904.67,6898.4,6903.71,,true,4.91,0.27,0.17,,,,true,4.91,13.62,-13.02,,,,false,4.91,21.08,,,,,,,false,4.91,21.08,,,,
57,2026-02-04 15:40:00,2026-02-04,15:40:00,6900,6898,6902,from_above,true,6903.71,6903.99,6904.91,6899.73,6900.17,0.17,true,4.74,2.98,4.11,4.74,2.98,4.11,true,4.74,21.08,-17.25,4.74,21.08,-17.25,false,4.74,21.08,,4.74,21.08,,,,false,4.74,21.08,,4.74,21.08,
58,2026-02-04 15:45:00,2026-02-04,15:45:00,6900,6898,6902,continuation_in_zone,true,6900.17,6900.09,6904.74,6897.02,6904.11,,true,4.11,13.62,-13.02,,,,true,4.11,21.08,-17.29,,,,false,4.11,21.08,,,,,,,false,4.11,21.08,,,,
59,2026-02-04 15:50:00,2026-02-04,15:50:00,6900,6898,6902,from_above,true,6904.11,6904.11,6904.11,6886.38,6886.98,-13.02,true,0,21.08,-17.25,0,21.08,-17.25,false,0,21.08,,0,21.08,,false,0,21.08,,0,21.08,,,,false,0,21.08,,0,21.08,
60,2026-02-05 09:40:00,2026-02-05,09:40:00,6850,6848,6852,from_below,false,6845.67,6845.98,6855.45,6835.95,6852.85,-2.85,true,4.67,5.54,0.16,5.54,4.67,-0.16,true,7.85,26.5,-22.68,26.5,7.85,22.68,true,7.85,60.81,-60.81,60.81,7.85,60.81,true,true,true,7.85,69.54,-49.87,69.54,7.85,49.87
61,2026-02-05 09:45:00,2026-02-05,09:45:00,6850,6848,6852,continuation_in_zone,true,6852.85,6851.74,6854.67,6844.46,6850.16,,true,7.85,12.41,-11.36,,,,true,7.85,39.37,-35.26,,,,true,7.85,62.18,-47.63,,,,,,true,7.85,69.54,-65.63,,,
62,2026-02-05 09:50:00,2026-02-05,09:50:00,6850,6848,6852,continuation_in_zone,true,6850.16,6850.56,6857.85,6837.59,6838.64,,true,0,26.5,-22.68,,,,true,0,45.18,-40.05,,,,true,0,62.18,-56.93,,,,,,true,0,69.54,-61.15,,,
63,2026-02-05 10:10:00,2026-02-05,10:10:00,6800,6798,6802,from_above,false,6809.95,6809.84,6812.52,6789.19,6789.19,-10.81,true,5.99,12.18,2.37,5.99,12.18,2.37,true,5.99,16.97,-12.86,5.99,16.97,-12.86,true,5.99,19.54,0.13,5.99,19.54,0.13,false,false,true,5.99,19.87,-19.87,5.99,19.87,-19.87
64,2026-02-05 10:15:00,2026-02-05,10:15:00,6800,6798,6802,from_below,true,6789.19,6789.23,6805.99,6787.82,6802.37,-2.37,true,2.89,10.13,-6.93,10.13,2.89,6.93,true,3.45,19.54,-18.34,19.54,3.45,18.34,true,5.68,19.54,-15.63,19.54,5.68,15.63,true,true,true,5.68,19.87,2.91,19.87,5.68,-2.91
65,2026-02-05 10:20:00,2026-02-05,10:20:00,6800,6798,6802,from_above,true,6802.37,6802.25,6802.89,6789.87,6793.07,-6.93,true,3.45,16.97,-12.86,3.45,16.97,-12.86,true,3.45,19.54,-1.74,3.45,19.54,-1.74,true,5.68,19.54,-11.15,5.68,19.54,-11.15,false,false,true,14,19.87,11.71,14,19.87,11.71
66,2026-02-05 10:25:00,2026-02-05,10:25:00,6800,6798,6802,from_below,true,6793.07,6793.45,6803.45,6783.03,6787.14,12.86,true,0,19.54,-18.34,19.54,0,18.34,true,5.68,19.54,0.13,19.54,5.68,-0.13,true,5.68,19.54,-6.67,19.54,5.68,6.67,true,true,true,19.48,19.87,17.04,19.87,19.48,-17.04
67,2026-02-05 10:35:00,2026-02-05,10:35:00,6800,6798,6802,from_below,false,6781.66,6781.78,6799.85,6781.11,6798.26,1.74,true,5.68,7.4,0.13,7.4,5.68,-0.13,true,5.68,17.53,-11.15,17.53,5.68,11.15,true,5.68,18.42,-17.67,18.42,5.68,17.67,true,true,true,28.86,19.87,23.26,19.87,28.86,-23.26
68,2026-02-05 10:40:00,2026-02-05,10:40:00,6800,6798,6802,continuation_in_zone,true,6798.26,6798.51,6805.68,6792.6,6800.13,,true,2.81,17.53,-15.63,,,,true,2.81,18.25,-6.67,,,,true,2.81,19.87,-19.87,,,,,,true,28.86,19.87,20.69,,,
69,2026-02-05 10:45:00,2026-02-05,10:45:00,6800,6798,6802,continuation_in_zone,true,6800.13,6800.52,6802.81,6782.47,6784.37,,true,0,15.63,-11.15,,,,true,0,18.25,-12.84,,,,true,4.61,19.87,2.91,,,,,,true,28.86,19.87,21.79,,,
70,2026-02-05 11:15:00,2026-02-05,11:15:00,6800,6798,6802,from_below,false,6780.13,6780.64,6804.61,6780.64,6802.91,-2.91,true,14,0,11.71,0,14,-11.71,true,26.44,0,25.91,0,26.44,-25.91,true,28.86,0,21.79,0,28.86,-21.79,false,false,true,36.27,0,19.09,0,36.27,-19.09
71,2026-02-05 13:50:00,2026-02-05,13:50:00,6800,6798,6802,from_above,false,6806.28,6806.25,6806.25,6798.81,6801.12,1.12,true,7.14,1.52,4.44,7.14,1.52,4.44,true,17.89,1.52,16.98,17.89,1.52,16.98,true,35.65,1.52,33.51,35.65,1.52,33.51,true,true,true,35.65,1.52,8.66,35.65,1.52,8.66
72,2026-02-05 13:55:00,2026-02-05,13:55:00,6800,6798,6802,continuation_in_zone,true,6801.12,6801.17,6807.14,6798.48,6804.44,,true,14.65,0,11.69,,,,true,29.52,0,27.44,,,,true,35.65,0,23.41,,,,,,true,35.65,0,12.43,,,
73,2026-02-05 14:00:00,2026-02-05,14:00:00,6800,6798,6802,from_above,true,6804.44,6804.37,6814.65,6801.64,6811.69,11.69,true,17.89,0,16.98,17.89,0,16.98,true,32.83,0,32.27,32.83,0,32.27,true,35.65,0,15.37,35.65,0,15.37,true,true,true,35.65,0,16.34,35.65,0,16.34
74,2026-02-05 15:20:00,2026-02-05,15:20:00,6800,6798,6802,from_above,false,6808.36,6808.51,6809.38,6799.58,6801.09,1.09,true,1.69,2.15,-0.96,1.69,2.15,-0.96,true,2.5,7.53,-2.24,2.5,7.53,-2.24,true,4.71,16.34,-7.84,4.71,16.34,-7.84,false,false,false,4.71,16.34,,4.71,16.34,
75,2026-02-05 15:25:00,2026-02-05,15:25:00,6800,6798,6802,continuation_in_zone,true,6801.09,6801.03,6801.69,6797.85,6799.04,,true,2.5,6.22,-5.6,,,,true,4.71,9.6,-7.49,,,,true,4.71,16.34,-0.02,,,,,,false,4.71,16.34,,,,
76,2026-02-05 15:30:00,2026-02-05,15:30:00,6800,6798,6802,continuation_in_zone,true,6799.04,6798.82,6802.5,6793.78,6794.4,,true,0,7.53,-2.24,,,,true,4.71,13.39,-8.69,,,,true,4.71,16.34,-1.61,,,,,,false,4.71,16.34,,,,
77,2026-02-05 15:35:00,2026-02-05,15:35:00,6800,6798,6802,from_below,true,6794.4,6794.39,6798.5,6792.47,6797.76,2.24,true,4.71,9.6,-7.49,9.6,4.71,7.49,true,4.71,16.34,-7.84,16.34,4.71,7.84,false,4.71,16.34,,16.34,4.71,,,,false,4.71,16.34,,16.34,4.71,
78,2026-02-05 15:40:00,2026-02-05,15:40:00,6800,6798,6802,continuation_in_zone,true,6797.76,6798.11,6804.71,6790.4,6792.51,,true,0,13.39,-8.69,,,,true,1.34,16.34,-0.02,,,,false,1.34,16.34,,,,,,,false,1.34,16.34,,,,
79,2026-02-05 15:55:00,2026-02-05,15:55:00,6800,6798,6802,from_below,false,6792.16,6790.92,6801.34,6790.92,6799.98,0.02,true,0,2.34,-1.61,2.34,0,1.61,false,0,2.34,,2.34,0,,false,0,2.34,,2.34,0,,,,false,0,2.34,,2.34,0,
80,2026-02-05 16:00:00,2026-02-05,16:00:00,6800,6798,6802,from_below,true,6799.98,6797.66,6798.39,6797.66,6798.39,1.61,false,0,1.61,,1.61,0,,false,0,1.61,,1.61,0,,false,0,1.61,,1.61,0,,,,false,0,1.61,,1.61,0,
81,2026-02-06 09:30:00,2026-02-06,09:30:00,6850,6848,6852,from_below,false,6798.39,6833.32,6867.19,6830.55,6860.92,-10.92,true,22.69,0,19.18,0,22.69,-19.18,true,31.07,0,27.61,0,31.07,-27.61,true,37.13,0,11.28,0,37.13,-11.28,false,false,true,37.13,0,33.74,0,37.13,-33.74
82,2026-02-06 11:20:00,2026-02-06,11:20:00,6900,6898,6902,from_below,false,6892.1,6892.21,6898.91,6892.19,6895.17,4.83,true,0,11.62,-7.25,11.62,0,7.25,true,1.35,11.62,-0.32,11.62,1.35,0.32,true,2.12,11.62,0.01,11.62,2.12,-0.01,true,true,true,5.83,11.62,1.81,11.62,5.83,-1.81
83,2026-02-06 11:30:00,2026-02-06,11:30:00,6900,6898,6902,from_below,false,6892.75,6893.17,6898.3,6893.17,6898.3,1.7,true,1.35,1.7,-0.32,1.7,1.35,0.32,true,2.12,3.61,0.47,3.61,2.12,-0.47,true,2.12,7.99,-0.49,7.99,2.12,0.49,true,false,true,11.66,7.99,9.52,7.99,11.66,-9.52
84,2026-02-06 11:35:00,2026-02-06,11:35:00,6900,6898,6902,continuation_in_zone,true,6898.3,6898.51,6901.35,6898.3,6899.68,,true,2.12,3.61,-1.46,,,,true,2.12,3.61,0.01,,,,true,5.29,7.99,3.41,,,,,,true,11.66,7.99,2.35,,,
85,2026-02-06 11:40:00,2026-02-06,11:40:00,6900,6898,6902,continuation_in_zone,true,6899.68,6899.71,6902.12,6896.39,6898.54,,true,1.53,1.93,0.47,,,,true,2.08,7.99,-3.67,,,,true,5.83,7.99,1.4,,,,,,true,11.66,7.99,6.92,,,
86,2026-02-06 11:45:00,2026-02-06,11:45:00,6900,6898,6902,continuation_in_zone,true,6898.54,6898.53,6901.53,6898.07,6900.47,,true,2.08,0.77,0.01,,,,true,2.08,7.99,-0.49,,,,true,5.83,7.99,2.14,,,,,,true,11.66,7.99,11.21,,,
87,2026-02-06 11:50:00,2026-02-06,11:50:00,6900,6898,6902,continuation_in_zone,true,6900.47,6900.43,6902.08,6899.23,6900.01,,true,0.01,7.99,-3.67,,,,true,5.29,7.99,3.41,,,,true,5.83,7.99,1.81,,,,,,true,16.85,7.99,13.54,,,
88,2026-02-06 11:55:00,2026-02-06,11:55:00,6900,6898,6902,continuation_in_zone,true,6900.01,6899.95,6899.95,6892.01,6896.33,,true,0,6.05,-0.49,,,,true,5.83,6.05,1.4,,,,true,7.41,6.05,6.74,,,,,,true,16.85,6.05,11.54,,,
89,2026-02-06 12:00:00,2026-02-06,12:00:00,6900,6898,6902,from_below,true,6896.33,6896.39,6899.51,6893.95,6899.51,0.49,true,5.29,0.49,3.41,0.49,5.29,-3.41,true,5.83,1.67,2.14,1.67,5.83,-2.14,true,11.66,1.67,9.52,1.67,11.66,-9.52,false,false,true,17.64,1.67,17.2,1.67,17.64,-17.2
90,2026-02-06 12:05:00,2026-02-06,12:05:00,6900,6898,6902,continuation_in_zone,true,6899.51,6899.7,6905.29,6899.7,6903.41,,true,5.83,0.51,1.4,,,,true,5.83,1.67,1.81,,,,true,11.66,1.67,2.35,,,,,,true,17.64,1.67,12.88,,,
91,2026-02-06 12:10:00,2026-02-06,12:10:00,6900,6898,6902,from_above,true,6903.41,6903.58,6905.83,6899.49,6901.4,1.4,true,4.35,1.67,2.14,4.35,1.67,2.14,true,7.41,1.67,6.74,7.41,1.67,6.74,true,11.66,1.67,6.92,11.66,1.67,6.92,true,true,true,17.64,1.67,12.59,17.64,1.67,12.59
92,2026-02-06 12:15:00,2026-02-06,12:15:00,6900,6898,6902,continuation_in_zone,true,6901.4,6901.44,6904.35,6898.33,6902.14,,true,2.29,0.12,1.81,,,,true,11.66,0.12,9.52,,,,true,11.66,0.12,11.21,,,,,,true,17.64,0.12,13.75,,,
93,2026-02-06 12:20:00,2026-02-06,12:20:00,6900,6898,6902,from_above,true,6902.14,6902.18,6902.29,6899.88,6901.81,1.81,true,7.41,0,6.74,7.41,0,6.74,true,11.66,0,2.35,11.66,0,2.35,true,16.85,0,13.54,16.85,0,13.54,true,true,true,17.64,0,10.82,17.64,0,10.82
94,2026-02-06 12:25:00,2026-02-06,12:25:00,6900,6898,6902,continuation_in_zone,true,6901.81,6901.98,6907.41,6901.95,6906.74,,true,11.66,0,9.52,,,,true,11.66,0,6.92,,,,true,16.85,0,11.54,,,,,,true,17.64,0,11.3,,,
95,2026-02-06 12:35:00,2026-02-06,12:35:00,6900,6898,6902,from_above,false,6909.52,6909.62,6909.62,6901.17,6902.35,2.35,true,7.05,0,6.92,7.05,0,6.92,true,16.85,0,13.54,16.85,0,13.54,true,17.64,0,12.88,17.64,0,12.88,true,true,true,17.64,0,14.81,17.64,0,14.81
96,2026-02-06 12:40:00,2026-02-06,12:40:00,6900,6898,6902,from_above,true,6902.35,6902.5,6907.05,6901.96,6906.92,6.92,true,11.54,0,11.21,11.54,0,11.21,true,16.85,0,11.54,16.85,0,11.54,true,17.64,0,12.59,17.64,0,12.59,true,true,true,17.64,0,15.09,17.64,0,15.09
97,2026-02-09 10:15:00,2026-02-09,10:15:00,6950,6948,6952,from_below,false,6939.38,6939.58,6948.52,6939.4,6948.33,1.67,true,0.81,5.52,-4.36,5.52,0.81,4.36,true,4.69,11.11,4.49,11.11,4.69,-4.49,true,9.72,11.11,9.68,11.11,9.72,-9.68,true,true,true,18.23,11.11,13.1,11.11,18.23,-13.1
98,2026-02-09 10:20:00,2026-02-09,10:20:00,6950,6948,6952,continuation_in_zone,true,6948.33,6948.63,6950.81,6944.48,6945.64,,true,0,11.11,-8.86,,,,true,9.49,11.11,4.6,,,,true,12.09,11.11,10.58,,,,,,true,18.23,11.11,17.36,,,
99,2026-02-09 10:30:00,2026-02-09,10:30:00,6950,6948,6952,from_below,false,6941.14,6941.17,6954.69,6941.17,6954.49,-4.49,true,9.49,0,4.6,0,9.49,-4.6,true,9.72,0,9.68,0,9.72,-9.68,true,18.23,0,17.78,0,18.23,-17.78,false,false,true,19.7,0,17.72,0,19.7,-17.72
100,2026-02-10 13:30:00,2026-02-10,13:30:00,6950,6948,6952,from_above,false,6955.48,6955.54,6957.14,6951.07,6953.2,3.2,true,9.21,0,7.91,9.21,0,7.91,true,9.21,0,1.85,9.21,0,1.85,true,9.35,0.36,5.79,9.35,0.36,5.79,true,false,true,12.01,0.36,8.44,12.01,0.36,8.44
101,2026-02-10 13:45:00,2026-02-10,13:45:00,6950,6948,6952,from_above,false,6956.84,6956.85,6956.85,6951.33,6951.85,1.85,true,3.67,0.36,-0.12,3.67,0.36,-0.12,true,9.35,0.36,5.79,9.35,0.36,5.79,true,9.35,0.36,3.82,9.35,0.36,3.82,true,false,true,12.01,0.36,8.62,12.01,0.36,8.62
102,2026-02-10 13:50:00,2026-02-10,13:50:00,6950,6948,6952,continuation_in_zone,true,6951.85,6951.89,6953.67,6949.64,6949.88,,true,8.7,0.31,7.58,,,,true,9.35,0.31,5.42,,,,true,9.35,0.31,8.67,,,,,,true,12.01,0.31,5.65,,,
103,2026-02-10 13:55:00,2026-02-10,13:55:00,6950,6948,6952,continuation_in_zone,true,6949.88,6949.91,6958.7,6949.69,6957.58,,true,9.35,0,5.79,,,,true,9.35,0,7.7,,,,true,9.59,0,9.45,,,,,,true,12.01,0,8.44,,,
104,2026-02-10 15:25:00,2026-02-10,15:25:00,6950,6948,6952,from_above,false,6954.89,6954.92,6956.13,6951.83,6953.79,3.79,true,6.45,0,1.93,6.45,0,1.93,true,6.45,0.07,0.96,6.45,0.07,0.96,true,6.45,12.47,-5.98,6.45,12.47,-5.98,false,false,false,6.45,12.47,,6.45,12.47,
105,2026-02-10 15:30:00,2026-02-10,15:30:00,6950,6948,6952,from_above,true,6953.79,6953.86,6956.45,6951.38,6951.93,1.93,true,3.22,0,0.02,3.22,0,0.02,true,4.71,0.07,4.28,4.71,0.07,4.28,true,4.71,12.47,-8.18,4.71,12.47,-8.18,false,false,false,4.71,12.47,,4.71,12.47,
106,2026-02-10 15:35:00,2026-02-10,15:35:00,6950,6948,6952,from_above,true,6951.93,6952.04,6953.22,6950.02,6950.02,0.02,true,2.7,0.07,0.96,2.7,0.07,0.96,true,4.71,7.13,-6.11,4.71,7.13,-6.11,false,4.71,12.47,,4.71,12.47,,,,false,4.71,12.47,,4.71,12.47,
107,2026-02-10 15:40:00,2026-02-10,15:40:00,6950,6948,6952,continuation_in_zone,true,6950.02,6950.16,6952.7,6949.93,6950.96,,true,4.71,0,4.28,,,,true,4.71,12.47,-5.98,,,,false,4.71,12.47,,,,,,,false,4.71,12.47,,,,
108,2026-02-10 15:45:00,2026-02-10,15:45:00,6950,6948,6952,continuation_in_zone,true,6950.96,6951.15,6954.71,6950.57,6954.28,,true,4.45,7.13,-6.11,,,,true,4.45,12.47,-8.18,,,,false,4.45,12.47,,,,,,,false,4.45,12.47,,,,
109,2026-02-10 15:50:00,2026-02-10,15:50:00,6950,6948,6952,from_above,true,6954.28,6954.45,6954.45,6942.87,6943.89,-6.11,true,0,12.47,-5.98,0,12.47,-5.98,false,0,12.47,,0,12.47,,false,0,12.47,,0,12.47,,,,false,0,12.47,,0,12.47,
110,2026-02-11 10:05:00,2026-02-11,10:05:00,6950,6948,6952,from_above,false,6957.09,6957.22,6957.96,6947.31,6948.22,-1.78,true,0,21.21,-12.36,0,21.21,-12.36,true,0,35.75,-34.44,0,35.75,-34.44,true,0,38.03,-16.51,0,38.03,-16.51,false,false,true,0,38.03,-14.28,0,38.03,-14.28
111,2026-02-11 11:10:00,2026-02-11,11:10:00,6950,6948,6952,from_below,false,6935.72,6935.73,6949.34,6935.43,6949.12,0.88,true,0,5.5,-1.25,5.5,0,1.25,true,5.34,10.56,-10.56,10.56,5.34,10.56,true,5.34,13.37,0.83,13.37,5.34,-0.83,true,true,true,5.34,15.32,-5.71,15.32,5.34,5.71
112,2026-02-11 11:15:00,2026-02-11,11:15:00,6950,6948,6952,continuation_in_zone,true,6949.12,6949.02,6949.94,6944.5,6948.75,,true,5.34,1.49,3.93,,,,true,5.34,13.37,-5.86,,,,true,5.34,13.37,-2.77,,,,,,true,5.34,15.32,-3.75,,,
113,2026-02-11 11:20:00,2026-02-11,11:20:00,6950,6948,6952,continuation_in_zone,true,6948.75,6948.73,6955.34,6948.51,6953.93,,true,4.78,10.56,-10.56,,,,true,4.78,13.37,-2.08,,,,true,4.78,13.37,-2.04,,,,,,true,4.78,15.32,1.48,,,
114,2026-02-11 11:25:00,2026-02-11,11:25:00,6950,6948,6952,from_above,true,6953.93,6953.98,6954.78,6939.44,6939.44,-10.56,true,0,13.37,-5.86,0,13.37,-5.86,true,3.7,13.37,0.83,3.7,13.37,0.83,true,3.7,13.37,-8.86,3.7,13.37,-8.86,false,false,true,8.57,15.32,5.87,8.57,15.32,5.87
115,2026-02-11 11:40:00,2026-02-11,11:40:00,6950,6948,6952,from_below,false,6947.92,6948.03,6953.7,6948.03,6950.83,-0.83,true,3.05,4.16,-2.77,4.16,3.05,2.77,true,3.05,9.28,-8.86,9.28,3.05,8.86,true,3.05,15.32,-5.71,15.32,3.05,5.71,true,true,true,8.87,15.32,8,15.32,8.87,-8
116,2026-02-11 11:45:00,2026-02-11,11:45:00,6950,6948,6952,continuation_in_zone,true,6950.83,6950.68,6953.05,6945.84,6947.23,,true,0.39,4.74,-2.04,,,,true,0.39,15.32,-13.7,,,,true,0.74,15.32,-3.75,,,,,,true,9.03,15.32,8.43,,,
117,2026-02-11 11:50:00,2026-02-11,11:50:00,6950,6948,6952,from_below,true,6947.23,6947.27,6950.39,6945.26,6947.96,2.04,true,0,9.28,-8.86,9.28,0,8.86,true,0,15.32,-5.89,15.32,0,5.89,true,1.79,15.32,1.48,15.32,1.79,-1.48,true,true,true,10.27,15.32,6.06,15.32,10.27,-6.06
118,2026-02-11 11:55:00,2026-02-11,11:55:00,6950,6948,6952,from_below,true,6947.96,6947.96,6948.09,6940.72,6941.14,8.86,true,0,15.32,-13.7,15.32,0,13.7,true,0,15.32,-5.71,15.32,0,5.71,true,8.57,15.32,5.87,15.32,8.57,-5.87,true,true,true,10.27,15.32,-1.81,15.32,10.27,1.81
119,2026-02-11 12:15:00,2026-02-11,12:15:00,6950,6948,6952,from_below,false,6944.29,6944.29,6950.74,6941.97,6946.25,3.75,true,1.79,6.92,1.48,6.92,1.79,-1.48,true,8.57,6.92,2.95,6.92,8.57,-2.95,true,9.03,6.92,8.43,6.92,9.03,-8.43,false,false,true,10.27,15.04,-8.25,15.04,10.27,8.25
120,2026-02-11 12:20:00,2026-02-11,12:20:00,6950,6948,6952,from_below,true,6946.25,6946.44,6951.79,6943.08,6951.48,-1.48,true,8.57,0,5.87,0,8.57,-5.87,true,8.57,0,2.94,0,8.57,-2.94,true,10.27,0,6.06,0,10.27,-6.06,false,false,true,10.27,15.04,-6.87,15.04,10.27,6.87
121,2026-02-11 12:25:00,2026-02-11,12:25:00,6950,6948,6952,continuation_in_zone,true,6951.48,6951.48,6958.57,6951.48,6955.87,,true,6.81,0,2.95,,,,true,8.87,0,8,,,,true,10.27,3.39,-1.81,,,,,,true,10.27,15.04,-1.13,,,
122,2026-02-11 12:30:00,2026-02-11,12:30:00,6950,6948,6952,from_above,true,6955.87,6956.24,6956.81,6951.87,6952.95,2.95,true,4.69,0,2.94,4.69,0,2.94,true,9.03,0,8.43,9.03,0,8.43,true,10.27,5.6,-2.87,10.27,5.6,-2.87,true,true,true,10.27,15.04,-6.05,10.27,15.04,-6.05
123,2026-02-11 12:35:00,2026-02-11,12:35:00,6950,6948,6952,from_above,true,6952.95,6953.01,6954.69,6950.93,6952.94,2.94,true,8.87,0,8,8.87,0,8,true,10.27,0,6.06,10.27,0,6.06,true,10.27,8.87,-8.87,10.27,8.87,-8.87,true,true,true,10.27,15.04,-1.69,10.27,15.04,-1.69
124,2026-02-11 12:55:00,2026-02-11,12:55:00,6950,6948,6952,from_above,false,6956.06,6955.97,6956,6946.61,6948.19,-1.81,true,0,5.6,-2.87,0,5.6,-2.87,true,0,13.96,-12.94,0,13.96,-12.94,true,0,15.04,-1.13,0,15.04,-1.13,false,false,true,0.9,15.04,-2.08,0.9,15.04,-2.08
125,2026-02-11 13:00:00,2026-02-11,13:00:00,6950,6948,6952,continuation_in_zone,true,6948.19,6948.2,6949.94,6944.4,6947.13,,true,0,8.87,-8.87,,,,true,0,15.04,-8.25,,,,true,0.36,15.04,-6.05,,,,,,true,0.9,15.04,-1.4,,,
126,2026-02-11 13:25:00,2026-02-11,13:25:00,6950,6948,6952,from_below,false,6943.13,6943.09,6949.53,6941.7,6948.87,1.13,true,0.36,6.05,-6.05,6.05,0.36,6.05,true,0.36,7.39,-5.55,7.39,0.36,5.55,true,0.9,8.32,-2.08,8.32,0.9,2.08,true,false,true,10.08,8.32,8.59,8.32,10.08,-8.59
127,2026-02-11 13:30:00,2026-02-11,13:30:00,6950,6948,6952,continuation_in_zone,true,6948.87,6948.74,6950.36,6943.95,6943.95,,true,0,6.72,-1.69,,,,true,0,7.39,-1.09,,,,true,0.9,8.32,-1.4,,,,,,true,10.08,8.32,7.2,,,
128,2026-02-11 13:35:00,2026-02-11,13:35:00,6950,6948,6952,from_below,true,6943.95,6943.76,6948.9,6943.28,6948.31,1.69,true,0,7.39,-5.55,7.39,0,5.55,true,0.15,8.32,-0.39,8.32,0.15,0.39,true,0.9,8.32,-3.42,8.32,0.9,3.42,true,false,true,10.08,8.32,6.6,8.32,10.08,-6.6
129,2026-02-11 13:40:00,2026-02-11,13:40:00,6950,6948,6952,continuation_in_zone,true,6948.31,6948.21,6948.21,6942.61,6944.45,,true,0,5.65,-1.09,,,,true,0.9,8.32,-2.08,,,,true,4.59,8.32,3.38,,,,,,true,10.08,8.32,7.91,,,
130,2026-02-11 13:45:00,2026-02-11,13:45:00,6950,6948,6952,from_below,true,6944.45,6944.53,6949.09,6944.35,6948.91,1.09,true,0.15,8.32,-0.39,8.32,0.15,0.39,true,0.9,8.32,-1.4,8.32,0.9,1.4,true,5.33,8.32,3.96,8.32,5.33,-3.96,true,false,true,10.08,8.32,2.52,8.32,10.08,-2.52
131,2026-02-11 13:50:00,2026-02-11,13:50:00,6950,6948,6952,continuation_in_zone,true,6948.91,6949.24,6950.15,6941.68,6949.61,,true,0.9,2.71,-2.08,,,,true,0.9,6.26,-3.42,,,,true,7.86,6.26,7.31,,,,,,true,10.08,6.26,1.21,,,
132,2026-02-11 13:55:00,2026-02-11,13:55:00,6950,6948,6952,continuation_in_zone,true,6949.61,6949.64,6950.9,6947.29,6947.92,,true,0,4.6,-1.4,,,,true,4.59,6.26,3.38,,,,true,10.08,6.26,8.59,,,,,,true,10.08,6.26,-0.07,,,
133,2026-02-11 14:00:00,2026-02-11,14:00:00,6950,6948,6952,from_below,true,6947.92,6947.89,6948.6,6945.4,6948.6,1.4,true,0,6.26,-3.42,6.26,0,3.42,true,5.33,6.26,3.96,6.26,5.33,-3.96,true,10.08,6.26,7.2,6.26,10.08,-7.2,false,false,true,10.08,6.26,1.16,6.26,10.08,-1.16
134,2026-02-11 14:05:00,2026-02-11,14:05:00,6950,6948,6952,continuation_in_zone,true,6948.6,6948.71,6949.59,6943.74,6946.58,,true,4.59,4.07,3.38,,,,true,7.86,4.07,7.31,,,,true,10.08,4.07,6.6,,,,,,true,10.08,5.18,-1.35,,,
135,2026-02-11 14:10:00,2026-02-11,14:10:00,6950,6948,6952,from_below,true,6946.58,6946.66,6954.59,6945.93,6953.38,-3.38,true,5.33,0,3.96,0,5.33,-3.96,true,10.08,0,8.59,0,10.08,-8.59,true,10.08,0,7.91,0,10.08,-7.91,false,false,true,10.08,5.18,-1.5,5.18,10.08,1.5
136,2026-02-11 14:45:00,2026-02-11,14:45:00,6950,6948,6952,from_above,false,6957.91,6957.88,6957.96,6944.82,6952.52,2.52,true,3.46,0.31,1.21,3.46,0.31,1.21,true,3.46,1.54,1.16,3.46,1.54,1.16,true,3.46,2.72,-1.68,3.46,2.72,-1.68,true,false,true,3.46,10.23,0.14,3.46,10.23,0.14
137,2026-02-11 14:50:00,2026-02-11,14:50:00,6950,6948,6952,from_above,true,6952.52,6952.47,6953.46,6949.69,6951.21,1.21,true,2.39,1.06,-0.07,2.39,1.06,-0.07,true,2.39,1.9,-1.35,2.39,1.9,-1.35,true,2.39,5.74,-3.19,2.39,5.74,-3.19,false,false,true,2.39,10.23,-2.07,2.39,10.23,-2.07
138,2026-02-11 14:55:00,2026-02-11,14:55:00,6950,6948,6952,continuation_in_zone,true,6951.21,6951.27,6952.39,6948.94,6949.93,,true,1.91,1.54,1.16,,,,true,1.91,2.11,-1.5,,,,true,1.91,6.63,-6.57,,,,,,true,1.91,10.23,-8.83,,,
139,2026-02-11 15:00:00,2026-02-11,15:00:00,6950,6948,6952,continuation_in_zone,true,6949.93,6949.79,6951.91,6948.46,6951.16,,true,1.55,1.9,-1.35,,,,true,1.55,2.72,-1.68,,,,true,1.55,10.23,-9.41,,,,,,true,1.55,10.23,-8.54,,,
140,2026-02-11 15:05:00,2026-02-11,15:05:00,6950,6948,6952,continuation_in_zone,true,6951.16,6951.22,6951.55,6948.1,6948.65,,true,0,2.11,-1.5,,,,true,1.22,5.74,-3.19,,,,true,1.22,10.23,-3.58,,,,,,false,1.22,10.23,,,,
141,2026-02-11 15:10:00,2026-02-11,15:10:00,6950,6948,6952,continuation_in_zone,true,6948.65,6948.54,6949.93,6947.89,6948.5,,true,1.22,2.72,-1.68,,,,true,1.22,6.63,-6.57,,,,true,1.22,10.23,-4.45,,,,,,false,1.22,10.23,,,,
142,2026-02-11 15:15:00,2026-02-11,15:15:00,6950,6948,6952,continuation_in_zone,true,6948.5,6948.61,6951.22,6947.28,6948.32,,true,0,5.74,-3.19,,,,true,0,10.23,-9.41,,,,true,0.3,10.23,0.14,,,,,,false,0.3,10.23,,,,
143,2026-02-11 15:20:00,2026-02-11,15:20:00,6950,6948,6952,continuation_in_zone,true,6948.32,6948.14,6948.16,6944.26,6946.81,,true,0,6.63,-6.57,,,,true,0,10.23,-3.58,,,,true,0.3,10.23,-2.07,,,,,,false,0.3,10.23,,,,
144,2026-02-11 15:40:00,2026-02-11,15:40:00,6950,6948,6952,from_below,false,6946.42,6946.82,6949.82,6945.13,6945.55,4.45,true,0.3,4.56,0.14,4.56,0.3,-0.14,true,0.3,8.83,-8.83,8.83,0.3,8.83,false,0.3,9.8,,9.8,0.3,,,,false,0.3,9.8,,9.8,0.3,
145,2026-02-11 15:45:00,2026-02-11,15:45:00,6950,6948,6952,from_below,true,6945.55,6945.68,6950.3,6945.44,6950.14,-0.14,true,0.14,7.08,-2.07,7.08,0.14,2.07,true,0.14,9.8,-8.54,9.8,0.14,8.54,false,0.14,9.8,,9.8,0.14,,,,false,0.14,9.8,,9.8,0.14,
146,2026-02-11 15:50:00,2026-02-11,15:50:00,6950,6948,6952,continuation_in_zone,true,6950.14,6950.13,6950.13,6942.92,6947.93,,true,0,8.83,-8.83,,,,false,0,9.8,,,,,false,0,9.8,,,,,,,false,0,9.8,,,,
147,2026-02-12 09:50:00,2026-02-12,09:50:00,6950,6948,6952,from_above,false,6956.7,6952.52,6959.16,6951.28,6957.3,7.3,true,7.3,7.36,-4.08,7.3,7.36,-4.08,true,7.3,8.87,-6.85,7.3,8.87,-6.85,true,7.3,8.87,0.32,7.3,8.87,0.32,false,false,true,7.3,34.59,-34.59,7.3,34.59,-34.59
148,2026-02-12 09:55:00,2026-02-12,09:55:00,6950,6948,6952,from_above,true,6957.3,6957.27,6957.27,6942.64,6945.92,-4.08,true,5.84,6.85,-3.7,5.84,6.85,-3.7,true,5.84,8.87,3.86,5.84,8.87,3.86,true,6.9,8.87,0.65,6.9,8.87,0.65,false,false,true,6.9,45.02,-44.63,6.9,45.02,-44.63
149,2026-02-12 10:00:00,2026-02-12,10:00:00,6950,6948,6952,continuation_in_zone,true,6945.92,6949.48,6955.84,6943.15,6946.3,,true,1.96,8.87,-6.85,,,,true,5.79,8.87,-1.34,,,,true,6.9,10.91,-10.91,,,,,,true,6.9,50.73,-49.4,,,
150,2026-02-12 10:05:00,2026-02-12,10:05:00,6950,6948,6952,from_below,true,6946.3,6946.57,6951.96,6941.13,6943.15,6.85,true,3.87,8.28,3.86,8.28,3.87,-3.86,true,6.9,8.28,0.32,8.28,6.9,-0.32,true,6.9,20.47,-19.58,20.47,6.9,19.58,true,true,true,6.9,61.82,-60.62,61.82,6.9,60.62
151,2026-02-12 10:10:00,2026-02-12,10:10:00,6950,6948,6952,from_below,true,6943.15,6943.24,6953.87,6941.72,6953.86,-3.86,true,5.79,1.54,-1.34,1.54,5.79,1.34,true,6.9,5.07,0.65,5.07,6.9,-0.65,true,6.9,27.07,-26.98,27.07,6.9,26.98,true,true,true,6.9,70.2,-67.68,70.2,6.9,67.68
152,2026-02-12 10:15:00,2026-02-12,10:15:00,6950,6948,6952,from_above,true,6953.86,6953.95,6955.79,6948.46,6948.66,-1.34,true,6.9,5.07,0.32,6.9,5.07,0.32,true,6.9,10.91,-10.91,6.9,10.91,-10.91,true,6.9,28.44,-25.92,6.9,28.44,-25.92,false,false,true,6.9,79.32,-75.87,6.9,79.32,-75.87
153,2026-02-12 10:20:00,2026-02-12,10:20:00,6950,6948,6952,continuation_in_zone,true,6948.66,6948.05,6956.9,6944.93,6950.32,,true,2.83,2.5,0.65,,,,true,4.25,20.47,-19.58,,,,true,4.25,34.59,-34.59,,,,,,true,4.25,86,-80.28,,,
154,2026-02-12 10:25:00,2026-02-12,10:25:00,6950,6948,6952,continuation_in_zone,true,6950.32,6950.3,6952.83,6947.5,6950.65,,true,4.25,10.91,-10.91,,,,true,4.25,27.07,-26.98,,,,true,4.25,45.02,-44.63,,,,,,true,4.25,95.06,-94.62,,,
155,2026-02-12 10:30:00,2026-02-12,10:30:00,6950,6948,6952,continuation_in_zone,true,6950.65,6950.69,6954.25,6939.09,6939.09,,true,0,20.47,-19.58,,,,true,0,28.44,-25.92,,,,true,0,50.73,-49.4,,,,,,true,0,95.06,-86.7,,,
156,2026-02-12 11:00:00,2026-02-12,11:00:00,6900,6898,6902,from_above,false,6905.37,6905.41,6906.76,6899.27,6900.6,0.6,true,1.04,11.82,-10.62,1.04,11.82,-10.62,true,1.04,29.32,-25.87,1.04,29.32,-25.87,true,1.04,45.06,-36.7,1.04,45.06,-36.7,false,false,true,1.04,45.62,-36.9,1.04,45.62,-36.9
157,2026-02-12 11:05:00,2026-02-12,11:05:00,6900,6898,6902,continuation_in_zone,true,6900.6,6900.28,6901.04,6888.18,6889.38,,true,0,20.2,-17.68,,,,true,0,36,-30.28,,,,true,0,45.06,-25.21,,,,,,true,0,45.62,-31.84,,,
158,2026-02-12 12:55:00,2026-02-12,12:55:00,6850,6848,6852,from_above,false,6856.55,6856.42,6859.08,6849.38,6849.79,-0.21,true,5.06,5.74,0.01,5.06,5.74,0.01,true,10.48,5.74,2.21,10.48,5.74,2.21,true,10.48,7.55,1.2,10.48,7.55,1.2,true,true,true,23.14,7.55,16.82,23.14,7.55,16.82
159,2026-02-12 13:00:00,2026-02-12,13:00:00,6850,6848,6852,continuation_in_zone,true,6849.79,6849.62,6855.06,6844.26,6850.01,,true,10.48,0,2.83,,,,true,10.48,5.37,-4.31,,,,true,10.48,7.55,3.3,,,,,,true,23.14,7.55,14.05,,,
160,2026-02-12 13:05:00,2026-02-12,13:05:00,6850,6848,6852,continuation_in_zone,true,6850.01,6850.24,6860.48,6850.24,6852.83,,true,4.62,0,2.21,,,,true,6.48,5.37,4.33,,,,true,11.96,7.55,11.96,,,,,,true,23.14,7.55,15.35,,,
161,2026-02-12 13:10:00,2026-02-12,13:10:00,6850,6848,6852,from_above,true,6852.83,6852.95,6854.62,6850.42,6852.21,2.21,true,2.49,5.37,-4.31,2.49,5.37,-4.31,true,6.51,7.55,1.2,6.51,7.55,1.2,true,18.83,7.55,18.64,18.83,7.55,18.64,true,true,true,23.14,7.55,11.18,23.14,7.55,11.18
162,2026-02-12 13:15:00,2026-02-12,13:15:00,6850,6848,6852,from_above,true,6852.21,6852.35,6852.49,6844.63,6845.69,-4.31,true,6.48,4.44,4.33,6.48,4.44,4.33,true,6.51,7.55,3.3,6.51,7.55,3.3,true,20.52,7.55,16.09,20.52,7.55,16.09,true,true,true,23.14,7.55,20.67,23.14,7.55,20.67
163,2026-02-12 13:20:00,2026-02-12,13:20:00,6850,6848,6852,from_below,true,6845.69,6845.56,6856.48,6845.56,6854.33,-4.33,true,6.51,7.55,1.2,7.55,6.51,-1.2,true,11.96,7.55,11.96,7.55,11.96,-11.96,true,23.14,7.55,19.85,7.55,23.14,-19.85,false,false,true,24.16,7.55,22.24,7.55,24.16,-22.24
164,2026-02-12 13:25:00,2026-02-12,13:25:00,6850,6848,6852,from_above,true,6854.33,6854.59,6856.51,6842.45,6851.2,1.2,true,4.75,2.11,3.3,4.75,2.11,3.3,true,18.83,2.11,18.64,18.83,2.11,18.64,true,23.14,2.11,16.82,23.14,2.11,16.82,true,true,true,24.16,2.11,11.19,24.16,2.11,11.19
165,2026-02-12 13:30:00,2026-02-12,13:30:00,6850,6848,6852,continuation_in_zone,true,6851.2,6851.3,6854.75,6847.89,6853.3,,true,11.96,0,11.96,,,,true,20.52,0,16.09,,,,true,23.14,0,14.05,,,,,,true,24.16,0,17.68,,,
166,2026-02-12 15:25:00,2026-02-12,15:25:00,6850,6848,6852,from_above,false,6856.94,6857.08,6857.2,6851.13,6851.87,1.87,true,3.28,4.72,-1.12,3.28,4.72,-1.12,true,3.28,5.81,-4.14,3.28,5.81,-4.14,true,3.28,25.96,-16.47,3.28,25.96,-16.47,false,false,false,3.28,25.96,,3.28,25.96,
167,2026-02-12 15:30:00,2026-02-12,15:30:00,6850,6848,6852,continuation_in_zone,true,6851.87,6851.65,6853.28,6845.28,6848.88,,true,1.01,2.85,-1.14,,,,true,3.05,13.77,-11.44,,,,true,3.05,25.96,-17.23,,,,,,false,3.05,25.96,,,,
168,2026-02-12 15:35:00,2026-02-12,15:35:00,6850,6848,6852,continuation_in_zone,true,6848.88,6848.86,6851.01,6847.15,6848.86,,true,3.05,5.81,-4.14,,,,true,3.05,25.96,-13.25,,,,false,3.05,25.96,,,,,,,false,3.05,25.96,,,,
169,2026-02-12 15:40:00,2026-02-12,15:40:00,6850,6848,6852,continuation_in_zone,true,6848.86,6848.93,6853.05,6844.19,6845.86,,true,0,13.77,-11.44,,,,true,0,25.96,-16.47,,,,false,0,25.96,,,,,,,false,0,25.96,,,,
170,2026-02-13 09:40:00,2026-02-13,09:40:00,6800,6798,6802,from_above,false,6817.25,6817.57,6823.2,6794.55,6822.42,22.42,true,46.67,0,33.24,46.67,0,33.24,true,46.67,0,16.56,46.67,0,16.56,true,47.17,0,33.14,47.17,0,33.14,true,true,true,64.25,0,35.01,64.25,0,35.01
171,2026-02-13 10:25:00,2026-02-13,10:25:00,6850,6848,6852,from_below,false,6831.59,6831.23,6851.65,6830.32,6848.52,1.48,true,13.47,1.48,10.01,1.48,13.47,-10.01,true,14.25,15.28,-14.99,15.28,14.25,14.99,true,14.25,22.78,-5.55,22.78,14.25,5.55,true,true,true,14.25,22.78,5.4,22.78,14.25,-5.4
172,2026-02-13 10:30:00,2026-02-13,10:30:00,6850,6848,6852,continuation_in_zone,true,6848.52,6848.56,6863.47,6848.53,6860.01,,true,14.25,2.01,-1.97,,,,true,14.25,22.78,-20.71,,,,true,14.25,22.78,2.91,,,,,,true,14.25,22.78,7.08,,,
173,2026-02-13 10:35:00,2026-02-13,10:35:00,6850,6848,6852,from_above,true,6860.01,6860.07,6864.25,6847.99,6848.03,-1.97,true,0.01,15.28,-14.99,0.01,15.28,-14.99,true,0.01,22.78,-4.89,0.01,22.78,-4.89,true,11.2,22.78,9.12,11.2,22.78,9.12,false,true,true,12.26,22.78,12.26,12.26,22.78,12.26
174,2026-02-13 10:40:00,2026-02-13,10:40:00,6850,6848,6852,continuation_in_zone,true,6848.03,6848.31,6850.01,6834.72,6835.01,,true,0,22.78,-20.71,,,,true,0,22.78,-5.55,,,,true,11.2,22.78,2.49,,,,,,true,15,22.78,14.87,,,
175,2026-02-13 10:55:00,2026-02-13,10:55:00,6850,6848,6852,from_below,false,6845.11,6844.85,6849.96,6841.95,6844.45,5.55,true,2.91,6.09,2.91,6.09,2.91,-2.91,true,11.2,6.09,2.49,6.09,11.2,-2.49,true,11.2,11.76,5.4,11.76,11.2,-5.4,true,true,true,23.75,11.76,16.84,11.76,23.75,-16.84
176,2026-02-13 11:00:00,2026-02-13,11:00:00,6850,6848,6852,from_below,true,6844.45,6843.91,6852.91,6843.91,6852.91,-2.91,true,11.2,0,9.12,0,11.2,-9.12,true,11.2,3.68,0.67,3.68,11.2,-0.67,true,11.2,11.76,7.08,11.76,11.2,-7.08,true,true,true,23.75,11.76,22.18,11.76,23.75,-22.18
177,2026-02-13 11:10:00,2026-02-13,11:10:00,6850,6848,6852,from_above,false,6859.12,6859.24,6859.28,6846.32,6852.49,2.49,true,9.16,0,0.67,9.16,0,0.67,true,9.16,11.76,5.4,9.16,11.76,5.4,true,15,11.76,14.87,15,11.76,14.87,true,true,true,29.6,11.76,29.26,29.6,11.76,29.26
178,2026-02-13 11:15:00,2026-02-13,11:15:00,6850,6848,6852,from_above,true,6852.49,6852.75,6859.16,6850.67,6850.67,0.67,true,2.89,11.76,-7.71,2.89,11.76,-7.71,true,10.03,11.76,7.08,10.03,11.76,7.08,true,18.57,11.76,13.68,18.57,11.76,13.68,true,true,true,29.6,11.76,19.53,29.6,11.76,19.53
179,2026-02-13 11:20:00,2026-02-13,11:20:00,6850,6848,6852,continuation_in_zone,true,6850.67,6850.65,6852.89,6838.24,6842.29,,true,7.3,8.1,5.4,,,,true,12.26,8.1,12.26,,,,true,18.57,8.1,18.34,,,,,,true,29.6,8.1,27.06,,,
180,2026-02-13 11:25:00,2026-02-13,11:25:00,6850,6848,6852,from_below,true,6842.29,6842.43,6857.3,6841.9,6855.4,-5.4,true,10.03,0.68,7.08,0.68,10.03,-7.08,true,15,0.68,14.87,0.68,15,-14.87,true,23.75,0.68,16.84,0.68,23.75,-16.84,false,false,true,29.6,0.68,22.9,0.68,29.6,-22.9
181,2026-02-13 11:30:00,2026-02-13,11:30:00,6850,6848,6852,from_above,true,6855.4,6856.39,6860.03,6849.32,6857.08,7.08,true,12.26,0,12.26,12.26,0,12.26,true,18.57,0,13.68,18.57,0,13.68,true,23.75,0,22.18,23.75,0,22.18,true,true,true,30.07,0,28.08,30.07,0,28.08
182,2026-02-13 14:50:00,2026-02-13,14:50:00,6850,6848,6852,from_above,false,6857.19,6857.44,6858.09,6850.62,6851.48,1.48,true,4.15,7.59,-7.19,4.15,7.59,-7.19,true,4.15,7.59,-0.23,4.15,7.59,-0.23,true,4.15,13.81,-13.81,4.15,13.81,-13.81,false,false,true,4.15,32.38,-15.72,4.15,32.38,-15.72
183,2026-02-13 14:55:00,2026-02-13,14:55:00,6850,6848,6852,continuation_in_zone,true,6851.48,6851.56,6854.15,6842.41,6842.81,,true,1.26,7.19,0.86,,,,true,1.52,9.55,-9.55,,,,true,1.52,27,-24.36,,,,,,true,1.52,32.38,-14.93,,,
184,2026-02-13 15:00:00,2026-02-13,15:00:00,6850,6848,6852,from_below,true,6842.81,6842.85,6851.26,6842.85,6850.86,-0.86,true,1.52,3.69,-0.23,3.69,1.52,0.23,true,1.52,11.88,-5.12,11.88,1.52,5.12,true,1.52,28.49,-28.49,28.49,1.52,28.49,true,true,true,1.52,32.38,-13.82,32.38,1.52,13.82
185,2026-02-13 15:05:00,2026-02-13,15:05:00,6850,6848,6852,continuation_in_zone,true,6850.86,6850.73,6851.52,6846.31,6849.77,,true,0,9.55,-9.55,,,,true,0,13.81,-13.81,,,,true,0,30.4,-27.49,,,,,,false,0,32.38,,,,
186,2026-02-13 15:10:00,2026-02-13,15:10:00,6850,6848,6852,continuation_in_zone,true,6849.77,6849.93,6849.93,6840.45,6840.45,,true,0,11.88,-5.12,,,,true,0,27,-24.36,,,,true,0,32.38,-28.9,,,,,,false,0,32.38,,,,
187,2026-02-17 09:50:00,2026-02-17,09:50:00,6800,6798,6802,from_above,false,6819.75,6820.15,6822.33,6793.68,6794.94,-5.06,true,0,16.67,-16.13,0,16.67,-16.13,true,2.54,19.52,-7.98,2.54,19.52,-7.98,true,14.83,19.52,-3.84,14.83,19.52,-3.84,false,true,true,14.83,24.5,-3.05,14.83,24.5,-3.05
188,2026-02-17 10:00:00,2026-02-17,10:00:00,6800,6798,6802,from_below,false,6783.87,6783.57,6799.52,6780.48,6799.52,0.48,true,2.54,8.44,-7.98,8.44,2.54,7.98,true,14.83,15.54,14.01,15.54,14.83,-14.01,true,14.83,24.16,-22.11,24.16,14.83,22.11,true,true,true,15.85,24.5,13.34,24.5,15.85,-13.34
189,2026-02-17 10:05:00,2026-02-17,10:05:00,6800,6798,6802,continuation_in_zone,true,6799.52,6799.39,6802.54,6791.56,6792.02,,true,0,15.54,-12.42,,,,true,14.83,15.54,-3.84,,,,true,14.83,24.3,-24.09,,,,,,true,29.35,24.5,28.91,,,
190,2026-02-17 10:15:00,2026-02-17,10:15:00,6800,6798,6802,from_below,false,6787.58,6787.62,6814.83,6786.66,6814.01,-14.01,true,14.41,4.71,-3.84,4.71,14.41,3.84,true,14.41,24.16,-22.11,24.16,14.41,22.11,true,14.41,24.5,-5.59,24.5,14.41,5.59,true,true,true,46.6,24.5,45.6,24.5,46.6,-45.6
191,2026-02-17 10:20:00,2026-02-17,10:20:00,6800,6798,6802,from_above,true,6814.01,6814.1,6814.41,6795.29,6796.16,-3.84,true,0,14.3,-8.69,0,14.3,-8.69,true,0,24.3,-24.09,0,24.3,-24.09,true,0,24.5,-3.05,0,24.5,-3.05,false,false,true,49.56,24.5,48.5,49.56,24.5,48.5
192,2026-02-17 10:25:00,2026-02-17,10:25:00,6800,6798,6802,from_below,true,6796.16,6796.29,6798.95,6785.7,6791.31,8.69,true,0,24.16,-22.11,24.16,0,22.11,true,0,24.5,-16.58,24.5,0,16.58,true,3.43,24.5,3.43,24.5,3.43,-3.43,true,true,true,49.56,24.5,34.1,24.5,49.56,-34.1
193,2026-02-17 10:45:00,2026-02-17,10:45:00,6800,6798,6802,from_below,false,6783.42,6783.39,6798.61,6782.78,6794.41,5.59,true,0,11.91,-3.05,11.91,0,3.05,true,15.85,11.91,13.34,11.91,15.85,-13.34,true,46.6,11.91,45.6,11.91,46.6,-45.6,false,true,true,49.56,11.91,34.73,11.91,49.56,-34.73
194,2026-02-17 10:50:00,2026-02-17,10:50:00,6800,6798,6802,from_below,true,6794.41,6794.29,6799.39,6788.09,6796.95,3.05,true,3.43,5.49,3.43,5.49,3.43,-3.43,true,29.35,5.49,28.91,5.49,29.35,-28.91,true,49.56,5.49,48.5,5.49,49.56,-48.5,false,false,true,49.56,5.49,42.36,5.49,49.56,-42.36
195,2026-02-17 10:55:00,2026-02-17,10:55:00,6800,6798,6802,from_below,true,6796.95,6796.91,6803.43,6794.51,6803.43,-3.43,true,15.85,0,13.34,0,15.85,-13.34,true,43.33,0,40.85,0,43.33,-40.85,true,49.56,0,34.1,0,49.56,-34.1,false,false,true,49.56,0,42.73,0,49.56,-42.73
196,2026-02-17 11:20:00,2026-02-17,11:20:00,6850,6848,6852,from_below,false,6845.6,6845.3,6849.56,6841.23,6848.5,1.5,true,0,16.27,-15.9,16.27,0,15.9,true,0,23.09,-7.54,23.09,0,7.54,true,0,23.09,-7.64,23.09,0,7.64,true,true,true,0,26.75,-21.22,26.75,0,21.22
197,2026-02-17 11:25:00,2026-02-17,11:25:00,6850,6848,6852,continuation_in_zone,true,6848.5,6848.49,6848.88,6833.73,6834.1,,true,0,23.09,-13.89,,,,true,0,23.09,-13.95,,,,true,0,23.09,-7.27,,,,,,true,0,26.75,-10.88,,,
198,2026-02-17 13:35:00,2026-02-17,13:35:00,6850,6848,6852,from_below,false,6845.29,6845.27,6851.4,6841.24,6851.4,-1.4,true,8.59,0,4.27,0,8.59,-4.27,true,11.96,0,11.59,0,11.96,-11.59,true,15.17,0,7.83,0,15.17,-7.83,false,false,true,16.73,0,13.14,0,16.73,-13.14
199,2026-02-17 13:40:00,2026-02-17,13:40:00,6850,6848,6852,continuation_in_zone,true,6851.4,6851.63,6858.59,6851.21,6854.27,,true,7.18,0,6.82,,,,true,15.17,0,8.49,,,,true,15.17,0,10,,,,,,true,16.99,0,15.42,,,
200,2026-02-17 15:05:00,2026-02-17,15:05:00,6850,6848,6852,from_above,false,6855.84,6855.91,6856.56,6851.6,6852.05,2.05,true,3.11,0,3.11,3.11,0,3.11,true,5.13,4.95,-3.87,5.13,4.95,-3.87,true,5.13,11.61,-10.35,5.13,11.61,-10.35,false,false,false,5.13,12.26,,5.13,12.26,
201,2026-02-17 15:10:00,2026-02-17,15:10:00,6850,6848,6852,from_above,true,6852.05,6852.13,6853.11,6850.07,6853.11,3.11,true,5.13,0.99,-0.99,5.13,0.99,-0.99,true,5.13,4.95,-2.96,5.13,4.95,-2.96,true,5.13,11.61,-1.64,5.13,11.61,-1.64,false,false,false,5.13,12.26,,5.13,12.26,
202,2026-02-17 15:15:00,2026-02-17,15:15:00,6850,6848,6852,from_above,true,6853.11,6853.2,6855.13,6849.01,6849.01,-0.99,true,1.27,4.95,-3.87,1.27,4.95,-3.87,true,1.27,10.71,-7.75,1.27,10.71,-7.75,true,1.27,11.61,-3.89,1.27,11.61,-3.89,false,false,false,1.27,12.26,,1.27,12.26,
203,2026-02-17 15:20:00,2026-02-17,15:20:00,6850,6848,6852,continuation_in_zone,true,6849.01,6849.24,6851.27,6845.05,6846.13,,true,0,4.68,-2.96,,,,true,0,11.61,-10.35,,,,true,0.52,11.61,-8.22,,,,,,false,0.52,12.26,,,,
204,2026-02-17 15:25:00,2026-02-17,15:25:00,6850,6848,6852,from_below,true,6846.13,6846.04,6849.05,6845.32,6847.04,2.96,true,0,10.71,-7.75,10.71,0,7.75,true,0.52,11.61,-1.64,11.61,0.52,1.64,true,0.52,12.26,-5.01,12.26,0.52,5.01,true,true,false,0.52,12.26,,12.26,0.52,
205,2026-02-17 15:40:00,2026-02-17,15:40:00,6850,6848,6852,from_below,false,6839.65,6839.69,6850.52,6839.35,6848.36,1.64,true,0,6.22,-3.89,6.22,0,3.89,true,0,12.26,-5.01,12.26,0,5.01,false,0,12.26,,12.26,0,,,,false,0,12.26,,12.26,0,
206,2026-02-17 15:45:00,2026-02-17,15:45:00,6850,6848,6852,continuation_in_zone,true,6848.36,6848.08,6848.34,6843.78,6846.11,,true,0,10.95,-8.22,,,,true,0,12.26,-6.79,,,,false,0,12.26,,,,,,,false,0,12.26,,,,
207,2026-02-17 15:50:00,2026-02-17,15:50:00,6850,6848,6852,from_below,true,6846.11,6845.89,6849.37,6839.05,6841.78,8.22,true,0,12.26,-5.01,12.26,0,5.01,false,0,12.26,,12.26,0,,false,0,12.26,,12.26,0,,,,false,0,12.26,,12.26,0,
208,2026-02-18 09:30:00,2026-02-18,09:30:00,6850,6848,6852,from_above,false,6843.21,6859.82,6862.33,6849.66,6853.39,3.39,true,14.32,0,10.87,14.32,0,10.87,true,22.69,0,5.82,22.69,0,5.82,true,44.35,0,44.21,44.35,0,44.21,true,true,true,52.99,0,42.1,52.99,0,42.1
209,2026-02-18 09:35:00,2026-02-18,09:35:00,6850,6848,6852,from_above,true,6853.39,6853.72,6864.32,6851.31,6860.87,10.87,true,22.69,0,19.31,22.69,0,19.31,true,22.69,0,21.19,22.69,0,21.19,true,49.33,0,43.16,49.33,0,43.16,true,true,true,52.99,0,48.74,52.99,0,48.74
210,2026-02-18 10:05:00,2026-02-18,10:05:00,6900,6898,6902,from_below,false,6894.21,6894.31,6899.33,6890.88,6893.16,6.84,true,0,11.08,-3.49,11.08,0,3.49,true,2.99,11.08,-4.46,11.08,2.99,4.46,true,2.99,11.08,-1.26,11.08,2.99,1.26,true,true,true,7.85,11.08,2.08,11.08,7.85,-2.08
211,2026-02-18 10:15:00,2026-02-18,10:15:00,6900,6898,6902,from_below,false,6896.51,6896.42,6902.99,6895.71,6897.64,2.36,true,0.09,4.65,-4.46,4.65,0.09,4.46,true,0.09,8.05,-7.9,8.05,0.09,7.9,true,4.54,8.17,1.92,8.17,4.54,-1.92,true,false,true,7.85,8.17,0.32,8.17,7.85,-0.32
212,2026-02-18 10:20:00,2026-02-18,10:20:00,6900,6898,6902,from_below,true,6897.64,6897.7,6900.09,6895.35,6895.54,4.46,true,0,6.32,-2.93,6.32,0,2.93,true,0,8.17,-1.26,8.17,0,1.26,true,4.54,8.17,2.9,8.17,4.54,-2.9,true,false,true,7.85,8.17,1.27,8.17,7.85,-1.27
213,2026-02-18 10:25:00,2026-02-18,10:25:00,6900,6898,6902,from_below,true,6895.54,6895.52,6898.71,6893.68,6897.07,2.93,true,0,8.05,-7.9,8.05,0,7.9,true,3.11,8.17,1.38,8.17,3.11,-1.38,true,5.73,8.17,3.88,8.17,5.73,-3.88,true,false,true,7.85,8.17,0.6,8.17,7.85,-0.6
214,2026-02-18 10:35:00,2026-02-18,10:35:00,6900,6898,6902,from_below,false,6892.1,6892.09,6899.09,6891.83,6898.74,1.26,true,3.11,1.94,1.38,1.94,3.11,-1.38,true,4.54,1.94,2.9,1.94,4.54,-2.9,true,7.85,1.94,2.08,1.94,7.85,-2.08,false,false,true,7.85,1.94,3.78,1.94,7.85,-3.78
215,2026-02-18 10:40:00,2026-02-18,10:40:00,6900,6898,6902,continuation_in_zone,true,6898.74,6899.05,6903.11,6898.06,6901.38,,true,4.54,0.64,1.92,,,,true,5.73,0.9,3.88,,,,true,7.85,0.9,2.47,,,,,,true,7.85,1.24,2.19,,,
216,2026-02-18 10:45:00,2026-02-18,10:45:00,6900,6898,6902,continuation_in_zone,true,6901.38,6901.52,6904.54,6899.36,6901.92,,true,3.51,0.9,2.9,,,,true,5.73,0.9,4.06,,,,true,7.85,0.9,0.32,,,,,,true,7.85,1.24,-0.62,,,
217,2026-02-18 10:50:00,2026-02-18,10:50:00,6900,6898,6902,from_above,true,6901.92,6902.08,6903.51,6899.1,6902.9,2.9,true,5.73,0,3.88,5.73,0,3.88,true,7.85,0,2.08,7.85,0,2.08,true,7.85,1.24,1.27,7.85,1.24,1.27,true,false,true,7.85,5.19,-4.19,7.85,5.19,-4.19
218,2026-02-18 11:00:00,2026-02-18,11:00:00,6900,6898,6902,from_above,false,6903.88,6903.92,6904.39,6901.05,6904.06,4.06,true,7.85,0,2.08,7.85,0,2.08,true,7.85,0,0.32,7.85,0,0.32,true,7.85,1.24,2.87,7.85,1.24,2.87,true,false,true,7.85,7.32,-0.3,7.85,7.32,-0.3
219,2026-02-18 11:05:00,2026-02-18,11:05:00,6900,6898,6902,from_above,true,6904.06,6904.1,6907.85,6901.74,6902.08,2.08,true,4.34,0,2.47,4.34,0,2.47,true,5,1.24,1.27,5,1.24,1.27,true,5.59,1.24,3.78,5.59,1.24,3.78,true,false,true,6.89,7.32,2.84,6.89,7.32,2.84
220,2026-02-18 11:10:00,2026-02-18,11:10:00,6900,6898,6902,from_above,true,6902.08,6902.36,6904.34,6901.37,6902.47,2.47,true,5,0,0.32,5,0,0.32,true,5,1.24,0.6,5,1.24,0.6,true,5.59,1.24,2.19,5.59,1.24,2.19,true,false,true,6.89,7.32,0.75,6.89,7.32,0.75
221,2026-02-18 11:15:00,2026-02-18,11:15:00,6900,6898,6902,from_above,true,6902.47,6902.48,6905,6900.32,6900.32,0.32,true,1.85,1.24,1.27,1.85,1.24,1.27,true,5.59,1.24,2.87,5.59,1.24,2.87,true,5.59,1.24,-0.62,5.59,1.24,-0.62,true,false,true,6.89,7.32,4.13,6.89,7.32,4.13
222,2026-02-18 11:20:00,2026-02-18,11:20:00,6900,6898,6902,continuation_in_zone,true,6900.32,6900.54,6901.85,6898.76,6901.27,,true,2.1,1.11,0.6,,,,true,5.59,1.11,3.78,,,,true,5.59,5.19,-4.19,,,,,,true,6.89,7.32,3.11,,,
223,2026-02-18 11:25:00,2026-02-18,11:25:00,6900,6898,6902,continuation_in_zone,true,6901.27,6901.39,6902.1,6898.89,6900.6,,true,5.59,0.05,2.87,,,,true,5.59,0.05,2.19,,,,true,5.59,6.64,-6.2,,,,,,true,6.89,7.32,0.51,,,
224,2026-02-18 11:30:00,2026-02-18,11:30:00,6900,6898,6902,continuation_in_zone,true,6900.6,6900.66,6905.59,6899.95,6902.87,,true,4.05,0,3.78,,,,true,4.89,0.63,-0.62,,,,true,4.89,7.32,-0.3,,,,,,true,6.89,7.32,-2.33,,,
225,2026-02-18 11:35:00,2026-02-18,11:35:00,6900,6898,6902,from_above,true,6902.87,6902.99,6904.05,6901.62,6903.78,3.78,true,4.89,0,2.19,4.89,0,2.19,true,4.89,5.19,-4.19,4.89,5.19,-4.19,true,6.89,7.32,2.84,6.89,7.32,2.84,false,false,true,6.89,7.32,0.53,6.89,7.32,0.53
226,2026-02-18 11:40:00,2026-02-18,11:40:00,6900,6898,6902,from_above,true,6903.78,6903.83,6904.89,6901.72,6902.19,2.19,true,3.13,0.63,-0.62,3.13,0.63,-0.62,true,3.13,6.64,-6.2,3.13,6.64,-6.2,true,6.89,7.32,0.75,6.89,7.32,0.75,false,false,true,6.89,7.32,-1.18,6.89,7.32,-1.18
227,2026-02-18 11:45:00,2026-02-18,11:45:00,6900,6898,6902,continuation_in_zone,true,6902.19,6902,6903.13,6899.37,6899.38,,true,0.61,5.19,-4.19,,,,true,0.61,7.32,-0.3,,,,true,6.89,7.32,4.13,,,,,,true,6.89,7.32,0.48,,,
228,2026-02-18 11:50:00,2026-02-18,11:50:00,6900,6898,6902,continuation_in_zone,true,6899.38,6899.46,6900.61,6894.81,6895.81,,true,0,6.64,-6.2,,,,true,6.89,7.32,2.84,,,,true,6.89,7.32,3.11,,,,,,true,6.89,7.32,4.98,,,
229,2026-02-18 12:00:00,2026-02-18,12:00:00,6900,6898,6902,from_below,false,6893.8,6893.92,6899.76,6892.68,6899.7,0.3,true,6.89,0.3,2.84,0.3,6.89,-2.84,true,6.89,1.64,4.13,1.64,6.89,-4.13,true,6.89,2.6,-2.33,2.6,6.89,2.33,false,false,true,9.12,2.6,5.87,2.6,9.12,-5.87
230,2026-02-18 12:05:00,2026-02-18,12:05:00,6900,6898,6902,continuation_in_zone,true,6899.7,6899.8,6906.89,6899.73,6902.84,,true,3.85,1.64,0.75,,,,true,4.63,1.64,3.11,,,,true,4.63,2.6,0.53,,,,,,true,9.12,2.6,3.21,,,
231,2026-02-18 12:10:00,2026-02-18,12:10:00,6900,6898,6902,from_above,true,6902.84,6902.87,6903.85,6898.36,6900.75,0.75,true,4.27,0.49,4.13,4.27,0.49,4.13,true,4.63,0.49,0.51,4.63,0.49,0.51,true,4.63,2.6,-1.18,4.63,2.6,-1.18,true,false,true,9.12,2.6,3.15,9.12,2.6,3.15
232,2026-02-18 12:15:00,2026-02-18,12:15:00,6900,6898,6902,continuation_in_zone,true,6900.75,6900.63,6904.27,6899.51,6904.13,,true,4.63,0,3.11,,,,true,4.63,2.6,-2.33,,,,true,4.63,2.6,0.48,,,,,,true,9.12,2.6,3.34,,,
233,2026-02-18 12:25:00,2026-02-18,12:25:00,6900,6898,6902,from_above,false,6903.11,6903.11,6903.11,6900.07,6900.51,0.51,true,2.2,2.6,-2.33,2.2,2.6,-2.33,true,2.2,2.6,-1.18,2.2,2.6,-1.18,true,5.84,2.6,2.73,5.84,2.6,2.73,true,false,true,9.12,6.29,-4.14,9.12,6.29,-4.14
234,2026-02-18 12:30:00,2026-02-18,12:30:00,6900,6898,6902,continuation_in_zone,true,6900.51,6900.52,6902.2,6897.4,6897.67,,true,0.91,2.33,0.53,,,,true,1.8,2.35,0.48,,,,true,9.12,2.35,5.87,,,,,,true,9.12,6.98,-4.19,,,
235,2026-02-18 12:35:00,2026-02-18,12:35:00,6900,6898,6902,from_below,true,6897.67,6897.76,6900.91,6897.74,6900.53,-0.53,true,0.58,2.35,-1.18,2.35,0.58,1.18,true,5.06,2.35,4.98,2.35,5.06,-4.98,true,9.12,2.35,3.21,2.35,9.12,-3.21,false,false,true,9.12,6.98,-5.1,6.98,9.12,5.1
236,2026-02-18 12:40:00,2026-02-18,12:40:00,6900,6898,6902,continuation_in_zone,true,6900.53,6900.58,6900.58,6897.65,6898.82,,true,1.8,1.89,0.48,,,,true,5.84,1.89,2.73,,,,true,9.12,1.89,3.15,,,,,,true,9.12,14.97,-11.26,,,
237,2026-02-18 12:45:00,2026-02-18,12:45:00,6900,6898,6902,continuation_in_zone,true,6898.82,6898.85,6901.8,6898.11,6900.48,,true,5.06,0,4.98,,,,true,9.12,0,5.87,,,,true,9.12,0,3.34,,,,,,true,9.12,14.97,-10.22,,,
238,2026-02-18 12:50:00,2026-02-18,12:50:00,6900,6898,6902,continuation_in_zone,true,6900.48,6900.44,6905.06,6900.32,6904.98,,true,5.84,0,2.73,,,,true,9.12,0,3.21,,,,true,9.12,0.65,-0.43,,,,,,true,9.12,20.67,-12.13,,,
239,2026-02-18 12:55:00,2026-02-18,12:55:00,6900,6898,6902,from_above,true,6904.98,6904.89,6905.84,6901.92,6902.73,2.73,true,9.12,0,5.87,9.12,0,5.87,true,9.12,0,3.15,9.12,0,3.15,true,9.12,6.29,-4.14,9.12,6.29,-4.14,true,false,true,9.12,20.67,-12,9.12,20.67,-12
240,2026-02-18 13:20:00,2026-02-18,13:20:00,6900,6898,6902,from_above,false,6903.34,6903.43,6903.67,6899.35,6899.57,-0.43,true,0.63,6.29,-4.14,0.63,6.29,-4.14,true,0.63,6.98,-5.1,0.63,6.98,-5.1,true,0.63,20.67,-12.13,0.63,20.67,-12.13,false,false,true,0.63,20.75,-15.18,0.63,20.75,-15.18
241,2026-02-18 13:25:00,2026-02-18,13:25:00,6900,6898,6902,continuation_in_zone,true,6899.57,6899.56,6900.63,6893.71,6895.86,,true,0,6.98,-4.19,,,,true,0,14.97,-11.26,,,,true,0,20.67,-12,,,,,,true,0,20.75,-17.77,,,
242,2026-02-18 13:35:00,2026-02-18,13:35:00,6900,6898,6902,from_below,false,6895.81,6895.78,6898.29,6894.87,6894.9,5.1,true,0,14.97,-11.26,14.97,0,11.26,true,0,20.67,-12.13,20.67,0,12.13,true,0,20.67,-14.59,20.67,0,14.59,true,true,true,0,33,-29.85,33,0,29.85
243,2026-02-19 09:35:00,2026-02-19,09:35:00,6850,6848,6852,from_above,false,6857.14,6857.34,6857.75,6842.82,6854.08,4.08,true,15.22,2.49,14.32,15.22,2.49,14.32,true,19.88,2.49,16.17,19.88,2.49,16.17,true,29.12,2.49,11.52,29.12,2.49,11.52,true,true,true,29.12,2.49,21.56,29.12,2.49,21.56
244,2026-02-19 09:40:00,2026-02-19,09:40:00,6850,6848,6852,from_above,true,6854.08,6854.05,6865.22,6847.51,6864.32,14.32,true,14.32,0.03,8.84,14.32,0.03,8.84,true,25.99,0.03,17.37,25.99,0.03,17.37,true,29.12,0.03,8.66,29.12,0.03,8.66,true,true,true,29.12,0.03,22.25,29.12,0.03,22.25
245,2026-02-19 09:45:00,2026-02-19,09:45:00,6850,6848,6852,from_above,true,6864.32,6864.01,6864.01,6849.97,6858.84,8.84,true,19.88,0,16.17,19.88,0,16.17,true,29.12,0,22.56,29.12,0,22.56,true,29.12,0,15.41,29.12,0,15.41,true,true,true,29.12,0,20.94,29.12,0,20.94
246,2026-02-19 11:45:00,2026-02-19,11:45:00,6850,6848,6852,from_above,false,6853.47,6853.34,6856.79,6847.36,6848.68,-1.32,true,7.57,5.32,6.94,7.57,5.32,6.94,true,7.57,5.32,-2.58,7.57,5.32,-2.58,true,8.82,5.52,8.05,8.82,5.52,8.05,true,false,true,14.04,8.83,-6.09,14.04,8.83,-6.09
247,2026-02-19 11:50:00,2026-02-19,11:50:00,6850,6848,6852,continuation_in_zone,true,6848.68,6848.92,6857.57,6844.68,6856.94,,true,7.53,0,2.56,,,,true,7.53,5.52,-2.59,,,,true,14.04,5.52,11.95,,,,,,true,14.04,10.12,-7.33,,,
248,2026-02-19 11:55:00,2026-02-19,11:55:00,6850,6848,6852,from_above,true,6856.94,6857.12,6857.53,6851.55,6852.56,2.56,true,3.46,4.17,-2.58,3.46,4.17,-2.58,true,3.46,5.52,2.47,3.46,5.52,2.47,true,14.04,5.52,6.37,14.04,5.52,6.37,true,true,true,14.04,11.22,-9.26,14.04,11.22,-9.26
249,2026-02-19 12:00:00,2026-02-19,12:00:00,6850,6848,6852,from_above,true,6852.56,6852.53,6853.46,6845.83,6847.42,-2.58,true,1.57,5.52,-2.59,1.57,5.52,-2.59,true,8.82,5.52,8.05,8.82,5.52,8.05,true,14.04,5.52,5.85,14.04,5.52,5.85,true,true,true,14.04,11.83,-11.45,14.04,11.83,-11.45
250,2026-02-19 12:05:00,2026-02-19,12:05:00,6850,6848,6852,from_below,true,6847.42,6847.29,6851.57,6844.48,6847.41,2.59,true,2.77,3.43,2.47,3.43,2.77,-2.47,true,14.04,3.43,11.95,3.43,14.04,-11.95,true,14.04,3.43,5.33,3.43,14.04,-5.33,false,false,true,14.04,11.83,-6.31,11.83,14.04,6.31
251,2026-02-19 12:10:00,2026-02-19,12:10:00,6850,6848,6852,from_below,true,6847.41,6847.5,6852.77,6846.57,6852.47,-2.47,true,8.82,0,8.05,0,8.82,-8.05,true,14.04,0,6.37,0,14.04,-6.37,true,14.04,0,4.83,0,14.04,-4.83,false,false,true,14.04,11.83,-0.08,11.83,14.04,0.08
252,2026-02-19 12:15:00,2026-02-19,12:15:00,6850,6848,6852,from_above,true,6852.47,6852.5,6858.82,6850.05,6858.05,8.05,true,14.04,0,11.95,14.04,0,11.95,true,14.04,0,5.85,14.04,0,5.85,true,14.04,8.83,-6.09,14.04,8.83,-6.09,true,true,true,14.04,12.42,-12.09,14.04,12.42,-12.09
253,2026-02-19 12:35:00,2026-02-19,12:35:00,6850,6848,6852,from_above,false,6855.85,6855.79,6857.97,6851.92,6855.33,5.33,true,8.92,0,4.83,8.92,0,4.83,true,8.92,10.12,-7.33,8.92,10.12,-7.33,true,8.92,11.83,-6.31,8.92,11.83,-6.31,false,false,true,8.92,16.94,-7.92,8.92,16.94,-7.92
254,2026-02-19 12:45:00,2026-02-19,12:45:00,6850,6848,6852,from_above,false,6854.83,6854.78,6854.97,6841.17,6843.91,-6.09,true,0,10.12,-7.33,0,10.12,-7.33,true,0,11.83,-11.45,0,11.83,-11.45,true,0.8,12.42,-12.09,0.8,12.42,-12.09,false,false,true,1.09,16.94,0.43,1.09,16.94,0.43
255,2026-02-19 12:50:00,2026-02-19,12:50:00,6850,6848,6852,from_below,true,6843.91,6843.64,6848.75,6839.88,6842.67,7.33,true,0,11.22,-9.26,11.22,0,9.26,true,0,11.83,-6.31,11.83,0,6.31,true,0.8,16.94,-9.38,16.94,0.8,9.38,true,true,true,2.03,16.94,0.26,16.94,2.03,-0.26
256,2026-02-19 13:10:00,2026-02-19,13:10:00,6850,6848,6852,from_below,false,6843.69,6843.6,6850.8,6841.35,6849.92,0.08,true,0,12.42,-12.09,12.42,0,12.09,true,0,16.94,-8.93,16.94,0,8.93,true,0,16.94,-5.84,16.94,0,5.84,true,true,true,7.2,16.94,3.6,16.94,7.2,-3.6
257,2026-02-19 13:15:00,2026-02-19,13:15:00,6850,6848,6852,continuation_in_zone,true,6849.92,6849.98,6849.98,6837.58,6837.91,,true,0,16.94,-9.38,,,,true,0,16.94,-11.38,,,,true,1.09,16.94,0.43,,,,,,true,7.2,16.94,6.58,,,
258,2026-02-19 13:45:00,2026-02-19,13:45:00,6850,6848,6852,from_below,false,6844.16,6844.08,6851.09,6844.07,6850.43,-0.43,true,2.03,2.82,0.26,2.82,2.03,-0.26,true,5.12,2.82,2.55,2.82,5.12,-2.55,true,7.2,2.82,6.58,2.82,7.2,-6.58,false,false,true,7.26,13.14,-8.23,13.14,7.26,8.23
259,2026-02-19 13:50:00,2026-02-19,13:50:00,6850,6848,6852,continuation_in_zone,true,6850.43,6850.24,6852.03,6847.18,6850.26,,true,4.96,1.53,4.55,,,,true,7.2,1.53,6.77,,,,true,7.26,1.53,6.76,,,,,,true,7.26,13.14,-8.1,,,
260,2026-02-19 13:55:00,2026-02-19,13:55:00,6850,6848,6852,continuation_in_zone,true,6850.26,6850.24,6854.96,6848.47,6854.55,,true,5.12,0,2.55,,,,true,7.2,0,3.6,,,,true,7.26,2.1,-0.59,,,,,,true,7.26,13.14,-7.43,,,
261,2026-02-19 14:00:00,2026-02-19,14:00:00,6850,6848,6852,from_above,true,6854.55,6854.42,6855.12,6851.13,6852.55,2.55,true,7.2,0,6.77,7.2,0,6.77,true,7.2,0,6.58,7.2,0,6.58,true,7.26,2.1,0.48,7.26,2.1,0.48,true,false,true,7.26,13.14,-0.1,7.26,13.14,-0.1
262,2026-02-19 14:25:00,2026-02-19,14:25:00,6850,6848,6852,from_above,false,6856.76,6856.77,6857.1,6847.9,6849.41,-0.59,true,2.09,1.11,0.48,2.09,1.11,0.48,true,2.09,13.14,-8.11,2.09,13.14,-8.11,true,2.09,13.14,-7.43,2.09,13.14,-7.43,false,false,true,2.09,13.14,-4.42,2.09,13.14,-4.42
263,2026-02-19 14:30:00,2026-02-19,14:30:00,6850,6848,6852,continuation_in_zone,true,6849.41,6849.39,6852.09,6848.89,6850.48,,true,0.55,12.09,-12.09,,,,true,0.55,13.14,-8.23,,,,true,1.52,13.14,-0.1,,,,,,true,2.42,13.14,0.05,,,
264,2026-02-19 14:35:00,2026-02-19,14:35:00,6850,6848,6852,continuation_in_zone,true,6850.48,6850.44,6850.55,6837.91,6837.91,,true,0,13.14,-8.11,,,,true,0,13.14,-8.1,,,,true,1.52,13.14,-3.04,,,,,,true,2.42,13.14,-0.87,,,
265,2026-02-19 15:00:00,2026-02-19,15:00:00,6850,6848,6852,from_below,false,6842.57,6842.57,6851.52,6842.45,6849.9,0.1,true,0,3.23,-3.04,3.23,0,3.04,true,0,6.25,-1.18,6.25,0,1.18,true,2.42,6.25,0.05,6.25,2.42,-0.05,true,false,true,11.95,6.25,11.88,6.25,11.95,-11.88
266,2026-02-19 15:05:00,2026-02-19,15:05:00,6850,6848,6852,continuation_in_zone,true,6849.9,6849.89,6849.89,6846.77,6846.96,,true,0,4.24,-1.44,,,,true,0,6.25,-3.67,,,,true,2.42,6.25,-0.87,,,,,,false,11.95,6.25,,,,
267,2026-02-19 15:10:00,2026-02-19,15:10:00,6850,6848,6852,from_below,true,6846.96,6847.16,6849.35,6845.76,6848.56,1.44,true,0,6.25,-1.18,6.25,0,1.18,true,0,6.25,-4.42,6.25,0,4.42,true,2.42,6.25,0.12,6.25,2.42,-0.12,true,false,false,11.95,6.25,,6.25,11.95,
268,2026-02-19 15:15:00,2026-02-19,15:15:00,6850,6848,6852,continuation_in_zone,true,6848.56,6848.45,6848.9,6843.75,6848.82,,true,0,4.1,-3.67,,,,true,2.42,5.03,0.05,,,,true,6.68,5.03,5.77,,,,,,false,11.95,5.03,,,,
269,2026-02-19 15:20:00,2026-02-19,15:20:00,6850,6848,6852,continuation_in_zone,true,6848.82,6849,6849.88,6845.9,6846.33,,true,0,5.03,-4.42,,,,true,2.42,5.03,-0.87,,,,true,7.18,5.03,6.14,,,,,,false,11.95,5.03,,,,
270,2026-02-19 15:30:00,2026-02-19,15:30:00,6850,6848,6852,from_below,false,6845.58,6845.56,6852.42,6845.25,6850.05,-0.05,true,1.19,2.23,-0.87,2.23,1.19,0.87,true,6.68,3.47,5.77,3.47,6.68,-5.77,true,11.95,3.47,11.88,3.47,11.95,-11.88,false,false,false,11.95,3.47,,3.47,11.95,
271,2026-02-19 15:35:00,2026-02-19,15:35:00,6850,6848,6852,continuation_in_zone,true,6850.05,6850.14,6851.19,6847.77,6849.13,,true,0.5,3.47,0.12,,,,true,7.18,3.47,6.14,,,,false,11.95,3.47,,,,,,,false,11.95,3.47,,,,
272,2026-02-19 15:40:00,2026-02-19,15:40:00,6850,6848,6852,continuation_in_zone,true,6849.13,6849.02,6850.5,6846.53,6850.12,,true,6.68,0.54,5.77,,,,true,11.72,0.54,11.64,,,,false,11.95,0.54,,,,,,,false,11.95,0.54,,,,
273,2026-02-19 15:45:00,2026-02-19,15:45:00,6850,6848,6852,continuation_in_zone,true,6850.12,6850.1,6856.68,6849.46,6855.77,,true,7.18,0,6.14,,,,true,11.95,0,11.88,,,,false,11.95,0,,,,,,,false,11.95,0,,,,
274,2026-02-20 09:30:00,2026-02-20,09:30:00,6850,6848,6852,from_below,false,6861.88,6841.74,6852.08,6836.33,6850.81,-0.81,true,10.32,1.69,5.11,1.69,10.32,-5.11,true,19.98,1.69,8.17,1.69,19.98,-8.17,true,59.87,1.69,36.03,1.69,59.87,-36.03,false,false,true,59.87,1.69,28.36,1.69,59.87,-28.36
275,2026-02-20 09:35:00,2026-02-20,09:35:00,6850,6848,6852,continuation_in_zone,true,6850.81,6850.66,6860.32,6848.31,6855.11,,true,19.98,0,14.27,,,,true,19.98,0,7.56,,,,true,59.87,0,36.72,,,,,,true,59.87,0,38.95,,,
276,2026-02-20 09:50:00,2026-02-20,09:50:00,6850,6848,6852,from_above,false,6858.17,6857.96,6859.45,6851.77,6857.56,7.56,true,16.93,0,15.76,16.93,0,15.76,true,59.87,0,36.72,59.87,0,36.72,true,59.87,0,40.6,59.87,0,40.6,true,true,true,59.87,0,55.19,59.87,0,55.19
277,2026-02-20 10:00:00,2026-02-20,10:00:00,6900,6898,6902,from_below,false,6865.76,6865.15,6909.87,6865.15,6886.03,13.97,true,0,35.9,-13.28,35.9,0,13.28,true,0,40.37,-18.23,40.37,0,18.23,true,0,40.37,-21.64,40.37,0,21.64,true,true,true,8.83,40.37,6.06,40.37,8.83,-6.06
278,2026-02-20 10:45:00,2026-02-20,10:45:00,6900,6898,6902,from_below,false,6897.99,6897.69,6903.49,6890.82,6898.81,1.19,true,7.07,6.17,5.19,6.17,7.07,-5.19,true,8.83,6.17,6.06,6.17,8.83,-6.06,true,8.83,12.66,-7.31,12.66,8.83,7.31,true,true,true,8.83,23.65,7.2,23.65,8.83,-7.2
279,2026-02-20 10:50:00,2026-02-20,10:50:00,6900,6898,6902,continuation_in_zone,true,6898.81,6898.92,6907.07,6893.83,6905.19,,true,8.04,0,5.87,,,,true,8.83,0,1.11,,,,true,8.83,15.33,-13.36,,,,,,true,8.83,23.65,6.6,,,
280,2026-02-20 11:00:00,2026-02-20,11:00:00,6900,6898,6902,from_above,false,6905.87,6905.84,6908.83,6901.17,6906.06,6.06,true,6.13,0,1.11,6.13,0,1.11,true,6.13,12.66,-7.31,6.13,12.66,-7.31,true,6.13,23.65,-10.16,6.13,23.65,-10.16,false,false,true,8.11,23.65,-3.66,8.11,23.65,-3.66
281,2026-02-20 11:05:00,2026-02-20,11:05:00,6900,6898,6902,from_above,true,6906.06,6906.13,6906.13,6900.45,6901.11,1.11,true,4.86,3.22,-2.88,4.86,3.22,-2.88,true,4.86,15.33,-13.36,4.86,15.33,-13.36,true,4.86,23.65,-2.13,4.86,23.65,-2.13,false,false,true,8.11,23.65,-12.15,8.11,23.65,-12.15
282,2026-02-20 11:10:00,2026-02-20,11:10:00,6900,6898,6902,continuation_in_zone,true,6901.11,6901.08,6904.86,6896.78,6897.12,,true,0,12.66,-7.31,,,,true,0,21.4,-21.25,,,,true,5.41,23.65,1.85,,,,,,true,8.11,23.65,-21.14,,,
283,2026-02-20 11:15:00,2026-02-20,11:15:00,6900,6898,6902,from_below,true,6897.12,6897.1,6899.06,6887.34,6892.69,7.31,true,0,15.33,-13.36,15.33,0,13.36,true,0,23.65,-10.16,23.65,0,10.16,true,7.65,23.65,7.2,23.65,7.65,-7.2,true,true,true,8.11,34.1,-32.56,34.1,8.11,32.56
284,2026-02-20 11:35:00,2026-02-20,11:35:00,6900,6898,6902,from_below,false,6889.84,6890.02,6898.03,6885.44,6897.87,2.13,true,5.41,4.15,1.85,4.15,5.41,-1.85,true,8.11,4.15,6.6,4.15,8.11,-6.6,true,8.11,12.15,-12.15,12.15,8.11,12.15,true,true,true,8.11,41.48,-23.54,41.48,8.11,23.54
285,2026-02-20 11:40:00,2026-02-20,11:40:00,6900,6898,6902,continuation_in_zone,true,6897.87,6898.01,6905.41,6895.85,6901.85,,true,7.65,0,7.2,,,,true,8.11,0,2.04,,,,true,8.11,21.52,-21.14,,,,,,true,8.11,41.48,-23.32,,,
286,2026-02-20 11:45:00,2026-02-20,11:45:00,6900,6898,6902,continuation_in_zone,true,6901.85,6901.89,6907.65,6901.56,6907.2,,true,8.11,0,6.6,,,,true,8.11,3.7,-3.66,,,,true,8.11,34.1,-32.56,,,,,,true,8.11,41.48,-14.88,,,
287,2026-02-20 11:55:00,2026-02-20,11:55:00,6900,6898,6902,from_above,false,6906.6,6906.52,6907.31,6901.51,6902.04,2.04,true,4.7,3.7,-3.66,4.7,3.7,-3.66,true,4.7,21.52,-21.14,4.7,21.52,-21.14,true,4.7,41.48,-31.96,4.7,41.48,-31.96,false,false,true,4.7,41.48,-8.53,4.7,41.48,-8.53
288,2026-02-20 12:00:00,2026-02-20,12:00:00,6900,6898,6902,from_above,true,6902.04,6902.27,6904.7,6896.3,6896.34,-3.66,true,0,12.15,-12.15,0,12.15,-12.15,true,0,34.1,-32.56,0,34.1,-32.56,true,0,41.48,-25.79,0,41.48,-25.79,false,false,true,0,41.48,-12.71,0,41.48,-12.71
289,2026-02-20 13:30:00,2026-02-20,13:30:00,6900,6898,6902,from_below,false,6883.13,6882.91,6903.91,6876.25,6894.74,5.26,true,0.38,17.93,-6.18,17.93,0.38,6.18,true,15.86,17.93,8.64,17.93,15.86,-8.64,true,15.86,17.93,11.41,17.93,15.86,-11.41,true,true,true,15.86,17.93,4.28,17.93,15.86,-4.28
290,2026-02-20 13:35:00,2026-02-20,13:35:00,6900,6898,6902,from_below,true,6894.74,6894.88,6900.38,6882.07,6893.82,6.18,true,5.86,6.18,3.9,6.18,5.86,-3.9,true,15.86,6.18,10.99,6.18,15.86,-10.99,true,15.86,6.18,7.49,6.18,15.86,-7.49,false,false,true,15.86,6.18,1.25,6.18,15.86,-1.25
291,2026-02-20 13:40:00,2026-02-20,13:40:00,6900,6898,6902,from_below,true,6893.82,6894.16,6905.86,6894.1,6903.9,-3.9,true,15.86,0,8.64,0,15.86,-8.64,true,15.86,0,9.67,0,15.86,-9.67,true,15.86,0,1.56,0,15.86,-1.56,false,false,true,15.86,3.07,-2.72,3.07,15.86,2.72
292,2026-02-20 13:50:00,2026-02-20,13:50:00,6900,6898,6902,from_above,false,6908.64,6908.52,6911.91,6901.7,6910.99,10.99,true,12.29,0,9.67,12.29,0,9.67,true,14.05,0,7.49,14.05,0,7.49,true,14.05,0.46,3.61,14.05,0.46,3.61,true,true,true,14.05,4.68,-1.84,14.05,4.68,-1.84
293,2026-02-20 14:10:00,2026-02-20,14:10:00,6900,6898,6902,from_above,false,6907.49,6907.56,6907.96,6901.14,6901.56,1.56,true,2.26,0.46,0.28,2.26,0.46,0.28,true,6.23,0.69,2.13,6.23,0.69,2.13,true,7.46,3.07,-2.72,7.46,3.07,-2.72,true,false,true,9.43,4.68,8.13,9.43,4.68,8.13
294,2026-02-20 14:15:00,2026-02-20,14:15:00,6900,6898,6902,continuation_in_zone,true,6901.56,6901.54,6902.26,6899.54,6900.28,,true,6.23,0.18,3.61,,,,true,7.46,0.69,4.28,,,,true,7.46,4.68,-3.05,,,,,,true,9.43,4.68,2.84,,,
295,2026-02-20 14:20:00,2026-02-20,14:20:00,6900,6898,6902,continuation_in_zone,true,6900.28,6900.61,6906.23,6899.82,6903.61,,true,4.32,0.69,2.13,,,,true,7.46,0.69,1.25,,,,true,7.46,4.68,-1.84,,,,,,true,9.43,4.68,1.62,,,
296,2026-02-20 14:25:00,2026-02-20,14:25:00,6900,6898,6902,from_above,true,6903.61,6903.66,6904.32,6899.31,6902.13,2.13,true,7.46,0,4.28,7.46,0,4.28,true,7.46,3.07,-2.72,7.46,3.07,-2.72,true,7.46,4.68,-2.78,7.46,4.68,-2.78,true,false,true,9.43,4.68,0.26,9.43,4.68,0.26
297,2026-02-20 14:35:00,2026-02-20,14:35:00,6900,6898,6902,from_above,false,6904.28,6904.48,6905.03,6900.83,6901.25,1.25,true,2.95,3.07,-2.72,2.95,3.07,-2.72,true,2.95,4.68,-1.84,2.95,4.68,-1.84,true,9.43,4.68,6.84,9.43,4.68,6.84,true,false,true,9.43,4.68,3.62,9.43,4.68,3.62
298,2026-02-20 14:40:00,2026-02-20,14:40:00,6900,6898,6902,continuation_in_zone,true,6901.25,6901.16,6902.95,6896.93,6897.28,,true,0,4.68,-3.05,,,,true,2.66,4.68,-2.78,,,,true,9.43,4.68,8.13,,,,,,true,9.43,4.68,7.18,,,
299,2026-02-20 14:45:00,2026-02-20,14:45:00,6900,6898,6902,from_below,true,6897.28,6897.28,6898.4,6895.32,6896.95,3.05,true,2.66,3.18,-1.84,3.18,2.66,1.84,true,4.48,3.8,2.62,3.8,4.48,-2.62,true,9.43,3.8,2.84,3.8,9.43,-2.84,false,false,true,9.43,3.8,4.53,3.8,9.43,-4.53
300,2026-02-20 14:50:00,2026-02-20,14:50:00,6900,6898,6902,from_below,true,6896.95,6897.04,6902.66,6896.82,6898.16,1.84,true,0.34,3.8,-2.78,3.8,0.34,2.78,true,9.43,3.8,6.84,3.8,9.43,-6.84,true,9.43,3.8,1.62,3.8,9.43,-1.62,false,false,true,9.43,3.8,5.33,3.8,9.43,-5.33
301,2026-02-20 14:55:00,2026-02-20,14:55:00,6900,6898,6902,continuation_in_zone,true,6898.16,6898.1,6900.34,6896.2,6897.22,,true,4.48,2.84,2.62,,,,true,9.43,2.84,8.13,,,,true,9.43,2.84,0.26,,,,,,true,9.87,2.84,9.86,,,
302,2026-02-20 15:00:00,2026-02-20,15:00:00,6900,6898,6902,from_below,true,6897.22,6897.16,6904.48,6897.16,6902.62,-2.62,true,9.43,0,6.84,0,9.43,-6.84,true,9.43,0,2.84,0,9.43,-2.84,true,9.43,1.9,1.44,1.9,9.43,-1.44,false,false,true,10.08,1.9,9.52,1.9,10.08,-9.52
303,2026-02-20 15:20:00,2026-02-20,15:20:00,6900,6898,6902,from_above,false,6902.84,6902.58,6903.2,6899.53,6901.62,1.62,true,2.09,1.9,0.26,2.09,1.9,0.26,true,3.92,1.9,3.62,3.92,1.9,3.62,true,7.75,1.9,5.33,7.75,1.9,5.33,true,false,false,10.08,1.9,,10.08,1.9,
304,2026-02-20 15:25:00,2026-02-20,15:25:00,6900,6898,6902,continuation_in_zone,true,6901.62,6901.51,6902.09,6898.1,6900.26,,true,3.73,0,1.44,,,,true,7.18,0.29,7.18,,,,true,9.87,0.29,9.86,,,,,,false,10.08,0.29,,,,
305,2026-02-20 15:30:00,2026-02-20,15:30:00,6900,6898,6902,continuation_in_zone,true,6900.26,6900.39,6903.73,6900.03,6901.44,,true,3.92,0.29,3.62,,,,true,7.75,0.29,4.53,,,,true,10.08,0.29,9.52,,,,,,false,10.08,0.29,,,,
306,2026-02-20 15:35:00,2026-02-20,15:35:00,6900,6898,6902,continuation_in_zone,true,6901.44,6901.51,6903.92,6899.71,6903.62,,true,7.18,0,7.18,,,,true,7.75,0,5.33,,,,false,10.08,0,,,,,,,false,10.08,0,,,,
307,2026-02-20 15:50:00,2026-02-20,15:50:00,6900,6898,6902,from_above,false,6904.53,6904.44,6906.53,6900.86,6905.33,5.33,true,9.87,0,9.86,9.87,0,9.86,false,10.08,0,,10.08,0,,false,10.08,0,,10.08,0,,,,false,10.08,0,,10.08,0,
308,2026-02-23 09:30:00,2026-02-23,09:30:00,6900,6898,6902,from_below,false,6909.52,6893.51,6914.72,6893.51,6910.41,-10.41,true,16.96,0,13.99,0,16.96,-13.99,true,16.96,15.18,-14.12,15.18,16.96,14.12,true,16.96,31.19,-31.03,31.19,16.96,31.03,true,true,true,16.96,43.86,-43.75,43.86,16.96,43.75
309,2026-02-23 09:40:00,2026-02-23,09:40:00,6900,6898,6902,from_above,false,6913.99,6913.76,6913.76,6892.45,6892.82,-7.18,true,0,15.18,-14.12,0,15.18,-14.12,true,0,19.8,-18.11,0,19.8,-18.11,true,0,37.7,-36.33,0,37.7,-36.33,false,false,true,0,49.25,-47.68,0,49.25,-47.68
310,2026-02-23 09:50:00,2026-02-23,09:50:00,6900,6898,6902,from_below,false,6885.88,6885.95,6898.08,6885.45,6887.54,12.46,true,0,19.8,-18.11,19.8,0,18.11,true,0,36.64,-35.03,36.64,0,35.03,true,0,38.75,-34.94,38.75,0,34.94,true,true,true,0,56.96,-56.26,56.96,0,56.26
311,2026-02-23 10:40:00,2026-02-23,10:40:00,6850,6848,6852,from_above,false,6857.35,6857.38,6858.19,6850.75,6852.32,2.32,true,5.17,0.06,1.48,5.17,0.06,1.48,true,5.17,11.72,-11.16,5.17,11.72,-11.16,true,5.17,28.11,-27.55,5.17,28.11,-27.55,false,false,true,5.17,30.18,-8.93,5.17,30.18,-8.93
312,2026-02-23 10:45:00,2026-02-23,10:45:00,6850,6848,6852,from_above,true,6852.32,6852.49,6855.17,6849.94,6851.48,1.48,true,3.95,6.96,-6.26,3.95,6.96,-6.26,true,3.95,24.8,-21.37,3.95,24.8,-21.37,true,3.95,30.18,-18.63,3.95,30.18,-18.63,false,false,true,3.95,30.18,-11.95,3.95,30.18,-11.95
313,2026-02-23 10:50:00,2026-02-23,10:50:00,6850,6848,6852,continuation_in_zone,true,6851.48,6851.63,6853.95,6843.04,6843.74,,true,0,11.72,-11.16,,,,true,0,26.05,-24.43,,,,true,0,30.18,-15.88,,,,,,true,0,30.18,-11.3,,,
314,2026-02-23 13:15:00,2026-02-23,13:15:00,6850,6848,6852,from_below,false,6847.53,6847.44,6850.03,6846.38,6847.6,2.4,true,4.4,2.58,3.9,2.58,4.4,-3.9,true,5.53,2.58,3.69,2.58,5.53,-3.69,true,5.54,5.32,-1.11,5.32,5.54,1.11,false,false,true,5.54,17.49,-15.89,17.49,5.54,15.89
315,2026-02-23 13:20:00,2026-02-23,13:20:00,6850,6848,6852,from_below,true,6847.6,6847.68,6854.4,6847.42,6853.9,-3.9,true,5.53,0,4.24,0,5.53,-4.24,true,5.54,0,0.59,0,5.54,-0.59,true,5.54,8.64,-8.32,8.64,5.54,8.32,true,false,true,5.54,17.98,-16.71,17.98,5.54,16.71
316,2026-02-23 13:30:00,2026-02-23,13:30:00,6850,6848,6852,from_above,false,6854.24,6854.34,6854.54,6851.17,6853.69,3.69,true,5.54,0,0.59,5.54,0,0.59,true,5.54,5.32,-1.11,5.54,5.32,-1.11,true,5.54,15.58,-15.12,5.54,15.58,-15.12,false,false,true,5.54,21.98,-20.73,5.54,21.98,-20.73
317,2026-02-23 13:35:00,2026-02-23,13:35:00,6850,6848,6852,from_above,true,6853.69,6853.7,6855.54,6850.59,6850.59,0.59,true,1.7,4.66,-3.67,1.7,4.66,-3.67,true,1.7,8.64,-8.32,1.7,8.64,-8.32,true,1.7,16.35,-15.11,1.7,16.35,-15.11,false,false,true,1.7,23.71,-22.29,1.7,23.71,-22.29
318,2026-02-23 13:40:00,2026-02-23,13:40:00,6850,6848,6852,continuation_in_zone,true,6850.59,6850.64,6851.7,6845.34,6846.33,,true,0.15,5.32,-1.11,,,,true,0.15,14.79,-13.72,,,,true,0.15,16.62,-14.56,,,,,,true,0.15,28.23,-25.14,,,
319,2026-02-23 13:45:00,2026-02-23,13:45:00,6850,6848,6852,from_below,true,6846.33,6846.42,6850.15,6844.68,6848.89,1.11,true,0,8.64,-8.32,8.64,0,8.32,true,0,15.58,-15.12,15.58,0,15.12,true,0,17.49,-15.89,17.49,0,15.89,true,true,true,0,28.23,-20.6,28.23,0,20.6
320,2026-02-23 13:50:00,2026-02-23,13:50:00,6850,6848,6852,continuation_in_zone,true,6848.89,6848.86,6849.03,6841.36,6841.68,,true,0,14.79,-13.72,,,,true,0,16.35,-15.11,,,,true,0,17.98,-16.71,,,,,,true,0,28.23,-21.98,,,
321,2026-02-24 09:40:00,2026-02-24,09:40:00,6850,6848,6852,from_below,false,6837.78,6838.09,6859.21,6838.06,6858.72,-8.72,true,20.29,0,14.83,0,20.29,-14.83,true,20.29,6.16,-2.13,6.16,20.29,2.13,true,20.29,12.52,-1.36,12.52,20.29,1.36,false,true,true,31.85,12.52,29.68,12.52,31.85,-29.68
322,2026-02-24 09:55:00,2026-02-24,09:55:00,6850,6848,6852,from_above,false,6856.99,6857.04,6857.04,6843.84,6847.87,-2.13,true,0,12.52,-7.36,0,12.52,-7.36,true,7.48,12.52,-1.36,7.48,12.52,-1.36,true,30.53,12.52,30.13,30.53,12.52,30.13,true,true,true,31.85,12.52,20.07,31.85,12.52,20.07
323,2026-02-24 10:00:00,2026-02-24,10:00:00,6850,6848,6852,from_below,true,6847.87,6847.28,6848.42,6837.48,6842.64,7.36,true,6.13,8.09,5.58,8.09,6.13,-5.58,true,8.99,8.09,8.24,8.09,8.99,-8.24,true,31.49,8.09,27.97,8.09,31.49,-27.97,false,false,true,31.85,8.09,26.36,8.09,31.85,-26.36
324,2026-02-24 10:05:00,2026-02-24,10:05:00,6850,6848,6852,from_below,true,6842.64,6842.39,6856.13,6841.91,6855.58,-5.58,true,7.48,3.87,-1.36,3.87,7.48,1.36,true,18.23,3.87,17.91,3.87,18.23,-17.91,true,31.49,3.87,24.77,3.87,31.49,-24.77,false,false,true,31.85,3.87,27.76,3.87,31.85,-27.76
325,2026-02-24 10:10:00,2026-02-24,10:10:00,6850,6848,6852,from_above,true,6855.58,6855.24,6857.48,6846.13,6848.64,-1.36,true,8.99,2.8,8.24,8.99,2.8,8.24,true,30.53,2.8,30.13,30.53,2.8,30.13,true,31.85,2.8,29.68,31.85,2.8,29.68,true,true,true,34.68,2.8,32.54,34.68,2.8,32.54
326,2026-02-24 10:15:00,2026-02-24,10:15:00,6850,6848,6852,continuation_in_zone,true,6848.64,6848.51,6858.99,6847.2,6858.24,,true,18.23,0,17.91,,,,true,31.49,0,27.97,,,,true,31.85,0,27.35,,,,,,true,34.68,0,28.44,,,
327,2026-02-24 15:50:00,2026-02-24,15:50:00,6900,6898,6902,from_below,false,6891.79,6891.74,6899.17,6890,6894.79,5.21,true,0,10.68,-9.31,10.68,0,9.31,false,0,10.68,,10.68,0,,false,0,10.68,,10.68,0,,,,false,0,10.68,,10.68,0,
328,2026-02-25 14:30:00,2026-02-25,14:30:00,6950,6948,6952,from_below,false,6945.23,6945.29,6948.3,6945.18,6948.3,1.7,true,0,2.18,-0.9,2.18,0,0.9,true,0,2.78,-1.23,2.78,0,1.23,true,0,2.78,-2.32,2.78,0,2.32,true,false,true,0,5.61,-4.52,5.61,0,4.52
329,2026-02-25 14:35:00,2026-02-25,14:35:00,6950,6948,6952,continuation_in_zone,true,6948.3,6948.32,6949.84,6947.82,6949.1,,true,0,2.6,-2.55,,,,true,0,2.78,-1.63,,,,true,0,2.78,-1.65,,,,,,true,0,5.61,-2.02,,,
330,2026-02-25 14:40:00,2026-02-25,14:40:00,6950,6948,6952,continuation_in_zone,true,6949.1,6949.13,6949.84,6947.4,6947.45,,true,0,2.78,-1.23,,,,true,0,2.78,-2.28,,,,true,0,3.28,-2.32,,,,,,true,0,5.61,-2.23,,,
331,2026-02-25 14:45:00,2026-02-25,14:45:00,6950,6948,6952,from_below,true,6947.45,6947.52,6949.43,6947.22,6948.77,1.23,true,0,1.96,-1.63,1.96,0,1.63,true,0,2.73,-2.32,2.73,0,2.32,true,0,3.28,-2.07,3.28,0,2.07,true,false,true,0.63,5.61,-0.98,5.61,0.63,0.98
332,2026-02-25 14:50:00,2026-02-25,14:50:00,6950,6948,6952,continuation_in_zone,true,6948.77,6948.84,6949.25,6948.04,6948.37,,true,0,2.54,-2.28,,,,true,0,2.73,-1.65,,,,true,0,4.79,-3.81,,,,,,true,2.51,5.61,0.44,,,
333,2026-02-25 14:55:00,2026-02-25,14:55:00,6950,6948,6952,continuation_in_zone,true,6948.37,6948.45,6948.98,6947.46,6947.72,,true,0,2.73,-2.32,,,,true,0,3.28,-2.32,,,,true,0,4.79,-4.08,,,,,,true,2.51,5.61,-3.89,,,
334,2026-02-25 15:00:00,2026-02-25,15:00:00,6950,6948,6952,from_below,true,6947.72,6947.76,6949.54,6947.27,6947.68,2.32,true,0,2.36,-1.65,2.36,0,1.65,true,0,3.28,-2.07,3.28,0,2.07,true,0,5.61,-4.52,5.61,0,4.52,true,false,true,2.51,5.61,-3.88,5.61,2.51,3.88
335,2026-02-25 15:05:00,2026-02-25,15:05:00,6950,6948,6952,from_below,true,6947.68,6947.64,6949.03,6947.64,6948.35,1.65,true,0,3.28,-2.32,3.28,0,2.32,true,0,4.79,-3.81,4.79,0,3.81,true,0,5.61,-2.02,5.61,0,2.02,true,false,false,2.51,5.61,,5.61,2.51,
336,2026-02-25 15:10:00,2026-02-25,15:10:00,6950,6948,6952,continuation_in_zone,true,6948.35,6948.41,6948.41,6946.72,6947.68,,true,0,3.27,-2.07,,,,true,0,4.79,-4.08,,,,true,0,5.61,-2.23,,,,,,false,2.51,5.61,,,,
337,2026-02-25 15:15:00,2026-02-25,15:15:00,6950,6948,6952,from_below,true,6947.68,6947.7,6948.69,6946.73,6947.93,2.07,true,0,4.79,-3.81,4.79,0,3.81,true,0,5.61,-4.52,5.61,0,4.52,true,0.63,5.61,-0.98,5.61,0.63,0.98,true,false,false,2.51,5.61,,5.61,2.51,
338,2026-02-25 15:20:00,2026-02-25,15:20:00,6950,6948,6952,continuation_in_zone,true,6947.93,6948.04,6948.07,6945.21,6946.19,,true,0,4.08,-4.08,,,,true,0,5.61,-2.02,,,,true,2.51,5.61,0.44,,,,,,false,2.51,5.61,,,,
339,2026-02-25 15:35:00,2026-02-25,15:35:00,6950,6948,6952,from_below,false,6945.48,6945.52,6948.4,6944.89,6947.98,2.02,true,0,2.87,-2.23,2.87,0,2.23,true,2.51,2.87,0.44,2.87,2.51,-0.44,false,2.51,3.89,,3.89,2.51,,,,false,2.51,3.89,,3.89,2.51,
340,2026-02-25 15:40:00,2026-02-25,15:40:00,6950,6948,6952,continuation_in_zone,true,6947.98,6948.01,6949.18,6947.13,6947.77,,true,0.63,2.62,-0.98,,,,true,2.51,3.89,-3.89,,,,false,2.51,3.89,,,,,,,false,2.51,3.89,,,,
341,2026-02-25 15:45:00,2026-02-25,15:45:00,6950,6948,6952,from_below,true,6947.77,6947.38,6950.63,6947.38,6949.02,0.98,true,2.51,1.5,0.44,1.5,2.51,-0.44,true,2.51,3.89,-3.88,3.89,2.51,3.88,false,2.51,3.89,,3.89,2.51,,,,false,2.51,3.89,,3.89,2.51,
342,2026-02-25 15:50:00,2026-02-25,15:50:00,6950,6948,6952,continuation_in_zone,true,6949.02,6949.75,6952.51,6948.5,6950.44,,true,0.44,3.89,-3.89,,,,false,0.44,3.89,,,,,false,0.44,3.89,,,,,,,false,0.44,3.89,,,,
343,2026-02-25 15:55:00,2026-02-25,15:55:00,6950,6948,6952,continuation_in_zone,true,6950.44,6950.3,6950.3,6946.11,6946.11,,true,0,3.89,-3.88,,,,false,0,3.89,,,,,false,0,3.89,,,,,,,false,0,3.89,,,,
344,2026-02-26 10:10:00,2026-02-26,10:10:00,6900,6898,6902,from_above,false,6915.93,6916.15,6921.1,6901.75,6901.75,1.75,true,2.02,20.38,-19.86,2.02,20.38,-19.86,true,2.02,36.16,-26.63,2.02,36.16,-26.63,true,2.02,40.27,-14.37,2.02,40.27,-14.37,false,false,true,2.02,40.27,1.83,2.02,40.27,1.83
345,2026-02-26 10:15:00,2026-02-26,10:15:00,6900,6898,6902,continuation_in_zone,true,6901.75,6901.89,6902.02,6879.62,6880.14,,true,0,34.06,-31.7,,,,true,0,40.27,-39.18,,,,true,0,40.27,-7.58,,,,,,true,6.45,40.27,-0.37,,,
346,2026-02-26 11:00:00,2026-02-26,11:00:00,6900,6898,6902,from_below,false,6893.26,6893.41,6898.17,6892.29,6896.92,3.08,true,0,8.69,-2.29,8.69,0,2.29,true,6.45,8.69,-0.37,8.69,6.45,0.37,true,6.69,8.69,1.64,8.69,6.69,-1.64,true,false,true,6.69,23.69,-18.25,23.69,6.69,18.25
347,2026-02-26 11:05:00,2026-02-26,11:05:00,6900,6898,6902,from_below,true,6896.92,6896.85,6898.84,6891.31,6897.71,2.29,true,1.83,4.8,1.83,4.8,1.83,-1.83,true,6.45,4.8,0.53,4.8,6.45,-0.53,true,6.69,9.75,-8.85,9.75,6.69,8.85,true,false,true,6.69,23.69,-18.02,23.69,6.69,18.02
348,2026-02-26 11:10:00,2026-02-26,11:10:00,6900,6898,6902,from_below,true,6897.71,6897.57,6901.83,6895.2,6901.83,-1.83,true,6.45,1.21,-0.37,1.21,6.45,0.37,true,6.69,1.88,3.84,1.88,6.69,-3.84,true,6.69,15.36,-15.17,15.36,6.69,15.17,true,true,true,6.69,23.69,-20.88,23.69,6.69,20.88
349,2026-02-26 11:15:00,2026-02-26,11:15:00,6900,6898,6902,from_above,true,6901.83,6902.03,6906.45,6898.79,6899.63,-0.37,true,3.68,1.88,0.53,3.68,1.88,0.53,true,6.69,1.88,1.64,6.69,1.88,1.64,true,6.69,20.6,-11.27,6.69,20.6,-11.27,false,false,true,6.69,23.69,-20.61,6.69,23.69,-20.61
350,2026-02-26 11:20:00,2026-02-26,11:20:00,6900,6898,6902,continuation_in_zone,true,6899.63,6899.49,6903.68,6898.12,6900.53,,true,6.69,0,3.84,,,,true,6.69,9.75,-8.85,,,,true,6.69,20.6,-20.15,,,,,,true,6.69,23.69,-20.47,,,
351,2026-02-26 11:25:00,2026-02-26,11:25:00,6900,6898,6902,continuation_in_zone,true,6900.53,6900.61,6906.69,6900.61,6903.84,,true,4.57,0,1.64,,,,true,4.57,15.36,-15.17,,,,true,4.57,23.69,-22.19,,,,,,true,4.57,23.69,-21.58,,,
352,2026-02-26 11:30:00,2026-02-26,11:30:00,6900,6898,6902,from_above,true,6903.84,6903.8,6904.57,6900.8,6901.64,1.64,true,1.88,9.75,-8.85,1.88,9.75,-8.85,true,1.88,20.6,-11.27,1.88,20.6,-11.27,true,1.88,23.69,-18.25,1.88,23.69,-18.25,false,false,true,1.88,23.69,-15.93,1.88,23.69,-15.93
353,2026-02-26 11:35:00,2026-02-26,11:35:00,6900,6898,6902,continuation_in_zone,true,6901.64,6901.56,6901.88,6890.25,6891.15,,true,0,15.36,-15.17,,,,true,0,20.6,-20.15,,,,true,0,23.69,-18.02,,,,,,true,0,26.4,-24.9,,,
354,2026-02-26 14:05:00,2026-02-26,14:05:00,6900,6898,6902,from_below,false,6894.67,6894.72,6900.43,6894.21,6900.43,-0.43,true,3.28,0.45,1.12,0.45,3.28,-1.12,true,8.99,0.45,8.24,0.45,8.99,-8.24,true,9.08,0.45,6.37,0.45,9.08,-6.37,false,false,true,13.71,0.45,7.3,0.45,13.71,-7.3
355,2026-02-26 14:10:00,2026-02-26,14:10:00,6900,6898,6902,continuation_in_zone,true,6900.43,6900.31,6903.28,6899.55,6901.12,,true,7.37,0,5.49,,,,true,8.99,0,2.26,,,,true,9.08,0,7.7,,,,,,true,13.71,0,4.8,,,
356,2026-02-26 14:15:00,2026-02-26,14:15:00,6900,6898,6902,continuation_in_zone,true,6901.12,6901.25,6907.37,6901.25,6905.49,,true,8.99,0,8.24,,,,true,8.99,0,7.97,,,,true,12.58,0,11.73,,,,,,true,13.71,0,7.13,,,
357,2026-02-26 14:25:00,2026-02-26,14:25:00,6900,6898,6902,from_above,false,6908.24,6908.25,6908.25,6901.12,6902.26,2.26,true,8.59,0,7.97,8.59,0,7.97,true,9.08,0,7.7,9.08,0,7.7,true,12.58,0,6.4,12.58,0,6.4,true,true,true,13.71,0,2.46,13.71,0,2.46
358,2026-02-26 14:30:00,2026-02-26,14:30:00,6900,6898,6902,from_above,true,6902.26,6902.17,6908.59,6901.27,6907.97,7.97,true,9.08,0,6.37,9.08,0,6.37,true,12.58,0,11.73,12.58,0,11.73,true,12.58,0,11.41,12.58,0,11.41,true,true,true,13.71,0,9.9,13.71,0,9.9
359,2026-02-27 09:30:00,2026-02-27,09:30:00,6850,6848,6852,from_below,false,6908.87,6843.74,6856.82,6843.74,6852.51,-2.51,true,7.04,5.2,6.49,5.2,7.04,-6.49,true,7.04,18.26,0.4,18.26,7.04,-0.4,true,9.37,18.26,4.32,18.26,9.37,-4.32,true,true,true,20.59,18.26,10.39,18.26,20.59,-10.39
360,2026-02-27 09:35:00,2026-02-27,09:35:00,6850,6848,6852,from_above,true,6852.51,6852.84,6857.04,6844.8,6856.49,6.49,true,6.49,18.26,-8.25,6.49,18.26,-8.25,true,6.49,18.26,-4.26,6.49,18.26,-4.26,true,18.58,18.26,13.48,18.58,18.26,13.48,true,true,true,20.59,18.26,15.7,20.59,18.26,15.7
361,2026-02-27 09:40:00,2026-02-27,09:40:00,6850,6848,6852,from_above,true,6856.49,6856.29,6856.29,6831.74,6841.75,-8.25,true,2.77,12.03,0.4,2.77,12.03,0.4,true,2.77,12.03,-5.32,2.77,12.03,-5.32,true,20.59,12.03,11.21,20.59,12.03,11.21,true,true,true,22.41,12.03,22.17,22.41,12.03,22.17
362,2026-02-27 09:45:00,2026-02-27,09:45:00,6850,6848,6852,from_below,true,6841.75,6841.76,6852.77,6837.97,6850.4,-0.4,true,1.15,7.61,-4.26,7.61,1.15,4.26,true,9.37,8.53,4.32,8.53,9.37,-4.32,true,20.59,8.53,7.07,8.53,20.59,-7.07,false,false,true,25.4,8.53,16.3,8.53,25.4,-16.3
363,2026-02-27 09:50:00,2026-02-27,09:50:00,6850,6848,6852,continuation_in_zone,true,6850.4,6850.47,6851.15,6842.39,6845.74,,true,0,8.53,-5.32,,,,true,18.58,8.53,13.48,,,,true,20.59,8.53,13.56,,,,,,true,25.4,8.53,10.58,,,
364,2026-02-27 09:55:00,2026-02-27,09:55:00,6850,6848,6852,from_below,true,6845.74,6845.34,6848.02,6841.47,6844.68,5.32,true,9.37,8.05,4.32,8.05,9.37,-4.32,true,20.59,8.05,11.21,8.05,20.59,-11.21,true,20.59,8.05,10.98,8.05,20.59,-10.98,false,false,true,25.4,8.05,17.82,8.05,25.4,-17.82
365,2026-02-27 10:00:00,2026-02-27,10:00:00,6850,6848,6852,from_below,true,6844.68,6843.94,6859.37,6841.95,6854.32,-4.32,true,18.58,0,13.48,0,18.58,-13.48,true,20.59,0,7.07,0,20.59,-7.07,true,20.59,0,10.39,0,20.59,-10.39,false,false,true,25.4,0,22.24,0,25.4,-22.24
366,2026-02-27 12:20:00,2026-02-27,12:20:00,6850,6848,6852,from_above,false,6857.24,6857.33,6857.82,6848.5,6855.26,5.26,true,9.67,0,6.28,9.67,0,6.28,true,15.89,0,8.73,15.89,0,8.73,true,15.89,0,5.4,15.89,0,5.4,true,true,true,15.89,2.63,-0.2,15.89,2.63,-0.2
367,2026-02-27 12:45:00,2026-02-27,12:45:00,6850,6848,6852,from_above,false,6855.01,6854.91,6854.91,6850.57,6854.09,4.09,true,7.46,0,5.4,7.46,0,5.4,true,11.42,0,7.29,11.42,0,7.29,true,11.42,0,0.89,11.42,0,0.89,true,true,true,11.42,3.97,2.08,11.42,3.97,2.08
368,2026-02-27 12:50:00,2026-02-27,12:50:00,6850,6848,6852,from_above,true,6854.09,6853.97,6857.46,6851.29,6855.4,5.4,true,9.56,0,9.06,9.56,0,9.06,true,11.42,0,5.14,11.42,0,5.14,true,11.42,2.63,-0.2,11.42,2.63,-0.2,true,true,true,11.42,3.97,3.58,11.42,3.97,3.58
369,2026-02-27 13:15:00,2026-02-27,13:15:00,6850,6848,6852,from_above,false,6854.04,6853.99,6854.61,6850.46,6850.89,0.89,true,2.11,2.63,-0.2,2.11,2.63,-0.2,true,4.38,3.97,2.04,4.38,3.97,2.04,true,7.48,3.97,2.08,7.48,3.97,2.08,true,false,true,15.27,3.97,4.61,15.27,3.97,4.61
370,2026-02-27 13:20:00,2026-02-27,13:20:00,6850,6848,6852,continuation_in_zone,true,6850.89,6850.94,6852.11,6847.37,6849.8,,true,3.94,3.97,2.75,,,,true,4.38,3.97,2.59,,,,true,7.48,3.97,3.58,,,,,,true,15.27,3.97,2.55,,,
371,2026-02-27 13:25:00,2026-02-27,13:25:00,6850,6848,6852,continuation_in_zone,true,6849.8,6849.89,6853.94,6846.03,6852.75,,true,4.38,0,2.04,,,,true,7.48,1.53,3.39,,,,true,7.48,1.53,4.86,,,,,,true,15.27,1.53,1.09,,,
372,2026-02-27 13:30:00,2026-02-27,13:30:00,6850,6848,6852,from_above,true,6852.75,6852.85,6854.38,6850.42,6852.04,2.04,true,3.18,1.53,2.59,3.18,1.53,2.59,true,7.48,1.53,2.08,7.48,1.53,2.08,true,12.48,1.53,11.96,12.48,1.53,11.96,true,true,true,15.27,2.44,-0.31,15.27,2.44,-0.31
373,2026-02-27 13:35:00,2026-02-27,13:35:00,6850,6848,6852,continuation_in_zone,true,6852.04,6851.89,6853.18,6848.47,6852.59,,true,7.48,0,3.39,,,,true,7.48,0,3.58,,,,true,15.27,0,4.16,,,,,,true,15.27,2.44,4.52,,,
374,2026-02-27 13:45:00,2026-02-27,13:45:00,6850,6848,6852,from_above,false,6853.39,6853.53,6855.13,6851.15,6852.08,2.08,true,5.48,0,3.58,5.48,0,3.58,true,12.48,0,11.96,12.48,0,11.96,true,15.27,0,4.61,15.27,0,4.61,true,true,true,15.27,4.39,-2.6,15.27,4.39,-2.6
375,2026-02-27 13:50:00,2026-02-27,13:50:00,6850,6848,6852,from_above,true,6852.08,6852.19,6855.48,6850.14,6853.58,3.58,true,5.53,0,4.86,5.53,0,4.86,true,15.27,0,4.16,15.27,0,4.16,true,15.27,0,2.55,15.27,0,2.55,true,true,true,15.27,4.39,-1.48,15.27,4.39,-1.48
376,2026-02-27 13:55:00,2026-02-27,13:55:00,6850,6848,6852,from_above,true,6853.58,6853.53,6855.53,6851.04,6854.86,4.86,true,12.48,0,11.96,12.48,0,11.96,true,15.27,0,4.68,15.27,0,4.68,true,15.27,0,1.09,15.27,0,1.09,true,true,true,15.27,4.39,-1.01,15.27,4.39,-1.01
377,2026-02-27 14:10:00,2026-02-27,14:10:00,6850,6848,6852,from_above,false,6854.16,6854.32,6857.34,6851.82,6854.68,4.68,true,6.12,0,4.61,6.12,0,4.61,true,6.12,0,1.09,6.12,0,1.09,true,6.12,4.39,-1.59,6.12,4.39,-1.59,true,false,true,17.18,4.39,16.93,17.18,4.39,16.93
378,2026-02-27 14:25:00,2026-02-27,14:25:00,6850,6848,6852,from_above,false,6852.55,6852.35,6855.23,6850.41,6851.09,1.09,true,1.12,2.44,-0.31,1.12,2.44,-0.31,true,5.31,4.39,-1.59,5.31,4.39,-1.59,true,5.31,4.39,-1.01,5.31,4.39,-1.01,true,false,true,25.97,4.39,21.12,25.97,4.39,21.12
379,2026-02-27 14:30:00,2026-02-27,14:30:00,6850,6848,6852,continuation_in_zone,true,6851.09,6851.12,6851.12,6847.56,6849.69,,true,5.31,0.31,4.52,,,,true,5.31,4.39,-2.6,,,,true,5.31,4.39,1.83,,,,,,true,25.97,4.39,18.9,,,
380,2026-02-27 14:35:00,2026-02-27,14:35:00,6850,6848,6852,continuation_in_zone,true,6849.69,6849.72,6855.31,6849.72,6854.52,,true,4.52,4.39,-1.59,,,,true,4.52,4.39,-1.48,,,,true,6.35,4.39,4.63,,,,,,true,25.97,4.39,11.59,,,
381,2026-02-27 14:40:00,2026-02-27,14:40:00,6850,6848,6852,from_above,true,6854.52,6854.25,6854.32,6845.61,6848.41,-1.59,true,1.27,2.74,-2.6,1.27,2.74,-2.6,true,1.27,3.14,-1.01,1.27,3.14,-1.01,true,17.18,3.14,16.93,17.18,3.14,16.93,true,true,true,25.97,3.14,15.24,25.97,3.14,15.24
382,2026-02-27 14:45:00,2026-02-27,14:45:00,6850,6848,6852,continuation_in_zone,true,6848.41,6848.64,6851.27,6847.26,6847.4,,true,0,3.14,-1.48,,,,true,4.43,3.14,1.83,,,,true,21.81,3.14,21.16,,,,,,true,25.97,3.14,19.41,,,
383,2026-02-27 14:50:00,2026-02-27,14:50:00,6850,6848,6852,from_below,true,6847.4,6847.61,6849.72,6846.86,6848.52,1.48,true,1.07,2.15,-1.01,2.15,1.07,1.01,true,6.35,2.15,4.63,2.15,6.35,-4.63,true,25.97,2.15,23.8,2.15,25.97,-23.8,false,false,true,26.53,2.15,21.07,2.15,26.53,-21.07
384,2026-02-27 14:55:00,2026-02-27,14:55:00,6850,6848,6852,continuation_in_zone,true,6848.52,6848.29,6851.07,6847.85,6848.99,,true,4.43,1.18,1.83,,,,true,17.18,1.18,16.93,,,,true,25.97,1.18,21.12,,,,,,true,32.96,1.18,32.96,,,
385,2026-02-27 15:00:00,2026-02-27,15:00:00,6850,6848,6852,continuation_in_zone,true,6848.99,6848.82,6854.43,6848.82,6851.83,,true,6.35,0,4.63,,,,true,21.81,0,21.16,,,,true,25.97,0,18.9,,,,,,true,32.96,0,28.89,,,
386,2026-02-27 15:05:00,2026-02-27,15:05:00,6850,6848,6852,continuation_in_zone,true,6851.83,6851.87,6856.35,6851.72,6854.63,,true,17.18,0,16.93,,,,true,25.97,0,23.8,,,,true,25.97,0,11.59,,,,,,false,32.96,0,,,,
387,2026-03-02 09:30:00,2026-03-02,09:30:00,6800,6798,6802,from_above,false,6878.89,6800.78,6829.27,6796.85,6827.19,27.19,true,40.63,0,26.55,40.63,0,26.55,true,49.05,0,48.11,49.05,0,48.11,true,59.47,0,57.37,59.47,0,57.37,true,true,true,68.53,0,44.85,68.53,0,44.85
388,2026-03-02 09:45:00,2026-03-02,09:45:00,6850,6848,6852,from_below,false,6835.27,6835.72,6849.05,6832.98,6848.11,1.89,true,0,15.08,-8.81,15.08,0,8.81,true,9.47,15.08,7.37,15.08,9.47,-7.37,true,18.53,15.08,12.38,15.08,18.53,-12.38,false,true,true,18.53,15.08,6.75,15.08,18.53,-6.75
389,2026-03-02 09:50:00,2026-03-02,09:50:00,6850,6848,6852,continuation_in_zone,true,6848.11,6848.11,6848.33,6834.92,6841.19,,true,0,14.2,-4.54,,,,true,15.25,14.38,8.8,,,,true,18.53,14.38,7.18,,,,,,true,18.53,14.38,-0.72,,,
390,2026-03-02 10:00:00,2026-03-02,10:00:00,6850,6848,6852,from_below,false,6845.46,6843.56,6859.47,6835.62,6857.37,-7.37,true,15.25,0,8.8,0,15.25,-8.8,true,18.53,0,12.38,0,18.53,-12.38,true,18.53,8.67,-5.15,8.67,18.53,5.15,false,false,true,18.53,9.84,11.5,9.84,18.53,-11.5
391,2026-03-02 10:20:00,2026-03-02,10:20:00,6850,6848,6852,from_above,false,6862.38,6862.48,6863.9,6851.08,6857.18,7.18,true,9.07,3.86,-1.77,9.07,3.86,-1.77,true,9.07,9.84,4.09,9.07,9.84,4.09,true,13.33,9.84,-0.72,13.33,9.84,-0.72,true,true,true,21.6,9.84,12.02,21.6,9.84,12.02
392,2026-03-02 10:25:00,2026-03-02,10:25:00,6850,6848,6852,from_above,true,6857.18,6857.16,6859.07,6846.14,6848.23,-1.77,true,2.86,8.67,-5.15,2.86,8.67,-5.15,true,8.62,9.84,8.62,8.62,9.84,8.62,true,13.33,9.84,7.52,13.33,9.84,7.52,true,true,true,21.6,9.84,-1.68,21.6,9.84,-1.68
393,2026-03-02 10:30:00,2026-03-02,10:30:00,6850,6848,6852,continuation_in_zone,true,6848.23,6849.78,6852.86,6841.33,6844.85,,true,4.68,9.84,4.09,,,,true,13.33,9.84,6.75,,,,true,13.33,9.84,11.5,,,,,,true,21.6,9.84,3.58,,,
394,2026-03-02 10:35:00,2026-03-02,10:35:00,6850,6848,6852,from_below,true,6844.85,6845.08,6854.68,6840.16,6854.09,-4.09,true,8.62,0,8.62,0,8.62,-8.62,true,13.33,1.41,-0.72,1.41,13.33,0.72,true,20.23,2.56,19.96,2.56,20.23,-19.96,false,false,true,21.6,4.89,16.88,4.89,21.6,-16.88
395,2026-03-02 10:40:00,2026-03-02,10:40:00,6850,6848,6852,from_above,true,6854.09,6854.21,6858.62,6850.5,6858.62,8.62,true,13.33,0,6.75,13.33,0,6.75,true,13.33,2.56,7.52,13.33,2.56,7.52,true,21.6,2.56,18.85,21.6,2.56,18.85,true,true,true,30.25,4.89,29.38,30.25,4.89,29.38
396,2026-03-02 10:50:00,2026-03-02,10:50:00,6850,6848,6852,from_above,false,6856.75,6856.76,6860.33,6848.59,6849.28,-0.72,true,8.03,2.56,7.52,8.03,2.56,7.52,true,20.23,2.56,19.96,20.23,2.56,19.96,true,21.6,2.56,12.02,21.6,2.56,12.02,true,true,true,34.65,4.89,27.2,34.65,4.89,27.2
397,2026-03-02 10:55:00,2026-03-02,10:55:00,6850,6848,6852,continuation_in_zone,true,6849.28,6849.13,6858.03,6847.44,6857.52,,true,11.51,0,11.5,,,,true,21.6,0,18.85,,,,true,21.6,4.74,-1.68,,,,,,true,34.65,4.89,28.14,,,
398,2026-03-02 11:25:00,2026-03-02,11:25:00,6850,6848,6852,from_above,false,6862.02,6861.72,6862.23,6845.26,6848.32,-1.68,true,3.94,4.89,3.58,3.94,4.89,3.58,true,30.25,4.89,29.38,30.25,4.89,29.38,true,34.65,4.89,28.14,34.65,4.89,28.14,true,true,true,37.01,4.89,30.17,37.01,4.89,30.17
399,2026-03-02 11:30:00,2026-03-02,11:30:00,6850,6848,6852,from_below,true,6848.32,6847.66,6853.94,6845.11,6853.58,-3.58,true,16.88,0,16.88,0,16.88,-16.88,true,34.65,0,29.96,0,34.65,-29.96,true,34.65,0,28.57,0,34.65,-28.57,false,false,true,37.01,0,26.5,0,37.01,-26.5
400,2026-03-02 11:35:00,2026-03-02,11:35:00,6850,6848,6852,from_above,true,6853.58,6853.33,6866.88,6850.65,6866.88,16.88,true,30.25,0,29.38,30.25,0,29.38,true,34.65,0,27.2,34.65,0,27.2,true,34.65,0,26.86,34.65,0,26.86,true,true,true,37.01,0,28.18,37.01,0,28.18
401,2026-03-02 14:30:00,2026-03-02,14:30:00,6900,6898,6902,from_below,false,6896.79,6896.88,6899.91,6896.7,6899.23,0.77,true,1.01,1.91,-1.53,1.91,1.01,1.53,true,1.01,5.08,-2.13,5.08,1.01,2.13,true,1.01,5.82,-4.28,5.82,1.01,4.28,true,false,true,1.01,35.23,-24.4,35.23,1.01,24.4
402,2026-03-02 14:35:00,2026-03-02,14:35:00,6900,6898,6902,continuation_in_zone,true,6899.23,6899.15,6901.01,6898.09,6898.47,,true,0,5.08,-4.49,,,,true,0,5.08,-0.57,,,,true,0.24,24.53,-22.93,,,,,,true,0.24,35.23,-23.57,,,
403,2026-03-02 14:40:00,2026-03-02,14:40:00,6900,6898,6902,continuation_in_zone,true,6898.47,6898.23,6899.56,6894.92,6895.51,,true,0,4.54,-2.13,,,,true,0.24,4.54,-3.01,,,,true,0.24,32.81,-31.68,,,,,,true,0.24,35.23,-22.71,,,
404,2026-03-02 14:45:00,2026-03-02,14:45:00,6900,6898,6902,from_below,true,6895.51,6895.46,6899.22,6895.46,6897.87,2.13,true,0,3.66,-0.57,3.66,0,0.57,true,0.24,5.82,-4.28,5.82,0.24,4.28,true,0.24,35.23,-24.37,35.23,0.24,24.37,true,true,true,0.24,35.23,-20.95,35.23,0.24,20.95
405,2026-03-02 14:50:00,2026-03-02,14:50:00,6900,6898,6902,from_below,true,6897.87,6897.95,6899.97,6896.34,6899.43,0.57,true,0.24,3.3,-3.01,3.3,0.24,3.01,true,0.24,24.53,-22.93,24.53,0.24,22.93,true,0.24,35.23,-28,35.23,0.24,28,true,true,true,0.24,35.23,-17.4,35.23,0.24,17.4
406,2026-03-02 14:55:00,2026-03-02,14:55:00,6900,6898,6902,continuation_in_zone,true,6899.43,6899.51,6900.24,6896.7,6896.99,,true,0,5.82,-4.28,,,,true,0,32.81,-31.68,,,,true,0,35.23,-31.2,,,,,,true,0,35.23,-19.75,,,
407,2026-03-02 15:00:00,2026-03-02,15:00:00,6900,6898,6902,from_below,true,6896.99,6896.95,6898.16,6894.18,6895.72,4.28,true,0,24.53,-22.93,24.53,0,22.93,true,0,35.23,-24.37,35.23,0,24.37,true,0,35.23,-24.4,35.23,0,24.4,true,true,true,0,35.23,-18.37,35.23,0,18.37
408,2026-03-03 09:40:00,2026-03-03,09:40:00,6750,6748,6752,from_above,false,6773.22,6772.48,6773.52,6746.99,6747.97,-2.03,true,10.59,10.82,-10.61,10.59,10.82,-10.61,true,10.59,16.28,-13.06,10.59,16.28,-13.06,true,10.59,19.43,-9.36,10.59,19.43,-9.36,false,true,true,10.59,39.58,-23.17,10.59,39.58,-23.17
409,2026-03-03 09:45:00,2026-03-03,09:45:00,6750,6748,6752,from_below,true,6747.97,6747.97,6760.59,6739.18,6739.39,10.61,true,1.68,14.04,-3.79,14.04,1.68,3.79,true,1.73,18.91,-15.5,18.91,1.73,15.5,true,1.73,26.81,-25.47,26.81,1.73,25.47,true,true,true,1.73,39.58,-22.91,39.58,1.73,22.91
410,2026-03-03 09:50:00,2026-03-03,09:50:00,6750,6748,6752,from_below,true,6739.39,6738.23,6751.68,6735.96,6746.21,3.79,true,0,16.28,-13.06,16.28,0,13.06,true,1.73,19.43,-12.01,19.43,1.73,12.01,true,1.73,36.85,-31.66,36.85,1.73,31.66,true,true,true,1.73,39.58,-30.22,39.58,1.73,30.22
411,2026-03-03 10:00:00,2026-03-03,10:00:00,6750,6748,6752,from_below,false,6736.94,6736.83,6751.73,6731.09,6734.5,15.5,true,0,19.43,-12.01,19.43,0,12.01,true,0,26.81,-25.47,26.81,0,25.47,true,0,39.58,-26.06,39.58,0,26.06,true,true,true,0,39.58,-2.53,39.58,0,2.53
412,2026-03-03 10:10:00,2026-03-03,10:10:00,6750,6748,6752,from_below,false,6737.99,6737.92,6748.67,6731.58,6740.64,9.36,true,0,26.81,-25.47,26.81,0,25.47,true,0,39.58,-38.2,39.58,0,38.2,true,0,39.58,-23.17,39.58,0,23.17,true,true,true,16.19,39.58,15.04,39.58,16.19,-15.04
413,2026-03-03 11:00:00,2026-03-03,11:00:00,6750,6748,6752,from_below,false,6733.09,6733.26,6748.04,6731.8,6747.47,2.53,true,12.77,2.53,9.86,2.53,12.77,-9.86,true,25.33,2.53,17.44,2.53,25.33,-17.44,true,29.77,2.53,22.37,2.53,29.77,-22.37,false,false,true,48.01,2.53,38.73,2.53,48.01,-38.73
414,2026-03-03 11:05:00,2026-03-03,11:05:00,6750,6748,6752,from_below,true,6747.47,6747.79,6762.77,6747.79,6759.86,-9.86,true,16.19,0,15.04,0,16.19,-15.04,true,27.67,0,27.29,0,27.67,-27.29,true,29.77,0,24.83,0,29.77,-24.83,false,false,true,48.01,0,32.48,0,48.01,-32.48
415,2026-03-03 11:45:00,2026-03-03,11:45:00,6800,6798,6802,from_below,false,6781.32,6781.38,6798.01,6781.38,6789.34,10.66,true,0,12.57,-7.35,12.57,0,7.35,true,0,16.38,-11.27,16.38,0,11.27,true,0,21.21,-10.03,21.21,0,10.03,true,true,true,0,23.54,-2.59,23.54,0,2.59
416,2026-03-03 12:25:00,2026-03-03,12:25:00,6800,6798,6802,from_below,false,6796.32,6796.5,6799,6792.23,6798.03,1.97,true,0,22.02,-20.74,22.02,0,20.74,true,0,23.54,-3.01,23.54,0,3.01,true,0,23.54,-11.36,23.54,0,11.36,true,true,true,18.48,23.54,12.91,23.54,18.48,-12.91
417,2026-03-03 12:45:00,2026-03-03,12:45:00,6800,6798,6802,from_below,false,6796.99,6797,6798.63,6792.26,6797.41,2.59,true,0,15.59,-14.69,15.59,0,14.69,true,1.91,15.98,-1.48,15.98,1.91,1.48,true,2.87,15.98,1.49,15.98,2.87,-1.49,true,true,true,32.79,15.98,28.32,15.98,32.79,-28.32
418,2026-03-03 13:00:00,2026-03-03,13:00:00,6800,6798,6802,from_below,false,6788.64,6788.74,6801.91,6788.74,6798.52,1.48,true,2.87,3.34,2.53,3.34,2.87,-2.53,true,2.87,8.73,1.49,8.73,2.87,-1.49,true,22.11,8.73,20.3,8.73,22.11,-20.3,false,false,true,32.92,8.73,26.35,8.73,32.92,-26.35
419,2026-03-03 13:05:00,2026-03-03,13:05:00,6800,6798,6802,continuation_in_zone,true,6798.52,6798.49,6802.87,6796.66,6802.53,,true,2.79,8.73,-5.1,,,,true,15.29,8.73,14.5,,,,true,27.6,8.73,27.32,,,,,,true,32.92,8.73,15.41,,,
420,2026-03-03 13:10:00,2026-03-03,13:10:00,6800,6798,6802,from_above,true,6802.53,6802.56,6802.79,6791.27,6794.9,-5.1,true,2.78,5.1,1.49,2.78,5.1,1.49,true,18.48,5.1,12.91,18.48,5.1,12.91,true,32.79,5.1,26.41,32.79,5.1,26.41,true,true,true,32.92,5.1,19.83,32.92,5.1,19.83
421,2026-03-03 13:15:00,2026-03-03,13:15:00,6800,6798,6802,from_below,true,6794.9,6795.36,6802.78,6795.36,6801.49,-1.49,true,15.29,0,14.5,0,15.29,-14.5,true,22.11,0,20.3,0,22.11,-20.3,true,32.79,0,28.32,0,32.79,-28.32,false,false,true,32.92,0,23.51,0,32.92,-23.51
422,2026-03-03 13:20:00,2026-03-03,13:20:00,6800,6798,6802,continuation_in_zone,true,6801.49,6801.52,6815.29,6801.52,6814.5,,true,18.48,0,12.91,,,,true,27.6,0,27.32,,,,true,32.92,0,28.56,,,,,,true,32.92,0,24.42,,,
423,2026-03-04 09:30:00,2026-03-04,09:30:00,6850,6848,6852,from_below,false,6816.62,6830.67,6848.04,6830.67,6843.93,6.07,true,0,26.54,-25.08,26.54,0,25.08,true,0,38.36,-26.69,38.36,0,26.69,true,0,38.36,-19.96,38.36,0,19.96,true,true,true,27.23,38.36,18.74,38.36,27.23,-18.74
424,2026-03-04 10:10:00,2026-03-04,10:10:00,6850,6848,6852,from_below,false,6845.92,6845.78,6851.33,6840.57,6846.52,3.48,true,8.96,3.54,8.71,3.54,8.96,-8.71,true,26.76,3.54,25.44,3.54,26.76,-25.44,true,27.23,3.54,9.45,3.54,27.23,-9.45,false,false,true,30.38,3.54,10.22,3.54,30.38,-10.22
425,2026-03-04 10:15:00,2026-03-04,10:15:00,6850,6848,6852,from_below,true,6846.52,6846.46,6858.96,6846.46,6858.71,-8.71,true,19.93,0,19.93,0,19.93,-19.93,true,27.23,0,18.74,0,27.23,-18.74,true,27.23,0,10.29,0,27.23,-10.29,false,false,true,30.38,0,10.18,0,30.38,-10.18
426,2026-03-05 09:30:00,2026-03-05,09:30:00,6850,6848,6852,from_above,false,6869.49,6851.08,6856.62,6835.49,6856.62,6.62,true,9.7,2.56,1.78,9.7,2.56,1.78,true,9.7,12.44,-6.13,9.7,12.44,-6.13,true,20.43,12.44,8.31,20.43,12.44,8.31,true,true,true,20.43,42.12,-33.18,20.43,42.12,-33.18
427,2026-03-05 09:35:00,2026-03-05,09:35:00,6850,6848,6852,from_above,true,6856.62,6856.8,6859.7,6847.44,6851.78,1.78,true,2.22,9.43,-8.29,2.22,9.43,-8.29,true,3.95,12.44,3.95,3.95,12.44,3.95,true,20.43,12.44,0.69,20.43,12.44,0.69,true,true,true,20.43,42.12,-24.52,20.43,42.12,-24.52
428,2026-03-05 09:40:00,2026-03-05,09:40:00,6850,6848,6852,from_above,true,6851.78,6852.17,6852.22,6840.57,6841.71,-8.29,true,2.27,12.44,-6.13,2.27,12.44,-6.13,true,15.93,12.44,15.93,15.93,12.44,15.93,true,20.43,12.44,8.3,20.43,12.44,8.3,true,true,true,20.43,42.12,-23.35,20.43,42.12,-23.35
429,2026-03-05 09:45:00,2026-03-05,09:45:00,6850,6848,6852,from_below,true,6841.71,6842.05,6852.27,6837.56,6843.87,6.13,true,3.95,7.92,3.95,7.92,3.95,-3.95,true,20.43,7.92,8.31,7.92,20.43,-8.31,true,20.43,7.92,-5.67,7.92,20.43,5.67,false,false,true,20.43,42.12,-22.29,42.12,20.43,22.29
430,2026-03-05 09:50:00,2026-03-05,09:50:00,6850,6848,6852,from_below,true,6843.87,6843.68,6853.95,6842.08,6853.95,-3.95,true,15.93,0,15.93,0,15.93,-15.93,true,20.43,5.44,0.69,5.44,20.43,-0.69,true,20.43,24.1,-23.9,24.1,20.43,23.9,true,true,true,20.43,42.12,-12.95,42.12,20.43,12.95
431,2026-03-05 09:55:00,2026-03-05,09:55:00,6850,6848,6852,from_above,true,6853.95,6853.93,6865.93,6851.52,6865.93,15.93,true,20.43,0,8.31,20.43,0,8.31,true,20.43,5.44,8.3,20.43,5.44,8.3,true,20.43,31.38,-28.1,20.43,31.38,-28.1,false,true,true,20.43,42.12,-14.93,20.43,42.12,-14.93
432,2026-03-05 10:05:00,2026-03-05,10:05:00,6850,6848,6852,from_above,false,6858.31,6858.2,6858.45,6844.56,6850.69,0.69,true,8.3,3.66,8.3,8.3,3.66,8.3,true,8.3,24.1,-23.9,8.3,24.1,-23.9,true,8.3,42.12,-24.52,8.3,42.12,-24.52,false,false,true,8.3,42.12,-34.08,8.3,42.12,-34.08
433,2026-03-05 10:10:00,2026-03-05,10:10:00,6850,6848,6852,continuation_in_zone,true,6850.69,6850.81,6858.3,6846.34,6858.3,,true,8.3,6.6,-5.67,,,,true,8.3,31.38,-28.1,,,,true,8.3,42.12,-23.35,,,,,,true,8.3,43.29,-37.68,,,
434,2026-03-05 10:15:00,2026-03-05,10:15:00,6850,6848,6852,from_above,true,6858.3,6858.06,6858.06,6843.4,6844.33,-5.67,true,0,24.1,-23.9,0,24.1,-23.9,true,0,42.12,-33.18,0,42.12,-33.18,true,0,42.12,-22.29,0,42.12,-22.29,false,false,true,0,44.76,-39.87,0,44.76,-39.87
435,2026-03-05 12:30:00,2026-03-05,12:30:00,6800,6798,6802,from_above,false,6802.41,6799.77,6801.41,6786.66,6786.66,-13.34,true,0,15.06,-6.47,0,15.06,-6.47,true,0,23.1,-22.39,0,23.1,-22.39,true,0,25.69,-15.23,0,25.69,-15.23,false,false,true,0,27.2,-22.3,0,27.2,-22.3
436,2026-03-05 12:35:00,2026-03-05,12:35:00,6800,6798,6802,from_below,true,6786.66,6786.89,6799.01,6784.94,6793.53,6.47,true,0,15.87,-15.12,15.87,0,15.12,true,0,25.4,-22.18,25.4,0,22.18,true,0,25.69,-8.35,25.69,0,8.35,true,true,true,0,27.2,-18.42,27.2,0,18.42
437,2026-03-05 15:10:00,2026-03-05,15:10:00,6800,6798,6802,from_below,false,6796.33,6796.2,6804.36,6796.03,6802.01,-2.01,true,8.19,1.74,5.14,1.74,8.19,-5.14,true,17.88,1.74,8.83,1.74,17.88,-8.83,true,18.82,1.74,13.95,1.74,18.82,-13.95,false,false,false,31.76,1.74,,1.74,31.76,
438,2026-03-05 15:15:00,2026-03-05,15:15:00,6800,6798,6802,from_above,true,6802.01,6802.06,6808.19,6798.26,6805.14,5.14,true,11.83,0,11.69,11.83,0,11.69,true,17.88,0,14.03,17.88,0,14.03,true,19.11,0,19.11,19.11,0,19.11,true,true,false,31.76,0,,31.76,0,
439,2026-03-06 09:30:00,2026-03-06,09:30:00,6750,6748,6752,from_above,false,6830.72,6748.54,6752.05,6734.37,6736.84,-13.16,true,0,33.27,-25.66,0,33.27,-25.66,true,0,37.2,-30.63,0,37.2,-30.63,true,0,38.44,-10.48,0,38.44,-10.48,false,false,true,12.67,38.44,12.2,12.67,38.44,12.2
440,2026-03-06 10:20:00,2026-03-06,10:20:00,6750,6748,6752,from_below,false,6747.68,6747.65,6755.9,6745.58,6754.48,-4.48,true,5.75,0.56,4.43,0.56,5.75,-4.43,true,21.73,0.56,19.22,0.56,21.73,-19.22,true,21.73,11.1,-3.99,11.1,21.73,3.99,false,true,true,23.42,11.1,7.45,11.1,23.42,-7.45
441,2026-03-06 10:25:00,2026-03-06,10:25:00,6750,6748,6752,from_above,true,6754.48,6754.31,6755.75,6749.44,6754.43,4.43,true,12.67,0,12.2,12.67,0,12.2,true,21.73,0,10.87,21.73,0,10.87,true,21.73,11.1,12.84,21.73,11.1,12.84,true,true,true,23.42,11.1,6.7,23.42,11.1,6.7
442,2026-03-06 10:45:00,2026-03-06,10:45:00,6750,6748,6752,from_above,false,6760.87,6760.94,6761.93,6749.32,6751.01,1.01,true,1.01,11.1,-3.99,1.01,11.1,-3.99,true,22.9,11.1,22.1,22.9,11.1,22.1,true,23.42,11.1,11.86,23.42,11.1,11.86,true,true,true,23.42,11.1,17.41,23.42,11.1,17.41
443,2026-03-06 10:50:00,2026-03-06,10:50:00,6750,6748,6752,continuation_in_zone,true,6751.01,6750.93,6750.93,6738.9,6746.01,,true,16.65,3.99,12.84,,,,true,23.42,3.99,13.05,,,,true,23.42,3.99,7.45,,,,,,true,23.42,3.99,9.61,,,
444,2026-03-06 10:55:00,2026-03-06,10:55:00,6750,6748,6752,from_below,true,6746.01,6746.9,6766.65,6746.9,6762.84,-12.84,true,22.9,0,22.1,0,22.9,-22.1,true,23.42,0,5.41,0,23.42,-5.41,true,23.42,1.67,6.7,1.67,23.42,-6.7,false,false,true,23.42,2.23,13.43,2.23,23.42,-13.43
445,2026-03-06 11:20:00,2026-03-06,11:20:00,6750,6748,6752,from_above,false,6761.86,6762.05,6763.17,6748.33,6757.45,7.45,true,9.41,0,6.7,9.41,0,6.7,true,14.51,2.23,13.04,14.51,2.23,13.04,true,22.59,2.23,9.61,22.59,2.23,9.61,true,true,true,22.59,2.23,8.68,22.59,2.23,8.68
446,2026-03-06 11:25:00,2026-03-06,11:25:00,6750,6748,6752,from_above,true,6757.45,6757.84,6759.41,6751.79,6756.7,6.7,true,8.65,2.23,0.35,8.65,2.23,0.35,true,14.92,2.23,8.22,14.92,2.23,8.22,true,22.59,2.23,13.43,22.59,2.23,13.43,true,true,true,22.59,2.5,2.15,22.59,2.5,2.15
447,2026-03-06 11:30:00,2026-03-06,11:30:00,6750,6748,6752,from_above,true,6756.7,6756.97,6758.65,6747.77,6750.35,0.35,true,14.51,0.4,13.04,14.51,0.4,13.04,true,19.98,0.4,17.41,19.98,0.4,17.41,true,22.59,0.4,16.92,22.59,0.4,16.92,true,true,true,22.59,2.5,4.27,22.59,2.5,4.27
448,2026-03-06 11:35:00,2026-03-06,11:35:00,6750,6748,6752,continuation_in_zone,true,6750.35,6750.4,6764.51,6749.6,6763.04,,true,14.92,0,8.22,,,,true,22.59,0,9.61,,,,true,22.59,0,3.73,,,,,,true,22.59,10.24,-7.54,,,
449,2026-03-06 12:05:00,2026-03-06,12:05:00,6750,6748,6752,from_above,false,6766.92,6766.62,6766.7,6750.51,6753.73,3.73,true,6.44,0,2.54,6.44,0,2.54,true,14.01,1.56,8.68,14.01,1.56,8.68,true,14.01,10.24,-7.54,14.01,10.24,-7.54,true,true,true,14.01,15.73,5.28,14.01,15.73,5.28
450,2026-03-06 12:10:00,2026-03-06,12:10:00,6750,6748,6752,from_above,true,6753.73,6753.71,6756.44,6750.68,6752.54,2.54,true,7.22,1.56,7.22,7.22,1.56,7.22,true,14.01,2.5,2.15,14.01,2.5,2.15,true,14.01,15.73,-9.87,14.01,15.73,-9.87,false,true,true,23.18,15.73,21.78,23.18,15.73,21.78
451,2026-03-06 12:15:00,2026-03-06,12:15:00,6750,6748,6752,from_above,true,6752.54,6752.76,6757.22,6748.44,6757.22,7.22,true,14.01,0,8.68,14.01,0,8.68,true,14.01,2.5,4.27,14.01,2.5,4.27,true,14.01,15.73,-3.17,14.01,15.73,-3.17,false,true,true,23.18,15.73,21.32,23.18,15.73,21.32
452,2026-03-06 12:25:00,2026-03-06,12:25:00,6750,6748,6752,from_above,false,6758.68,6758.54,6758.61,6747.5,6752.15,2.15,true,4.41,0,4.27,4.41,0,4.27,true,4.41,15.73,-9.87,4.41,15.73,-9.87,true,4.41,15.73,-5.24,4.41,15.73,-5.24,false,false,true,23.18,15.73,9.94,23.18,15.73,9.94
453,2026-03-06 12:30:00,2026-03-06,12:30:00,6750,6748,6752,continuation_in_zone,true,6752.15,6751.91,6754.41,6750.05,6754.27,,true,4.32,10.24,-7.54,,,,true,4.32,15.73,-3.17,,,,true,5.21,15.73,-1.51,,,,,,true,23.18,15.73,12.97,,,
454,2026-03-06 12:35:00,2026-03-06,12:35:00,6750,6748,6752,from_above,true,6754.27,6754.25,6754.32,6739.76,6742.46,-7.54,true,0,15.73,-9.87,0,15.73,-9.87,true,2.14,15.73,-3.53,2.14,15.73,-3.53,true,7.03,15.73,5.28,7.03,15.73,5.28,false,false,true,23.18,15.73,7.44,23.18,15.73,7.44
455,2026-03-06 12:50:00,2026-03-06,12:50:00,6750,6748,6752,from_below,false,6746.83,6746.75,6752.14,6744.12,6746.47,3.53,true,0.67,6.52,-5.24,6.52,0.67,5.24,true,7.03,6.52,5.28,6.52,7.03,-5.28,true,23.18,6.52,16.31,6.52,23.18,-16.31,false,false,true,23.18,6.52,2.58,6.52,23.18,-2.58
456,2026-03-06 12:55:00,2026-03-06,12:55:00,6750,6748,6752,from_below,true,6746.47,6746.04,6750.67,6743.48,6744.76,5.24,true,5.21,6.38,-1.51,6.38,5.21,1.51,true,23.18,6.38,21.78,6.38,23.18,-21.78,true,23.18,6.38,9.94,6.38,23.18,-9.94,false,false,true,23.18,6.38,3.69,6.38,23.18,-3.69
457,2026-03-06 13:00:00,2026-03-06,13:00:00,6750,6748,6752,from_below,true,6744.76,6744.51,6755.21,6743.62,6748.49,1.51,true,7.03,2.27,5.28,2.27,7.03,-5.28,true,23.18,2.27,21.32,2.27,23.18,-21.32,true,23.18,2.27,12.97,2.27,23.18,-12.97,false,false,true,23.18,2.27,2.57,2.27,23.18,-2.57
458,2026-03-06 13:05:00,2026-03-06,13:05:00,6750,6748,6752,continuation_in_zone,true,6748.49,6748.52,6757.03,6747.73,6755.28,,true,23.18,0,21.78,,,,true,23.18,0,16.31,,,,true,23.18,0,7.44,,,,,,true,23.18,0,8.67,,,
459,2026-03-06 13:50:00,2026-03-06,13:50:00,6750,6748,6752,from_above,false,6760.43,6760.51,6760.53,6750.81,6752.58,2.58,true,6.55,0,3.69,6.55,0,3.69,true,9.65,0,8.67,9.65,0,8.67,true,16.53,0,6.45,16.53,0,6.45,true,true,true,18.5,0,11.72,18.5,0,11.72
460,2026-03-06 13:55:00,2026-03-06,13:55:00,6750,6748,6752,from_above,true,6752.58,6752.53,6756.55,6750.74,6753.69,3.69,true,6.52,0,2.57,6.52,0,2.57,true,16.53,0,14.82,16.53,0,14.82,true,16.53,0,12.1,16.53,0,12.1,true,true,true,18.5,0,12.89,18.5,0,12.89
461,2026-03-06 14:05:00,2026-03-06,14:05:00,6750,6748,6752,from_above,false,6752.57,6752.47,6759.65,6751.64,6758.67,8.67,true,16.53,0,14.82,16.53,0,14.82,true,16.53,0,6.45,16.53,0,6.45,true,16.53,0,10.45,16.53,0,10.45,true,true,true,22.01,0,12.77,22.01,0,12.77
462,2026-03-06 15:10:00,2026-03-06,15:10:00,6750,6748,6752,from_above,false,6762.77,6762.74,6763.77,6747.58,6752.38,2.38,true,6.92,1.83,2,6.92,1.83,2,true,6.92,17.41,-15.5,6.92,17.41,-15.5,true,6.92,25.17,-12.31,6.92,25.17,-12.31,false,false,false,6.92,25.17,,6.92,25.17,
463,2026-03-06 15:15:00,2026-03-06,15:15:00,6750,6748,6752,from_above,true,6752.38,6752.31,6756.92,6748.17,6752,2,true,2,7.83,-7.52,2,7.83,-7.52,true,2,20.08,-17.54,2,20.08,-17.54,true,2,25.17,-8.4,2,25.17,-8.4,false,false,false,2,25.17,,2,25.17,
464,2026-03-06 15:20:00,2026-03-06,15:20:00,6750,6748,6752,continuation_in_zone,true,6752,6751.68,6751.85,6742.17,6742.48,,true,0,17.41,-15.5,,,,true,0,25.17,-15.48,,,,true,0,25.17,-10.43,,,,,,false,0,25.17,,,,
465,2026-03-09 09:40:00,2026-03-09,09:40:00,6650,6648,6652,from_above,false,6658.94,6659.15,6659.49,6648.38,6654.66,4.66,true,10.13,4.15,-1.68,10.13,4.15,-1.68,true,10.13,11.41,2.35,10.13,11.41,2.35,true,21.37,13.96,-6.99,21.37,13.96,-6.99,true,true,true,30.28,13.96,30.28,30.28,13.96,30.28
466,2026-03-09 09:45:00,2026-03-09,09:45:00,6650,6648,6652,from_above,true,6654.66,6654.8,6660.13,6645.85,6648.32,-1.68,true,2.37,10.09,-7.07,2.37,10.09,-7.07,true,19.89,11.41,19.57,19.89,11.41,19.57,true,21.37,13.96,1.61,21.37,13.96,1.61,true,true,true,39.55,13.96,37.79,39.55,13.96,37.79
467,2026-03-09 09:50:00,2026-03-09,09:50:00,6650,6648,6652,continuation_in_zone,true,6648.32,6648.53,6652.37,6639.91,6642.93,,true,9.05,11.41,2.35,,,,true,21.37,11.41,-3.63,,,,true,21.37,13.96,15.3,,,,,,true,43.4,13.96,43.4,,,
468,2026-03-09 09:55:00,2026-03-09,09:55:00,6650,6648,6652,from_below,true,6642.93,6643.03,6659.05,6638.59,6652.35,-2.35,true,19.89,0.3,19.57,0.3,19.89,-19.57,true,21.37,13.96,-6.99,13.96,21.37,6.99,true,21.37,13.96,2.66,13.96,21.37,-2.66,false,true,true,43.97,13.96,38.2,13.96,43.97,-38.2
469,2026-03-09 10:00:00,2026-03-09,10:00:00,6650,6648,6652,from_above,true,6652.35,6652.66,6669.89,6649.7,6669.57,19.57,true,21.37,8.29,-3.63,21.37,8.29,-3.63,true,21.37,13.96,1.61,21.37,13.96,1.61,true,21.37,13.96,11.82,21.37,13.96,11.82,true,true,true,48.08,13.96,46.94,48.08,13.96,46.94
470,2026-03-09 10:05:00,2026-03-09,10:05:00,6650,6648,6652,from_above,true,6669.57,6670.07,6671.37,6641.71,6646.37,-3.63,true,0,13.96,-6.99,0,13.96,-6.99,true,17.31,13.96,15.3,17.31,13.96,15.3,true,26.51,13.96,22.71,26.51,13.96,22.71,true,true,true,49.3,13.96,41.9,49.3,13.96,41.9
471,2026-03-09 10:15:00,2026-03-09,10:15:00,6650,6648,6652,from_below,false,6643.01,6643.14,6652.84,6641.09,6651.61,-1.61,true,17.31,6.85,15.3,6.85,17.31,-15.3,true,17.31,6.85,11.82,6.85,17.31,-11.82,true,39.55,6.85,37.79,6.85,39.55,-37.79,false,false,true,55.03,6.85,50.37,6.85,55.03,-50.37
472,2026-03-09 10:20:00,2026-03-09,10:20:00,6650,6648,6652,continuation_in_zone,true,6651.61,6651.3,6667.31,6643.15,6665.3,,true,17,0.28,2.66,,,,true,26.51,0.28,22.71,,,,true,43.4,0.28,43.4,,,,,,true,57.21,0.28,56.59,,,
473,2026-03-09 10:25:00,2026-03-09,10:25:00,6650,6648,6652,from_above,true,6665.3,6665.02,6667,6649.72,6652.66,2.66,true,13.22,0,11.82,13.22,0,11.82,true,30.28,0,30.28,30.28,0,30.28,true,43.97,0,38.2,43.97,0,38.2,true,true,true,61.17,0,60.01,61.17,0,60.01
474,2026-03-09 11:00:00,2026-03-09,11:00:00,6700,6698,6702,from_below,false,6688.2,6687.97,6698.08,6687.97,6696.94,3.06,true,0,8.6,-8.1,8.6,0,8.1,true,5.03,8.6,0.37,8.6,5.03,-0.37,true,11.17,8.6,1.01,8.6,11.17,-1.01,false,false,true,13.29,8.6,8.93,8.6,13.29,-8.93
475,2026-03-09 11:05:00,2026-03-09,11:05:00,6700,6698,6702,from_below,true,6696.94,6697.16,6699.3,6691.4,6691.9,8.1,true,0.06,8.23,-1.55,8.23,0.06,1.55,true,7.21,8.23,6.59,8.23,7.21,-6.59,true,11.17,8.23,-0.68,8.23,11.17,0.68,false,false,true,13.29,8.23,10.57,8.23,13.29,-10.57
476,2026-03-09 11:10:00,2026-03-09,11:10:00,6700,6698,6702,from_below,true,6691.9,6692.1,6700.06,6691.77,6698.45,1.55,true,5.03,3.34,0.37,3.34,5.03,-0.37,true,11.17,3.34,10.01,3.34,11.17,-10.01,true,11.17,3.34,-2.03,3.34,11.17,2.03,false,false,true,13.36,3.34,11.48,3.34,13.36,-11.48
477,2026-03-09 11:15:00,2026-03-09,11:15:00,6700,6698,6702,continuation_in_zone,true,6698.45,6699.15,6705.03,6696.66,6700.37,,true,7.21,1.3,6.59,,,,true,11.17,1.3,1.01,,,,true,11.17,3.19,3.49,,,,,,true,13.36,3.19,11.41,,,
478,2026-03-09 11:20:00,2026-03-09,11:20:00,6700,6698,6702,continuation_in_zone,true,6700.37,6700.74,6707.21,6698.7,6706.59,,true,11.17,0,10.01,,,,true,11.17,2.25,-0.68,,,,true,11.17,3.19,8.71,,,,,,true,17.8,3.19,16.48,,,
479,2026-03-09 11:30:00,2026-03-09,11:30:00,6700,6698,6702,from_above,false,6710.01,6710.1,6710.14,6699.86,6701.01,1.01,true,1.86,2.25,-0.68,1.86,2.25,-0.68,true,6.31,3.19,3.49,6.31,3.19,3.49,true,13.29,3.19,8.93,13.29,3.19,8.93,true,true,true,27.23,3.19,20.04,27.23,3.19,20.04
480,2026-03-09 11:35:00,2026-03-09,11:35:00,6700,6698,6702,continuation_in_zone,true,6701.01,6701,6701.86,6697.75,6699.32,,true,0.62,3.08,-2.03,,,,true,9.55,3.19,8.71,,,,true,13.29,3.19,10.57,,,,,,true,27.23,3.19,23.09,,,
481,2026-03-09 11:40:00,2026-03-09,11:40:00,6700,6698,6702,continuation_in_zone,true,6699.32,6699.17,6700.62,6696.92,6697.97,,true,6.31,3.19,3.49,,,,true,11.02,3.19,7.1,,,,true,13.36,3.19,11.48,,,,,,true,31.16,3.19,30.88,,,
482,2026-03-09 11:45:00,2026-03-09,11:45:00,6700,6698,6702,from_below,true,6697.97,6697.86,6706.31,6696.81,6703.49,-3.49,true,9.55,0,8.71,0,9.55,-8.71,true,13.29,0,8.93,0,13.29,-8.93,true,13.36,0,11.41,0,13.36,-11.41,false,false,true,34.64,0,32.5,0,34.64,-32.5
483,2026-03-09 11:50:00,2026-03-09,11:50:00,6700,6698,6702,from_above,true,6703.49,6703.48,6709.55,6701.96,6708.71,8.71,true,11.02,0,7.1,11.02,0,7.1,true,13.29,0,10.57,13.29,0,10.57,true,17.8,0,16.48,17.8,0,16.48,true,true,true,34.64,0,27.84,34.64,0,27.84
484,2026-03-09 13:25:00,2026-03-09,13:25:00,6700,6698,6702,from_above,false,6702.54,6702.56,6702.84,6699.71,6700.94,0.94,true,3.09,1.25,0.54,3.09,1.25,0.54,true,3.09,6.74,-5.28,3.09,6.74,-5.28,true,4.83,6.74,0.33,4.83,6.74,0.33,false,false,true,19.66,6.74,13.02,19.66,6.74,13.02
485,2026-03-09 13:30:00,2026-03-09,13:30:00,6700,6698,6702,continuation_in_zone,true,6700.94,6700.92,6703.09,6698.75,6700.54,,true,1.97,2.95,-2.58,,,,true,2.16,6.74,-1.36,,,,true,5.09,6.74,2.76,,,,,,true,23.76,6.74,22.94,,,
486,2026-03-09 13:35:00,2026-03-09,13:35:00,6700,6698,6702,continuation_in_zone,true,6700.54,6700.55,6701.97,6697.05,6697.42,,true,0,6.74,-5.28,,,,true,3.94,6.74,3.75,,,,true,9.26,6.74,2.84,,,,,,true,24.74,6.74,21.5,,,
487,2026-03-09 13:40:00,2026-03-09,13:40:00,6700,6698,6702,from_below,true,6697.42,6697.21,6699.09,6693.26,6694.72,5.28,true,2.16,5.48,-1.36,5.48,2.16,1.36,true,4.83,5.48,0.33,5.48,4.83,-0.33,true,9.26,5.48,7.33,5.48,9.26,-7.33,false,false,true,24.74,5.48,20.74,5.48,24.74,-20.74
488,2026-03-09 13:45:00,2026-03-09,13:45:00,6700,6698,6702,from_below,true,6694.72,6694.65,6702.16,6694.52,6698.64,1.36,true,3.94,2.15,3.75,2.15,3.94,-3.75,true,5.09,2.15,2.76,2.15,5.09,-2.76,true,14.18,2.15,13.64,2.15,14.18,-13.64,false,false,true,24.74,2.15,21.64,2.15,24.74,-21.64
489,2026-03-09 13:50:00,2026-03-09,13:50:00,6700,6698,6702,continuation_in_zone,true,6698.64,6698.6,6703.94,6697.85,6703.75,,true,4.83,0.62,0.33,,,,true,9.26,0.62,2.84,,,,true,19.66,0.62,13.25,,,,,,true,24.74,0.62,21.31,,,
490,2026-03-09 13:55:00,2026-03-09,13:55:00,6700,6698,6702,from_above,true,6703.75,6703.72,6704.83,6699.38,6700.33,0.33,true,5.09,0,2.76,5.09,0,2.76,true,9.26,0,7.33,9.26,0,7.33,true,19.66,0,13.02,19.66,0,13.02,true,true,true,24.74,0,12.79,24.74,0,12.79
491,2026-03-09 14:00:00,2026-03-09,14:00:00,6700,6698,6702,continuation_in_zone,true,6700.33,6700.3,6705.09,6700.05,6702.76,,true,9.26,0,2.84,,,,true,14.18,0,13.64,,,,true,23.76,0,22.94,,,,,,true,24.74,0,15.2,,,
492,2026-03-09 15:20:00,2026-03-09,15:20:00,6750,6748,6752,from_below,false,6745.5,6743.87,6768.6,6742.62,6764.2,-14.2,true,36.48,0,36.28,0,36.48,-36.28,true,60.44,0,58.75,0,60.44,-58.75,true,60.44,0,34.56,0,60.44,-34.56,false,false,false,60.44,0,,0,60.44,
493,2026-03-09 15:35:00,2026-03-09,15:35:00,6800,6798,6802,from_below,false,6796.17,6796.23,6810.44,6785.6,6808.75,-8.75,true,8.75,17.25,-8.03,17.25,8.75,8.03,true,8.75,18.81,-15.44,18.81,8.75,15.44,true,8.75,18.81,-4.02,18.81,8.75,4.02,true,true,false,8.75,18.81,,18.81,8.75,
494,2026-03-09 15:40:00,2026-03-09,15:40:00,6800,6798,6802,from_above,true,6808.75,6808.74,6808.74,6782.75,6791.97,-8.03,true,0,13.59,-8.21,0,13.59,-8.21,true,0,18.81,-3.77,0,18.81,-3.77,false,0,18.81,,0,18.81,,,,false,0,18.81,,0,18.81,
495,2026-03-09 15:55:00,2026-03-09,15:55:00,6800,6798,6802,from_below,false,6784.56,6785.88,6799.54,6783.01,6796.23,3.77,true,0,4.11,-4.05,4.11,0,4.05,false,0,4.11,,4.11,0,,false,0,4.11,,4.11,0,,,,false,0,4.11,,4.11,0,
496,2026-03-10 09:30:00,2026-03-10,09:30:00,6800,6798,6802,from_below,false,6795.98,6794.82,6798.96,6785.65,6788.26,11.74,true,0,19.02,-12.86,19.02,0,12.86,true,0,29.18,-15.58,29.18,0,15.58,true,0,37.95,-27.45,37.95,0,27.45,true,true,true,2.24,40.26,0.73,40.26,2.24,-0.73
497,2026-03-10 10:30:00,2026-03-10,10:30:00,6800,6798,6802,from_below,false,6787.78,6787.81,6802.24,6787.81,6800.73,-0.73,true,7.31,1.45,7.31,1.45,7.31,-7.31,true,14.51,1.45,14.08,1.45,14.51,-14.08,true,28.01,1.45,26.03,1.45,28.01,-26.03,false,false,true,28.01,1.45,16.99,1.45,28.01,-16.99
498,2026-03-10 10:35:00,2026-03-10,10:35:00,6800,6798,6802,continuation_in_zone,true,6800.73,6801.06,6807.31,6798.55,6807.31,,true,13.35,0,11.73,,,,true,19.23,0,19.06,,,,true,28.01,0,18.32,,,,,,true,28.01,0,22.12,,,
499,2026-03-10 14:10:00,2026-03-10,14:10:00,6800,6798,6802,from_above,false,6826.82,6826.87,6831.22,6799.36,6799.36,-0.64,true,8.92,10.41,-6.87,8.92,10.41,-6.87,true,11.84,13.46,4.77,11.84,13.46,4.77,true,14.42,13.46,-0.27,14.42,13.46,-0.27,true,true,true,14.42,13.46,0.96,14.42,13.46,0.96
500,2026-03-10 14:15:00,2026-03-10,14:15:00,6800,6798,6802,continuation_in_zone,true,6799.36,6799.02,6808.92,6789.59,6793.13,,true,1.13,13.46,-3.83,,,,true,14.42,13.46,8.81,,,,true,14.42,13.46,1.79,,,,,,true,14.42,13.46,4.6,,,
501,2026-03-10 14:20:00,2026-03-10,14:20:00,6800,6798,6802,from_below,true,6793.13,6792.67,6801.13,6786.54,6796.17,3.83,true,11.84,4.07,4.77,4.07,11.84,-4.77,true,14.42,4.07,1.81,4.07,14.42,-1.81,true,14.42,4.07,0.69,4.07,14.42,-0.69,false,false,true,14.42,8.89,-2.22,8.89,14.42,2.22
502,2026-03-10 14:25:00,2026-03-10,14:25:00,6800,6798,6802,from_below,true,6796.17,6796.16,6811.84,6795.93,6804.77,-4.77,true,14.42,0,8.81,0,14.42,-8.81,true,14.42,3.29,-0.27,3.29,14.42,0.27,true,14.42,3.91,-3.08,3.91,14.42,3.08,false,false,true,14.42,14.02,-14.02,14.02,14.42,14.02
503,2026-03-10 14:30:00,2026-03-10,14:30:00,6800,6798,6802,from_above,true,6804.77,6804.88,6814.42,6801.9,6808.81,8.81,true,11.84,3.06,1.81,11.84,3.06,1.81,true,11.84,3.29,1.79,11.84,3.29,1.79,true,11.84,4.88,-2.23,11.84,4.88,-2.23,true,true,true,11.84,20.08,-17.52,11.84,20.08,-17.52
504,2026-03-10 14:35:00,2026-03-10,14:35:00,6800,6798,6802,from_above,true,6808.81,6808.85,6811.84,6796.94,6801.81,1.81,true,5.12,3.29,-0.27,5.12,3.29,-0.27,true,8.8,3.29,0.69,8.8,3.29,0.69,true,8.8,7.47,-1.28,8.8,7.47,-1.28,true,false,true,8.8,22.11,-13.98,8.8,22.11,-13.98
505,2026-03-10 14:40:00,2026-03-10,14:40:00,6800,6798,6802,continuation_in_zone,true,6801.81,6801.78,6805.12,6796.71,6799.73,,true,4.89,2.18,1.79,,,,true,8.8,3.91,-3.08,,,,true,8.8,7.47,0.96,,,,,,true,8.8,22.11,-14.58,,,
506,2026-03-10 14:45:00,2026-03-10,14:45:00,6800,6798,6802,continuation_in_zone,true,6799.73,6799.63,6804.89,6797.82,6801.79,,true,8.8,3.04,0.69,,,,true,8.8,4.88,-2.23,,,,true,8.8,7.47,4.6,,,,,,true,8.8,23.32,-20.91,,,
507,2026-03-10 14:50:00,2026-03-10,14:50:00,6800,6798,6802,continuation_in_zone,true,6801.79,6801.75,6808.8,6796.96,6800.69,,true,2.39,3.91,-3.08,,,,true,2.39,7.47,-1.28,,,,true,6.43,8.89,-2.22,,,,,,true,6.43,25.73,-20.54,,,
508,2026-03-10 14:55:00,2026-03-10,14:55:00,6800,6798,6802,continuation_in_zone,true,6800.69,6800.55,6802.39,6796.09,6796.92,,true,0.89,4.88,-2.23,,,,true,1.62,7.47,0.96,,,,true,6.43,14.02,-14.02,,,,,,true,6.43,25.73,-18.71,,,
509,2026-03-10 15:00:00,2026-03-10,15:00:00,6800,6798,6802,from_below,true,6796.92,6796.98,6800.89,6795.12,6797.77,2.23,true,0.5,7.47,-1.28,7.47,0.5,1.28,true,6.43,7.47,4.6,7.47,6.43,-4.6,true,6.43,20.08,-17.52,20.08,6.43,17.52,true,true,true,6.43,25.73,-18.51,25.73,6.43,18.51
510,2026-03-10 15:05:00,2026-03-10,15:05:00,6800,6798,6802,from_below,true,6797.77,6797.28,6800.5,6792.53,6798.72,1.28,true,1.62,6.31,0.96,6.31,1.62,-0.96,true,6.43,8.89,-2.22,8.89,6.43,2.22,true,6.43,22.11,-13.98,22.11,6.43,13.98,true,true,false,6.43,25.73,,25.73,6.43,
511,2026-03-10 15:10:00,2026-03-10,15:10:00,6800,6798,6802,continuation_in_zone,true,6798.72,6798.71,6801.62,6793.69,6800.96,,true,6.43,0.31,4.6,,,,true,6.43,14.02,-14.02,,,,true,6.43,22.11,-14.58,,,,,,false,6.43,25.73,,,,
512,2026-03-10 15:15:00,2026-03-10,15:15:00,6800,6798,6802,continuation_in_zone,true,6800.96,6800.94,6806.43,6799.69,6804.6,,true,5.35,8.89,-2.22,,,,true,5.35,20.08,-17.52,,,,true,5.35,23.32,-20.91,,,,,,false,5.35,25.73,,,,
513,2026-03-10 15:20:00,2026-03-10,15:20:00,6800,6798,6802,from_above,true,6804.6,6804.66,6805.35,6791.11,6797.78,-2.22,true,0,14.02,-14.02,0,14.02,-14.02,true,0,22.11,-13.98,0,22.11,-13.98,true,0,25.73,-20.54,0,25.73,-20.54,false,false,false,0,25.73,,0,25.73,
514,2026-03-11 10:00:00,2026-03-11,10:00:00,6800,6798,6802,from_below,false,6790.54,6790.71,6811.15,6789.79,6795.85,4.15,true,1.53,12.73,-8.08,12.73,1.53,8.08,true,1.53,18.06,-10.47,18.06,1.53,10.47,true,1.53,36.37,-34.24,36.37,1.53,34.24,true,true,true,1.53,36.37,-10.81,36.37,1.53,10.81
515,2026-03-11 10:05:00,2026-03-11,10:05:00,6800,6798,6802,from_below,true,6795.85,6795.88,6801.53,6787.27,6791.92,8.08,true,0,17.22,-8.06,17.22,0,8.06,true,0,26.39,-26.39,26.39,0,26.39,true,0,36.37,-21.48,36.37,0,21.48,true,true,true,0,36.37,-17.81,36.37,0,17.81
516,2026-03-11 11:45:00,2026-03-11,11:45:00,6750,6748,6752,from_above,false,6754.54,6754.16,6754.4,6748.13,6751.78,1.78,true,10.65,0,10.41,10.65,0,10.41,true,10.84,2.52,-2.14,10.84,2.52,-2.14,true,10.84,2.89,0.55,10.84,2.89,0.55,true,true,true,21.37,2.89,14.99,21.37,2.89,14.99
517,2026-03-11 11:50:00,2026-03-11,11:50:00,6750,6748,6752,continuation_in_zone,true,6751.78,6751.79,6760.65,6751.78,6760.41,,true,10.84,0,3.49,,,,true,10.84,2.89,-1.53,,,,true,10.84,2.89,5.49,,,,,,true,21.78,2.89,21.39,,,
518,2026-03-11 12:00:00,2026-03-11,12:00:00,6750,6748,6752,from_above,false,6753.49,6753.49,6753.87,6747.48,6747.86,-2.14,true,1.34,2.89,-1.53,1.34,2.89,-1.53,true,6.19,2.89,0.55,6.19,2.89,0.55,true,20.36,2.89,19.79,20.36,2.89,19.79,true,true,true,26.51,2.89,23.29,26.51,2.89,23.29
519,2026-03-11 12:05:00,2026-03-11,12:05:00,6750,6748,6752,from_below,true,6747.86,6747.91,6751.34,6747.11,6748.47,1.53,true,5.43,1.58,5.31,1.58,5.43,-5.31,true,8.43,1.58,5.49,1.58,8.43,-5.49,true,20.81,1.58,14.99,1.58,20.81,-14.99,false,false,true,27.1,1.58,23.91,1.58,27.1,-23.91
520,2026-03-11 12:10:00,2026-03-11,12:10:00,6750,6748,6752,continuation_in_zone,true,6748.47,6748.42,6755.43,6748.42,6755.31,,true,6.19,0,0.55,,,,true,9.04,0.53,9.04,,,,true,21.37,0.53,16.72,,,,,,true,27.1,0.53,18.98,,,
521,2026-03-11 12:15:00,2026-03-11,12:15:00,6750,6748,6752,from_above,true,6755.31,6755.29,6756.19,6750.45,6750.55,0.55,true,8.43,0.53,5.49,8.43,0.53,5.49,true,20.36,0.53,19.79,20.36,0.53,19.79,true,21.37,0.53,14.99,21.37,0.53,14.99,true,true,true,27.1,0.53,17.3,27.1,0.53,17.3
522,2026-03-11 12:20:00,2026-03-11,12:20:00,6750,6748,6752,continuation_in_zone,true,6750.55,6750.59,6758.43,6749.47,6755.49,,true,9.04,0,9.04,,,,true,20.81,0,14.99,,,,true,21.78,0,21.39,,,,,,true,27.1,0,23.76,,,
523,2026-03-11 13:35:00,2026-03-11,13:35:00,6750,6748,6752,from_above,false,6773.11,6773.22,6774.66,6745.59,6754.94,4.94,true,10.5,0,6.77,10.5,0,6.77,true,18.14,0,12.47,18.14,0,12.47,true,18.14,0,5.1,18.14,0,5.1,true,true,true,18.14,0.83,12.43,18.14,0.83,12.43
524,2026-03-11 13:40:00,2026-03-11,13:40:00,6750,6748,6752,from_above,true,6754.94,6754.94,6760.5,6750.1,6756.77,6.77,true,10.29,0,9.7,10.29,0,9.7,true,18.14,0,11.58,18.14,0,11.58,true,18.14,0.83,4.81,18.14,0.83,4.81,true,true,true,18.14,0.83,12.12,18.14,0.83,12.12
525,2026-03-11 14:10:00,2026-03-11,14:10:00,6750,6748,6752,from_above,false,6755.1,6755.15,6755.55,6749.17,6754.81,4.81,true,10.69,0,9.56,10.69,0,9.56,true,16.05,0,14.36,16.05,0,14.36,true,16.93,0,12.12,16.93,0,12.12,true,true,true,18.38,0,6.79,18.38,0,6.79
526,2026-03-12 09:45:00,2026-03-12,09:45:00,6700,6698,6702,from_above,false,6715.33,6715.08,6715.08,6698.9,6711.61,11.61,true,18.63,0,2,18.63,0,2,true,19.37,7.3,13.9,19.37,7.3,13.9,true,22.83,7.3,7.99,22.83,7.3,7.99,true,true,true,22.83,15.23,-4.56,22.83,15.23,-4.56
527,2026-03-12 09:50:00,2026-03-12,09:50:00,6700,6698,6702,from_above,true,6711.61,6711.7,6718.63,6701.63,6702,2,true,2.48,7.3,-1.01,2.48,7.3,-1.01,true,19.37,7.3,14.01,19.37,7.3,14.01,true,22.83,7.3,4.65,22.83,7.3,4.65,true,true,true,22.83,15.23,-4.65,22.83,15.23,-4.65
528,2026-03-12 09:55:00,2026-03-12,09:55:00,6700,6698,6702,continuation_in_zone,true,6702,6701.81,6702.48,6692.7,6698.99,,true,19.37,1.01,13.9,,,,true,21.94,1.01,20.99,,,,true,22.83,7.51,-7.35,,,,,,true,22.83,15.23,-4.37,,,
529,2026-03-12 10:00:00,2026-03-12,10:00:00,6700,6698,6702,continuation_in_zone,true,6698.99,6699.18,6719.37,6699.18,6713.9,,true,17.07,0,14.01,,,,true,22.83,0,7.99,,,,true,22.83,12.82,-9.93,,,,,,true,22.83,15.23,-7.04,,,
530,2026-03-12 10:25:00,2026-03-12,10:25:00,6700,6698,6702,from_above,false,6704.65,6704.88,6709.78,6692.49,6692.65,-7.35,true,0,12.82,-9.93,0,12.82,-9.93,true,1.01,15.23,-0.12,1.01,15.23,-0.12,true,15.2,15.23,-4.37,15.2,15.23,-4.37,false,true,true,15.2,19.9,-8.02,15.2,19.9,-8.02
531,2026-03-12 10:40:00,2026-03-12,10:40:00,6700,6698,6702,from_below,false,6690.53,6690.51,6701.01,6686.98,6699.88,0.12,true,15.2,6.54,-4.56,6.54,15.2,4.56,true,15.2,7.98,-4.37,7.98,15.2,4.37,true,15.2,19.9,-15.42,19.9,15.2,15.42,true,true,true,15.2,19.9,9.68,19.9,15.2,-9.68
532,2026-03-12 10:45:00,2026-03-12,10:45:00,6700,6698,6702,continuation_in_zone,true,6699.88,6700.18,6715.2,6693.46,6695.44,,true,0,7.98,-4.65,,,,true,0,11.76,-7.04,,,,true,0,19.9,-16.1,,,,,,true,12.93,19.9,2.57,,,
533,2026-03-12 10:55:00,2026-03-12,10:55:00,6700,6698,6702,from_below,false,6695.35,6695.31,6699.42,6694.48,6695.63,4.37,true,0,11.76,-7.04,11.76,0,7.04,true,0,19.9,-15.42,19.9,0,15.42,true,0,19.9,-8.02,19.9,0,8.02,true,true,true,12.93,19.9,3.69,19.9,12.93,-3.69
534,2026-03-12 11:35:00,2026-03-12,11:35:00,6700,6698,6702,from_below,false,6689.49,6689.25,6708.79,6683.11,6708.35,-8.35,true,12.93,1.6,9.68,1.6,12.93,-9.68,true,12.93,3.84,6.08,3.84,12.93,-6.08,true,13.32,11.94,-10.56,11.94,13.32,10.56,false,true,true,22.89,11.94,11.33,11.94,22.89,-11.33
535,2026-03-12 11:40:00,2026-03-12,11:40:00,6700,6698,6702,from_above,true,6708.35,6709.47,6712.93,6698.4,6709.68,9.68,true,9.76,3.84,2.57,9.76,3.84,2.57,true,9.76,3.84,3.69,9.76,3.84,3.69,true,13.32,11.94,-0.67,13.32,11.94,-0.67,true,true,true,22.89,11.94,7.93,22.89,11.94,7.93
536,2026-03-12 11:45:00,2026-03-12,11:45:00,6700,6698,6702,from_above,true,6709.68,6709.52,6709.76,6696.16,6702.57,2.57,true,7.05,1.44,6.08,7.05,1.44,6.08,true,10.76,1.44,10.64,10.76,1.44,10.64,true,13.32,11.94,5.96,13.32,11.94,5.96,true,true,true,22.89,11.94,-0.7,22.89,11.94,-0.7
537,2026-03-12 11:50:00,2026-03-12,11:50:00,6700,6698,6702,from_above,true,6702.57,6702.52,6707.05,6698.56,6706.08,6.08,true,6.17,0.29,3.69,6.17,0.29,3.69,true,13.32,11.94,-10.56,13.32,11.94,-10.56,true,22.89,11.94,8.94,22.89,11.94,8.94,true,true,true,22.89,11.94,-4.94,22.89,11.94,-4.94
538,2026-03-12 11:55:00,2026-03-12,11:55:00,6700,6698,6702,from_above,true,6706.08,6706.17,6706.17,6699.71,6703.69,3.69,true,10.76,0,10.64,10.76,0,10.64,true,13.32,11.94,-0.67,13.32,11.94,-0.67,true,22.89,11.94,-1.79,22.89,11.94,-1.79,true,true,true,22.89,11.94,-1.04,22.89,11.94,-1.04
539,2026-03-12 12:05:00,2026-03-12,12:05:00,6700,6698,6702,from_above,false,6710.64,6710.71,6713.32,6688.06,6689.44,-10.56,true,0,11.37,-0.67,0,11.37,-0.67,true,22.89,11.37,8.94,22.89,11.37,8.94,true,22.89,11.37,11.33,22.89,11.37,11.33,true,true,true,22.89,11.37,-0.12,22.89,11.37,-0.12
540,2026-03-12 12:10:00,2026-03-12,12:10:00,6700,6698,6702,from_below,true,6689.44,6689.32,6699.63,6688.63,6699.33,0.67,true,10.4,0.81,5.96,0.81,10.4,-5.96,true,22.89,2.12,-1.79,2.12,22.89,1.79,true,22.89,4.85,7.93,4.85,22.89,-7.93,false,false,true,22.89,8,-2.05,8,22.89,2.05
541,2026-03-12 12:15:00,2026-03-12,12:15:00,6700,6698,6702,continuation_in_zone,true,6699.33,6699.31,6710.4,6699.19,6705.96,,true,22.89,0,8.94,,,,true,22.89,4.85,4.03,,,,true,22.89,7.89,-0.7,,,,,,true,22.89,8,-7.51,,,
542,2026-03-12 12:25:00,2026-03-12,12:25:00,6700,6698,6702,from_above,false,6708.94,6708.89,6708.89,6697.88,6698.21,-1.79,true,7.1,4.85,4.03,7.1,4.85,4.03,true,12.39,4.85,7.93,12.39,4.85,7.93,true,12.39,8,-1.04,12.39,8,-1.04,true,true,true,13.04,8.49,-3.58,13.04,8.49,-3.58
543,2026-03-12 12:30:00,2026-03-12,12:30:00,6700,6698,6702,continuation_in_zone,true,6698.21,6698.83,6707.1,6695.15,6704.03,,true,12.39,0,11.33,,,,true,12.39,7.89,-0.7,,,,true,12.39,8,7.64,,,,,,true,13.04,8.49,-1.07,,,
544,2026-03-12 12:45:00,2026-03-12,12:45:00,6700,6698,6702,from_above,false,6707.93,6707.9,6708.02,6692.11,6699.3,-0.7,true,2.89,8,-4.94,2.89,8,-4.94,true,7.67,8,7.64,7.67,8,7.64,true,13.04,8,-7.51,13.04,8,-7.51,true,true,true,13.04,9.61,-6.8,13.04,9.61,-6.8
545,2026-03-12 12:50:00,2026-03-12,12:50:00,6700,6698,6702,continuation_in_zone,true,6699.3,6698.97,6702.89,6692,6695.06,,true,0,6.55,-1.04,,,,true,13.04,6.55,-0.12,,,,true,13.04,8.49,0.58,,,,,,true,13.04,9.61,-8.42,,,
546,2026-03-12 12:55:00,2026-03-12,12:55:00,6700,6698,6702,from_below,true,6695.06,6695.05,6699.82,6693.45,6698.96,1.04,true,7.67,1.75,7.64,1.75,7.67,-7.64,true,13.04,2.42,-2.05,2.42,13.04,2.05,true,13.04,8.49,-3.58,8.49,13.04,3.58,false,false,true,13.04,16.12,-7.72,16.12,13.04,7.72
547,2026-03-12 13:00:00,2026-03-12,13:00:00,6700,6698,6702,continuation_in_zone,true,6698.96,6698.92,6707.67,6698.25,6707.64,,true,13.04,0.7,-0.12,,,,true,13.04,7.69,-7.51,,,,true,13.04,8.49,-1.07,,,,,,true,13.04,16.12,-3.5,,,
548,2026-03-12 13:05:00,2026-03-12,13:05:00,6700,6698,6702,from_above,true,6707.64,6707.75,6713.04,6699.3,6699.88,-0.12,true,5.04,2.42,-2.05,5.04,2.42,-2.05,true,5.04,8.49,0.58,5.04,8.49,0.58,true,5.67,8.49,4.62,5.67,8.49,4.62,false,false,true,7.72,16.12,-2.71,7.72,16.12,-2.71
549,2026-03-12 13:10:00,2026-03-12,13:10:00,6700,6698,6702,continuation_in_zone,true,6699.88,6699.93,6705.04,6697.58,6697.95,,true,0,7.69,-7.51,,,,true,3.86,8.49,-3.58,,,,true,7.72,8.49,-3.88,,,,,,true,7.72,16.12,-1.03,,,
550,2026-03-12 13:15:00,2026-03-12,13:15:00,6700,6698,6702,from_below,true,6697.95,6697.9,6699.46,6692.31,6692.49,7.51,true,3.86,8.49,0.58,8.49,3.86,-0.58,true,3.86,8.49,-1.07,8.49,3.86,1.07,true,7.72,9.61,-6.8,9.61,7.72,6.8,true,false,true,7.72,16.12,-6.4,16.12,7.72,6.4
551,2026-03-12 13:20:00,2026-03-12,13:20:00,6700,6698,6702,from_below,true,6692.49,6692.42,6703.86,6691.51,6700.58,-0.58,true,3.07,5.25,-3.58,5.25,3.07,3.58,true,5.67,5.25,4.62,5.25,5.67,-4.62,true,7.72,9.61,-8.42,9.61,7.72,8.42,true,false,true,7.72,16.12,-8.05,16.12,7.72,8.05
552,2026-03-12 13:25:00,2026-03-12,13:25:00,6700,6698,6702,continuation_in_zone,true,6700.58,6700.84,6703.07,6694.75,6696.42,,true,2.27,3.58,-1.07,,,,true,7.72,4.06,-3.88,,,,true,7.72,16.12,-7.72,,,,,,true,7.72,16.12,-7.32,,,
553,2026-03-12 13:30:00,2026-03-12,13:30:00,6700,6698,6702,from_below,true,6696.42,6696.53,6702.27,6696.53,6698.93,1.07,true,5.67,1.07,4.62,1.07,5.67,-4.62,true,7.72,9.61,-6.8,9.61,7.72,6.8,true,7.72,16.12,-3.5,16.12,7.72,3.5,true,true,true,7.72,16.12,-10.61,16.12,7.72,10.61
554,2026-03-12 13:35:00,2026-03-12,13:35:00,6700,6698,6702,continuation_in_zone,true,6698.93,6699.08,6705.67,6699.08,6704.62,,true,7.72,4.06,-3.88,,,,true,7.72,9.61,-8.42,,,,true,7.72,16.12,-2.71,,,,,,true,7.72,16.12,-10.75,,,
555,2026-03-12 13:40:00,2026-03-12,13:40:00,6700,6698,6702,from_above,true,6704.62,6704.88,6707.72,6695.94,6696.12,-3.88,true,0,9.61,-6.8,0,9.61,-6.8,true,0,16.12,-7.72,0,16.12,-7.72,true,1.67,16.12,-1.03,1.67,16.12,-1.03,false,false,true,2.34,16.12,-12.59,2.34,16.12,-12.59
556,2026-03-12 13:45:00,2026-03-12,13:45:00,6700,6698,6702,from_below,true,6696.12,6696.23,6698.09,6690.39,6693.2,6.8,true,0,8.42,-8.42,8.42,0,8.42,true,0,16.12,-3.5,16.12,0,3.5,true,2.34,16.12,-6.4,16.12,2.34,6.4,true,true,true,2.34,16.12,-14.8,16.12,2.34,14.8
557,2026-03-12 13:50:00,2026-03-12,13:50:00,6700,6698,6702,from_below,true,6693.2,6693.23,6698.06,6691.58,6691.58,8.42,true,0,16.12,-7.72,16.12,0,7.72,true,1.67,16.12,-2.71,16.12,1.67,2.71,true,2.34,16.12,-8.05,16.12,2.34,8.05,true,true,true,2.34,16.12,-11.48,16.12,2.34,11.48
558,2026-03-12 14:00:00,2026-03-12,14:00:00,6700,6698,6702,from_below,false,6692.28,6692.23,6699.69,6692.23,6696.5,3.5,true,1.67,6.84,-2.71,6.84,1.67,2.71,true,2.34,7.11,-6.4,7.11,2.34,6.4,true,2.34,11.68,-10.61,11.68,2.34,10.61,true,true,true,2.34,20.05,-15.95,20.05,2.34,15.95
559,2026-03-12 14:05:00,2026-03-12,14:05:00,6700,6698,6702,from_below,true,6696.5,6696.36,6701.67,6693.16,6697.29,2.71,true,0,3.66,-1.03,3.66,0,1.03,true,2.34,10.94,-8.05,10.94,2.34,8.05,true,2.34,14.34,-10.75,14.34,2.34,10.75,true,true,true,2.34,20.05,-13.57,20.05,2.34,13.57
560,2026-03-12 14:10:00,2026-03-12,14:10:00,6700,6698,6702,from_below,true,6697.29,6697.32,6699.99,6696.34,6698.97,1.03,true,2.34,7.11,-6.4,7.11,2.34,6.4,true,2.34,11.68,-7.32,11.68,2.34,7.32,true,2.34,14.34,-12.59,14.34,2.34,12.59,true,true,true,2.34,20.05,-14.43,20.05,2.34,14.43
561,2026-03-12 14:15:00,2026-03-12,14:15:00,6700,6698,6702,continuation_in_zone,true,6698.97,6699.27,6702.34,6692.89,6693.6,,true,0,10.94,-8.05,,,,true,0,11.68,-10.61,,,,true,0,15.15,-14.8,,,,,,true,0,20.05,-12.4,,,
562,2026-03-13 09:35:00,2026-03-13,09:35:00,6700,6698,6702,from_above,false,6707.43,6707.14,6716.12,6700.3,6712.9,12.9,true,29.72,0,29.59,29.72,0,29.59,true,33.3,0,26.54,33.3,0,26.54,true,33.3,0,3.04,33.3,0,3.04,true,true,true,33.3,12.21,-0.42,33.3,12.21,-0.42
563,2026-03-13 10:10:00,2026-03-13,10:10:00,6700,6698,6702,from_above,false,6703.04,6703.18,6704.33,6698.6,6700.1,0.1,true,0.22,12.21,-8.6,0.22,12.21,-8.6,true,1.74,12.21,-0.99,1.74,12.21,-0.99,true,11.72,16.88,-16.72,11.72,16.88,-16.72,false,true,true,11.72,44.32,-22.19,11.72,44.32,-22.19
564,2026-03-13 10:15:00,2026-03-13,10:15:00,6700,6698,6702,continuation_in_zone,true,6700.1,6699.72,6700.22,6687.79,6691.4,,true,0,8.6,-3.48,,,,true,11.72,8.6,5.22,,,,true,11.72,27.12,-20.38,,,,,,true,11.72,44.32,-31.47,,,
565,2026-03-13 10:20:00,2026-03-13,10:20:00,6700,6698,6702,from_below,true,6691.4,6691.53,6699.86,6691.41,6696.52,3.48,true,1.74,6.94,-0.99,6.94,1.74,0.99,true,11.72,6.94,-0.42,6.94,11.72,0.42,true,11.72,27.12,-24.21,27.12,11.72,24.21,true,true,true,11.72,44.32,-41.21,44.32,11.72,41.21
566,2026-03-13 10:25:00,2026-03-13,10:25:00,6700,6698,6702,from_below,true,6696.52,6696.45,6701.74,6693.06,6699.01,0.99,true,11.72,2.25,5.22,2.25,11.72,-5.22,true,11.72,16.88,-16.72,16.88,11.72,16.72,true,11.72,39.09,-38.13,39.09,11.72,38.13,true,true,true,11.72,45.03,-44.62,45.03,11.72,44.62
567,2026-03-13 10:30:00,2026-03-13,10:30:00,6700,6698,6702,continuation_in_zone,true,6699.01,6699.01,6711.72,6697.75,6705.22,,true,5.22,4.94,-0.42,,,,true,5.22,27.12,-20.38,,,,true,5.22,44.32,-39.66,,,,,,true,5.22,45.95,-39.21,,,
568,2026-03-13 10:35:00,2026-03-13,10:35:00,6700,6698,6702,from_above,true,6705.22,6705.13,6705.13,6695.06,6699.58,-0.42,true,0,16.88,-16.72,0,16.88,-16.72,true,0,27.12,-24.21,0,27.12,-24.21,true,0,44.32,-29.26,0,44.32,-29.26,false,false,true,0,49.92,-43.03,0,49.92,-43.03
569,2026-03-13 10:40:00,2026-03-13,10:40:00,6700,6698,6702,continuation_in_zone,true,6699.58,6699.55,6699.55,6683.12,6683.28,,true,0,27.12,-20.38,,,,true,0,39.09,-38.13,,,,true,0,44.32,-22.19,,,,,,true,0,56.82,-53.66,,,
570,2026-03-13 11:35:00,2026-03-13,11:35:00,6650,6648,6652,from_above,false,6660.79,6660.86,6662.35,6650.08,6656.97,6.97,true,7.26,6.82,-3.66,7.26,6.82,-3.66,true,9.9,7.28,-1.54,9.9,7.28,-1.54,true,9.9,8.48,4.1,9.9,8.48,4.1,true,false,true,11.47,8.48,4.36,11.47,8.48,4.36
571,2026-03-13 11:40:00,2026-03-13,11:40:00,6650,6648,6652,from_above,true,6656.97,6656.66,6657.26,6643.18,6646.34,-3.66,true,9.9,7.28,2.75,9.9,7.28,2.75,true,9.9,8.48,-5.8,9.9,8.48,-5.8,true,9.9,8.48,-0.31,9.9,8.48,-0.31,true,false,true,11.47,8.48,-2.39,11.47,8.48,-2.39
572,2026-03-13 11:45:00,2026-03-13,11:45:00,6650,6648,6652,from_below,true,6646.34,6646.32,6659.9,6642.72,6652.75,-2.75,true,3.49,6.29,-1.54,6.29,3.49,1.54,true,3.49,8.48,-0.56,8.48,3.49,0.56,true,8.75,8.48,-2.37,8.48,8.75,2.37,false,false,true,11.47,8.48,-0.08,8.48,11.47,0.08
573,2026-03-13 11:50:00,2026-03-13,11:50:00,6650,6648,6652,from_above,true,6652.75,6652.74,6653.49,6643.71,6648.46,-1.54,true,0,8.48,-5.8,0,8.48,-5.8,true,5.67,8.48,4.1,5.67,8.48,4.1,true,8.75,8.48,0.58,8.75,8.48,0.58,true,false,true,11.47,8.48,7.59,11.47,8.48,7.59
574,2026-03-13 11:55:00,2026-03-13,11:55:00,6650,6648,6652,continuation_in_zone,true,6648.46,6648.24,6648.79,6641.52,6644.2,,true,1.72,5.93,-0.56,,,,true,8.75,5.93,-0.31,,,,true,8.75,5.93,3.1,,,,,,true,11.47,8.35,-6.7,,,
575,2026-03-13 12:00:00,2026-03-13,12:00:00,6650,6648,6652,from_below,true,6644.2,6644.13,6651.72,6644.07,6649.44,0.56,true,5.67,3.3,4.1,3.3,5.67,-4.1,true,8.75,5.16,-2.37,5.16,8.75,2.37,true,8.75,5.16,0.97,5.16,8.75,-0.97,false,false,true,11.47,8.35,-5.48,8.35,11.47,5.48
576,2026-03-13 12:05:00,2026-03-13,12:05:00,6650,6648,6652,continuation_in_zone,true,6649.44,6649.3,6655.67,6646.7,6654.1,,true,8.75,5.16,-0.31,,,,true,8.75,5.16,0.58,,,,true,11.47,5.16,4.36,,,,,,true,11.47,8.35,-0.66,,,
577,2026-03-13 12:10:00,2026-03-13,12:10:00,6650,6648,6652,from_above,true,6654.1,6654.26,6658.75,6644.84,6649.69,-0.31,true,1.63,4.84,-2.37,1.63,4.84,-2.37,true,5.3,4.84,3.1,5.3,4.84,3.1,true,11.47,4.84,-2.39,11.47,4.84,-2.39,true,true,true,11.47,8.35,6.19,11.47,8.35,6.19
578,2026-03-13 12:15:00,2026-03-13,12:15:00,6650,6648,6652,continuation_in_zone,true,6649.69,6649.8,6651.63,6645.16,6647.63,,true,5.3,3.16,0.58,,,,true,7.57,3.98,0.97,,,,true,11.47,7.78,-0.08,,,,,,true,11.47,8.35,7.4,,,
579,2026-03-13 12:20:00,2026-03-13,12:20:00,6650,6648,6652,from_below,true,6647.63,6647.81,6655.3,6646.84,6650.58,-0.58,true,4.29,3.98,3.1,3.98,4.29,-3.1,true,11.47,3.98,4.36,3.98,11.47,-4.36,true,11.47,7.78,7.59,7.78,11.47,-7.59,false,false,true,11.47,8.35,4.13,8.35,11.47,-4.13
580,2026-03-13 12:25:00,2026-03-13,12:25:00,6650,6648,6652,continuation_in_zone,true,6650.58,6650.96,6654.29,6646.02,6653.1,,true,7.57,0,0.97,,,,true,11.47,2.48,-2.39,,,,true,11.47,8.35,-6.7,,,,,,true,11.47,8.35,3.67,,,
581,2026-03-13 12:30:00,2026-03-13,12:30:00,6650,6648,6652,from_above,true,6653.1,6653.09,6657.57,6650.44,6650.97,0.97,true,11.47,0,4.36,11.47,0,4.36,true,11.47,7.78,-0.08,11.47,7.78,-0.08,true,11.47,8.35,-5.48,11.47,8.35,-5.48,true,true,true,11.47,8.35,0.05,11.47,8.35,0.05
582,2026-03-13 12:35:00,2026-03-13,12:35:00,6650,6648,6652,continuation_in_zone,true,6650.97,6650.88,6661.47,6650.88,6654.36,,true,7.1,2.48,-2.39,,,,true,8.6,7.78,7.59,,,,true,8.69,8.35,-0.66,,,,,,true,10.28,8.35,1.34,,,
583,2026-03-13 12:40:00,2026-03-13,12:40:00,6650,6648,6652,from_above,true,6654.36,6654.32,6657.1,6647.52,6647.61,-2.39,true,0,7.78,-0.08,0,7.78,-0.08,true,8.69,8.35,-6.7,8.69,8.35,-6.7,true,8.69,8.35,6.19,8.69,8.35,6.19,true,false,true,10.28,8.35,-0.54,10.28,8.35,-0.54
584,2026-03-13 12:45:00,2026-03-13,12:45:00,6650,6648,6652,from_below,true,6647.61,6647.61,6649.92,6642.22,6649.92,0.08,true,8.6,0.65,7.59,0.65,8.6,-7.59,true,8.69,8.35,-5.48,8.35,8.69,5.48,true,10.28,8.35,7.4,8.35,10.28,-7.4,false,false,true,10.28,15.14,-14.77,15.14,10.28,14.77
585,2026-03-13 12:50:00,2026-03-13,12:50:00,6650,6648,6652,continuation_in_zone,true,6649.92,6649.88,6658.6,6649.35,6657.59,,true,8.69,8.35,-6.7,,,,true,8.69,8.35,-0.66,,,,true,10.28,8.35,4.13,,,,,,true,10.28,18.65,-13.76,,,
586,2026-03-13 12:55:00,2026-03-13,12:55:00,6650,6648,6652,from_above,true,6657.59,6657.73,6658.69,6641.65,6643.3,-6.7,true,0,6.86,-5.48,0,6.86,-5.48,true,6.19,8.12,6.19,6.19,8.12,6.19,true,10.28,8.12,3.67,10.28,8.12,3.67,true,true,true,10.28,18.65,-13.91,10.28,18.65,-13.91
587,2026-03-13 13:05:00,2026-03-13,13:05:00,6650,6648,6652,from_below,false,6644.52,6644.65,6650.44,6641.88,6649.34,0.66,true,6.19,5.87,6.19,5.87,6.19,-6.19,true,10.28,5.87,4.13,5.87,10.28,-4.13,true,10.28,5.87,1.34,5.87,10.28,-1.34,false,false,true,10.28,18.65,-9.08,18.65,10.28,9.08
588,2026-03-13 13:10:00,2026-03-13,13:10:00,6650,6648,6652,continuation_in_zone,true,6649.34,6649.38,6656.19,6644.13,6656.19,,true,10.28,0,7.4,,,,true,10.28,1.79,3.67,,,,true,10.28,4.83,-0.54,,,,,,true,10.28,18.65,-6.87,,,
589,2026-03-13 13:20:00,2026-03-13,13:20:00,6650,6648,6652,from_above,false,6657.4,6657.38,6657.63,6648.21,6654.13,4.13,true,5.61,0.84,3.67,5.61,0.84,3.67,true,5.61,2.09,1.34,5.61,2.09,1.34,true,5.61,18.65,-13.76,5.61,18.65,-13.76,false,false,true,5.61,18.65,-13.36,5.61,18.65,-13.36
590,2026-03-13 13:25:00,2026-03-13,13:25:00,6650,6648,6652,from_above,true,6654.13,6654.22,6655.61,6649.16,6653.67,3.67,true,4.73,1.98,0.05,4.73,1.98,0.05,true,4.73,4.83,-0.54,4.73,4.83,-0.54,true,4.73,18.65,-13.91,4.73,18.65,-13.91,false,false,true,4.73,18.65,-6.74,4.73,18.65,-6.74
591,2026-03-13 13:30:00,2026-03-13,13:30:00,6650,6648,6652,from_above,true,6653.67,6653.71,6654.73,6648.02,6650.05,0.05,true,2.02,2.09,1.34,2.02,2.09,1.34,true,2.02,15.14,-14.77,2.02,15.14,-14.77,true,2.02,18.65,-8.69,2.02,18.65,-8.69,false,false,true,2.02,18.65,-0.11,2.02,18.65,-0.11
592,2026-03-13 13:35:00,2026-03-13,13:35:00,6650,6648,6652,continuation_in_zone,true,6650.05,6650.03,6652.02,6647.91,6651.34,,true,1.88,4.83,-0.54,,,,true,1.88,18.65,-13.76,,,,true,1.88,18.65,-9.08,,,,,,true,3.54,18.65,1.21,,,
593,2026-03-13 13:40:00,2026-03-13,13:40:00,6650,6648,6652,continuation_in_zone,true,6651.34,6651.24,6651.88,6645.17,6649.46,,true,0.77,15.14,-14.77,,,,true,0.77,18.65,-13.91,,,,true,0.77,18.65,-6.87,,,,,,true,5,18.65,4.65,,,
594,2026-03-13 13:45:00,2026-03-13,13:45:00,6650,6648,6652,continuation_in_zone,true,6649.46,6649.45,6650.77,6634.86,6635.23,,true,0,18.65,-13.76,,,,true,0,18.65,-8.69,,,,true,0,18.65,-10.65,,,,,,true,6.15,18.65,5.79,,,
595,2026-03-13 14:30:00,2026-03-13,14:30:00,6650,6648,6652,from_below,false,6643.26,6643.16,6651.57,6641.28,6649.89,0.11,true,3.54,0.98,1.21,0.98,3.54,-1.21,true,6.15,0.98,5.79,0.98,6.15,-5.79,true,7.37,3.56,-3.47,3.56,7.37,3.47,false,false,true,7.37,18.29,-15.03,18.29,7.37,15.03
596,2026-03-13 14:35:00,2026-03-13,14:35:00,6650,6648,6652,continuation_in_zone,true,6649.89,6649.86,6653.54,6649.02,6651.21,,true,5,0,4.65,,,,true,7.37,0,5.26,,,,true,7.37,7.33,-2.77,,,,,,true,7.37,22.27,-22.04,,,
597,2026-03-13 14:40:00,2026-03-13,14:40:00,6650,6648,6652,continuation_in_zone,true,6651.21,6651.28,6655,6650.1,6654.65,,true,6.15,0,5.79,,,,true,7.37,0,2.12,,,,true,7.37,7.33,-4.78,,,,,,true,7.37,26.08,-23.44,,,
598,2026-03-13 14:55:00,2026-03-13,14:55:00,6650,6648,6652,from_above,false,6655.26,6655.19,6655.19,6650.1,6652.12,2.12,true,2.15,3.56,-3.47,2.15,3.56,-3.47,true,2.15,7.33,-4.78,2.15,7.33,-4.78,true,2.15,18.29,-16.42,2.15,18.29,-16.42,false,false,true,2.15,26.08,-18.13,2.15,26.08,-18.13
599,2026-03-13 15:00:00,2026-03-13,15:00:00,6650,6648,6652,from_above,true,6652.12,6652.15,6652.15,6646.44,6646.53,-3.47,true,0,7.33,-2.77,0,7.33,-2.77,true,0,7.33,-3.9,0,7.33,-3.9,true,0,18.29,-15.03,0,18.29,-15.03,false,false,true,0,26.08,-17.8,0,26.08,-17.8
600,2026-03-13 15:10:00,2026-03-13,15:10:00,6650,6648,6652,from_below,false,6647.23,6647.05,6649.43,6644.6,6645.22,4.78,true,0,5.6,-3.9,5.6,0,3.9,true,0,18.29,-16.42,18.29,0,16.42,true,0,26.08,-23.44,26.08,0,23.44,true,true,false,0,26.08,,26.08,0,
601,2026-03-13 15:15:00,2026-03-13,15:15:00,6650,6648,6652,from_below,true,6645.22,6645.31,6648.71,6644.4,6646.1,3.9,true,0,14.57,-12.43,14.57,0,12.43,true,0,18.29,-15.03,18.29,0,15.03,true,0,26.08,-21.21,26.08,0,21.21,true,true,false,0,26.08,,26.08,0,
602,2026-03-16 09:35:00,2026-03-16,09:35:00,6700,6698,6702,from_below,false,6694.85,6695.09,6699.69,6694.29,6698.18,1.82,true,6,3.93,5.53,3.93,6,-5.53,true,16.19,3.93,7.86,3.93,16.19,-7.86,true,19.51,3.93,17.16,3.93,19.51,-17.16,false,false,true,22.87,6.31,-5.32,6.31,22.87,5.32
603,2026-03-16 09:40:00,2026-03-16,09:40:00,6700,6698,6702,continuation_in_zone,true,6698.18,6698.16,6706,6696.07,6705.53,,true,16.19,0,9.36,,,,true,18.01,0,17.5,,,,true,22.87,0,16.74,,,,,,true,22.87,9.13,-8.54,,,
604,2026-03-16 10:30:00,2026-03-16,10:30:00,6700,6698,6702,from_above,false,6713.13,6712.97,6713.07,6699.39,6699.84,-0.16,true,5.77,6.31,-5.32,5.77,6.31,-5.32,true,5.77,12.09,-9.72,5.77,12.09,-9.72,true,7.85,14.45,0.27,7.85,14.45,0.27,false,false,true,15.3,14.45,13.65,15.3,14.45,13.65
605,2026-03-16 10:35:00,2026-03-16,10:35:00,6700,6698,6702,continuation_in_zone,true,6699.84,6700.09,6705.77,6693.69,6694.68,,true,0,9.13,-8.54,,,,true,1.12,14.45,0.85,,,,true,7.85,14.45,2.04,,,,,,true,15.44,14.45,12.22,,,
606,2026-03-16 10:50:00,2026-03-16,10:50:00,6700,6698,6702,from_below,false,6690.28,6690.26,6701.12,6685.55,6700.85,-0.85,true,7.47,1.16,7.47,1.16,7.47,-7.47,true,7.85,3.98,2.04,3.98,7.85,-2.04,true,12.48,3.98,11.43,3.98,12.48,-11.43,false,false,true,15.44,3.98,3.73,3.98,15.44,-3.73
607,2026-03-16 10:55:00,2026-03-16,10:55:00,6700,6698,6702,continuation_in_zone,true,6700.85,6700.83,6707.47,6698.84,6707.47,,true,7.85,0.66,0.27,,,,true,7.85,3.98,3.87,,,,true,12.48,3.98,9.97,,,,,,true,15.44,5.21,-5.21,,,
608,2026-03-16 11:00:00,2026-03-16,11:00:00,6700,6698,6702,from_above,true,6707.47,6707.62,6707.85,6699.34,6700.27,0.27,true,2.05,3.98,2.04,2.05,3.98,2.04,true,5.69,3.98,5.45,5.69,3.98,5.45,true,15.3,3.98,13.65,15.3,3.98,13.65,true,true,true,15.44,7.6,-7.6,15.44,7.6,-7.6
609,2026-03-16 11:05:00,2026-03-16,11:05:00,6700,6698,6702,continuation_in_zone,true,6700.27,6700.13,6702.05,6696.02,6702.04,,true,4.56,3.42,3.87,,,,true,12.48,3.42,11.43,,,,true,15.44,3.42,12.22,,,,,,true,15.44,8.03,-3.28,,,
610,2026-03-16 11:10:00,2026-03-16,11:10:00,6700,6698,6702,from_above,true,6702.04,6702.21,6704.56,6696.58,6703.87,3.87,true,5.69,1.21,5.45,5.69,1.21,5.45,true,12.48,1.21,9.97,12.48,1.21,9.97,true,15.44,1.21,8.91,15.44,1.21,8.91,true,true,true,15.44,8.03,-1.97,15.44,8.03,-1.97
611,2026-03-16 11:15:00,2026-03-16,11:15:00,6700,6698,6702,from_above,true,6703.87,6703.83,6705.69,6698.79,6705.45,5.45,true,12.48,0,11.43,12.48,0,11.43,true,15.3,0,13.65,15.3,0,13.65,true,15.44,0,10.88,15.44,0,10.88,true,true,true,15.44,8.03,-3.38,15.44,8.03,-3.38
612,2026-03-16 11:50:00,2026-03-16,11:50:00,6700,6698,6702,from_above,false,6710.88,6710.86,6710.86,6700.91,6703.73,3.73,true,5.31,5.21,-5.21,5.31,5.21,-5.21,true,5.31,8.03,-3.28,5.31,8.03,-3.28,true,5.31,16.11,-15.87,5.31,16.11,-15.87,false,false,true,5.31,18.52,-4.81,5.31,18.52,-4.81
613,2026-03-16 11:55:00,2026-03-16,11:55:00,6700,6698,6702,from_above,true,6703.73,6703.78,6705.31,6694.79,6694.79,-5.21,true,0,7.6,-7.6,0,7.6,-7.6,true,0.68,8.03,-1.97,0.68,8.03,-1.97,true,0.68,18.46,-16.07,0.68,18.46,-16.07,false,false,true,0.68,18.52,-6.58,0.68,18.52,-6.58
614,2026-03-16 12:05:00,2026-03-16,12:05:00,6700,6698,6702,from_below,false,6692.4,6692.38,6700.25,6691.97,6696.72,3.28,true,0.68,4.76,-1.97,4.76,0.68,1.97,true,0.68,16.11,-15.87,16.11,0.68,15.87,true,0.68,18.52,-9.17,18.52,0.68,9.17,true,true,true,3.7,18.52,-1.34,18.52,3.7,1.34
615,2026-03-16 12:10:00,2026-03-16,12:10:00,6700,6698,6702,from_below,true,6696.72,6696.78,6700.68,6695.24,6698.03,1.97,true,0,5.72,-3.38,5.72,0,3.38,true,0,18.46,-16.07,18.46,0,16.07,true,0,18.52,-4.11,18.52,0,4.11,true,true,true,5.27,18.52,3.47,18.52,5.27,-3.47
616,2026-03-16 12:15:00,2026-03-16,12:15:00,6700,6698,6702,from_below,true,6698.03,6697.97,6699.65,6694.28,6696.62,3.38,true,0,16.11,-15.87,16.11,0,15.87,true,0,18.52,-15.14,18.52,0,15.14,true,0,18.52,-4.95,18.52,0,4.95,true,true,true,5.27,18.52,2.2,18.52,5.27,-2.2
617,2026-03-16 12:50:00,2026-03-16,12:50:00,6700,6698,6702,from_below,false,6695.05,6694.93,6699.37,6693.72,6695.19,4.81,true,0,7.29,-6.58,7.29,0,6.58,true,3.7,7.29,-1.34,7.29,3.7,1.34,true,6.21,7.29,4.36,7.29,6.21,-4.36,true,false,true,6.24,10.47,-4.41,10.47,6.24,4.41
618,2026-03-16 13:00:00,2026-03-16,13:00:00,6700,6698,6702,from_below,false,6693.42,6693.54,6703.7,6693.52,6696.46,3.54,true,0.77,4.39,-1.34,4.39,0.77,1.34,true,5.27,4.39,2.2,4.39,5.27,-2.2,true,6.24,4.39,0.29,4.39,6.24,-0.29,false,false,true,6.24,10.47,0.73,10.47,6.24,-0.73
619,2026-03-16 13:05:00,2026-03-16,13:05:00,6700,6698,6702,from_below,true,6696.46,6696.57,6700.77,6695.61,6698.66,1.34,true,5.27,1.34,3.47,1.34,5.27,-3.47,true,6.21,1.34,4.36,1.34,6.21,-4.36,true,6.24,1.34,-0.85,1.34,6.24,0.85,false,false,true,6.52,10.47,4.56,10.47,6.52,-4.56
620,2026-03-16 13:10:00,2026-03-16,13:10:00,6700,6698,6702,continuation_in_zone,true,6698.66,6698.7,6705.27,6698.7,6703.47,,true,3.64,1.04,2.2,,,,true,6.24,1.04,1.69,,,,true,6.24,4.03,-3.65,,,,,,true,6.52,10.47,4.07,,,
621,2026-03-16 13:15:00,2026-03-16,13:15:00,6700,6698,6702,from_above,true,6703.47,6703.37,6703.64,6698.96,6702.2,2.2,true,6.21,0,4.36,6.21,0,4.36,true,6.24,1.13,0.29,6.24,1.13,0.29,true,6.24,7.93,-6.52,6.24,7.93,-6.52,false,false,true,9.42,10.47,7.58,9.42,10.47,7.58
622,2026-03-16 13:25:00,2026-03-16,13:25:00,6700,6698,6702,from_above,false,6704.36,6704.39,6706.24,6701.07,6701.69,1.69,true,4.66,1.13,0.29,4.66,1.13,0.29,true,4.66,4.03,-3.65,4.66,4.03,-3.65,true,4.66,10.47,-3.05,4.66,10.47,-3.05,false,false,true,9.85,10.47,7.26,9.85,10.47,7.26
623,2026-03-16 13:30:00,2026-03-16,13:30:00,6700,6698,6702,continuation_in_zone,true,6701.69,6701.65,6704.66,6698.87,6700.29,,true,2.33,1.32,-0.85,,,,true,2.33,7.93,-6.52,,,,true,2.33,10.47,0.73,,,,,,true,9.85,10.47,8.28,,,
624,2026-03-16 13:35:00,2026-03-16,13:35:00,6700,6698,6702,continuation_in_zone,true,6700.29,6700.32,6702.33,6698.68,6699.15,,true,0,4.03,-3.65,,,,true,1.32,10.47,-4.41,,,,true,6.52,10.47,4.56,,,,,,true,10.62,10.47,9.64,,,
625,2026-03-16 13:40:00,2026-03-16,13:40:00,6700,6698,6702,continuation_in_zone,true,6699.15,6699.1,6699.98,6695.97,6696.35,,true,1.32,7.93,-6.52,,,,true,1.32,10.47,-3.05,,,,true,6.52,10.47,4.07,,,,,,true,11.65,10.47,11.58,,,
626,2026-03-16 13:45:00,2026-03-16,13:45:00,6700,6698,6702,from_below,true,6696.35,6696.34,6701.32,6692.07,6693.48,6.52,true,0,10.47,-4.41,10.47,0,4.41,true,0.73,10.47,0.73,10.47,0.73,-0.73,true,9.42,10.47,7.58,10.47,9.42,-7.58,true,true,true,12.47,10.47,10.81,10.47,12.47,-10.81
627,2026-03-16 13:55:00,2026-03-16,13:55:00,6700,6698,6702,from_below,false,6695.59,6695.65,6698.82,6694.43,6696.95,3.05,true,0.73,3.71,0.73,3.71,0.73,-0.73,true,6.52,3.71,4.07,3.71,6.52,-4.07,true,9.85,3.71,7.26,3.71,9.85,-7.26,false,false,true,12.47,3.71,5.65,3.71,12.47,-5.65
628,2026-03-16 14:00:00,2026-03-16,14:00:00,6700,6698,6702,from_below,true,6696.95,6696.93,6700.73,6696.29,6700.73,-0.73,true,6.52,0.11,4.56,0.11,6.52,-4.56,true,9.42,0.11,7.58,0.11,9.42,-7.58,true,9.85,0.11,8.28,0.11,9.85,-8.28,false,false,true,12.47,0.11,4.76,0.11,12.47,-4.76
629,2026-03-16 14:05:00,2026-03-16,14:05:00,6700,6698,6702,continuation_in_zone,true,6700.73,6700.78,6706.52,6699.89,6704.56,,true,6.26,0,4.07,,,,true,9.85,0,8.76,,,,true,10.62,0,9.64,,,,,,true,22.8,0,22.8,,,
630,2026-03-16 15:20:00,2026-03-16,15:20:00,6700,6698,6702,from_above,false,6703.96,6703.94,6706.22,6699.13,6701.14,1.14,true,3.2,3.72,0.98,3.2,3.72,0.98,true,3.2,3.72,-0.84,3.2,3.72,-0.84,true,3.2,6.42,-4.6,3.2,6.42,-4.6,false,false,false,3.2,6.42,,3.2,6.42,
631,2026-03-16 15:25:00,2026-03-16,15:25:00,6700,6698,6702,continuation_in_zone,true,6701.14,6701.33,6703.2,6696.28,6700.98,,true,2.79,1.51,-0.08,,,,true,2.79,6.24,-4.76,,,,true,2.79,6.42,0.18,,,,,,false,2.79,6.42,,,,
632,2026-03-16 15:30:00,2026-03-16,15:30:00,6700,6698,6702,continuation_in_zone,true,6700.98,6701.37,6702.79,6698.49,6699.92,,true,2.74,2.34,-0.84,,,,true,2.74,6.42,-3.36,,,,true,2.74,6.42,-0.63,,,,,,false,2.74,6.42,,,,
633,2026-03-16 15:35:00,2026-03-16,15:35:00,6700,6698,6702,continuation_in_zone,true,6699.92,6699.73,6702.74,6697.66,6699.16,,true,0.22,6.24,-4.76,,,,true,0.22,6.42,-4.6,,,,false,1.1,6.42,,,,,,,false,1.1,6.42,,,,
634,2026-03-16 15:40:00,2026-03-16,15:40:00,6700,6698,6702,continuation_in_zone,true,6699.16,6699.22,6700.22,6693.76,6695.24,,true,0,6.42,-3.36,,,,true,1.1,6.42,0.18,,,,false,1.1,6.42,,,,,,,false,1.1,6.42,,,,
635,2026-03-16 15:50:00,2026-03-16,15:50:00,6700,6698,6702,from_below,false,6696.64,6696.6,6699.17,6693.86,6695.4,4.6,true,1.1,4.9,0.18,4.9,1.1,-0.18,false,1.1,4.9,,4.9,1.1,,false,1.1,4.9,,4.9,1.1,,,,false,1.1,4.9,,4.9,1.1,
636,2026-03-16 15:55:00,2026-03-16,15:55:00,6700,6698,6702,from_below,true,6695.4,6695.1,6701.1,6695.1,6700.18,-0.18,true,0.18,0.64,-0.63,0.64,0.18,0.63,false,0.18,0.64,,0.64,0.18,,false,0.18,0.64,,0.64,0.18,,,,false,0.18,0.64,,0.64,0.18,
637,2026-03-16 16:00:00,2026-03-16,16:00:00,6700,6698,6702,continuation_in_zone,true,6700.18,6699.36,6699.6,6699.36,6699.37,,false,0,0.63,,,,,false,0,0.63,,,,,false,0,0.63,,,,,,,false,0,0.63,,,,
638,2026-03-17 09:40:00,2026-03-17,09:40:00,6750,6748,6752,from_below,false,6747.25,6747.92,6749,6744.69,6745.25,4.75,true,4.3,6.01,2.9,6.01,4.3,-2.9,true,4.3,6.01,-1.39,6.01,4.3,1.39,true,4.3,15.88,-15.77,15.88,4.3,15.77,true,true,true,4.3,24.46,-7.54,24.46,4.3,7.54
639,2026-03-17 09:45:00,2026-03-17,09:45:00,6750,6748,6752,from_below,true,6745.25,6745.18,6754.3,6743.99,6752.9,-2.9,true,2.9,3.44,0.56,3.44,2.9,-0.56,true,2.9,9.94,-8.22,9.94,2.9,8.22,true,2.9,24.46,-15.65,24.46,2.9,15.65,true,true,true,2.9,24.46,-7.31,24.46,2.9,7.31
640,2026-03-17 09:50:00,2026-03-17,09:50:00,6750,6748,6752,from_above,true,6752.9,6752.84,6752.84,6746.56,6750.56,0.56,true,1.07,3.27,-1.39,1.07,3.27,-1.39,true,1.07,9.94,-7.54,1.07,9.94,-7.54,true,1.07,24.46,-15.17,1.07,24.46,-15.17,false,false,true,1.07,24.46,-9.04,1.07,24.46,-9.04
641,2026-03-17 09:55:00,2026-03-17,09:55:00,6750,6748,6752,continuation_in_zone,true,6750.56,6750.59,6751.07,6746.73,6748.61,,true,0,9.94,-8.22,,,,true,0,15.88,-15.77,,,,true,0,24.46,-15.03,,,,,,true,0,24.46,-10.26,,,
642,2026-03-17 10:00:00,2026-03-17,10:00:00,6750,6748,6752,continuation_in_zone,true,6748.61,6748.95,6748.95,6740.06,6741.78,,true,0,8.84,-7.54,,,,true,0,24.46,-15.65,,,,true,0,24.46,-11.17,,,,,,true,0,24.46,-15.52,,,
643,2026-03-18 09:30:00,2026-03-18,09:30:00,6700,6698,6702,from_below,false,6716.08,6691.46,6699.13,6688.97,6696.88,3.12,true,1.83,3.53,0.02,3.53,1.83,-0.02,true,5.18,6.88,0.54,6.88,5.18,-0.54,true,5.18,10.4,-5.73,10.4,5.18,5.73,true,true,true,5.18,32.68,-28.69,32.68,5.18,28.69
644,2026-03-18 09:35:00,2026-03-18,09:35:00,6700,6698,6702,from_below,true,6696.88,6697.49,6701.83,6696.47,6700.02,-0.02,true,4.99,6.88,-3.84,6.88,4.99,3.84,true,5.18,6.88,-3.12,6.88,5.18,3.12,true,5.18,10.4,-0.96,10.4,5.18,0.96,true,true,true,5.18,32.68,-29.21,32.68,5.18,29.21
645,2026-03-18 09:40:00,2026-03-18,09:40:00,6700,6698,6702,continuation_in_zone,true,6700.02,6700.5,6704.99,6693.12,6696.16,,true,5.18,4.45,0.54,,,,true,5.18,6.51,1.74,,,,true,5.18,18.57,-18.57,,,,,,true,5.18,33.17,-31.55,,,
646,2026-03-18 09:45:00,2026-03-18,09:45:00,6700,6698,6702,from_below,true,6696.16,6696.7,6705.18,6695.55,6700.54,-0.54,true,1.93,4.41,-3.12,4.41,1.93,3.12,true,3.13,10.4,-5.73,10.4,3.13,5.73,true,3.13,19.03,-15.2,19.03,3.13,15.2,true,true,true,3.13,33.48,-32.25,33.48,3.13,32.25
647,2026-03-18 09:50:00,2026-03-18,09:50:00,6700,6698,6702,continuation_in_zone,true,6700.54,6700.64,6701.93,6695.59,6696.88,,true,1.74,6.51,1.74,,,,true,3.13,10.4,-0.96,,,,true,3.13,19.03,-17.88,,,,,,true,3.13,33.48,-28.25,,,
648,2026-03-18 09:55:00,2026-03-18,09:55:00,6700,6698,6702,from_below,true,6696.88,6696.71,6701.74,6693.49,6701.74,-1.74,true,3.13,10.4,-5.73,10.4,3.13,5.73,true,3.13,18.57,-18.57,18.57,3.13,18.57,true,3.13,32.68,-30.76,32.68,3.13,30.76,true,true,true,3.13,33.48,-19.99,33.48,3.13,19.99
649,2026-03-18 10:00:00,2026-03-18,10:00:00,6700,6698,6702,from_above,true,6701.74,6702.28,6703.13,6689.6,6694.27,-5.73,true,2.79,8.15,-0.96,2.79,8.15,-0.96,true,2.79,19.03,-15.2,2.79,19.03,-15.2,true,2.79,32.68,-28.69,2.79,32.68,-28.69,false,false,true,2.79,33.48,-19.51,2.79,33.48,-19.51
650,2026-03-18 10:05:00,2026-03-18,10:05:00,6700,6698,6702,from_below,true,6694.27,6694.26,6702.79,6691.85,6699.04,0.96,true,0,18.57,-18.57,18.57,0,18.57,true,0,19.03,-17.88,19.03,0,17.88,true,0,32.68,-29.21,32.68,0,29.21,true,true,true,0,33.48,-10.98,33.48,0,10.98
651,2026-03-18 10:10:00,2026-03-18,10:10:00,6700,6698,6702,continuation_in_zone,true,6699.04,6698.65,6698.65,6681.43,6681.43,,true,0,19.03,-15.2,,,,true,0,32.68,-30.76,,,,true,0,33.17,-31.55,,,,,,true,0,33.48,-15.49,,,
652,2026-03-18 14:50:00,2026-03-18,14:50:00,6650,6648,6652,from_above,false,6655.84,6655.97,6655.97,6644.09,6644.94,-5.06,true,0,6.99,-6.66,0,6.99,-6.66,true,5.78,7.66,3.4,5.78,7.66,3.4,true,5.78,13.45,-13.14,5.78,13.45,-13.14,false,false,true,5.78,24.88,-20.67,5.78,24.88,-20.67
653,2026-03-18 14:55:00,2026-03-18,14:55:00,6650,6648,6652,from_below,true,6644.94,6644.78,6648.2,6643.01,6643.34,6.66,true,2.77,7.66,2.77,7.66,2.77,-2.77,true,5.78,7.66,-1.56,7.66,5.78,1.56,true,5.78,13.84,-11.94,13.84,5.78,11.94,true,true,true,5.78,28.34,-25.63,28.34,5.78,25.63
654,2026-03-18 15:00:00,2026-03-18,15:00:00,6650,6648,6652,from_below,true,6643.34,6643.25,6652.77,6642.34,6652.77,-2.77,true,5.78,0,3.4,0,5.78,-3.4,true,5.78,6.99,-6.99,6.99,5.78,6.99,true,5.78,14.51,-10.16,14.51,5.78,10.16,true,true,true,5.78,28.34,-25.29,28.34,5.78,25.29
655,2026-03-18 15:05:00,2026-03-18,15:05:00,6650,6648,6652,from_above,true,6652.77,6652.92,6655.78,6650.41,6653.4,3.4,true,3.5,3.98,-1.56,3.5,3.98,-1.56,true,3.5,13.45,-13.14,3.5,13.45,-13.14,true,3.5,16.8,-15.77,3.5,16.8,-15.77,false,false,false,3.5,28.34,,3.5,28.34,
656,2026-03-18 15:10:00,2026-03-18,15:10:00,6650,6648,6652,from_above,true,6653.4,6653.5,6653.5,6646.02,6648.44,-1.56,true,0,6.99,-6.99,0,6.99,-6.99,true,0,13.84,-11.94,0,13.84,-11.94,true,0,23.1,-21.13,0,23.1,-21.13,false,false,false,0,28.34,,0,28.34,
657,2026-03-18 15:15:00,2026-03-18,15:15:00,6650,6648,6652,continuation_in_zone,true,6648.44,6648.45,6649.1,6643.01,6643.01,,true,0,13.45,-13.14,,,,true,0,14.51,-10.16,,,,true,0,24.88,-22.67,,,,,,false,0,28.34,,,,
658,2026-03-19 10:00:00,2026-03-19,10:00:00,6600,6598,6602,from_below,false,6593.61,6594.15,6598.94,6590.75,6590.81,9.19,true,0,10.74,-10.14,10.74,0,10.14,true,2.72,18.8,-15.56,18.8,2.72,15.56,true,2.72,30.65,-7.23,30.65,2.72,7.23,true,true,true,2.72,30.65,-6.85,30.65,2.72,6.85
659,2026-03-19 10:10:00,2026-03-19,10:10:00,6600,6598,6602,from_below,false,6589.86,6590.53,6602.72,6588.59,6589.96,10.04,true,0,18.8,-15.56,18.8,0,15.56,true,0,30.65,-28.37,30.65,0,28.37,true,0,30.65,-16.74,30.65,0,16.74,true,true,true,4.93,30.65,1.47,30.65,4.93,-1.47
660,2026-03-19 10:35:00,2026-03-19,10:35:00,6600,6598,6602,from_below,false,6592.77,6592.68,6598.01,6579.92,6582.47,17.53,true,0,18.42,-16.74,18.42,0,16.74,true,0,20.05,-14.46,20.05,0,14.46,true,4.93,20.05,-3.23,20.05,4.93,3.23,true,true,true,4.93,27.85,-24.32,27.85,4.93,24.32
661,2026-03-19 11:05:00,2026-03-19,11:05:00,6600,6598,6602,from_below,false,6593.15,6593.39,6604.93,6592.42,6596.77,3.23,true,1.77,4.57,1.47,4.57,1.77,-1.47,true,4.41,16.64,-16.44,16.64,4.41,16.44,true,4.41,27.85,-24.32,27.85,4.41,24.32,true,true,true,4.41,29.26,-6.81,29.26,4.41,6.81
662,2026-03-19 11:10:00,2026-03-19,11:10:00,6600,6598,6602,from_below,true,6596.77,6596.65,6601.77,6595.43,6601.47,-1.47,true,4.41,10.74,-10.5,10.74,4.41,10.5,true,4.41,19.21,-14.12,19.21,4.41,14.12,true,4.41,27.85,-26.11,27.85,4.41,26.11,true,true,true,4.41,29.26,-14.12,29.26,4.41,14.12
663,2026-03-19 11:15:00,2026-03-19,11:15:00,6600,6598,6602,continuation_in_zone,true,6601.47,6601.81,6604.41,6589.26,6589.5,,true,0,16.64,-16.44,,,,true,0,23.73,-23.73,,,,true,0,29.26,-21.45,,,,,,true,0,29.26,-15.74,,,
664,2026-03-19 12:05:00,2026-03-19,12:05:00,6600,6598,6602,from_below,false,6591.66,6591.77,6598.18,6590.83,6593.19,6.81,true,0,14.9,-14.12,14.9,0,14.12,true,0,19.81,-16.66,19.81,0,16.66,true,0,19.81,-11.68,19.81,0,11.68,true,true,true,0,34.48,-33.61,34.48,0,33.61
665,2026-03-19 15:00:00,2026-03-19,15:00:00,6600,6598,6602,from_below,false,6592.54,6592.82,6614.46,6592.63,6611.93,-11.93,true,36.74,0,26.8,0,36.74,-26.8,true,36.74,0,27.72,0,36.74,-27.72,true,36.74,0,8.47,0,36.74,-8.47,false,false,true,36.74,0.67,6.48,0.67,36.74,-6.48
666,2026-03-19 15:35:00,2026-03-19,15:35:00,6600,6598,6602,from_above,false,6608.47,6608.14,6611.57,6599.33,6611.57,11.57,true,14.14,0,11.06,14.14,0,11.06,true,14.14,0,5.6,14.14,0,5.6,false,14.14,0,,14.14,0,,,,false,14.14,0,,14.14,0,
667,2026-03-20 10:10:00,2026-03-20,10:10:00,6550,6548,6552,from_above,false,6555.35,6555.11,6558.6,6540.82,6542.91,-7.09,true,1.03,7.89,-2.11,1.03,7.89,-2.11,true,1.03,8.26,-4.51,1.03,8.26,-4.51,true,10.73,8.26,0.75,10.73,8.26,0.75,true,true,true,10.73,11.55,7.17,10.73,11.55,7.17
668,2026-03-20 10:15:00,2026-03-20,10:15:00,6550,6548,6552,from_below,true,6542.91,6543.06,6551.03,6542.11,6547.89,2.11,true,0,8.26,-2.58,8.26,0,2.58,true,8.15,8.26,8.15,8.26,8.15,-8.15,true,10.73,8.26,3.89,8.26,10.73,-3.89,false,false,true,10.73,11.55,-2.08,11.55,10.73,2.08
669,2026-03-20 10:20:00,2026-03-20,10:20:00,6550,6548,6552,from_below,true,6547.89,6547.94,6549.27,6541.74,6547.42,2.58,true,0,7.24,-4.51,7.24,0,4.51,true,10.73,7.24,2.41,7.24,10.73,-2.41,true,10.73,11.55,-11.01,11.55,10.73,11.01,true,true,true,15.08,11.55,1.5,11.55,15.08,-1.5
670,2026-03-20 10:25:00,2026-03-20,10:25:00,6550,6548,6552,from_below,true,6547.42,6547.2,6548.27,6542.76,6545.49,4.51,true,8.15,4.75,8.15,4.75,8.15,-8.15,true,10.73,4.75,0.75,4.75,10.73,-0.75,true,10.73,11.55,-2.2,11.55,10.73,2.2,true,true,true,15.08,11.55,-4.19,11.55,15.08,4.19
671,2026-03-20 10:30:00,2026-03-20,10:30:00,6550,6548,6552,from_below,true,6545.49,6545.25,6558.15,6545.25,6558.15,-8.15,true,10.73,3.27,2.41,3.27,10.73,-2.41,true,10.73,3.27,3.89,3.27,10.73,-3.89,true,10.73,11.55,-3.71,11.55,10.73,3.71,true,true,true,15.08,11.55,1.61,11.55,15.08,-1.61
672,2026-03-20 10:35:00,2026-03-20,10:35:00,6550,6548,6552,from_above,true,6558.15,6558.25,6560.73,6546.73,6552.41,2.41,true,3.96,0.66,0.75,3.96,0.66,0.75,true,4.61,11.55,-11.01,4.61,11.55,-11.01,true,6.3,11.55,-1.24,6.3,11.55,-1.24,false,false,true,15.08,11.55,0.15,15.08,11.55,0.15
673,2026-03-20 10:40:00,2026-03-20,10:40:00,6550,6548,6552,from_above,true,6552.41,6552.18,6553.96,6549.34,6550.75,0.75,true,4.34,0.97,3.89,4.34,0.97,3.89,true,4.61,11.55,-2.2,4.61,11.55,-2.2,true,7.95,11.55,7.17,7.95,11.55,7.17,false,false,true,15.08,11.55,2.09,15.08,11.55,2.09
674,2026-03-20 10:45:00,2026-03-20,10:45:00,6550,6548,6552,continuation_in_zone,true,6550.75,6550.62,6554.34,6549.03,6553.89,,true,4.61,11.55,-11.01,,,,true,6.3,11.55,-3.71,,,,true,7.95,11.55,-2.08,,,,,,true,15.08,11.55,1.55,,,
675,2026-03-20 10:50:00,2026-03-20,10:50:00,6550,6548,6552,from_above,true,6553.89,6554.02,6554.61,6538.45,6538.99,-11.01,true,2.33,11.01,-2.2,2.33,11.01,-2.2,true,6.3,11.01,-1.24,6.3,11.01,-1.24,true,15.08,11.01,1.5,15.08,11.01,1.5,true,true,true,15.08,11.01,5.07,15.08,11.01,5.07
676,2026-03-20 10:55:00,2026-03-20,10:55:00,6550,6548,6552,from_below,true,6538.99,6539.11,6552.33,6539.11,6547.8,2.2,true,6.3,6.41,-3.71,6.41,6.3,3.71,true,7.95,6.41,7.17,6.41,7.95,-7.17,true,15.08,8.07,-4.19,8.07,15.08,4.19,false,false,true,15.08,8.07,5.88,8.07,15.08,-5.88
677,2026-03-20 11:00:00,2026-03-20,11:00:00,6550,6548,6552,from_below,true,6547.8,6547.52,6556.3,6543.59,6546.29,3.71,true,0.86,6.35,-1.24,6.35,0.86,1.24,true,7.95,6.35,-2.08,6.35,7.95,2.08,true,15.08,8.07,1.61,8.07,15.08,-1.61,false,false,true,15.08,8.07,12.69,8.07,15.08,-12.69
678,2026-03-20 11:05:00,2026-03-20,11:05:00,6550,6548,6552,from_below,true,6546.29,6546.62,6550.86,6543.65,6548.76,1.24,true,7.95,1.73,7.17,1.73,7.95,-7.17,true,15.08,4.43,1.5,4.43,15.08,-1.5,true,15.08,8.07,0.15,8.07,15.08,-0.15,false,false,true,15.08,8.07,8.11,8.07,15.08,-8.11
679,2026-03-20 11:10:00,2026-03-20,11:10:00,6550,6548,6552,continuation_in_zone,true,6548.76,6548.72,6557.95,6548.27,6557.17,,true,7.73,2.43,-2.08,,,,true,15.08,8.07,-4.19,,,,true,15.08,8.07,2.09,,,,,,true,15.08,8.07,9.9,,,
680,2026-03-20 11:15:00,2026-03-20,11:15:00,6550,6548,6552,from_above,true,6557.17,6557.41,6557.73,6547.57,6547.92,-2.08,true,15.08,4.43,1.5,15.08,4.43,1.5,true,15.08,8.07,1.61,15.08,8.07,1.61,true,15.08,8.07,1.55,15.08,8.07,1.55,true,true,true,15.08,8.07,14.04,15.08,8.07,14.04
681,2026-03-20 11:20:00,2026-03-20,11:20:00,6550,6548,6552,from_below,true,6547.92,6547.76,6565.08,6545.57,6551.5,-1.5,true,2.33,8.07,-4.19,8.07,2.33,4.19,true,3.98,8.07,0.15,8.07,3.98,-0.15,true,5.12,8.07,5.07,8.07,5.12,-5.07,true,false,true,15.59,8.07,12.49,8.07,15.59,-12.49
682,2026-03-20 11:25:00,2026-03-20,11:25:00,6550,6548,6552,continuation_in_zone,true,6551.5,6551.23,6552.33,6541.93,6545.81,,true,3.18,5.66,1.61,,,,true,3.98,5.66,2.09,,,,true,7.8,5.66,5.88,,,,,,true,15.59,5.66,7.27,,,
683,2026-03-20 11:30:00,2026-03-20,11:30:00,6550,6548,6552,from_below,true,6545.81,6545.84,6553.18,6544.34,6551.61,-1.61,true,3.98,2.89,0.15,2.89,3.98,-0.15,true,3.98,2.89,1.55,2.89,3.98,-1.55,true,14.26,2.89,12.69,2.89,14.26,-12.69,false,false,true,15.59,3.7,2.19,3.7,15.59,-2.19
684,2026-03-20 11:35:00,2026-03-20,11:35:00,6550,6548,6552,continuation_in_zone,true,6551.61,6551.92,6553.98,6547.11,6550.15,,true,3.96,2.76,2.09,,,,true,5.12,2.86,5.07,,,,true,14.26,2.86,8.11,,,,,,true,15.59,3.7,0.66,,,
685,2026-03-20 11:40:00,2026-03-20,11:40:00,6550,6548,6552,continuation_in_zone,true,6550.15,6549.76,6553.96,6547.24,6552.09,,true,3.15,2.86,1.55,,,,true,7.8,2.86,5.88,,,,true,14.26,2.86,9.9,,,,,,true,15.59,3.7,1.39,,,
686,2026-03-20 11:45:00,2026-03-20,11:45:00,6550,6548,6552,from_above,true,6552.09,6552.31,6553.15,6547.14,6551.55,1.55,true,5.12,2.68,5.07,5.12,2.68,5.07,true,14.26,2.68,12.69,14.26,2.68,12.69,true,14.26,2.68,14.04,14.26,2.68,14.04,true,true,true,15.59,3.7,0.17,15.59,3.7,0.17
687,2026-03-20 11:50:00,2026-03-20,11:50:00,6550,6548,6552,continuation_in_zone,true,6551.55,6551.41,6555.12,6547.32,6555.07,,true,7.8,0,5.88,,,,true,14.26,0,8.11,,,,true,15.59,0,12.49,,,,,,true,15.59,4.05,1.6,,,
688,2026-03-20 12:30:00,2026-03-20,12:30:00,6550,6548,6552,from_above,false,6557.27,6557.07,6557.19,6546.3,6552.19,2.19,true,4.06,1.88,0.66,4.06,1.88,0.66,true,4.06,3.07,0.17,4.06,3.07,0.17,true,9.12,4.05,7.5,9.12,4.05,7.5,true,false,true,9.12,10.3,-9.42,9.12,10.3,-9.42
689,2026-03-20 12:35:00,2026-03-20,12:35:00,6550,6548,6552,from_above,true,6552.19,6552.14,6554.06,6548.12,6550.66,0.66,true,3.46,0.32,1.39,3.46,0.32,1.39,true,3.46,4.05,1.6,3.46,4.05,1.6,true,9.12,5.27,4.43,9.12,5.27,4.43,true,false,true,9.12,16.94,-9.52,9.12,16.94,-9.52
690,2026-03-20 12:40:00,2026-03-20,12:40:00,6550,6548,6552,continuation_in_zone,true,6550.66,6550.52,6553.46,6549.68,6551.39,,true,1.92,3.07,0.17,,,,true,9.12,4.05,3.56,,,,true,9.12,5.27,-0.36,,,,,,true,9.12,16.94,-13.16,,,
691,2026-03-20 12:45:00,2026-03-20,12:45:00,6550,6548,6552,continuation_in_zone,true,6551.39,6551.43,6551.92,6546.93,6550.17,,true,2.59,4.05,1.6,,,,true,9.12,4.05,7.5,,,,true,9.12,5.27,-1.95,,,,,,true,9.12,17.75,-15.92,,,
692,2026-03-20 12:50:00,2026-03-20,12:50:00,6550,6548,6552,continuation_in_zone,true,6550.17,6550.12,6552.59,6545.95,6551.6,,true,9.12,0,3.56,,,,true,9.12,5.27,4.43,,,,true,9.12,5.27,-0.06,,,,,,true,9.12,17.75,-10.79,,,
693,2026-03-20 12:55:00,2026-03-20,12:55:00,6550,6548,6552,continuation_in_zone,true,6551.6,6551.63,6559.12,6551.34,6553.56,,true,7.67,0,7.5,,,,true,7.96,5.27,-0.36,,,,true,7.96,5.27,-2.39,,,,,,true,7.96,17.75,-9.67,,,
694,2026-03-20 13:05:00,2026-03-20,13:05:00,6550,6548,6552,from_above,false,6557.5,6557.36,6557.96,6544.73,6554.43,4.43,true,6.27,0.81,-0.36,6.27,0.81,-0.36,true,6.27,3.06,-0.06,6.27,3.06,-0.06,true,6.27,16.94,-9.52,6.27,16.94,-9.52,false,false,true,6.27,17.86,-15.18,6.27,17.86,-15.18
695,2026-03-20 13:10:00,2026-03-20,13:10:00,6550,6548,6552,from_above,true,6554.43,6554.42,6556.27,6549.19,6549.64,-0.36,true,1.47,3.06,-1.95,1.47,3.06,-1.95,true,2.85,3.71,-2.39,2.85,3.71,-2.39,true,2.85,16.94,-13.16,2.85,16.94,-13.16,false,false,true,2.85,20.07,-18.05,2.85,20.07,-18.05
696,2026-03-20 13:15:00,2026-03-20,13:15:00,6550,6548,6552,continuation_in_zone,true,6549.64,6549.62,6551.47,6546.94,6548.05,,true,2.85,2.76,-0.06,,,,true,2.85,10.3,-9.42,,,,true,2.85,17.75,-15.92,,,,,,true,2.85,22.22,-20.04,,,
697,2026-03-20 13:20:00,2026-03-20,13:20:00,6550,6548,6552,continuation_in_zone,true,6548.05,6548.06,6552.85,6547.24,6549.94,,true,0.24,3.71,-2.39,,,,true,0.24,16.94,-9.52,,,,true,0.24,17.75,-10.79,,,,,,true,0.24,36.53,-34.97,,,
698,2026-03-20 13:25:00,2026-03-20,13:25:00,6550,6548,6552,continuation_in_zone,true,6549.94,6549.89,6550.24,6546.29,6547.61,,true,0,10.3,-9.42,,,,true,0,16.94,-13.16,,,,true,0,17.75,-9.67,,,,,,true,0,36.53,-30.13,,,
699,2026-03-20 13:30:00,2026-03-20,13:30:00,6550,6548,6552,from_below,true,6547.61,6547.62,6548.87,6539.7,6540.58,9.42,true,0,16.94,-9.52,16.94,0,9.52,true,0,17.75,-15.92,17.75,0,15.92,true,0,17.75,-15.69,17.75,0,15.69,true,true,true,0,36.53,-34.25,36.53,0,34.25
700,2026-03-20 15:10:00,2026-03-20,15:10:00,6500,6498,6502,from_above,false,6505.26,6505.22,6505.39,6499.32,6503.61,3.61,true,5.68,0,5.68,5.68,0,5.68,true,5.73,5.97,-3.33,5.73,5.97,-3.33,true,5.73,26.48,-5.33,5.73,26.48,-5.33,false,false,false,8.86,26.48,,8.86,26.48,
701,2026-03-20 15:15:00,2026-03-20,15:15:00,6500,6498,6502,from_above,true,6503.61,6503.44,6505.68,6501.82,6505.68,5.68,true,5.73,5.77,-5.42,5.73,5.77,-5.42,true,5.73,12.89,-12.55,5.73,12.89,-12.55,true,5.73,26.48,-14.43,5.73,26.48,-14.43,false,false,false,8.86,26.48,,8.86,26.48,
702,2026-03-20 15:20:00,2026-03-20,15:20:00,6500,6498,6502,from_above,true,6505.68,6505.73,6505.73,6494.23,6494.58,-5.42,true,0,5.97,-3.33,0,5.97,-3.33,true,0,26.48,-19.3,0,26.48,-19.3,true,4.72,26.48,4.51,4.72,26.48,4.51,false,false,false,8.86,26.48,,8.86,26.48,
703,2026-03-20 15:25:00,2026-03-20,15:25:00,6500,6498,6502,from_below,true,6494.58,6494.77,6498.35,6494.03,6496.67,3.33,true,0,12.89,-12.55,12.89,0,12.55,true,0,26.48,-5.33,26.48,0,5.33,true,8.86,26.48,6.39,26.48,8.86,-6.39,true,true,false,8.86,26.48,,26.48,8.86,
704,2026-03-20 15:30:00,2026-03-20,15:30:00,6500,6498,6502,from_below,true,6496.67,6496.72,6499.16,6487.11,6487.45,12.55,true,0,26.48,-19.3,26.48,0,19.3,true,0,26.48,-14.43,26.48,0,14.43,true,8.86,26.48,6.49,26.48,8.86,-6.49,true,true,false,8.86,26.48,,26.48,8.86,
705,2026-03-20 15:50:00,2026-03-20,15:50:00,6500,6498,6502,from_below,false,6485.57,6485.74,6504.72,6485.02,6504.51,-4.51,true,8.86,0,6.39,0,8.86,-6.39,false,8.86,0,,0,8.86,,false,8.86,0,,0,8.86,,,,false,8.86,0,,0,8.86,
706,2026-03-23 09:30:00,2026-03-23,09:30:00,6600,6598,6602,from_above,false,6506.49,6602.39,6603.58,6590.89,6592.16,-7.84,true,6.47,12.06,6.47,6.47,12.06,6.47,true,19.52,12.06,14.47,19.52,12.06,14.47,true,32.76,12.06,18.6,32.76,12.06,18.6,true,true,true,48.28,12.06,34.18,48.28,12.06,34.18
707,2026-03-23 09:35:00,2026-03-23,09:35:00,6600,6598,6602,from_below,true,6592.16,6592.6,6606.47,6587.94,6606.47,-6.47,true,19.52,3.79,6.54,3.79,19.52,-6.54,true,26.25,3.79,22.69,3.79,26.25,-22.69,true,32.76,3.79,22.25,3.79,32.76,-22.25,false,false,true,48.28,3.79,30.73,3.79,48.28,-30.73
708,2026-03-23 09:40:00,2026-03-23,09:40:00,6600,6598,6602,from_above,true,6606.47,6607.33,6619.52,6596.21,6606.54,6.54,true,14.68,0,14.47,14.68,0,14.47,true,27.58,0,27.58,27.58,0,27.58,true,32.76,0,27.14,32.76,0,27.14,true,true,true,48.28,0,29.76,48.28,0,29.76
709,2026-03-23 09:45:00,2026-03-23,09:45:00,6600,6598,6602,from_above,true,6606.54,6606.32,6614.68,6600.58,6614.47,14.47,true,26.25,0,22.69,26.25,0,22.69,true,32.76,0,18.6,32.76,0,18.6,true,37.21,0,37.19,37.21,0,37.19,true,true,true,48.28,0,38.71,48.28,0,38.71
710,2026-03-23 10:20:00,2026-03-23,10:20:00,6650,6648,6652,from_below,false,6637.19,6637.41,6648.28,6634.39,6644.99,5.01,true,0,17.74,-13.94,17.74,0,13.94,true,0,21.79,-19.27,21.79,0,19.27,true,0,23.93,-15.95,23.93,0,15.95,true,true,true,1.62,23.93,-3.82,23.93,1.62,3.82
711,2026-03-23 11:00:00,2026-03-23,11:00:00,6650,6648,6652,from_below,false,6636.41,6636.53,6651.62,6634.59,6649.99,0.01,true,0.67,4.27,-1.29,4.27,0.67,1.29,true,1.26,9.77,-9.54,9.77,1.26,9.54,true,1.26,18.67,-17.66,18.67,1.26,17.66,true,true,true,1.26,65.64,-59.49,65.64,1.26,59.49
712,2026-03-23 11:05:00,2026-03-23,11:05:00,6650,6648,6652,continuation_in_zone,true,6649.99,6649.93,6650.67,6645.73,6648.71,,true,1.26,5.73,-3.92,,,,true,1.26,15.3,-3.82,,,,true,1.26,31.17,-30.7,,,,,,true,1.26,65.64,-53.96,,,
713,2026-03-23 11:10:00,2026-03-23,11:10:00,6650,6648,6652,continuation_in_zone,true,6648.71,6648.83,6651.26,6644.27,6646.08,,true,0,9.77,-9.54,,,,true,0,16.19,-14.85,,,,true,0,35.65,-31.12,,,,,,true,0,65.64,-53.27,,,
714,2026-03-23 11:50:00,2026-03-23,11:50:00,6600,6598,6602,from_above,false,6612.72,6612.82,6614.92,6599.05,6599.4,-0.6,true,0,15.64,-14.32,0,15.64,-14.32,true,0,15.64,-3.96,0,15.64,-3.96,true,1.1,19.37,-17.27,1.1,19.37,-17.27,false,false,true,1.1,34.45,-16.2,1.1,34.45,-16.2
715,2026-03-23 11:55:00,2026-03-23,11:55:00,6600,6598,6602,continuation_in_zone,true,6599.4,6599.04,6599.04,6584.36,6585.68,,true,0,14.77,-9.49,,,,true,1.1,14.77,-3.27,,,,true,1.1,34.45,-33.49,,,,,,true,1.1,34.45,-18.5,,,
716,2026-03-23 12:05:00,2026-03-23,12:05:00,6600,6598,6602,from_below,false,6590.51,6590.55,6599.32,6588.04,6596.04,3.96,true,1.1,7.56,-3.27,7.56,1.1,3.27,true,1.1,19.37,-17.27,19.37,1.1,17.27,true,1.1,34.45,-19.4,34.45,1.1,19.4,true,true,true,1.1,34.45,-13.2,34.45,1.1,13.2
717,2026-03-23 12:10:00,2026-03-23,12:10:00,6600,6598,6602,from_below,true,6596.04,6595.75,6601.1,6592.44,6596.73,3.27,true,0,14.79,-13.68,14.79,0,13.68,true,0,34.45,-33.49,34.45,0,33.49,true,0,34.45,-13.7,34.45,0,13.7,true,true,true,0,34.45,-20.21,34.45,0,20.21
718,2026-03-23 13:35:00,2026-03-23,13:35:00,6600,6598,6602,from_below,false,6596.87,6596.95,6607.45,6596.95,6603.81,-3.81,true,3.94,8.44,-5.68,8.44,3.94,5.68,true,3.94,10.15,0.23,10.15,3.94,-0.23,true,8.24,10.15,-0.04,10.15,8.24,0.04,true,true,true,21.91,10.15,15.49,10.15,21.91,-15.49
719,2026-03-23 13:40:00,2026-03-23,13:40:00,6600,6598,6602,from_above,true,6603.81,6603.94,6603.94,6591.56,6594.32,-5.68,true,0,10.15,-6.6,0,10.15,-6.6,true,7.38,10.15,6.96,7.38,10.15,6.96,true,8.24,10.15,3.3,8.24,10.15,3.3,false,false,true,21.91,10.15,13.59,21.91,10.15,13.59
720,2026-03-23 13:50:00,2026-03-23,13:50:00,6600,6598,6602,from_below,false,6593.4,6593.52,6600.23,6592.54,6600.23,-0.23,true,7.38,1.73,6.96,1.73,7.38,-6.96,true,8.24,7.78,-0.04,7.78,8.24,0.04,true,8.24,7.78,1.34,7.78,8.24,-1.34,false,false,true,21.91,7.78,14.41,7.78,21.91,-14.41
721,2026-03-23 13:55:00,2026-03-23,13:55:00,6600,6598,6602,continuation_in_zone,true,6600.23,6600.27,6607.38,6598.27,6606.96,,true,8.24,0,7.12,,,,true,8.24,7.78,3.3,,,,true,8.24,7.78,0.02,,,,,,true,21.91,7.78,15.59,,,
722,2026-03-23 14:05:00,2026-03-23,14:05:00,6600,6598,6602,from_above,false,6607.12,6607.21,6607.56,6592.22,6599.96,-0.04,true,6,0.04,3.3,6,0.04,3.3,true,6,2.29,1.34,6,2.29,1.34,true,21.91,2.29,15.49,21.91,2.29,15.49,true,true,true,21.91,2.29,13.38,21.91,2.29,13.38
723,2026-03-23 14:10:00,2026-03-23,14:10:00,6600,6598,6602,continuation_in_zone,true,6599.96,6600.22,6606,6600.22,6603.3,,true,3.67,2.29,0.5,,,,true,4.21,2.29,0.02,,,,true,21.91,2.29,13.59,,,,,,true,21.91,2.29,7.42,,,
724,2026-03-23 14:15:00,2026-03-23,14:15:00,6600,6598,6602,from_above,true,6603.3,6602.57,6603.67,6597.71,6600.5,0.5,true,1.36,1.65,1.34,1.36,1.65,1.34,true,14.68,1.65,14.38,14.68,1.65,14.38,true,21.91,1.65,17.47,21.91,1.65,17.47,true,true,true,21.91,1.65,4.41,21.91,1.65,4.41
725,2026-03-23 14:20:00,2026-03-23,14:20:00,6600,6598,6602,continuation_in_zone,true,6600.5,6600.61,6601.36,6598.35,6601.34,,true,4.21,0.61,0.02,,,,true,21.91,0.61,15.49,,,,true,21.91,0.61,14.41,,,,,,true,21.91,0.61,1.5,,,
726,2026-03-23 14:25:00,2026-03-23,14:25:00,6600,6598,6602,continuation_in_zone,true,6601.34,6601.43,6604.21,6599.39,6600.02,,true,14.68,0,14.38,,,,true,21.91,0,13.59,,,,true,21.91,0,15.59,,,,,,true,21.91,3.09,-0.57,,,
727,2026-03-23 14:30:00,2026-03-23,14:30:00,6600,6598,6602,continuation_in_zone,true,6600.02,6600.17,6614.68,6600.17,6614.38,,true,21.91,0,15.49,,,,true,21.91,0,17.47,,,,true,21.91,0,11.84,,,,,,true,21.91,3.09,-0.88,,,
728,2026-03-23 15:15:00,2026-03-23,15:15:00,6600,6598,6602,from_above,false,6607.42,6607.4,6608.63,6601.84,6604.41,4.41,true,4.95,0.03,1.5,4.95,0.03,1.5,true,4.95,3.09,-0.88,4.95,3.09,-0.88,true,8.64,3.09,3.65,8.64,3.09,3.65,true,false,false,8.64,19.74,,8.64,19.74,
729,2026-03-23 15:20:00,2026-03-23,15:20:00,6600,6598,6602,from_above,true,6604.41,6604.48,6604.95,6599.97,6601.5,1.5,true,2.7,3.09,-0.57,2.7,3.09,-0.57,true,2.91,3.09,1.79,2.91,3.09,1.79,true,8.64,7.43,-7.23,8.64,7.43,-7.23,true,false,false,8.64,19.74,,8.64,19.74,
730,2026-03-23 15:25:00,2026-03-23,15:25:00,6600,6598,6602,continuation_in_zone,true,6601.5,6601.46,6602.7,6596.91,6599.43,,true,1.53,1.75,-0.88,,,,true,4.59,2.38,4.59,,,,true,8.64,19.68,-18.25,,,,,,false,8.64,19.74,,,,
731,2026-03-23 15:30:00,2026-03-23,15:30:00,6600,6598,6602,continuation_in_zone,true,6599.43,6599.43,6601.53,6598.25,6599.12,,true,2.91,2.38,1.79,,,,true,8.64,2.38,3.65,,,,true,8.64,19.74,-19.01,,,,,,false,8.64,19.74,,,,
732,2026-03-23 15:35:00,2026-03-23,15:35:00,6600,6598,6602,continuation_in_zone,true,6599.12,6599.15,6602.91,6597.62,6601.79,,true,4.59,0.32,4.59,,,,true,8.64,7.43,-7.23,,,,false,8.64,19.74,,,,,,,false,8.64,19.74,,,,
733,2026-03-23 15:40:00,2026-03-23,15:40:00,6600,6598,6602,continuation_in_zone,true,6601.79,6601.66,6604.59,6599.68,6604.59,,true,8.64,0,3.65,,,,true,8.64,19.68,-18.25,,,,false,8.64,19.74,,,,,,,false,8.64,19.74,,,,
734,2026-03-23 15:45:00,2026-03-23,15:45:00,6600,6598,6602,from_above,true,6604.59,6604.62,6608.64,6600.95,6603.65,3.65,true,3.73,7.43,-7.23,3.73,7.43,-7.23,true,3.73,19.74,-19.01,3.73,19.74,-19.01,false,3.73,19.74,,3.73,19.74,,,,false,3.73,19.74,,3.73,19.74,
735,2026-03-23 15:50:00,2026-03-23,15:50:00,6600,6598,6602,from_above,true,6603.65,6603.73,6603.73,6592.57,6592.77,-7.23,true,0,19.68,-18.25,0,19.68,-18.25,false,0,19.74,,0,19.74,,false,0,19.74,,0,19.74,,,,false,0,19.74,,0,19.74,
736,2026-03-24 09:30:00,2026-03-24,09:30:00,6550,6548,6552,from_below,false,6580.99,6540.45,6553.39,6534.26,6553.23,-3.23,true,5.06,12.25,-11.37,12.25,5.06,11.37,true,5.06,24.48,-22.56,24.48,5.06,22.56,true,5.06,24.89,-1.51,24.89,5.06,1.51,true,true,true,10.95,24.89,8.78,24.89,10.95,-8.78
737,2026-03-24 09:35:00,2026-03-24,09:35:00,6550,6548,6552,from_above,true,6553.23,6553.33,6555.06,6537.75,6538.63,-11.37,true,0,24.48,-16.62,0,24.48,-16.62,true,0,24.89,-20.68,0,24.89,-20.68,true,9.99,24.89,9.16,9.99,24.89,9.16,false,false,true,10.95,24.89,3.56,10.95,24.89,3.56
738,2026-03-24 10:00:00,2026-03-24,10:00:00,6550,6548,6552,from_below,false,6540.38,6540.51,6548.56,6538.55,6548.49,1.51,true,9.99,7.83,9.16,7.83,9.99,-9.16,true,10.95,8.54,1.07,8.54,10.95,-1.07,true,10.95,8.54,8.78,8.54,10.95,-8.78,false,false,true,32.61,8.54,25.51,8.54,32.61,-25.51
739,2026-03-24 10:05:00,2026-03-24,10:05:00,6550,6548,6552,continuation_in_zone,true,6548.49,6548.65,6559.99,6542.17,6559.16,,true,10.95,8.54,1.41,,,,true,10.95,8.54,-0.85,,,,true,10.95,8.54,3.56,,,,,,true,32.61,8.54,24.96,,,
740,2026-03-24 10:10:00,2026-03-24,10:10:00,6550,6548,6552,from_above,true,6559.16,6559.24,6560.95,6541.46,6551.41,1.41,true,2.28,6.93,1.07,2.28,6.93,1.07,true,9.45,6.93,1.23,9.45,6.93,1.23,true,12.43,6.93,12.38,12.43,6.93,12.38,true,true,true,32.61,6.93,28.48,32.61,6.93,28.48
741,2026-03-24 10:15:00,2026-03-24,10:15:00,6550,6548,6552,continuation_in_zone,true,6551.41,6551.27,6552.28,6543.07,6551.07,,true,4.33,5.81,-0.85,,,,true,9.69,5.81,8.78,,,,true,15.86,5.81,4.46,,,,,,true,34.49,5.81,33.06,,,
742,2026-03-24 10:20:00,2026-03-24,10:20:00,6550,6548,6552,continuation_in_zone,true,6551.07,6551.14,6554.33,6544.19,6549.15,,true,9.45,5.32,1.23,,,,true,10.28,5.32,3.56,,,,true,32.61,5.32,21.8,,,,,,true,40.51,5.32,40.39,,,
743,2026-03-24 10:25:00,2026-03-24,10:25:00,6550,6548,6552,continuation_in_zone,true,6549.15,6548.93,6559.45,6544.68,6551.23,,true,9.69,0.02,8.78,,,,true,12.43,1.43,12.38,,,,true,32.61,1.43,14.61,,,,,,true,44.17,1.43,36.22,,,
744,2026-03-24 10:30:00,2026-03-24,10:30:00,6550,6548,6552,continuation_in_zone,true,6551.23,6551.14,6559.69,6549.98,6558.78,,true,10.28,1.43,3.56,,,,true,15.86,1.43,4.46,,,,true,32.61,1.43,25.51,,,,,,true,44.17,1.43,33.62,,,
745,2026-03-24 10:35:00,2026-03-24,10:35:00,6550,6548,6552,from_above,true,6558.78,6558.86,6560.28,6548.57,6553.56,3.56,true,12.43,0,12.38,12.43,0,12.38,true,32.61,1.36,21.8,32.61,1.36,21.8,true,32.61,1.36,24.96,32.61,1.36,24.96,true,true,true,44.17,1.36,38.94,44.17,1.36,38.94
746,2026-03-24 10:40:00,2026-03-24,10:40:00,6550,6548,6552,from_above,true,6553.56,6553.29,6562.43,6551.52,6562.38,12.38,true,15.86,0,4.46,15.86,0,4.46,true,32.61,1.36,14.61,32.61,1.36,14.61,true,32.61,1.36,28.48,32.61,1.36,28.48,true,true,true,44.17,1.36,38.79,44.17,1.36,38.79
747,2026-03-24 10:50:00,2026-03-24,10:50:00,6550,6548,6552,from_above,false,6554.46,6554.04,6582.61,6548.64,6571.8,21.8,true,30.82,0,14.61,30.82,0,14.61,true,30.82,0,24.96,30.82,0,24.96,true,40.51,0,40.39,40.51,0,40.39,true,true,true,45.75,0,40.83,45.75,0,40.83
748,2026-03-24 13:40:00,2026-03-24,13:40:00,6550,6548,6552,from_above,false,6559.41,6559.54,6562.84,6550.93,6551.8,1.8,true,6.15,0,4.71,6.15,0,4.71,true,17.8,0,17.18,17.8,0,17.18,true,24.37,0,14.2,24.37,0,14.2,true,true,true,40.66,0,29.15,40.66,0,29.15
749,2026-03-24 13:45:00,2026-03-24,13:45:00,6550,6548,6552,continuation_in_zone,true,6551.8,6551.79,6556.15,6550.39,6554.71,,true,10.63,0,7.07,,,,true,24.37,0,18.51,,,,true,24.37,0,16.23,,,,,,true,40.66,0,25.6,,,
750,2026-03-24 15:55:00,2026-03-24,15:55:00,6550,6548,6552,from_above,false,6554.63,6554.46,6557.04,6551.45,6557.04,7.04,true,7.2,0,6.36,7.2,0,6.36,false,7.2,0,,7.2,0,,false,7.2,0,,7.2,0,,,,false,7.2,0,,7.2,0,
751,2026-03-25 09:50:00,2026-03-25,09:50:00,6600,6598,6602,from_above,false,6604.09,6604.36,6604.57,6593.05,6593.35,-6.65,true,0.75,9.13,-8.81,0.75,9.13,-8.81,true,0.75,16.92,-3.28,0.75,16.92,-3.28,true,10.72,16.92,-1.37,10.72,16.92,-1.37,false,true,true,17.83,16.92,13.3,17.83,16.92,13.3
752,2026-03-25 09:55:00,2026-03-25,09:55:00,6600,6598,6602,from_below,true,6593.35,6593.5,6600.75,6590.87,6591.19,8.81,true,0,16.92,-3.73,16.92,0,3.73,true,6.03,16.92,6.03,16.92,6.03,-6.03,true,11.01,16.92,6.86,16.92,11.01,-6.86,true,true,true,17.83,16.92,12.73,16.92,17.83,-12.73
753,2026-03-25 10:00:00,2026-03-25,10:00:00,6600,6598,6602,from_below,true,6591.19,6591.13,6599.6,6583.08,6596.27,3.73,true,0.28,9.29,-3.28,9.29,0.28,3.28,true,8.28,9.29,1.52,9.29,8.28,-1.52,true,12.74,9.29,12.6,9.29,12.74,-12.6,false,false,true,17.83,9.29,13.48,9.29,17.83,-13.48
754,2026-03-25 10:05:00,2026-03-25,10:05:00,6600,6598,6602,from_below,true,6596.27,6596.34,6600.28,6590.71,6596.72,3.28,true,6.03,7.52,6.03,7.52,6.03,-6.03,true,10.72,7.52,-1.37,7.52,10.72,1.37,true,15.01,7.52,7.24,7.52,15.01,-7.24,false,false,true,17.83,7.52,-1.99,7.52,17.83,1.99
755,2026-03-25 10:10:00,2026-03-25,10:10:00,6600,6598,6602,from_below,true,6596.72,6596.69,6606.03,6592.48,6606.03,-6.03,true,8.28,0,1.52,0,8.28,-1.52,true,11.01,1.41,6.86,1.41,11.01,-6.86,true,15.01,1.41,11.39,1.41,15.01,-11.39,false,false,true,17.83,9.35,-8.91,9.35,17.83,8.91
756,2026-03-25 10:15:00,2026-03-25,10:15:00,6600,6598,6602,from_above,true,6606.03,6605.96,6608.28,6601.09,6601.52,1.52,true,10.72,1.41,-1.37,10.72,1.41,-1.37,true,12.74,1.41,12.6,12.74,1.41,12.6,true,16.44,1.41,15.31,16.44,1.41,15.31,true,true,true,17.83,31.59,-24.05,17.83,31.59,-24.05
757,2026-03-25 10:20:00,2026-03-25,10:20:00,6600,6598,6602,continuation_in_zone,true,6601.52,6601.69,6610.72,6598.59,6598.63,,true,11.01,1.37,6.86,,,,true,15.01,1.37,7.24,,,,true,17.83,1.37,13.3,,,,,,true,17.83,31.59,-4.78,,,
758,2026-03-25 10:25:00,2026-03-25,10:25:00,6600,6598,6602,continuation_in_zone,true,6598.63,6599.63,6611.01,6599.12,6606.86,,true,12.74,0,12.6,,,,true,15.01,0,11.39,,,,true,17.83,0,12.73,,,,,,true,17.83,31.59,3.79,,,
759,2026-03-25 11:05:00,2026-03-25,11:05:00,6600,6598,6602,from_above,false,6613.48,6613.61,6614.26,6597.91,6598.01,-1.99,true,0.59,9.35,-8.91,0.59,9.35,-8.91,true,0.59,31.59,-4.78,0.59,31.59,-4.78,true,7.59,31.59,-6.45,7.59,31.59,-6.45,false,false,true,7.59,31.59,-7.44,7.59,31.59,-7.44
760,2026-03-25 11:10:00,2026-03-25,11:10:00,6600,6598,6602,continuation_in_zone,true,6598.01,6598.18,6600.59,6590.65,6591.09,,true,0,31.59,-24.05,,,,true,3.79,31.59,3.79,,,,true,7.59,31.59,-7.49,,,,,,true,7.59,31.59,-8.5,,,
761,2026-03-25 11:20:00,2026-03-25,11:20:00,6600,6598,6602,from_below,false,6575.95,6575.71,6598.02,6575.51,6595.22,4.78,true,3.79,6.53,3.79,6.53,3.79,-3.79,true,7.59,7.28,-6.45,7.28,7.59,6.45,true,7.59,12.62,-7.02,12.62,7.59,7.02,true,true,true,7.59,13.5,-4.93,13.5,7.59,4.93
762,2026-03-25 11:25:00,2026-03-25,11:25:00,6600,6598,6602,from_below,true,6595.22,6595.16,6603.79,6593.47,6603.79,-3.79,true,7.59,0,5.16,0,7.59,-5.16,true,7.59,12.62,-7.49,12.62,7.59,7.49,true,7.59,12.62,-3.55,12.62,7.59,3.55,true,true,true,7.59,13.5,-0.51,13.5,7.59,0.51
763,2026-03-25 11:35:00,2026-03-25,11:35:00,6600,6598,6602,from_above,false,6605.16,6605.22,6605.37,6592.72,6593.55,-6.45,true,0,12.62,-7.49,0,12.62,-7.49,true,0,12.62,-7.02,0,12.62,-7.02,true,0,13.5,-7.44,0,13.5,-7.44,false,false,true,8.49,13.5,6.51,8.49,13.5,6.51
764,2026-03-25 11:55:00,2026-03-25,11:55:00,6600,6598,6602,from_below,false,6592.98,6592.98,6598.98,6590.66,6596.45,3.55,true,0,9.57,-9.28,9.57,0,9.28,true,0,13.5,-8.5,13.5,0,8.5,true,5.4,13.5,-0.51,13.5,5.4,0.51,true,true,true,8.49,13.5,3,13.5,8.49,-3
765,2026-03-25 12:25:00,2026-03-25,12:25:00,6600,6598,6602,from_below,false,6595.07,6599.5,6605.4,6598.66,6599.49,0.51,true,8.49,3.02,6.56,3.02,8.49,-6.56,true,8.49,3.02,6.08,3.02,8.49,-6.08,true,8.49,3.02,3,3.02,8.49,-3,false,false,true,8.49,4.55,6.45,4.55,8.49,-6.45
766,2026-03-25 12:30:00,2026-03-25,12:30:00,6600,6598,6602,continuation_in_zone,true,6599.49,6599.88,6608.49,6596.98,6606.56,,true,8.27,0,6.51,,,,true,8.27,0,1.96,,,,true,8.27,2.32,1.67,,,,,,true,8.41,4.55,7.55,,,
767,2026-03-25 12:45:00,2026-03-25,12:45:00,6600,6598,6602,from_above,false,6606.08,6605.86,6606.32,6600.96,6601.96,1.96,true,6.54,2.32,6.16,6.54,2.32,6.16,true,7.54,2.32,1.67,7.54,2.32,1.67,true,7.54,4.55,-1.35,7.54,4.55,-1.35,true,false,true,18.53,4.55,7.06,18.53,4.55,7.06
768,2026-03-25 12:50:00,2026-03-25,12:50:00,6600,6598,6602,from_above,true,6601.96,6602.07,6606.54,6597.68,6606.16,6.16,true,6.83,0,3,6.83,0,3,true,7.54,3.84,-3.62,7.54,3.84,-3.62,true,7.54,4.55,2,7.54,4.55,2,true,false,true,18.53,4.55,0.57,18.53,4.55,0.57
769,2026-03-25 12:55:00,2026-03-25,12:55:00,6600,6598,6602,from_above,true,6606.16,6606.24,6606.83,6601.53,6603,3,true,7.54,0,1.67,7.54,0,1.67,true,7.54,4.55,2.16,7.54,4.55,2.16,true,8.41,4.55,6.45,8.41,4.55,6.45,true,false,true,18.53,4.55,4.94,18.53,4.55,4.94
770,2026-03-25 13:00:00,2026-03-25,13:00:00,6600,6598,6602,from_above,true,6603,6603.03,6607.54,6600.14,6601.67,1.67,true,1.67,3.84,-3.62,1.67,3.84,-3.62,true,2.95,4.55,-1.35,2.95,4.55,-1.35,true,8.41,4.55,7.55,8.41,4.55,7.55,true,false,true,18.53,4.55,4.15,18.53,4.55,4.15
771,2026-03-25 13:05:00,2026-03-25,13:05:00,6600,6598,6602,continuation_in_zone,true,6601.67,6601.44,6601.56,6596.16,6596.38,,true,2.95,4.55,2.16,,,,true,5.3,4.55,2,,,,true,12.55,4.55,12.22,,,,,,true,18.53,4.55,3.96,,,
772,2026-03-25 13:10:00,2026-03-25,13:10:00,6600,6598,6602,from_below,true,6596.38,6596.14,6602.95,6595.45,6602.16,-2.16,true,2.16,4.22,-1.35,4.22,2.16,1.35,true,8.41,4.22,6.45,4.22,8.41,-6.45,true,18.53,4.22,13.92,4.22,18.53,-13.92,false,false,true,18.53,4.22,5.22,4.22,18.53,-5.22
773,2026-03-25 13:15:00,2026-03-25,13:15:00,6600,6598,6602,from_above,true,6602.16,6602.04,6602.04,6595.78,6598.65,-1.35,true,5.3,1.84,2,5.3,1.84,2,true,8.41,1.84,7.55,8.41,1.84,7.55,true,18.53,1.84,7.06,18.53,1.84,7.06,true,true,true,18.53,1.84,5.08,18.53,1.84,5.08
774,2026-03-25 13:20:00,2026-03-25,13:20:00,6600,6598,6602,continuation_in_zone,true,6598.65,6598.78,6605.3,6598.16,6602,,true,8.41,0,6.45,,,,true,12.55,0,12.22,,,,true,18.53,0.14,0.57,,,,,,true,18.53,0.35,5.61,,,
775,2026-03-25 13:30:00,2026-03-25,13:30:00,6600,6598,6602,from_above,false,6606.45,6606.42,6607.82,6601.97,6607.55,7.55,true,12.55,0,12.22,12.55,0,12.22,true,18.53,0,7.06,18.53,0,7.06,true,18.53,0.35,4.15,18.53,0.35,4.15,true,true,true,18.53,0.35,2.48,18.53,0.35,2.48
776,2026-03-25 13:50:00,2026-03-25,13:50:00,6600,6598,6602,from_above,false,6607.06,6607,6609.27,6599.86,6600.57,0.57,true,12.19,0.35,4.94,12.19,0.35,4.94,true,12.19,0.35,3.96,12.19,0.35,3.96,true,12.19,0.35,5.61,12.19,0.35,5.61,true,true,true,12.19,4.2,-2.59,12.19,4.2,-2.59
777,2026-03-25 13:55:00,2026-03-25,13:55:00,6600,6598,6602,continuation_in_zone,true,6600.57,6600.42,6612.19,6599.65,6604.94,,true,5.75,0,4.15,,,,true,7.7,0,5.22,,,,true,10.17,0,0.67,,,,,,true,10.17,16.51,-9.17,,,
778,2026-03-25 14:05:00,2026-03-25,14:05:00,6600,6598,6602,from_above,false,6604.15,6604.15,6607.7,6601.48,6603.96,3.96,true,6.5,0,5.22,6.5,0,5.22,true,10.17,0,5.61,10.17,0,5.61,true,10.17,0,1.82,10.17,0,1.82,true,true,true,10.17,18.15,-13.68,10.17,18.15,-13.68
779,2026-03-25 14:25:00,2026-03-25,14:25:00,6600,6598,6602,from_above,false,6605.61,6605.69,6606.18,6600.43,6600.67,0.67,true,3.64,0,2.48,3.64,0,2.48,true,3.64,2.84,-0.4,3.64,2.84,-0.4,true,3.64,16.51,-9.17,3.64,16.51,-9.17,false,false,true,3.64,18.15,-8.68,3.64,18.15,-8.68
780,2026-03-25 14:30:00,2026-03-25,14:30:00,6600,6598,6602,continuation_in_zone,true,6600.67,6600.76,6603.64,6600.51,6602.48,,true,2.52,0,1.82,,,,true,2.52,3.37,-3.31,,,,true,2.52,18.15,-13.72,,,,,,true,2.52,18.15,-11.13,,,
781,2026-03-25 14:35:00,2026-03-25,14:35:00,6600,6598,6602,from_above,true,6602.48,6602.41,6602.52,6600.32,6601.82,1.82,true,2.36,2.84,-0.4,2.36,2.84,-0.4,true,2.36,4.2,-2.59,2.36,4.2,-2.59,true,2.36,18.15,-13.68,2.36,18.15,-13.68,false,false,true,2.36,18.15,-13.12,2.36,18.15,-13.12
782,2026-03-25 14:40:00,2026-03-25,14:40:00,6600,6598,6602,continuation_in_zone,true,6601.82,6601.86,6602.36,6597.16,6599.6,,true,0,3.37,-3.31,,,,true,0,16.51,-9.17,,,,true,0,18.15,-10,,,,,,true,0,18.15,-12.48,,,
783,2026-03-25 14:45:00,2026-03-25,14:45:00,6600,6598,6602,continuation_in_zone,true,6599.6,6599.6,6599.6,6596.63,6596.69,,true,0,4.2,-2.59,,,,true,0,18.15,-13.72,,,,true,0,18.15,-5.76,,,,,,true,0,18.15,-12.99,,,
784,2026-03-25 14:50:00,2026-03-25,14:50:00,6600,6598,6602,from_below,true,6596.69,6596.87,6598.04,6595.8,6597.41,2.59,true,0,16.51,-9.17,16.51,0,9.17,true,0,18.15,-13.68,18.15,0,13.68,true,0,18.15,-4.17,18.15,0,4.17,true,true,true,0,18.15,-7.76,18.15,0,7.76
785,2026-03-25 15:20:00,2026-03-25,15:20:00,6600,6598,6602,from_below,false,6594.24,6594.18,6598.72,6593.68,6595.83,4.17,true,0,8.88,-8.68,8.88,0,8.68,true,0,16.32,-13.12,16.32,0,13.12,true,0,16.32,-7.76,16.32,0,7.76,true,true,false,0,16.32,,16.32,0,
786,2026-03-26 09:30:00,2026-03-26,09:30:00,6550,6548,6552,from_above,false,6591.89,6555.86,6555.86,6536.76,6541.27,-8.73,true,0,16.82,-16.82,0,16.82,-16.82,true,15.9,16.89,9.74,15.9,16.89,9.74,true,21.34,16.89,15.61,21.34,16.89,15.61,true,true,true,23.22,16.89,19.26,23.22,16.89,19.26
787,2026-03-26 09:40:00,2026-03-26,09:40:00,6550,6548,6552,from_below,false,6533.18,6533.11,6554.66,6533.11,6554.66,-4.66,true,15.9,0,9.74,0,15.9,-9.74,true,21.1,0,20.24,0,21.1,-20.24,true,22.13,0,19.4,0,22.13,-19.4,false,false,true,23.22,0,2.83,0,23.22,-2.83
788,2026-03-26 10:40:00,2026-03-26,10:40:00,6550,6548,6552,from_above,false,6562.62,6562.97,6573.1,6550.05,6552.83,2.83,true,5.96,1.87,0.22,5.96,1.87,0.22,true,5.96,16.44,-2.65,5.96,16.44,-2.65,true,5.96,16.44,-1.43,5.96,16.44,-1.43,false,false,true,5.96,16.44,-12.66,5.96,16.44,-12.66
789,2026-03-26 10:45:00,2026-03-26,10:45:00,6550,6548,6552,from_above,true,6552.83,6552.58,6555.96,6548.13,6550.22,0.22,true,3.09,10.18,-10.18,3.09,10.18,-10.18,true,3.09,16.44,-2.43,3.09,16.44,-2.43,true,3.51,16.44,-5.73,3.51,16.44,-5.73,false,false,true,3.51,16.44,-7.78,3.51,16.44,-7.78
790,2026-03-26 10:50:00,2026-03-26,10:50:00,6550,6548,6552,continuation_in_zone,true,6550.22,6550.28,6553.09,6539.82,6539.82,,true,0,16.44,-2.65,,,,true,3.51,16.44,-1.91,,,,true,3.51,16.44,-4.73,,,,,,true,3.51,16.44,-6.44,,,
791,2026-03-26 10:55:00,2026-03-26,10:55:00,6550,6548,6552,from_below,true,6539.82,6539.67,6548.98,6533.56,6547.35,2.65,true,1.99,3.26,-2.43,3.26,1.99,2.43,true,3.51,3.96,-1.43,3.96,3.51,1.43,true,3.51,8.42,-7.12,8.42,3.51,7.12,true,false,true,3.51,15.41,-9.51,15.41,3.51,9.51
792,2026-03-26 11:00:00,2026-03-26,11:00:00,6550,6548,6552,from_below,true,6547.35,6547.33,6551.99,6546.74,6547.57,2.43,true,3.51,3.96,-1.91,3.96,3.51,1.91,true,3.51,8.42,-5.73,8.42,3.51,5.73,true,3.51,15.41,-12.27,15.41,3.51,12.27,true,true,true,3.51,15.41,-11.88,15.41,3.51,11.88
793,2026-03-26 11:05:00,2026-03-26,11:05:00,6550,6548,6552,from_below,true,6547.57,6547.12,6553.51,6546.04,6548.09,1.91,true,2.69,1.99,-1.43,1.99,2.69,1.43,true,2.69,8.42,-4.73,8.42,2.69,4.73,true,2.69,15.41,-8.31,15.41,2.69,8.31,true,true,true,2.69,15.41,-10.06,15.41,2.69,10.06
794,2026-03-26 11:10:00,2026-03-26,11:10:00,6550,6548,6552,continuation_in_zone,true,6548.09,6548.01,6552.69,6548.01,6548.57,,true,0,8.42,-5.73,,,,true,0,8.42,-7.12,,,,true,0,15.41,-12.66,,,,,,true,0,15.41,-10.72,,,
795,2026-03-26 11:15:00,2026-03-26,11:15:00,6550,6548,6552,continuation_in_zone,true,6548.57,6548.45,6549.61,6541.58,6544.27,,true,0,6.74,-4.73,,,,true,0,15.41,-12.27,,,,true,0,15.41,-7.78,,,,,,true,0,25.41,-16.38,,,
796,2026-03-26 13:45:00,2026-03-26,13:45:00,6500,6498,6502,from_above,false,6504.6,6504.42,6505.58,6500.78,6500.85,0.85,true,0.85,4.52,-4.18,0.85,4.52,-4.18,true,0.85,10.2,-4.04,0.85,10.2,-4.04,true,0.85,10.2,-6.37,0.85,10.2,-6.37,false,false,true,0.85,10.2,-0.39,0.85,10.2,-0.39
797,2026-03-26 13:50:00,2026-03-26,13:50:00,6500,6498,6502,continuation_in_zone,true,6500.85,6500.76,6500.78,6495.48,6495.82,,true,0,10.2,-8.9,,,,true,0.2,10.2,-2.18,,,,true,0.2,10.2,-4.43,,,,,,true,0.97,10.2,0.25,,,
798,2026-03-26 14:00:00,2026-03-26,14:00:00,6500,6498,6502,from_below,false,6491.1,6491.15,6500.2,6491.15,6495.96,4.04,true,0,5.71,-2.18,5.71,0,2.18,true,0,7.32,-6.37,7.32,0,6.37,true,0,9.91,-3.68,9.91,0,3.68,true,false,true,0.97,9.91,-7.89,9.91,0.97,7.89
799,2026-03-26 14:05:00,2026-03-26,14:05:00,6500,6498,6502,from_below,true,6495.96,6496.42,6498.65,6494.29,6497.82,2.18,true,0,5.83,-4.97,5.83,0,4.97,true,0,8.85,-4.43,8.85,0,4.43,true,0,9.91,-1.22,9.91,0,1.22,true,false,true,0.97,14.31,-12.42,14.31,0.97,12.42
800,2026-03-26 14:10:00,2026-03-26,14:10:00,6500,6498,6502,from_below,true,6497.82,6497.79,6498.53,6494.17,6495.03,4.97,true,0,7.32,-6.37,7.32,0,6.37,true,0,9.91,-9.16,9.91,0,9.16,true,0.25,9.91,-3.8,9.91,0.25,3.8,true,false,true,0.97,16.28,-12.68,16.28,0.97,12.68
801,2026-03-26 14:35:00,2026-03-26,14:35:00,6500,6498,6502,from_below,false,6496.32,6496.25,6499.05,6494.78,6498.78,1.22,true,0.25,6.5,-3.8,6.5,0.25,3.8,true,0.97,6.5,0.25,6.5,0.97,-0.25,true,0.97,14.31,-12.42,14.31,0.97,12.42,true,true,true,0.97,20.65,-16.82,20.65,0.97,16.82
802,2026-03-26 14:40:00,2026-03-26,14:40:00,6500,6498,6502,continuation_in_zone,true,6498.78,6498.88,6500.25,6493.5,6496.2,,true,0,6.13,-0.39,,,,true,0.97,6.13,-0.4,,,,true,0.97,16.28,-12.68,,,,,,true,0.97,20.65,-20.27,,,
803,2026-03-26 14:45:00,2026-03-26,14:45:00,6500,6498,6502,from_below,true,6496.2,6496.16,6499.83,6493.87,6499.61,0.39,true,0.97,2.3,0.25,2.3,0.97,-0.25,true,0.97,8.32,-7.89,8.32,0.97,7.89,true,0.97,16.28,-9.42,16.28,0.97,9.42,true,true,true,0.97,21.49,-17.72,21.49,0.97,17.72
804,2026-03-26 14:50:00,2026-03-26,14:50:00,6500,6498,6502,continuation_in_zone,true,6499.61,6499.59,6500.97,6497.7,6500.25,,true,0.31,3.83,-0.4,,,,true,0.31,14.31,-12.42,,,,true,0.31,16.28,-14.01,,,,,,true,0.31,25.72,-25.15,,,
805,2026-03-26 14:55:00,2026-03-26,14:55:00,6500,6498,6502,continuation_in_zone,true,6500.25,6500.31,6500.31,6496.17,6499.6,,true,0.12,8.32,-7.89,,,,true,0.12,16.28,-12.68,,,,true,0.12,16.36,-12.98,,,,,,true,0.12,26.21,-22.9,,,
806,2026-03-26 15:00:00,2026-03-26,15:00:00,6500,6498,6502,continuation_in_zone,true,6499.6,6499.65,6500.12,6491.68,6492.11,,true,0,14.31,-12.42,,,,true,0,16.28,-9.42,,,,true,0,20.65,-17.64,,,,,,true,0,26.21,-22.83,,,
807,2026-03-27 09:30:00,2026-03-27,09:30:00,6450,6448,6452,from_above,false,6477.17,6453.89,6453.89,6429.16,6430.48,-19.52,true,0,26.67,-14.89,0,26.67,-14.89,true,0,26.67,-6.35,0,26.67,-6.35,true,0,39.37,-31.05,0,39.37,-31.05,false,false,true,0,39.37,-29.21,0,39.37,-29.21
808,2026-03-27 09:45:00,2026-03-27,09:45:00,6450,6448,6452,from_below,false,6435.58,6435.49,6448.99,6435.49,6443.65,6.35,true,0,25.99,-25.99,25.99,0,25.99,true,0,39.37,-31.05,39.37,0,31.05,true,0,39.37,-20.77,39.37,0,20.77,true,true,true,0,41.05,-24.12,41.05,0,24.12
809,2026-03-27 13:20:00,2026-03-27,13:20:00,6400,6398,6402,from_above,false,6403.7,6403.73,6403.73,6398.96,6400.09,0.09,true,0.12,9.13,-8.96,0.12,9.13,-8.96,true,0.12,9.17,-6.11,0.12,9.17,-6.11,true,0.12,12.99,-11.75,0.12,12.99,-11.75,false,false,true,0.12,23.85,-18.93,0.12,23.85,-18.93
810,2026-03-27 13:25:00,2026-03-27,13:25:00,6400,6398,6402,continuation_in_zone,true,6400.09,6400.12,6400.12,6390.87,6391.04,,true,0,9.17,-4.25,,,,true,0,11.68,-10.56,,,,true,0,15.49,-13.94,,,,,,true,0,23.85,-17.74,,,
811,2026-03-30 09:35:00,2026-03-30,09:35:00,6400,6398,6402,from_above,false,6413.79,6413.69,6413.97,6401.73,6403.13,3.13,true,3.13,7.83,-3.61,3.13,7.83,-3.61,true,3.13,18.93,-18.93,3.13,18.93,-18.93,true,3.13,29.12,-15,3.13,29.12,-15,false,false,true,3.13,29.12,-17.14,3.13,29.12,-17.14
812,2026-03-30 09:40:00,2026-03-30,09:40:00,6400,6398,6402,from_above,true,6403.13,6403.05,6403.05,6392.17,6396.39,-3.61,true,0,16.54,-15.54,0,16.54,-15.54,true,0,29.12,-26.11,0,29.12,-26.11,true,0,29.12,-11.26,0,29.12,-11.26,false,false,true,0,29.12,-27.31,0,29.12,-27.31
813,2026-03-30 09:45:00,2026-03-30,09:45:00,6400,6398,6402,from_below,true,6396.39,6395.98,6398.51,6383.46,6384.46,15.54,true,0,18.93,-18.93,18.93,0,18.93,true,0,29.12,-15.84,29.12,0,15.84,true,0,29.12,-18.16,29.12,0,18.16,true,true,true,0,29.12,-16.35,29.12,0,16.35
814,2026-03-30 10:55:00,2026-03-30,10:55:00,6400,6398,6402,from_below,false,6386.44,6386.55,6399.76,6383.29,6399.57,0.43,true,7.88,0.43,7.57,0.43,7.88,-7.57,true,11.55,11.05,-10.47,11.05,11.55,10.47,true,11.55,20.76,-11.18,20.76,11.55,11.18,true,true,true,11.55,20.76,-1.85,20.76,11.55,1.85
815,2026-03-30 11:00:00,2026-03-30,11:00:00,6400,6398,6402,continuation_in_zone,true,6399.57,6399.66,6407.88,6399.66,6407.57,,true,11.55,8.2,-7,,,,true,11.55,20.76,-12.2,,,,true,11.55,20.76,-0.07,,,,,,true,11.55,20.76,-12.97,,,
816,2026-03-30 11:05:00,2026-03-30,11:05:00,6400,6398,6402,from_above,true,6407.57,6408.13,6411.55,6391.8,6393,-7,true,0,11.05,-10.47,0,11.05,-10.47,true,0,20.76,-8.33,0,20.76,-8.33,true,5.42,20.76,-0.76,5.42,20.76,-0.76,false,false,true,8.47,20.76,-11.8,8.47,20.76,-11.8
817,2026-03-30 11:30:00,2026-03-30,11:30:00,6400,6398,6402,from_below,false,6388.82,6388.79,6400.32,6385.52,6399.93,0.07,true,5.42,1.98,-0.76,1.98,5.42,0.76,true,5.42,2.55,2.26,2.55,5.42,-2.26,true,8.47,13.51,-12.97,13.51,8.47,12.97,true,true,true,8.47,23.86,-19.9,23.86,8.47,19.9
818,2026-03-30 11:35:00,2026-03-30,11:35:00,6400,6398,6402,continuation_in_zone,true,6399.93,6400.07,6405.42,6398.02,6399.24,,true,5.16,2.55,4.2,,,,true,8.47,2.55,4.65,,,,true,8.47,14.16,-11.8,,,,,,true,8.47,23.86,-17.09,,,
819,2026-03-30 11:40:00,2026-03-30,11:40:00,6400,6398,6402,continuation_in_zone,true,6399.24,6399.15,6405.16,6397.45,6404.2,,true,4.71,0.2,2.26,,,,true,8.47,3.03,-1.85,,,,true,8.47,14.16,-8.64,,,,,,true,8.47,23.86,-20.01,,,
820,2026-03-30 11:45:00,2026-03-30,11:45:00,6400,6398,6402,from_above,true,6404.2,6404.2,6404.71,6399.8,6402.26,2.26,true,8.47,0,4.65,8.47,0,4.65,true,8.47,13.51,-12.97,8.47,13.51,-12.97,true,8.47,15.39,-13.77,8.47,15.39,-13.77,false,false,true,8.47,23.86,-22.18,8.47,23.86,-22.18
821,2026-03-30 11:50:00,2026-03-30,11:50:00,6400,6398,6402,from_above,true,6402.26,6402.09,6408.47,6401.9,6404.65,4.65,true,4.65,3.03,-1.85,4.65,3.03,-1.85,true,4.65,14.16,-11.8,4.65,14.16,-11.8,true,4.65,18.65,-17.48,4.65,18.65,-17.48,false,false,true,4.65,23.86,-23.11,4.65,23.86,-23.11
822,2026-03-30 11:55:00,2026-03-30,11:55:00,6400,6398,6402,from_above,true,6404.65,6404.44,6404.44,6396.97,6398.15,-1.85,true,0,13.51,-12.97,0,13.51,-12.97,true,0,14.16,-8.64,0,14.16,-8.64,true,0,23.41,-22.82,0,23.41,-22.82,false,false,true,0,25.42,-22.27,0,25.42,-22.27
823,2026-03-30 12:00:00,2026-03-30,12:00:00,6400,6398,6402,continuation_in_zone,true,6398.15,6398.37,6398.93,6386.49,6387.03,,true,0,14.16,-11.8,,,,true,0,15.39,-13.77,,,,true,0,23.86,-19.9,,,,,,true,0,26.7,-26.67,,,
824,2026-03-30 13:35:00,2026-03-30,13:35:00,6350,6348,6352,from_above,false,6352.87,6352.9,6360.14,6351.39,6359.8,9.8,true,16.92,0,16.55,16.92,0,16.55,true,18.19,0,8.93,18.19,0,8.93,true,18.19,0,3.15,18.19,0,3.15,true,true,true,18.19,3.08,-0.43,18.19,3.08,-0.43
825,2026-03-30 14:25:00,2026-03-30,14:25:00,6350,6348,6352,from_above,false,6354.46,6354.55,6354.58,6347.06,6347.06,-2.94,true,0.91,3.08,-0.06,0.91,3.08,-0.06,true,5.79,3.08,-1.1,5.79,3.08,-1.1,true,5.79,11.18,-7.99,5.79,11.18,-7.99,false,false,true,5.79,33.09,-30.14,5.79,33.09,-30.14
826,2026-03-30 14:30:00,2026-03-30,14:30:00,6350,6348,6352,from_below,true,6347.06,6347.02,6350.91,6346.92,6349.94,0.06,true,5.79,0.47,-0.43,0.47,5.79,0.43,true,5.79,3.68,-2.92,3.68,5.79,2.92,true,5.79,11.79,-10.72,11.79,5.79,10.72,true,true,true,5.79,33.09,-31.75,33.09,5.79,31.75
827,2026-03-30 14:35:00,2026-03-30,14:35:00,6350,6348,6352,continuation_in_zone,true,6349.94,6350.01,6355.79,6349.53,6349.57,,true,0.75,1.4,-1.1,,,,true,1.68,9.35,-7.38,,,,true,1.68,21.59,-21.57,,,,,,true,1.68,33.09,-23.97,,,
828,2026-03-30 14:40:00,2026-03-30,14:40:00,6350,6348,6352,continuation_in_zone,true,6349.57,6349.47,6350.75,6348.6,6348.9,,true,1.68,3.68,-2.92,,,,true,1.68,11.18,-7.99,,,,true,1.68,29.65,-26.78,,,,,,true,1.68,33.09,-18.94,,,
829,2026-03-30 14:45:00,2026-03-30,14:45:00,6350,6348,6352,continuation_in_zone,true,6348.9,6348.94,6351.68,6346.32,6347.08,,true,0,9.35,-7.38,,,,true,0,11.79,-10.72,,,,true,0,29.65,-25.58,,,,,,true,0,33.09,-15.33,,,
830,2026-03-30 15:55:00,2026-03-30,15:55:00,6350,6348,6352,from_below,false,6344.38,6343.99,6349.94,6339.8,6344.22,5.78,true,0,6.66,-6.27,6.66,0,6.27,false,0,6.66,,6.66,0,,false,0,6.66,,6.66,0,,,,false,0,6.66,,6.66,0,
831,2026-03-31 09:50:00,2026-03-31,09:50:00,6450,6448,6452,from_below,false,6442.31,6442.79,6449.08,6438.11,6448.78,1.22,true,1,10.75,1,10.75,1,-1,true,3.73,14.64,-13.91,14.64,3.73,13.91,true,3.73,16.14,-3.87,16.14,3.73,3.87,true,true,true,3.73,40.69,-38.61,40.69,3.73,38.61
832,2026-03-31 09:55:00,2026-03-31,09:55:00,6450,6448,6452,continuation_in_zone,true,6448.78,6448.53,6451,6439.25,6451,,true,3.73,4.74,-2.02,,,,true,3.73,14.64,-10.46,,,,true,3.73,16.14,-1.06,,,,,,true,3.73,45.45,-38.72,,,
833,2026-03-31 10:00:00,2026-03-31,10:00:00,6450,6448,6452,continuation_in_zone,true,6451,6450.48,6453.73,6445.26,6447.98,,true,0,14.64,-13.91,,,,true,0,15.42,-6.23,,,,true,0.42,16.14,-2.47,,,,,,true,0.42,45.45,-25.95,,,
834,2026-03-31 10:05:00,2026-03-31,10:05:00,6450,6448,6452,continuation_in_zone,true,6447.98,6448.07,6448.07,6435.36,6436.09,,true,0,14.39,-10.46,,,,true,0,16.14,-3.87,,,,true,0.42,16.81,-15.74,,,,,,true,0.42,45.45,-20.09,,,
835,2026-03-31 10:25:00,2026-03-31,10:25:00,6450,6448,6452,from_below,false,6446.13,6446.1,6450.42,6443.07,6448.94,1.06,true,0.33,6.71,-2.47,6.71,0.33,2.47,true,0.33,26.04,-23.62,26.04,0.33,23.62,true,0.33,45.45,-38.72,45.45,0.33,38.72,true,true,true,0.33,45.45,-18.04,45.45,0.33,18.04
836,2026-03-31 10:30:00,2026-03-31,10:30:00,6450,6448,6452,continuation_in_zone,true,6448.94,6448.88,6450.33,6443.29,6447.53,,true,0,16.81,-15.74,,,,true,0,31.73,-31.4,,,,true,0,45.45,-25.95,,,,,,true,0,45.45,-19.34,,,
837,2026-03-31 10:35:00,2026-03-31,10:35:00,6450,6448,6452,from_below,true,6447.53,6447.34,6448.58,6433.19,6434.26,15.74,true,0,26.04,-23.62,26.04,0,23.62,true,0,40.69,-38.61,40.69,0,38.61,true,0,45.45,-20.09,45.45,0,20.09,true,true,true,0,45.45,-16.5,45.45,0,16.5
838,2026-03-31 12:25:00,2026-03-31,12:25:00,6450,6448,6452,from_below,false,6447.04,6447.83,6449.78,6444.17,6445.65,4.35,true,0,8.53,-6.18,8.53,0,6.18,true,67.52,8.95,46.99,8.95,67.52,-46.99,true,67.52,8.95,41.02,8.95,67.52,-41.02,false,false,true,67.52,8.95,44.45,8.95,67.52,-44.45
839,2026-03-31 12:35:00,2026-03-31,12:35:00,6450,6448,6452,from_below,false,6443.82,6443.71,6472.03,6441.05,6472.03,-22.03,true,67.52,0,46.99,0,67.52,-46.99,true,67.52,0,37.95,0,67.52,-37.95,true,67.52,0,38.4,0,67.52,-38.4,false,false,true,67.52,0,42.29,0,67.52,-42.29
840,2026-03-31 12:40:00,2026-03-31,12:40:00,6500,6498,6502,from_below,false,6472.03,6473.2,6517.52,6473.2,6496.99,3.01,true,2.43,25.23,-11.98,25.23,2.43,11.98,true,2.43,25.23,-8.98,25.23,2.43,8.98,true,9.09,25.23,-1.08,25.23,9.09,1.08,true,true,true,9.09,25.23,-8.51,25.23,9.09,8.51
841,2026-03-31 12:45:00,2026-03-31,12:45:00,6500,6498,6502,from_below,true,6496.99,6496.86,6502.43,6474.77,6488.02,11.98,true,0.54,21.65,-12.05,21.65,0.54,12.05,true,9.09,21.65,5.81,21.65,9.09,-5.81,true,9.09,21.65,7.63,21.65,9.09,-7.63,true,true,true,9.09,21.65,-4.03,21.65,9.09,4.03
842,2026-03-31 12:50:00,2026-03-31,12:50:00,6500,6498,6502,from_below,true,6488.02,6487.51,6500.54,6478.35,6487.95,12.05,true,0,19.57,-8.98,19.57,0,8.98,true,9.09,19.57,-11.6,19.57,9.09,11.6,true,9.09,19.57,2.51,19.57,9.09,-2.51,true,true,true,9.09,19.57,-3.61,19.57,9.09,3.61
843,2026-03-31 13:00:00,2026-03-31,13:00:00,6500,6498,6502,from_below,false,6491.02,6490.79,6509.09,6490.58,6505.81,-5.81,true,5.87,12.53,-11.6,12.53,5.87,11.6,true,8.59,12.53,7.63,12.53,8.59,-7.63,true,8.59,12.53,6.13,12.53,8.59,-6.13,true,true,true,8.59,13,-5,13,8.59,5
844,2026-03-31 13:05:00,2026-03-31,13:05:00,6500,6498,6502,from_above,true,6505.81,6505.73,6505.87,6487.47,6488.4,-11.6,true,0,11.7,-1.08,0,11.7,-1.08,true,8.59,11.7,2.51,8.59,11.7,2.51,true,8.59,12.53,-7.71,8.59,12.53,-7.71,false,false,true,8.59,13,1.61,8.59,13,1.61
845,2026-03-31 13:10:00,2026-03-31,13:10:00,6500,6498,6502,from_below,true,6488.4,6488.73,6499.51,6488.3,6498.92,1.08,true,8.59,1.11,7.63,1.11,8.59,-7.63,true,8.59,6.89,-5.55,6.89,8.59,5.55,true,8.59,12.53,-8.51,12.53,8.59,8.51,true,true,true,8.59,13,-0.12,13,8.59,0.12
846,2026-03-31 13:15:00,2026-03-31,13:15:00,6500,6498,6502,continuation_in_zone,true,6498.92,6499.11,6508.59,6498.89,6507.63,,true,8,0,2.51,,,,true,8,6.89,6.13,,,,true,8.08,12.53,-4.03,,,,,,true,8.08,13,2.49,,,
847,2026-03-31 13:20:00,2026-03-31,13:20:00,6500,6498,6502,from_above,true,6507.63,6507.46,6508,6501.81,6502.51,2.51,true,3.3,6.89,-5.55,3.3,6.89,-5.55,true,8.08,12.53,-7.71,8.08,12.53,-7.71,true,8.08,12.53,-3.61,8.08,12.53,-3.61,false,false,true,8.08,13,-2.56,8.08,13,-2.56
848,2026-03-31 13:25:00,2026-03-31,13:25:00,6500,6498,6502,from_above,true,6502.51,6502.59,6503.3,6493.11,6494.45,-5.55,true,6.57,5.85,6.13,6.57,5.85,6.13,true,8.08,12.53,-8.51,8.08,12.53,-8.51,true,8.08,13,-11.1,8.08,13,-11.1,false,false,true,8.08,13,2.17,8.08,13,2.17
849,2026-03-31 13:30:00,2026-03-31,13:30:00,6500,6498,6502,from_below,true,6494.45,6494.41,6506.57,6494.15,6506.13,-6.13,true,8.08,12.53,-7.71,12.53,8.08,7.71,true,8.08,12.53,-4.03,12.53,8.08,4.03,true,8.08,13,-5,13,8.08,5,true,true,true,8.08,13,0.6,13,8.08,-0.6
850,2026-03-31 13:35:00,2026-03-31,13:35:00,6500,6498,6502,from_above,true,6506.13,6506.04,6508.08,6487.47,6492.29,-7.71,true,0,11.47,-8.51,0,11.47,-8.51,true,0,11.47,-3.61,0,11.47,-3.61,true,2.64,13,1.61,2.64,13,1.61,false,false,true,10.8,13,7.84,10.8,13,7.84
851,2026-03-31 13:40:00,2026-03-31,13:40:00,6500,6498,6502,from_below,true,6492.29,6492.73,6498.56,6488.53,6491.49,8.51,true,0,10.16,-4.03,10.16,0,4.03,true,0,13,-11.1,13,0,11.1,true,2.64,13,-0.12,13,2.64,0.12,true,true,true,10.8,13,4.06,13,10.8,-4.06
852,2026-03-31 13:45:00,2026-03-31,13:45:00,6500,6498,6502,from_below,true,6491.49,6491.43,6498.93,6489.84,6495.97,4.03,true,0,5.85,-3.61,5.85,0,3.61,true,0,13,-5,13,0,5,true,5.28,13,2.49,13,5.28,-2.49,true,true,true,10.97,13,7.28,13,10.97,-7.28
853,2026-03-31 13:50:00,2026-03-31,13:50:00,6500,6498,6502,from_below,true,6495.97,6496.03,6498.57,6494.15,6496.39,3.61,true,0,13,-11.1,13,0,11.1,true,2.64,13,1.61,13,2.64,-1.61,true,5.28,13,-2.56,13,5.28,2.56,true,true,true,12.93,13,11.41,13,12.93,-11.41
854,2026-03-31 14:00:00,2026-03-31,14:00:00,6500,6498,6502,from_below,false,6488.9,6488.89,6499.7,6488.89,6495,5,true,2.64,5.08,1.61,5.08,2.64,-1.61,true,5.28,6.36,2.49,6.36,5.28,-2.49,true,5.69,6.36,0.6,6.36,5.69,-0.6,true,false,true,16.22,6.36,13.97,6.36,16.22,-13.97
855,2026-03-31 14:05:00,2026-03-31,14:05:00,6500,6498,6502,from_below,true,6495,6494.99,6502.64,6494.92,6501.61,-1.61,true,1.62,6.36,-0.12,6.36,1.62,0.12,true,5.28,6.36,-2.56,6.36,5.28,2.56,true,10.8,6.36,7.84,6.36,10.8,-7.84,false,false,true,16.22,6.36,8.2,6.36,16.22,-8.2
856,2026-03-31 14:10:00,2026-03-31,14:10:00,6500,6498,6502,continuation_in_zone,true,6501.61,6501.6,6501.62,6493.64,6499.88,,true,5.28,0.46,2.49,,,,true,5.69,5.24,2.17,,,,true,10.8,5.24,4.06,,,,,,true,16.89,5.24,15.38,,,
857,2026-03-31 14:15:00,2026-03-31,14:15:00,6500,6498,6502,continuation_in_zone,true,6499.88,6499.92,6505.28,6499.54,6502.49,,true,3.43,2.99,-2.56,,,,true,5.69,5.24,0.6,,,,true,10.97,5.24,7.28,,,,,,true,21.08,5.24,17.55,,,
858,2026-03-31 14:20:00,2026-03-31,14:20:00,6500,6498,6502,from_above,true,6502.49,6502.65,6503.43,6497.01,6497.44,-2.56,true,5.69,5.24,2.17,5.69,5.24,2.17,true,10.8,5.24,7.84,10.8,5.24,7.84,true,12.93,5.24,11.41,12.93,5.24,11.41,true,true,true,23.29,5.24,21.08,23.29,5.24,21.08
859,2026-03-31 14:25:00,2026-03-31,14:25:00,6500,6498,6502,from_below,true,6497.44,6497.61,6505.69,6494.76,6502.17,-2.17,true,2.82,2.74,0.6,2.74,2.82,-0.6,true,10.8,2.74,4.06,2.74,10.8,-4.06,true,12.95,2.74,11.51,2.74,12.95,-11.51,false,false,true,23.29,2.74,18.9,2.74,23.29,-18.9
860,2026-03-31 14:30:00,2026-03-31,14:30:00,6500,6498,6502,from_above,true,6502.17,6502.1,6502.82,6497.26,6500.6,0.6,true,10.8,0.42,7.84,10.8,0.42,7.84,true,10.97,0.42,7.28,10.97,0.42,7.28,true,16.22,0.42,13.97,16.22,0.42,13.97,true,true,true,24.4,0.42,21.7,24.4,0.42,21.7
861,2026-03-31 14:35:00,2026-03-31,14:35:00,6500,6498,6502,continuation_in_zone,true,6500.6,6500.68,6510.8,6499.58,6507.84,,true,7.84,0,4.06,,,,true,12.93,0,11.41,,,,true,16.22,0,8.2,,,,,,true,30.36,0,29.18,,,
862,2026-03-31 14:40:00,2026-03-31,14:40:00,6500,6498,6502,from_above,true,6507.84,6507.78,6507.78,6501.5,6504.06,4.06,true,10.97,0,7.28,10.97,0,7.28,true,12.95,0,11.51,12.95,0,11.51,true,16.89,0,15.38,16.89,0,15.38,true,true,true,30.36,0,26.55,30.36,0,26.55
863,2026-04-01 11:45:00,2026-04-01,11:45:00,6600,6598,6602,from_below,false,6597.51,6597.6,6599.22,6595.44,6597.38,2.62,true,0.91,4.21,0.09,4.21,0.91,-0.09,true,5.87,4.21,3.73,4.21,5.87,-3.73,true,6,4.21,3.22,4.21,6,-3.22,false,false,true,6,6.23,2.44,6.23,6,-2.44
864,2026-04-01 11:50:00,2026-04-01,11:50:00,6600,6598,6602,from_below,true,6597.38,6597.35,6600.91,6595.79,6600.09,-0.09,true,5.87,0.04,3.34,0.04,5.87,-3.34,true,6,0.04,5.12,0.04,6,-5.12,true,6,0.62,-0.62,0.62,6,0.62,false,false,true,6,6.23,3.48,6.23,6,-3.48
865,2026-04-01 11:55:00,2026-04-01,11:55:00,6600,6598,6602,continuation_in_zone,true,6600.09,6600.2,6605.87,6599.96,6603.34,,true,4.81,0,3.73,,,,true,6,0,0.77,,,,true,6,3.52,-3.19,,,,,,true,6,6.23,3.14,,,
866,2026-04-01 12:00:00,2026-04-01,12:00:00,6600,6598,6602,from_above,true,6603.34,6603.04,6604.81,6601.57,6603.73,3.73,true,6,0,5.12,6,0,5.12,true,6,0.48,3.22,6,0.48,3.22,true,6,6.23,-1.39,6,6.23,-1.39,false,false,true,8.14,6.23,8.08,8.14,6.23,8.08
867,2026-04-01 12:10:00,2026-04-01,12:10:00,6600,6598,6602,from_above,false,6605.12,6605.1,6605.35,6600.06,6600.77,0.77,true,4.29,0.48,3.22,4.29,0.48,3.22,true,4.29,3.52,-3.19,4.29,3.52,-3.19,true,4.29,6.23,3.67,4.29,6.23,3.67,false,false,true,9.67,6.23,8.57,9.67,6.23,8.57
868,2026-04-01 12:15:00,2026-04-01,12:15:00,6600,6598,6602,continuation_in_zone,true,6600.77,6600.73,6604.29,6599.52,6603.22,,true,3.33,0.62,-0.62,,,,true,3.33,6.23,-1.39,,,,true,4.25,6.23,2.44,,,,,,true,9.67,6.23,8.03,,,
869,2026-04-01 12:20:00,2026-04-01,12:20:00,6600,6598,6602,from_above,true,6603.22,6603.28,6603.33,6599.38,6599.38,-0.62,true,0.39,3.52,-3.19,0.39,3.52,-3.19,true,2.04,6.23,1.31,2.04,6.23,1.31,true,4.25,6.23,3.48,4.25,6.23,3.48,false,false,true,9.67,6.23,9.21,9.67,6.23,9.21
870,2026-04-01 12:25:00,2026-04-01,12:25:00,6600,6598,6602,continuation_in_zone,true,6599.38,6599.47,6600.39,6596.48,6596.81,,true,0,6.23,-1.39,,,,true,3.67,6.23,3.67,,,,true,4.58,6.23,3.14,,,,,,true,9.67,6.23,7.82,,,
871,2026-04-01 12:30:00,2026-04-01,12:30:00,6600,6598,6602,from_below,true,6596.81,6596.7,6598.76,6593.77,6598.61,1.39,true,2.04,1.39,1.31,1.39,2.04,-1.31,true,4.25,1.39,2.44,1.39,4.25,-2.44,true,8.14,1.39,8.08,1.39,8.14,-8.08,false,false,true,9.67,1.39,4.1,1.39,9.67,-4.1
872,2026-04-01 12:35:00,2026-04-01,12:35:00,6600,6598,6602,continuation_in_zone,true,6598.61,6598.7,6602.04,6598.7,6601.31,,true,3.67,0,3.67,,,,true,4.25,0,3.48,,,,true,9.67,0,8.04,,,,,,true,9.67,0,5.68,,,
873,2026-04-01 12:40:00,2026-04-01,12:40:00,6600,6598,6602,continuation_in_zone,true,6601.31,6601.3,6603.67,6600.53,6603.67,,true,4.25,0,2.44,,,,true,4.58,0,3.14,,,,true,9.67,0,8.57,,,,,,true,9.67,0,3.18,,,
874,2026-04-01 12:45:00,2026-04-01,12:45:00,6600,6598,6602,from_above,true,6603.67,6603.67,6604.25,6600.85,6602.44,2.44,true,4.04,0,3.48,4.04,0,3.48,true,8.14,0,8.08,8.14,0,8.08,true,9.67,0,8.03,9.67,0,8.03,true,false,true,9.67,0,1.05,9.67,0,1.05
875,2026-04-01 12:55:00,2026-04-01,12:55:00,6600,6598,6602,from_above,false,6603.48,6603.56,6604.58,6601.82,6603.14,3.14,true,8.14,0,8.08,8.14,0,8.08,true,9.67,0,8.57,9.67,0,8.57,true,9.67,0,7.82,9.67,0,7.82,true,false,true,9.67,7,-7,9.67,7,-7
876,2026-04-01 13:45:00,2026-04-01,13:45:00,6600,6598,6602,from_above,false,6603.18,6603.29,6605.02,6600.63,6601.05,1.05,true,2.28,0.53,0.37,2.28,0.53,0.37,true,2.28,18.19,-15.71,2.28,18.19,-15.71,true,2.28,29.48,-26.62,2.28,29.48,-26.62,false,false,true,2.28,38.63,-28.71,2.28,38.63,-28.71
877,2026-04-01 13:50:00,2026-04-01,13:50:00,6600,6598,6602,continuation_in_zone,true,6601.05,6601.1,6602.28,6599.47,6600.37,,true,1.19,7,-7,,,,true,1.19,18.19,-14.61,,,,true,1.19,35.17,-34.34,,,,,,true,1.19,38.63,-29.92,,,
878,2026-04-01 13:55:00,2026-04-01,13:55:00,6600,6598,6602,continuation_in_zone,true,6600.37,6600.43,6601.19,6593,6593,,true,0,18.19,-15.71,,,,true,0,18.19,-16.02,,,,true,0,36.16,-33.25,,,,,,true,0,38.63,-31.94,,,
879,2026-04-02 09:30:00,2026-04-02,09:30:00,6500,6498,6502,from_below,false,6575.33,6496.17,6500.55,6487.29,6493.93,6.07,true,0,23.14,-23.14,23.14,0,23.14,true,0,25.06,-5.93,25.06,0,5.93,true,23.98,25.06,14.68,25.06,23.98,-14.68,true,true,true,46.69,25.06,46.19,25.06,46.69,-46.19
880,2026-04-02 09:50:00,2026-04-02,09:50:00,6500,6498,6502,from_below,false,6494.07,6494.05,6512.29,6492.76,6511.16,-11.16,true,22.24,0,20.61,0,22.24,-20.61,true,26.03,0,23.08,0,26.03,-23.08,true,33.95,0,31.4,0,33.95,-31.4,false,false,true,101.91,0,71.1,0,101.91,-71.1
881,2026-04-02 10:35:00,2026-04-02,10:35:00,6550,6548,6552,from_below,false,6546.19,6546.29,6601.91,6546.29,6589.62,-39.62,true,39.62,0,34.81,0,39.62,-34.81,true,39.62,0,21.1,0,39.62,-21.1,true,39.62,0,22.07,0,39.62,-22.07,false,false,true,39.62,0,26.11,0,39.62,-26.11
882,2026-04-02 10:35:00,2026-04-02,10:35:00,6600,6598,6602,from_below,false,6546.19,6546.29,6601.91,6546.29,6589.62,10.38,true,0,31.27,-15.19,31.27,0,15.19,true,0,41.36,-28.9,41.36,0,28.9,true,0,41.36,-27.93,41.36,0,27.93,true,true,true,0,41.36,-23.89,41.36,0,23.89
883,2026-04-02 12:15:00,2026-04-02,12:15:00,6550,6548,6552,from_above,false,6558.36,6558.41,6560.23,6549.46,6549.57,-0.43,true,4.29,3.68,0.04,4.29,3.68,0.04,true,13.56,3.68,10.29,13.56,3.68,10.29,true,22.22,3.68,16.42,22.22,3.68,16.42,true,true,true,22.22,3.68,19.43,22.22,3.68,19.43
884,2026-04-02 12:20:00,2026-04-02,12:20:00,6550,6548,6552,continuation_in_zone,true,6549.57,6549.48,6554.29,6546.32,6550.04,,true,5.68,2.26,1.8,,,,true,13.56,2.26,6.63,,,,true,22.22,2.26,17.38,,,,,,true,23.44,2.26,22.77,,,
885,2026-04-02 12:25:00,2026-04-02,12:25:00,6550,6548,6552,continuation_in_zone,true,6550.04,6549.77,6555.68,6547.74,6551.8,,true,13.56,0.07,10.29,,,,true,22.22,0.07,16.63,,,,true,22.22,0.07,10.21,,,,,,true,23.85,0.07,20.31,,,
886,2026-04-02 12:30:00,2026-04-02,12:30:00,6550,6548,6552,continuation_in_zone,true,6551.8,6551.76,6563.56,6549.93,6560.29,,true,11.97,0,6.63,,,,true,22.22,0,16.42,,,,true,22.22,0,12.66,,,,,,true,23.85,0,17.61,,,
887,2026-04-02 12:35:00,2026-04-02,12:35:00,6550,6548,6552,from_above,true,6560.29,6560.33,6561.97,6550.88,6556.63,6.63,true,22.22,0,16.63,22.22,0,16.63,true,22.22,0,17.38,22.22,0,17.38,true,22.22,0,11.56,22.22,0,11.56,true,true,true,23.85,0,16.86,23.85,0,16.86
888,2026-04-02 13:45:00,2026-04-02,13:45:00,6550,6548,6552,from_above,false,6566.14,6566.14,6566.73,6551.68,6551.84,1.84,true,6.25,0,6.11,6.25,0,6.11,true,12.72,0,12.72,12.72,0,12.72,true,17.49,0,14.04,17.49,0,14.04,true,true,true,20.1,0,19.03,20.1,0,19.03
889,2026-04-02 13:50:00,2026-04-02,13:50:00,6550,6548,6552,continuation_in_zone,true,6551.84,6551.82,6556.25,6550.78,6556.11,,true,8.17,0,6.29,,,,true,17.49,0,14,,,,true,17.49,0,11.43,,,,,,true,23.65,0,21.13,,,
890,2026-04-06 09:35:00,2026-04-06,09:35:00,6600,6598,6602,from_below,false,6596.95,6597.28,6602.17,6579.95,6589.71,10.29,true,0,16.11,-7.94,16.11,0,7.94,true,2.74,16.11,0.08,16.11,2.74,-0.08,true,18.13,16.16,-5.26,16.16,18.13,5.26,false,true,true,18.13,16.16,-5.58,16.16,18.13,5.58
891,2026-04-06 09:45:00,2026-04-06,09:45:00,6600,6598,6602,from_below,false,6592.06,6591.91,6601.9,6591.64,6594.9,5.1,true,2.74,6.85,0.08,6.85,2.74,-0.08,true,18.13,12.27,-12.21,12.27,18.13,12.21,true,18.13,16.16,6.76,16.16,18.13,-6.76,false,true,true,18.13,16.16,-9.47,16.16,18.13,9.47
892,2026-04-06 09:50:00,2026-04-06,09:50:00,6600,6598,6602,from_below,true,6594.9,6594.51,6602.74,6593.15,6600.08,-0.08,true,8.11,2.66,8.11,2.66,8.11,-8.11,true,18.13,16.16,-5.26,16.16,18.13,5.26,true,18.13,16.16,10.29,16.16,18.13,-10.29,false,true,true,18.13,16.16,-3.38,16.16,18.13,3.38
893,2026-04-06 09:55:00,2026-04-06,09:55:00,6600,6598,6602,continuation_in_zone,true,6600.08,6599.91,6608.11,6597.34,6608.11,,true,18.13,12.27,-12.21,,,,true,18.13,16.16,3.61,,,,true,18.13,16.16,7.25,,,,,,true,18.13,16.16,-0.96,,,
894,2026-04-06 10:00:00,2026-04-06,10:00:00,6600,6598,6602,from_above,true,6608.11,6608.43,6618.13,6587.73,6587.79,-12.21,true,0,16.16,-5.26,0,16.16,-5.26,true,8,16.16,6.76,8,16.16,6.76,true,13.23,16.16,8.04,13.23,16.16,8.04,false,true,true,13.23,16.16,-1.16,13.23,16.16,-1.16
895,2026-04-06 10:10:00,2026-04-06,10:10:00,6600,6598,6602,from_below,false,6594.74,6594.87,6604.16,6588.34,6603.61,-3.61,true,8,0.21,6.76,0.21,8,-6.76,true,12.69,0.21,7.25,0.21,12.69,-7.25,true,13.23,7.98,0.29,7.98,13.23,-0.29,false,false,true,13.23,10.02,-1.77,10.02,13.23,1.77
896,2026-04-06 10:15:00,2026-04-06,10:15:00,6600,6598,6602,from_above,true,6603.61,6603.9,6608,6599.79,6606.76,6.76,true,12.69,0,10.29,12.69,0,10.29,true,13.23,0,8.04,13.23,0,8.04,true,13.23,10.02,-9.47,13.23,10.02,-9.47,true,true,true,13.23,10.02,-3.05,13.23,10.02,-3.05
897,2026-04-06 10:35:00,2026-04-06,10:35:00,6600,6598,6602,from_above,false,6608.04,6607.99,6611.13,6592.02,6594.42,-5.58,true,5.73,5.82,0.29,5.73,5.82,0.29,true,5.73,10.02,-3.38,5.73,10.02,-3.38,true,5.73,10.02,0.41,5.73,10.02,0.41,false,false,true,5.73,12.56,-6.87,5.73,12.56,-6.87
898,2026-04-06 10:40:00,2026-04-06,10:40:00,6600,6598,6602,from_below,true,6594.42,6594.55,6605.73,6594.18,6600.29,-0.29,true,0.34,10.02,-9.47,10.02,0.34,9.47,true,2.22,10.02,-0.96,10.02,2.22,0.96,true,3.49,10.02,-1.77,10.02,3.49,1.77,true,true,true,3.49,12.56,-5.16,12.56,3.49,5.16
899,2026-04-06 10:45:00,2026-04-06,10:45:00,6600,6598,6602,continuation_in_zone,true,6600.29,6600.34,6600.34,6589.98,6590.53,,true,0,9.47,-3.38,,,,true,3.49,9.47,-1.16,,,,true,3.49,9.47,-3.05,,,,,,true,3.49,12.56,-2.18,,,
900,2026-04-06 10:50:00,2026-04-06,10:50:00,6600,6598,6602,from_below,true,6590.53,6590.7,6598.55,6590.7,6596.62,3.38,true,2.22,5.92,-0.96,5.92,2.22,0.96,true,3.49,5.92,0.41,5.92,3.49,-0.41,true,3.49,6.95,-5.81,6.95,3.49,5.81,true,false,true,3.49,12.56,1.91,12.56,3.49,-1.91
901,2026-04-06 10:55:00,2026-04-06,10:55:00,6600,6598,6602,from_below,true,6596.62,6596.6,6602.22,6594.08,6599.04,0.96,true,3.49,5.03,-1.16,5.03,3.49,1.16,true,3.49,5.18,-1.77,5.18,3.49,1.77,true,3.49,9.53,-6.72,9.53,3.49,6.72,true,false,true,3.49,12.56,2.52,12.56,3.49,-2.52
902,2026-04-06 11:00:00,2026-04-06,11:00:00,6600,6598,6602,continuation_in_zone,true,6599.04,6599,6603.49,6594.97,6598.84,,true,1.47,4.63,0.41,,,,true,1.47,5.18,-3.05,,,,true,1.47,12.23,-7.38,,,,,,true,3.67,12.56,-1.54,,,
903,2026-04-06 11:05:00,2026-04-06,11:05:00,6600,6598,6602,continuation_in_zone,true,6598.84,6598.83,6601.47,6595.37,6600.41,,true,0.47,5.18,-1.77,,,,true,0.56,6.95,-5.81,,,,true,0.56,12.56,-6.87,,,,,,true,3.67,12.56,-3.49,,,
904,2026-04-06 11:10:00,2026-04-06,11:10:00,6600,6598,6602,continuation_in_zone,true,6600.41,6600.47,6600.47,6594.82,6598.23,,true,0.56,4.3,-3.05,,,,true,0.56,9.53,-6.72,,,,true,0.56,12.56,-5.16,,,,,,true,3.67,12.56,-0.31,,,
905,2026-04-06 11:15:00,2026-04-06,11:15:00,6600,6598,6602,continuation_in_zone,true,6598.23,6598.19,6600.56,6595.7,6596.95,,true,0,6.95,-5.81,,,,true,0,12.23,-7.38,,,,true,0,12.56,-2.18,,,,,,true,3.67,12.56,-0.62,,,
906,2026-04-06 11:20:00,2026-04-06,11:20:00,6600,6598,6602,from_below,true,6596.95,6597.03,6598.66,6593.05,6594.19,5.81,true,0,9.53,-6.72,9.53,0,6.72,true,0,12.56,-6.87,12.56,0,6.87,true,2.93,12.56,1.91,12.56,2.93,-1.91,true,true,true,3.67,12.56,0.82,12.56,3.67,-0.82
907,2026-04-06 11:45:00,2026-04-06,11:45:00,6600,6598,6602,from_below,false,6594.84,6594.78,6598.92,6593.37,6597.82,2.18,true,2.93,3.12,1.91,3.12,2.93,-1.91,true,3.67,3.12,-1.54,3.12,3.67,1.54,true,3.67,3.83,-0.62,3.83,3.67,0.62,true,false,true,8.18,3.83,7.27,3.83,8.18,-7.27
908,2026-04-06 11:50:00,2026-04-06,11:50:00,6600,6598,6602,continuation_in_zone,true,6597.82,6598.11,6602.93,6596.88,6601.91,,true,2.58,1.14,2.52,,,,true,3.67,3.49,-3.49,,,,true,3.67,3.83,0.82,,,,,,true,8.18,3.83,3.93,,,
909,2026-04-06 11:55:00,2026-04-06,11:55:00,6600,6598,6602,from_above,true,6601.91,6602.09,6602.58,6598.86,6602.52,2.52,true,3.67,1.59,-1.54,3.67,1.59,-1.54,true,3.67,3.83,-0.31,3.67,3.83,-0.31,true,3.67,3.83,1.61,3.67,3.83,1.61,false,false,true,8.18,3.83,2.89,8.18,3.83,2.89
910,2026-04-06 12:00:00,2026-04-06,12:00:00,6600,6598,6602,from_above,true,6602.52,6602.5,6603.67,6598.41,6598.46,-1.54,true,0.86,3.49,-3.49,0.86,3.49,-3.49,true,1.37,3.83,-0.62,1.37,3.83,-0.62,true,3.79,3.83,3.71,3.79,3.83,3.71,false,false,true,8.18,7.75,-2.96,8.18,7.75,-2.96
911,2026-04-06 12:05:00,2026-04-06,12:05:00,6600,6598,6602,continuation_in_zone,true,6598.46,6598.52,6600.86,6596.51,6596.51,,true,0,3.83,-0.31,,,,true,2.04,3.83,0.82,,,,true,8.18,3.83,5.21,,,,,,true,8.18,7.75,-3.8,,,
912,2026-04-06 12:10:00,2026-04-06,12:10:00,6600,6598,6602,from_below,true,6596.51,6596.51,6600,6596.17,6599.69,0.31,true,1.37,1.64,-0.62,1.64,1.37,0.62,true,3.12,1.99,1.61,1.99,3.12,-1.61,true,8.18,1.99,6.54,1.99,8.18,-6.54,false,false,true,8.18,20.28,-16.31,20.28,8.18,16.31
913,2026-04-06 12:15:00,2026-04-06,12:15:00,6600,6598,6602,continuation_in_zone,true,6599.69,6599.7,6601.37,6598.36,6599.38,,true,2.04,1.99,0.82,,,,true,3.79,1.99,3.71,,,,true,8.18,1.99,7.27,,,,,,true,8.18,20.28,-11.54,,,
914,2026-04-06 12:20:00,2026-04-06,12:20:00,6600,6598,6602,continuation_in_zone,true,6599.38,6599.49,6602.04,6598.01,6600.82,,true,3.12,0,1.61,,,,true,8.18,0.12,5.21,,,,true,8.18,0.12,3.93,,,,,,true,8.18,20.28,-4.29,,,
915,2026-04-06 12:25:00,2026-04-06,12:25:00,6600,6598,6602,continuation_in_zone,true,6600.82,6600.85,6603.12,6600.31,6601.61,,true,3.79,0.12,3.71,,,,true,8.18,0.12,6.54,,,,true,8.18,0.12,2.89,,,,,,true,8.18,20.28,-2.14,,,
916,2026-04-06 12:30:00,2026-04-06,12:30:00,6600,6598,6602,continuation_in_zone,true,6601.61,6601.68,6603.79,6599.88,6603.71,,true,8.18,0,5.21,,,,true,8.18,0,7.27,,,,true,8.18,7.75,-2.96,,,,,,true,8.18,20.28,-1.32,,,
917,2026-04-06 12:55:00,2026-04-06,12:55:00,6600,6598,6602,from_above,false,6603.93,6603.9,6604.28,6600.61,6602.89,2.89,true,3.42,7.75,-2.96,3.42,7.75,-2.96,true,3.42,20.28,-16.31,3.42,20.28,-16.31,true,3.42,20.28,-2.14,3.42,20.28,-2.14,false,false,true,3.42,20.28,-11.11,3.42,20.28,-11.11
918,2026-04-06 13:00:00,2026-04-06,13:00:00,6600,6598,6602,from_above,true,6602.89,6602.98,6603.42,6592.25,6597.04,-2.96,true,0,6.31,-3.8,0,6.31,-3.8,true,0,20.28,-11.54,0,20.28,-11.54,true,2.43,20.28,-1.32,2.43,20.28,-1.32,false,false,true,2.43,20.28,-12.57,2.43,20.28,-12.57
919,2026-04-06 13:05:00,2026-04-06,13:05:00,6600,6598,6602,from_below,true,6597.04,6597.17,6598.18,6593.69,6596.2,3.8,true,0,20.28,-16.31,20.28,0,16.31,true,0,20.28,-4.29,20.28,0,4.29,true,2.43,20.28,-4.1,20.28,2.43,4.1,true,true,true,2.43,20.28,-8.85,20.28,2.43,8.85
920,2026-04-06 13:25:00,2026-04-06,13:25:00,6600,6598,6602,from_below,false,6595.71,6595.79,6598.61,6594.14,6597.86,2.14,true,2.43,3.92,-1.32,3.92,2.43,1.32,true,2.43,7.58,-5.1,7.58,2.43,5.1,true,2.43,11.69,-11.11,11.69,2.43,11.11,true,true,true,9.41,13.48,6.43,13.48,9.41,-6.43
921,2026-04-06 13:30:00,2026-04-06,13:30:00,6600,6598,6602,from_below,true,6597.86,6597.98,6602.43,6596.08,6598.68,1.32,true,0.42,5.17,-4.1,5.17,0.42,4.1,true,0.42,9.84,-8.28,9.84,0.42,8.28,true,0.42,13.48,-12.57,13.48,0.42,12.57,true,true,true,9.41,13.48,3.18,13.48,9.41,-3.18
922,2026-04-06 13:35:00,2026-04-06,13:35:00,6600,6598,6602,continuation_in_zone,true,6598.68,6598.52,6600.42,6594.83,6595.9,,true,0,7.58,-5.1,,,,true,0,11.24,-10.2,,,,true,0,13.48,-8.85,,,,,,true,9.41,13.48,2.9,,,
923,2026-04-06 14:10:00,2026-04-06,14:10:00,6600,6598,6602,from_below,false,6591.15,6591.08,6601.61,6591.08,6596.71,3.29,true,4.14,3.36,3.64,3.36,4.14,-3.64,true,9.41,3.36,6.43,3.36,9.41,-6.43,true,9.41,3.36,2.82,3.36,9.41,-2.82,false,false,true,9.41,3.36,4.96,3.36,9.41,-4.96
924,2026-04-06 14:15:00,2026-04-06,14:15:00,6600,6598,6602,from_below,true,6596.71,6596.71,6604.14,6596.64,6603.64,-3.64,true,9.41,0,7.83,0,9.41,-7.83,true,9.41,0,3.18,0,9.41,-3.18,true,9.41,0,5.03,0,9.41,-5.03,false,false,true,9.41,0,4.27,0,9.41,-4.27
925,2026-04-06 14:30:00,2026-04-06,14:30:00,6600,6598,6602,from_above,false,6606.43,6606.4,6608.72,6601.72,6603.18,3.18,true,5.5,0,2.9,5.5,0,2.9,true,5.93,0,5.03,5.93,0,5.03,true,7.57,0,7.44,7.57,0,7.44,true,false,true,7.81,0,4.81,7.81,0,4.81
926,2026-04-06 14:40:00,2026-04-06,14:40:00,6600,6598,6602,from_above,false,6602.9,6602.84,6603.24,6601.56,6602.82,2.82,true,5.93,0,5.03,5.93,0,5.03,true,7.57,0,7.03,7.57,0,7.03,true,7.81,0,4.96,7.81,0,4.96,true,false,true,7.81,0,6.3,7.81,0,6.3
927,2026-04-07 09:30:00,2026-04-07,09:30:00,6600,6598,6602,from_above,false,6611.82,6601.93,6601.93,6581.91,6582.5,-17.5,true,0,24.01,-22.51,0,24.01,-22.51,true,0,33.99,-30.77,0,33.99,-30.77,true,0,43.43,-42.36,0,43.43,-42.36,false,false,true,0,56.84,-29.52,0,56.84,-29.52
928,2026-04-07 10:05:00,2026-04-07,10:05:00,6550,6548,6552,from_above,false,6557.64,6558.07,6558.07,6543.16,6546.57,-3.43,true,1.75,3.43,1.34,1.75,3.43,1.34,true,20.09,3.43,18.97,20.09,3.43,18.97,true,25.59,3.43,16.59,25.59,3.43,16.59,true,true,true,25.59,15.45,-13.06,25.59,15.45,-13.06
929,2026-04-07 10:10:00,2026-04-07,10:10:00,6550,6548,6552,from_below,true,6546.57,6547.29,6551.75,6547.29,6551.34,-1.34,true,7.22,0,5.32,0,7.22,-5.32,true,20.09,0,17.52,0,20.09,-17.52,true,25.59,0,14.29,0,25.59,-14.29,false,false,true,25.59,15.45,-6.93,15.45,25.59,6.93
930,2026-04-07 10:15:00,2026-04-07,10:15:00,6550,6548,6552,continuation_in_zone,true,6551.34,6551.18,6557.22,6550.34,6555.32,,true,20.09,0,18.97,,,,true,25.59,0,20.48,,,,true,25.59,0,15.22,,,,,,true,25.59,15.45,3.53,,,
931,2026-04-07 10:55:00,2026-04-07,10:55:00,6550,6548,6552,from_above,false,6561.52,6561.63,6561.63,6549.67,6549.67,-0.33,true,0,8.09,-7.71,0,8.09,-7.71,true,0,15.45,-6.93,0,15.45,-6.93,true,10.28,15.45,5.48,10.28,15.45,5.48,false,true,true,15.11,15.45,11.32,15.11,15.45,11.32
932,2026-04-07 11:00:00,2026-04-07,11:00:00,6550,6548,6552,continuation_in_zone,true,6549.67,6549.72,6549.72,6541.91,6542.29,,true,0,15.45,-13.06,,,,true,10.28,15.45,3.53,,,,true,10.28,15.45,6.87,,,,,,true,42.34,15.45,28.99,,,
933,2026-04-07 11:15:00,2026-04-07,11:15:00,6550,6548,6552,from_below,false,6543.07,6543.72,6560.28,6542.15,6553.53,-3.53,true,3.75,1.76,-1.64,1.76,3.75,1.64,true,8.01,1.76,6.87,1.76,8.01,-6.87,true,10.27,1.76,3.36,1.76,10.27,-3.36,false,false,true,42.34,1.76,25.95,1.76,42.34,-25.95
934,2026-04-07 11:20:00,2026-04-07,11:20:00,6550,6548,6552,from_above,true,6553.53,6553.52,6553.75,6548.24,6548.36,-1.64,true,5.79,1.67,5.48,5.79,1.67,5.48,true,10.27,1.67,3.95,10.27,1.67,3.95,true,10.27,1.67,6.42,10.27,1.67,6.42,true,true,true,42.34,1.67,31.09,42.34,1.67,31.09
935,2026-04-07 11:25:00,2026-04-07,11:25:00,6550,6548,6552,continuation_in_zone,true,6548.36,6548.42,6555.79,6548.33,6555.48,,true,8.01,0,6.87,,,,true,10.27,0,0.46,,,,true,15.11,0,11.32,,,,,,true,42.34,0,33.54,,,
936,2026-04-07 11:40:00,2026-04-07,11:40:00,6550,6548,6552,from_above,false,6553.95,6553.88,6554.78,6550.05,6550.46,0.46,true,5.05,0,3.36,5.05,0,3.36,true,15.11,0,11.32,15.11,0,11.32,true,42.34,0,25.65,42.34,0,25.65,true,true,true,42.34,0,33.86,42.34,0,33.86
937,2026-04-07 11:45:00,2026-04-07,11:45:00,6550,6548,6552,continuation_in_zone,true,6550.46,6550.5,6555.05,6550.21,6553.36,,true,6.44,0,6.42,,,,true,42.34,0,28.99,,,,true,42.34,0,25.95,,,,,,true,42.34,0,38.92,,,
938,2026-04-07 11:50:00,2026-04-07,11:50:00,6550,6548,6552,from_above,true,6553.36,6553.42,6556.44,6550.18,6556.42,6.42,true,15.11,0,11.32,15.11,0,11.32,true,42.34,0,21.89,42.34,0,21.89,true,42.34,0,31.09,42.34,0,31.09,true,true,true,42.34,0,39.34,42.34,0,39.34
939,2026-04-07 13:35:00,2026-04-07,13:35:00,6600,6598,6602,from_below,false,6591.11,6591.18,6606.32,6591.18,6598.83,1.17,true,0,8.96,-8.38,8.96,0,8.38,true,0,11.67,-6.62,11.67,0,6.62,true,0,14.51,-12.77,14.51,0,12.77,true,true,true,0,18.16,-17.34,18.16,0,17.34
940,2026-04-07 13:40:00,2026-04-07,13:40:00,6600,6598,6602,continuation_in_zone,true,6598.83,6598.86,6598.86,6591.04,6591.62,,true,0,11.67,-8.17,,,,true,0,11.67,-9.08,,,,true,0,15.17,-11.79,,,,,,true,0,24.33,-21.46,,,
941,2026-04-07 15:20:00,2026-04-07,15:20:00,6600,6598,6602,from_below,false,6595.63,6595.28,6603.97,6584.86,6589.62,10.38,true,0,16.13,-9.74,16.13,0,9.74,true,0,16.88,-16.41,16.88,0,16.41,true,13.09,17.43,7.77,17.43,13.09,-7.77,true,true,false,18.26,17.43,,17.43,18.26,
942,2026-04-07 15:45:00,2026-04-07,15:45:00,6600,6598,6602,from_below,false,6591.4,6591.26,6613.09,6588.38,6600.23,-0.23,true,10.77,0,7.77,0,10.77,-7.77,true,18.26,0,16.84,0,18.26,-16.84,false,18.26,0,,0,18.26,,,,false,18.26,0,,0,18.26,
943,2026-04-07 15:50:00,2026-04-07,15:50:00,6600,6598,6602,from_above,true,6600.23,6604.37,6610.77,6601.71,6607.77,7.77,true,18.26,0,18.26,18.26,0,18.26,false,18.26,0,,18.26,0,,false,18.26,0,,18.26,0,,,,false,18.26,0,,18.26,0,
944,2026-04-08 10:45:00,2026-04-08,10:45:00,6750,6748,6752,from_above,false,6757.89,6757.88,6759.73,6751.69,6758.33,8.33,true,8.73,0,4.95,8.73,0,4.95,true,13.1,9.72,10.85,13.1,9.72,10.85,true,13.1,9.72,8.4,13.1,9.72,8.4,true,true,true,22.66,9.72,22.36,22.66,9.72,22.36
945,2026-04-08 10:50:00,2026-04-08,10:50:00,6750,6748,6752,from_above,true,6758.33,6758.73,6758.73,6750.76,6754.95,4.95,true,4.95,9.72,2.44,4.95,9.72,2.44,true,13.1,9.72,1.1,13.1,9.72,1.1,true,13.1,9.72,9.35,13.1,9.72,9.35,true,true,true,24.65,9.72,23.42,24.65,9.72,23.42
946,2026-04-08 10:55:00,2026-04-08,10:55:00,6750,6748,6752,from_above,true,6754.95,6754.84,6754.84,6740.28,6752.44,2.44,true,13.1,0,10.85,13.1,0,10.85,true,13.1,0.95,5.69,13.1,0.95,5.69,true,13.1,0.95,4.58,13.1,0.95,4.58,true,true,true,24.95,0.95,22.99,24.95,0.95,22.99
947,2026-04-08 11:05:00,2026-04-08,11:05:00,6750,6748,6752,from_above,false,6760.85,6760.68,6761.36,6750.88,6751.1,1.1,true,7.01,0.95,5.69,7.01,0.95,5.69,true,9.38,0.95,9.35,9.38,0.95,9.35,true,17.07,0.95,16.14,17.07,0.95,16.14,true,true,true,30.66,0.95,26.23,30.66,0.95,26.23
948,2026-04-08 11:10:00,2026-04-08,11:10:00,6750,6748,6752,continuation_in_zone,true,6751.1,6751.09,6757.01,6749.05,6755.69,,true,8.4,0,8.4,,,,true,9.63,0,4.58,,,,true,17.07,0,16,,,,,,true,30.66,0,23.47,,,
949,2026-04-09 11:30:00,2026-04-09,11:30:00,6800,6798,6802,from_below,false,6783.82,6783.76,6803.63,6781.81,6798.61,1.39,true,2.61,7.49,-3.67,7.49,2.61,3.67,true,8.14,7.49,4.85,7.49,8.14,-4.85,true,30.93,7.49,24.43,7.49,30.93,-24.43,false,false,true,30.93,7.49,21.41,7.49,30.93,-21.41
950,2026-04-09 11:35:00,2026-04-09,11:35:00,6800,6798,6802,continuation_in_zone,true,6798.61,6798.37,6802.61,6792.51,6796.33,,true,1.6,3.68,-0.36,,,,true,9.86,3.72,9.86,,,,true,30.93,3.72,23.21,,,,,,true,30.93,3.72,17.92,,,
951,2026-04-09 11:40:00,2026-04-09,11:40:00,6800,6798,6802,from_below,true,6796.33,6796.32,6801.6,6796.32,6799.64,0.36,true,8.14,3.72,4.85,3.72,8.14,-4.85,true,13.26,3.72,12.8,3.72,13.26,-12.8,true,30.93,3.72,19.71,3.72,30.93,-19.71,false,false,true,30.93,3.72,17.36,3.72,30.93,-17.36
952,2026-04-09 11:45:00,2026-04-09,11:45:00,6800,6798,6802,continuation_in_zone,true,6799.64,6799.52,6808.14,6796.28,6804.85,,true,9.86,0,9.86,,,,true,30.93,0,24.43,,,,true,30.93,0,26.97,,,,,,true,30.93,0,15.5,,,
953,2026-04-13 09:30:00,2026-04-13,09:30:00,6800,6798,6802,from_above,false,6816.9,6800.98,6803.76,6794.68,6798.43,-1.57,true,0,9.58,-3.95,0,9.58,-3.95,true,11.7,9.98,11.41,11.7,9.98,11.41,true,23.15,9.98,17.63,23.15,9.98,17.63,true,true,true,23.15,9.98,21.8,23.15,9.98,21.8
954,2026-04-13 09:35:00,2026-04-13,09:35:00,6800,6798,6802,continuation_in_zone,true,6798.43,6798.51,6798.51,6790.42,6796.05,,true,0,7.66,-6.97,,,,true,16.54,9.98,10.59,,,,true,23.15,9.98,17.89,,,,,,true,23.15,9.98,18.83,,,
955,2026-04-13 09:45:00,2026-04-13,09:45:00,6800,6798,6802,from_below,false,6793.03,6793.04,6811.7,6790.02,6811.41,-11.41,true,16.54,0,10.59,0,16.54,-10.59,true,23.15,0,17.63,0,23.15,-17.63,true,23.15,0,13.13,0,23.15,-13.13,false,false,true,24.61,0,20.08,0,24.61,-20.08
956,2026-04-13 12:50:00,2026-04-13,12:50:00,6850,6848,6852,from_below,false,6844.65,6844.69,6851.79,6844.26,6845.29,4.71,true,0,6.97,-2.95,6.97,0,2.95,true,0,6.97,-3.64,6.97,0,3.64,true,1.29,6.97,-2.9,6.97,1.29,2.9,true,false,true,1.29,7.41,-4.05,7.41,1.29,4.05
957,2026-04-13 13:00:00,2026-04-13,13:00:00,6850,6848,6852,from_below,false,6847.05,6847.12,6849.25,6846.07,6848.55,1.45,true,0,5.15,-3.64,5.15,0,3.64,true,1.29,5.15,-0.06,5.15,1.29,0.06,true,1.29,5.15,-2.43,5.15,1.29,2.43,true,false,true,1.29,7.41,-1.99,7.41,1.29,1.99
958,2026-04-13 13:05:00,2026-04-13,13:05:00,6850,6848,6852,continuation_in_zone,true,6848.55,6848.59,6849.23,6844.85,6846.36,,true,0,4.2,-2.97,,,,true,1.29,4.2,-2.9,,,,true,1.29,4.76,-3.01,,,,,,true,1.29,7.41,-1,,,
959,2026-04-13 13:15:00,2026-04-13,13:15:00,6850,6848,6852,from_below,false,6847.03,6846.99,6851.29,6846.65,6849.94,0.06,true,0.07,2.99,-2.9,2.99,0.07,2.9,true,0.64,3.04,-2.43,3.04,0.64,2.43,true,0.64,5.91,-5.38,5.91,0.64,5.38,true,false,true,0.64,7.41,-1.38,7.41,0.64,1.38
960,2026-04-13 13:20:00,2026-04-13,13:20:00,6850,6848,6852,continuation_in_zone,true,6849.94,6850.07,6850.07,6847.01,6847.1,,true,0,3.04,-1.05,,,,true,0.64,4.76,-3.01,,,,true,0.64,7.41,-4.05,,,,,,true,0.64,7.41,-2.16,,,
961,2026-04-13 13:25:00,2026-04-13,13:25:00,6850,6848,6852,from_below,true,6847.1,6847.14,6848.96,6846.96,6848.95,1.05,true,0.64,2.6,-2.43,2.6,0.64,2.43,true,0.64,4.81,-4.63,4.81,0.64,4.63,true,0.64,7.41,-4.73,7.41,0.64,4.73,true,false,true,0.64,7.41,-2.63,7.41,0.64,2.63
962,2026-04-13 13:30:00,2026-04-13,13:30:00,6850,6848,6852,continuation_in_zone,true,6848.95,6848.98,6850.64,6847.4,6847.57,,true,0,4.76,-3.01,,,,true,0,5.91,-5.38,,,,true,0,7.41,-1.99,,,,,,true,0.13,7.41,-1.18,,,
963,2026-04-13 13:35:00,2026-04-13,13:35:00,6850,6848,6852,from_below,true,6847.57,6847.55,6848.22,6845.24,6846.99,3.01,true,0,4.81,-4.63,4.81,0,4.63,true,0,7.41,-4.05,7.41,0,4.05,true,0,7.41,-1,7.41,0,1,true,false,true,0.55,7.41,0.05,7.41,0.55,-0.05
964,2026-04-13 14:00:00,2026-04-13,14:00:00,6850,6848,6852,from_below,false,6845.27,6845.27,6849.22,6845.27,6848.01,1.99,true,0,2.83,-1,2.83,0,1,true,0.13,2.83,-1.38,2.83,0.13,1.38,true,0.13,3.66,-1.18,3.66,0.13,1.18,true,false,true,9.5,3.66,7.6,3.66,9.5,-7.6
965,2026-04-13 14:05:00,2026-04-13,14:05:00,6850,6848,6852,continuation_in_zone,true,6848.01,6848,6849.32,6847.17,6849,,true,0.03,1.05,-0.41,,,,true,0.13,2.34,-2.16,,,,true,0.55,3.66,0.05,,,,,,true,9.5,3.66,6.73,,,
966,2026-04-13 14:10:00,2026-04-13,14:10:00,6850,6848,6852,continuation_in_zone,true,6849,6849.01,6850.03,6848.95,6849.59,,true,0.13,1.45,-1.38,,,,true,0.13,3.66,-2.63,,,,true,1.95,3.66,1.79,,,,,,true,9.5,3.66,5.73,,,
967,2026-04-13 14:15:00,2026-04-13,14:15:00,6850,6848,6852,continuation_in_zone,true,6849.59,6849.59,6850.13,6848.55,6848.62,,true,0,2.34,-2.16,,,,true,0,3.66,-1.18,,,,true,5.39,3.66,4.82,,,,,,true,9.5,3.66,8.37,,,
968,2026-04-13 14:20:00,2026-04-13,14:20:00,6850,6848,6852,continuation_in_zone,true,6848.62,6848.66,6850,6847.66,6847.84,,true,0,3.66,-2.63,,,,true,0.55,3.66,0.05,,,,true,7.85,3.66,7.21,,,,,,true,11.64,3.66,11.3,,,
969,2026-04-13 14:25:00,2026-04-13,14:25:00,6850,6848,6852,from_below,true,6847.84,6847.79,6848.14,6846.34,6847.37,2.63,true,0,3.35,-1.18,3.35,0,1.18,true,1.95,3.35,1.79,3.35,1.95,-1.79,true,8.37,3.35,7,3.35,8.37,-7,false,false,true,12.11,3.35,11.99,3.35,12.11,-11.99
970,2026-04-13 14:30:00,2026-04-13,14:30:00,6850,6848,6852,from_below,true,6847.37,6847.34,6849.08,6846.65,6848.82,1.18,true,0.55,1.59,0.05,1.59,0.55,-0.05,true,5.39,1.59,4.82,1.59,5.39,-4.82,true,9.5,1.59,7.6,1.59,9.5,-7.6,false,false,true,16.32,1.59,14.84,1.59,16.32,-14.84
971,2026-04-13 14:35:00,2026-04-13,14:35:00,6850,6848,6852,continuation_in_zone,true,6848.82,6849.04,6850.55,6848.41,6850.05,,true,1.95,0.93,1.79,,,,true,7.85,0.93,7.21,,,,true,9.5,0.93,6.73,,,,,,true,18.58,0.93,15.54,,,
972,2026-04-13 14:40:00,2026-04-13,14:40:00,6850,6848,6852,continuation_in_zone,true,6850.05,6850.11,6851.95,6849.07,6851.79,,true,5.39,0,4.82,,,,true,8.37,0,7,,,,true,9.5,0,5.73,,,,,,true,18.58,0,15.37,,,
973,2026-04-13 14:45:00,2026-04-13,14:45:00,6850,6848,6852,continuation_in_zone,true,6851.79,6851.75,6855.39,6851.75,6854.82,,true,7.85,0,7.21,,,,true,9.5,0,7.6,,,,true,9.5,0,8.37,,,,,,true,18.58,0,13.93,,,
974,2026-04-14 11:25:00,2026-04-14,11:25:00,6950,6948,6952,from_below,false,6943.58,6943.56,6948.55,6943.54,6946.45,3.55,true,0.58,3.67,-0.78,3.67,0.58,0.78,true,4.52,3.67,2.61,3.67,4.52,-2.61,true,7.49,3.67,2.94,3.67,7.49,-2.94,false,false,true,11.51,3.67,10.29,3.67,11.51,-10.29
975,2026-04-14 11:30:00,2026-04-14,11:30:00,6950,6948,6952,from_below,true,6946.45,6946.51,6950.58,6946.33,6949.22,0.78,true,2.35,0.8,1.66,0.8,2.35,-1.66,true,5.51,0.8,4.12,0.8,5.51,-4.12,true,7.49,0.8,5.54,0.8,7.49,-5.54,false,false,true,11.72,0.8,7.5,0.8,11.72,-7.5
976,2026-04-14 11:35:00,2026-04-14,11:35:00,6950,6948,6952,continuation_in_zone,true,6949.22,6949.23,6952.35,6949.2,6951.66,,true,4.52,0.26,2.61,,,,true,7.49,0.26,7.24,,,,true,7.49,0.26,4.96,,,,,,true,11.72,0.26,8.44,,,
977,2026-04-14 11:40:00,2026-04-14,11:40:00,6950,6948,6952,continuation_in_zone,true,6951.66,6951.59,6954.52,6949.74,6952.61,,true,5.51,0,4.12,,,,true,7.49,0,2.94,,,,true,7.49,0,4.57,,,,,,true,11.72,0,9.23,,,
978,2026-04-14 14:20:00,2026-04-14,14:20:00,6950,6948,6952,from_above,false,6953.65,6953.74,6954.94,6946.64,6946.89,-3.11,true,2.07,4.2,-0.05,2.07,4.2,-0.05,true,4.05,4.2,4.01,4.05,4.2,4.01,true,5.59,4.2,0.38,5.59,4.2,0.38,true,false,true,14.85,4.2,14.64,14.85,4.2,14.64
979,2026-04-14 14:25:00,2026-04-14,14:25:00,6950,6948,6952,from_below,true,6946.89,6947.13,6952.07,6945.8,6949.95,0.05,true,2.39,0.41,0.83,0.41,2.39,-0.83,true,5.59,0.53,-0.13,0.53,5.59,0.13,true,5.59,2.5,1.55,2.5,5.59,-1.55,false,false,true,16.87,2.5,16.65,2.5,16.87,-16.65
980,2026-04-14 14:30:00,2026-04-14,14:30:00,6950,6948,6952,continuation_in_zone,true,6949.95,6949.92,6952.39,6949.59,6950.83,,true,4.05,0,4.01,,,,true,5.59,2.5,-1.5,,,,true,6.3,2.5,6.09,,,,,,true,19.42,2.5,14.09,,,
981,2026-04-14 14:35:00,2026-04-14,14:35:00,6950,6948,6952,continuation_in_zone,true,6950.83,6950.92,6954.05,6950.92,6954.01,,true,5.59,0.53,-0.13,,,,true,5.59,2.5,0.38,,,,true,8.29,2.5,7.86,,,,,,true,19.42,2.5,17.01,,,
982,2026-04-14 14:40:00,2026-04-14,14:40:00,6950,6948,6952,from_above,true,6954.01,6954.09,6955.59,6949.47,6949.87,-0.13,true,1.56,2.5,-1.5,1.56,2.5,-1.5,true,1.63,2.5,1.55,1.63,2.5,1.55,true,11.54,2.5,9.44,11.54,2.5,9.44,true,true,true,19.42,2.5,14.27,19.42,2.5,14.27
983,2026-04-14 14:45:00,2026-04-14,14:45:00,6950,6948,6952,continuation_in_zone,true,6949.87,6949.91,6951.56,6947.5,6948.5,,true,1.19,2.16,0.38,,,,true,6.3,2.16,6.09,,,,true,12.19,2.16,10.87,,,,,,true,19.42,2.16,14.58,,,
984,2026-04-14 14:50:00,2026-04-14,14:50:00,6950,6948,6952,continuation_in_zone,true,6948.5,6948.5,6951.19,6947.84,6950.38,,true,1.63,0.31,1.55,,,,true,8.29,0.31,7.86,,,,true,14.85,0.31,14.64,,,,,,true,19.42,0.31,9.19,,,
985,2026-04-14 14:55:00,2026-04-14,14:55:00,6950,6948,6952,continuation_in_zone,true,6950.38,6950.38,6951.63,6949.69,6951.55,,true,6.3,0,6.09,,,,true,11.54,0,9.44,,,,true,16.87,0,16.65,,,,,,true,19.42,0,16.77,,,
986,2026-04-14 15:00:00,2026-04-14,15:00:00,6950,6948,6952,continuation_in_zone,true,6951.55,6951.56,6956.3,6950.94,6956.09,,true,8.29,0,7.86,,,,true,12.19,0,10.87,,,,true,19.42,0,14.09,,,,,,true,19.42,0,17.39,,,
987,2026-04-15 11:15:00,2026-04-15,11:15:00,7000,6998,7002,from_below,false,6996.71,6996.87,6998.26,6995.97,6997.68,2.32,true,0,3.45,-2.43,3.45,0,2.43,true,0,7.39,-7,7.39,0,7,true,0,7.45,-1.72,7.45,0,1.72,true,false,true,0,7.79,-0.3,7.79,0,0.3
988,2026-04-15 11:20:00,2026-04-15,11:20:00,7000,6998,7002,from_below,true,6997.68,6997.8,6999.27,6996.55,6997.57,2.43,true,0,2.94,-1.89,2.94,0,1.89,true,0,7.45,-5.04,7.45,0,5.04,true,0,7.45,-3.9,7.45,0,3.9,true,false,true,1.92,7.79,1.51,7.79,1.92,-1.51
989,2026-04-15 11:25:00,2026-04-15,11:25:00,7000,6998,7002,from_below,true,6997.57,6997.81,6999.84,6997.06,6998.11,1.89,true,0,7.39,-7,7.39,0,7,true,0,7.45,-1.59,7.45,0,1.59,true,0,7.45,-5.05,7.45,0,5.05,true,false,true,1.92,7.79,-2.7,7.79,1.92,2.7
990,2026-04-15 11:40:00,2026-04-15,11:40:00,7000,6998,7002,from_below,false,6994.96,6995.01,6999.45,6995.01,6998.41,1.59,true,0,2.59,-1.72,2.59,0,1.72,true,0,7.22,-5.05,7.22,0,5.05,true,0,7.79,-2.1,7.79,0,2.1,true,false,true,1.92,13.44,-13.43,13.44,1.92,13.43
991,2026-04-15 11:45:00,2026-04-15,11:45:00,7000,6998,7002,continuation_in_zone,true,6998.41,6998.3,6999.51,6997.41,6998.28,,true,0,4.01,-3.9,,,,true,0,7.79,-5.26,,,,true,0,7.79,-0.3,,,,,,true,1.92,16.68,-10.07,,,
992,2026-04-15 11:50:00,2026-04-15,11:50:00,7000,6998,7002,continuation_in_zone,true,6998.28,6998.32,6998.89,6995.99,6996.1,,true,0,7.22,-5.05,,,,true,0,7.79,-1.86,,,,true,1.92,7.79,1.51,,,,,,true,1.92,16.73,-15.59,,,
993,2026-04-15 12:05:00,2026-04-15,12:05:00,7000,6998,7002,from_below,false,6994.74,6994.69,6998.26,6993.25,6998.14,1.86,true,0,3.74,-2.1,3.74,0,2.1,true,1.92,3.74,1.51,3.74,1.92,-1.51,true,1.92,5.47,-4.25,5.47,1.92,4.25,true,false,true,1.92,20.05,-4.49,20.05,1.92,4.49
994,2026-04-15 12:10:00,2026-04-15,12:10:00,7000,6998,7002,continuation_in_zone,true,6998.14,6998.13,6998.22,6996.26,6997.9,,true,0,3.69,-0.3,,,,true,1.92,3.69,-2.7,,,,true,1.92,13.44,-13.43,,,,,,true,1.92,20.05,-4.64,,,
995,2026-04-15 12:15:00,2026-04-15,12:15:00,7000,6998,7002,from_below,true,6997.9,6997.86,6999.76,6996.31,6999.7,0.3,true,1.92,0.32,1.51,0.32,1.92,-1.51,true,1.92,5.47,-3.89,5.47,1.92,3.89,true,1.92,16.68,-10.07,16.68,1.92,10.07,true,true,true,1.92,20.05,-3.2,20.05,1.92,3.2
996,2026-04-15 12:20:00,2026-04-15,12:20:00,7000,6998,7002,continuation_in_zone,true,6999.7,6999.68,7001.92,6999.68,7001.51,,true,1.51,2.7,-2.7,,,,true,1.51,5.47,-4.25,,,,true,1.51,16.73,-15.59,,,,,,true,1.51,20.05,-3.48,,,
997,2026-04-15 12:25:00,2026-04-15,12:25:00,7000,6998,7002,continuation_in_zone,true,7001.51,7001.48,7001.48,6997.3,6997.3,,true,0,5.47,-3.89,,,,true,0,13.44,-13.43,,,,true,0,20.05,-11.18,,,,,,true,0,20.05,-1.85,,,
998,2026-04-15 12:35:00,2026-04-15,12:35:00,7000,6998,7002,from_below,false,6996.11,6996.04,6998.74,6995.7,6995.75,4.25,true,0,13.44,-13.43,13.44,0,13.43,true,0,16.73,-15.59,16.73,0,15.59,true,0,20.05,-4.49,20.05,0,4.49,true,true,true,3.82,20.05,0.31,20.05,3.82,-0.31
999,2026-04-15 13:15:00,2026-04-15,13:15:00,7000,6998,7002,from_below,false,6995.36,6995.34,6998.24,6995.15,6996.8,3.2,true,0,5.43,-3.48,5.43,0,3.48,true,1.66,5.43,1.56,5.43,1.66,-1.56,true,3.82,5.43,-0.44,5.43,3.82,0.44,true,false,true,9.86,5.43,7.44,5.43,9.86,-7.44
1000,2026-04-15 13:25:00,2026-04-15,13:25:00,7000,6998,7002,from_below,false,6996.52,6996.5,6999.52,6996.33,6998.15,1.85,true,1.66,2.34,1.56,2.34,1.66,-1.56,true,3.82,3.39,-2.12,3.39,3.82,2.12,true,3.82,3.39,-1.79,3.39,3.82,1.79,false,false,true,9.86,4.29,8.5,4.29,9.86,-8.5
1001,2026-04-15 13:30:00,2026-04-15,13:30:00,7000,6998,7002,from_below,true,6998.15,6997.92,7001.66,6997.66,7001.56,-1.56,true,3.82,0,0.31,0,3.82,-0.31,true,3.82,3.39,-0.44,3.39,3.82,0.44,true,8.45,4.29,3.42,4.29,8.45,-3.42,false,false,true,13.81,4.29,13.76,4.29,13.81,-13.76
1002,2026-04-15 13:35:00,2026-04-15,13:35:00,7000,6998,7002,continuation_in_zone,true,7001.56,7001.53,7003.82,7000.14,7000.31,,true,0.34,3.39,-2.12,,,,true,2.42,3.39,1.18,,,,true,8.45,4.29,4.86,,,,,,true,15.51,4.29,13.38,,,
1003,2026-04-15 13:40:00,2026-04-15,13:40:00,7000,6998,7002,continuation_in_zone,true,7000.31,7000.34,7000.34,6996.61,6997.88,,true,0.67,2.12,-0.44,,,,true,2.42,2.12,-1.79,,,,true,8.45,4.29,7.39,,,,,,true,15.51,4.29,12.42,,,
1004,2026-04-15 13:45:00,2026-04-15,13:45:00,7000,6998,7002,from_below,true,6997.88,6997.92,7000.67,6997.92,6999.56,0.44,true,2.42,0.65,1.18,0.65,2.42,-1.18,true,8.45,4.29,3.42,4.29,8.45,-3.42,true,9.86,4.29,7.44,4.29,9.86,-7.44,false,false,true,16.27,4.29,16.27,4.29,16.27,-16.27
1005,2026-04-15 13:50:00,2026-04-15,13:50:00,7000,6998,7002,continuation_in_zone,true,6999.56,6999.52,7002.42,6999.35,7001.18,,true,2.07,2.11,-1.79,,,,true,8.45,4.29,4.86,,,,true,9.86,4.29,8.63,,,,,,true,19.1,4.29,18.84,,,
1006,2026-04-15 13:55:00,2026-04-15,13:55:00,7000,6998,7002,continuation_in_zone,true,7001.18,7001.26,7002.07,6997.89,6998.21,,true,8.45,4.29,3.42,,,,true,8.45,4.29,7.39,,,,true,9.86,4.29,8.5,,,,,,true,21.66,4.29,20.38,,,
1007,2026-04-15 14:00:00,2026-04-15,14:00:00,7000,6998,7002,continuation_in_zone,true,6998.21,6998.25,7008.45,6995.71,7003.42,,true,5.92,0,4.86,,,,true,9.86,0,7.44,,,,true,13.81,0,13.76,,,,,,true,21.66,0,20.9,,,
1008,2026-04-16 12:00:00,2026-04-16,12:00:00,7050,7048,7052,from_below,false,7046.61,7046.59,7048.79,7046.08,7048.31,1.69,true,0,4.91,-3.03,4.91,0,3.03,true,1.23,4.91,0.8,4.91,1.23,-0.8,true,1.23,23.48,-16.72,23.48,1.23,16.72,true,true,true,1.23,23.48,-20.47,23.48,1.23,20.47
1009,2026-04-16 12:05:00,2026-04-16,12:05:00,7050,7048,7052,continuation_in_zone,true,7048.31,7048.36,7048.87,7045.09,7046.97,,true,0,3.31,-1.43,,,,true,1.23,6.22,-4.43,,,,true,1.23,23.48,-9.86,,,,,,true,1.23,24.86,-20.43,,,
1010,2026-04-16 12:10:00,2026-04-16,12:10:00,7050,7048,7052,from_below,true,7046.97,7047.01,7049.14,7046.69,7048.57,1.43,true,1.23,1.46,0.8,1.46,1.23,-0.8,true,1.23,6.61,-6.36,6.61,1.23,6.36,true,1.23,23.48,-12.5,23.48,1.23,12.5,true,true,true,1.23,25.76,-25.73,25.76,1.23,25.73
1011,2026-04-16 12:15:00,2026-04-16,12:15:00,7050,7048,7052,continuation_in_zone,true,7048.57,7048.58,7051.23,7048.54,7050.8,,true,1.04,6.22,-4.43,,,,true,1.04,23.48,-16.72,,,,true,1.04,23.48,-11.9,,,,,,true,1.04,27.6,-25.12,,,
1012,2026-04-16 12:20:00,2026-04-16,12:20:00,7050,7048,7052,continuation_in_zone,true,7050.8,7050.78,7051.04,7043.78,7045.57,,true,0,6.61,-6.36,,,,true,0,23.48,-9.86,,,,true,0,23.48,-17.59,,,,,,true,0,27.6,-19.24,,,
1013,2026-04-17 09:35:00,2026-04-17,09:35:00,7100,7098,7102,from_below,false,7093.64,7093.8,7100.12,7093.35,7095.2,4.8,true,0,8.94,-4.39,8.94,0,4.39,true,2.61,17.29,1.38,17.29,2.61,-1.38,true,15.48,17.29,15.21,17.29,15.48,-15.21,true,true,true,27.16,17.29,27.16,17.29,27.16,-27.16
1014,2026-04-17 09:45:00,2026-04-17,09:45:00,7100,7098,7102,from_below,false,7095.61,7095.83,7099.13,7082.71,7094.78,5.22,true,2.61,5.94,1.38,5.94,2.61,-1.38,true,13.04,5.94,12.2,5.94,13.04,-12.2,true,17.82,5.94,14.7,5.94,17.82,-14.7,false,false,true,36.86,5.94,36.55,5.94,36.86,-36.55
1015,2026-04-17 09:50:00,2026-04-17,09:50:00,7100,7098,7102,from_below,true,7094.78,7094.96,7102.61,7094.06,7101.38,-1.38,true,8.32,0.57,8.18,0.57,8.32,-8.18,true,15.48,0.57,15.21,0.57,15.48,-15.21,true,17.82,0.57,16.3,0.57,17.82,-16.3,false,false,true,36.88,0.57,33.24,0.57,36.88,-33.24
1016,2026-04-17 09:55:00,2026-04-17,09:55:00,7100,7098,7102,continuation_in_zone,true,7101.38,7101.45,7108.32,7099.43,7108.18,,true,13.04,0,12.2,,,,true,17.82,0,15.58,,,,true,18.04,0,16.26,,,,,,true,36.88,0,29.13,,,
1017,2026-04-20 10:50:00,2026-04-20,10:50:00,7100,7098,7102,from_above,false,7110.1,7110.14,7110.88,7089.67,7100.83,0.83,true,1.11,7.19,-4.95,1.11,7.19,-4.95,true,1.11,15.59,-11.24,1.11,15.59,-11.24,true,3.95,15.59,0.47,3.95,15.59,0.47,false,false,true,7.36,15.59,-1.28,7.36,15.59,-1.28
1018,2026-04-20 10:55:00,2026-04-20,10:55:00,7100,7098,7102,continuation_in_zone,true,7100.83,7101.11,7101.11,7092.81,7095.05,,true,0,11.87,-9.89,,,,true,0,15.59,-9.37,,,,true,7.36,15.59,7.36,,,,,,true,7.36,15.59,-0.29,,,
1019,2026-04-20 11:00:00,2026-04-20,11:00:00,7100,7098,7102,from_below,true,7095.05,7095.01,7099.39,7088.13,7090.11,9.89,true,0,15.59,-11.24,15.59,0,11.24,true,0,15.59,-6.56,15.59,0,6.56,true,7.36,15.59,-0.62,15.59,7.36,0.62,true,true,true,7.36,15.59,-4.61,15.59,7.36,4.61
1020,2026-04-20 11:20:00,2026-04-20,11:20:00,7100,7098,7102,from_below,false,7093.44,7093.43,7103.95,7091.94,7100.47,-0.47,true,7.36,0.25,7.36,0.25,7.36,-7.36,true,7.36,3.34,0.38,3.34,7.36,-0.38,true,7.36,4.81,-1.28,4.81,7.36,1.28,false,false,true,7.36,5.87,0.21,5.87,7.36,-0.21
1021,2026-04-20 11:25:00,2026-04-20,11:25:00,7100,7098,7102,continuation_in_zone,true,7100.47,7100.37,7107.36,7099.75,7107.36,,true,7.36,1.59,-0.62,,,,true,7.36,3.34,-0.9,,,,true,7.36,4.81,-0.29,,,,,,true,7.36,5.87,0.42,,,
1022,2026-04-20 11:30:00,2026-04-20,11:30:00,7100,7098,7102,from_above,true,7107.36,7104.02,7105.58,7098.41,7099.38,-0.62,true,0.57,3.34,0.38,0.57,3.34,0.38,true,3.87,3.34,-0.8,3.87,3.34,-0.8,true,3.87,5.41,-4.61,3.87,5.41,-4.61,false,false,true,4.58,5.87,3.61,4.58,5.87,3.61
1023,2026-04-20 11:35:00,2026-04-20,11:35:00,7100,7098,7102,continuation_in_zone,true,7099.38,7099.5,7100.57,7096.66,7100.38,,true,3.87,1.73,-0.9,,,,true,3.87,4.81,-1.28,,,,true,3.87,5.41,-1.73,,,,,,true,4.58,5.87,-0.79,,,
1024,2026-04-20 11:40:00,2026-04-20,11:40:00,7100,7098,7102,continuation_in_zone,true,7100.38,7100.37,7103.87,7098.27,7099.1,,true,2.07,2.91,-0.8,,,,true,2.07,4.81,-0.29,,,,true,2.07,5.41,-0.18,,,,,,true,4.58,5.87,1.12,,,
1025,2026-04-20 11:45:00,2026-04-20,11:45:00,7100,7098,7102,continuation_in_zone,true,7099.1,7099.31,7102.07,7097.09,7099.2,,true,0,4.81,-1.28,,,,true,1.18,5.41,-4.61,,,,true,1.18,5.87,-0.52,,,,,,true,4.58,5.87,0.87,,,
1026,2026-04-20 11:50:00,2026-04-20,11:50:00,7100,7098,7102,continuation_in_zone,true,7099.2,7099.1,7099.1,7095.19,7098.72,,true,1.18,1.28,-0.29,,,,true,1.18,5.41,-1.73,,,,true,1.83,5.87,0.21,,,,,,true,4.58,5.87,1.03,,,
1027,2026-04-20 11:55:00,2026-04-20,11:55:00,7100,7098,7102,continuation_in_zone,true,7098.72,7098.85,7101.18,7098.85,7099.71,,true,0.54,5.41,-4.61,,,,true,1.17,5.41,-0.18,,,,true,1.83,5.87,0.42,,,,,,true,4.58,5.87,0.23,,,
1028,2026-04-20 12:00:00,2026-04-20,12:00:00,7100,7098,7102,continuation_in_zone,true,7099.71,7099.69,7100.54,7094.59,7095.39,,true,0,5.07,-1.73,,,,true,1.17,5.87,-0.52,,,,true,4.58,5.87,3.61,,,,,,true,4.58,5.87,-1.26,,,
1029,2026-04-20 12:05:00,2026-04-20,12:05:00,7100,7098,7102,from_below,true,7095.39,7095.36,7099.59,7094.93,7098.27,1.73,true,1.17,1.73,-0.18,1.73,1.17,0.18,true,1.83,5.87,0.21,5.87,1.83,-0.21,true,4.58,5.87,-0.79,5.87,4.58,0.79,true,false,true,4.58,5.87,1.79,5.87,4.58,-1.79
1030,2026-04-20 12:10:00,2026-04-20,12:10:00,7100,7098,7102,continuation_in_zone,true,7098.27,7098.35,7101.17,7098.35,7099.82,,true,0.17,5.87,-0.52,,,,true,1.83,5.87,0.42,,,,true,4.58,5.87,1.12,,,,,,true,4.58,5.87,4.19,,,
1031,2026-04-20 12:15:00,2026-04-20,12:15:00,7100,7098,7102,continuation_in_zone,true,7099.82,7099.88,7100.17,7094.13,7099.48,,true,1.83,1.87,0.21,,,,true,4.58,1.87,3.61,,,,true,4.58,2.12,0.87,,,,,,true,7.01,3.11,6.41,,,
1032,2026-04-20 12:20:00,2026-04-20,12:20:00,7100,7098,7102,continuation_in_zone,true,7099.48,7099.46,7101.83,7098.13,7100.21,,true,1.66,0.52,0.42,,,,true,4.58,2.12,-0.79,,,,true,4.58,2.12,1.03,,,,,,true,7.81,3.11,6.39,,,
1033,2026-04-20 12:25:00,2026-04-20,12:25:00,7100,7098,7102,continuation_in_zone,true,7100.21,7100.16,7101.66,7099.48,7100.42,,true,4.58,0,3.61,,,,true,4.58,2.12,1.12,,,,true,4.58,2.12,0.23,,,,,,true,7.81,3.11,3.28,,,
1034,2026-04-20 12:30:00,2026-04-20,12:30:00,7100,7098,7102,continuation_in_zone,true,7100.42,7100.4,7104.58,7100.4,7103.61,,true,3.7,2.12,-0.79,,,,true,3.7,2.12,0.87,,,,true,3.7,3.11,-1.26,,,,,,true,7.81,3.11,0.58,,,
1035,2026-04-20 12:35:00,2026-04-20,12:35:00,7100,7098,7102,from_above,true,7103.61,7103.51,7103.7,7097.88,7099.21,-0.79,true,3.47,1.93,1.12,3.47,1.93,1.12,true,3.47,1.93,1.03,3.47,1.93,1.03,true,3.47,3.11,1.79,3.47,3.11,1.79,true,false,true,7.81,3.11,2.82,7.81,3.11,2.82
1036,2026-04-20 12:40:00,2026-04-20,12:40:00,7100,7098,7102,continuation_in_zone,true,7099.21,7099.2,7103.47,7098.07,7101.12,,true,2.39,0,0.87,,,,true,2.39,1.63,0.23,,,,true,4.53,3.11,4.19,,,,,,true,7.81,3.11,3.06,,,
1037,2026-04-20 12:45:00,2026-04-20,12:45:00,7100,7098,7102,continuation_in_zone,true,7101.12,7101.16,7102.39,7100.13,7100.87,,true,1.64,1.08,1.03,,,,true,1.65,3.11,-1.26,,,,true,7.01,3.11,6.41,,,,,,true,7.81,3.11,3.71,,,
1038,2026-04-20 12:50:00,2026-04-20,12:50:00,7100,7098,7102,continuation_in_zone,true,7100.87,7100.87,7101.64,7098.92,7101.03,,true,1.12,1.63,0.23,,,,true,1.93,3.11,1.79,,,,true,7.81,3.11,6.39,,,,,,true,7.81,3.11,4.07,,,
1039,2026-04-20 12:55:00,2026-04-20,12:55:00,7100,7098,7102,continuation_in_zone,true,7101.03,7101.12,7101.12,7098.37,7100.23,,true,1.65,3.11,-1.26,,,,true,4.53,3.11,4.19,,,,true,7.81,3.11,3.28,,,,,,true,7.81,3.11,1.01,,,
1040,2026-04-20 13:00:00,2026-04-20,13:00:00,7100,7098,7102,continuation_in_zone,true,7100.23,7100.11,7101.65,7096.89,7098.74,,true,1.93,1.98,1.79,,,,true,7.01,1.98,6.41,,,,true,7.81,1.98,0.58,,,,,,true,7.81,1.98,1.18,,,
1041,2026-04-20 13:05:00,2026-04-20,13:05:00,7100,7098,7102,continuation_in_zone,true,7098.74,7098.7,7101.93,7098.02,7101.79,,true,4.53,0,4.19,,,,true,7.81,0,6.39,,,,true,7.81,0,2.82,,,,,,true,7.81,0.66,5.45,,,
1042,2026-04-20 13:10:00,2026-04-20,13:10:00,7100,7098,7102,continuation_in_zone,true,7101.79,7101.79,7104.53,7101.03,7104.19,,true,7.01,0,6.41,,,,true,7.81,0,3.28,,,,true,7.81,0,3.06,,,,,,true,7.81,0.66,5.87,,,
1043,2026-04-20 13:30:00,2026-04-20,13:30:00,7100,7098,7102,from_above,false,7103.28,7103.34,7103.53,7100.04,7100.58,0.58,true,3.17,0,2.82,3.17,0,2.82,true,5.62,0,3.71,5.62,0,3.71,true,5.62,0.66,1.18,5.62,0.66,1.18,true,false,true,9.98,0.66,7.05,9.98,0.66,7.05
1044,2026-04-20 13:35:00,2026-04-20,13:35:00,7100,7098,7102,continuation_in_zone,true,7100.58,7100.66,7103.17,7100.12,7102.82,,true,5.62,0,3.06,,,,true,5.62,0,4.07,,,,true,5.99,0.66,5.45,,,,,,true,9.98,0.66,3.28,,,
1045,2026-04-20 13:40:00,2026-04-20,13:40:00,7100,7098,7102,from_above,true,7102.82,7102.8,7105.62,7100.45,7103.06,3.06,true,4.05,0,3.71,4.05,0,3.71,true,4.18,0,1.01,4.18,0,1.01,true,6.01,0.66,5.87,6.01,0.66,5.87,true,false,true,9.98,0.66,5.45,9.98,0.66,5.45
1046,2026-04-20 13:55:00,2026-04-20,13:55:00,7100,7098,7102,from_above,false,7104.07,7104.04,7104.17,7100.69,7101.01,1.01,true,1.54,0.66,1.18,1.54,0.66,1.18,true,6.01,0.66,5.87,6.01,0.66,5.87,true,9.98,0.66,7.2,9.98,0.66,7.2,true,false,true,9.98,0.66,6.6,9.98,0.66,6.6
1047,2026-04-20 14:00:00,2026-04-20,14:00:00,7100,7098,7102,continuation_in_zone,true,7101.01,7101.07,7101.54,7099.34,7101.18,,true,5.99,0,5.45,,,,true,8.31,0,8.1,,,,true,9.98,0,7.05,,,,,,true,9.98,0,6.41,,,
1048,2026-04-20 14:05:00,2026-04-20,14:05:00,7100,7098,7102,continuation_in_zone,true,7101.18,7101.16,7105.99,7101.16,7105.45,,true,6.01,0,5.87,,,,true,9.98,0,9.98,,,,true,9.98,0,3.28,,,,,,true,9.98,0,7.96,,,
1049,2026-04-20 14:10:00,2026-04-20,14:10:00,7100,7098,7102,from_above,true,7105.45,7105.52,7106.01,7100.16,7105.87,5.87,true,8.31,0,8.1,8.31,0,8.1,true,9.98,0,7.2,9.98,0,7.2,true,9.98,0,5.45,9.98,0,5.45,true,false,true,9.98,0,8.46,9.98,0,8.46
1050,2026-04-20 15:30:00,2026-04-20,15:30:00,7100,7098,7102,from_above,false,7104.27,7104.32,7105.45,7101.96,7102.04,2.04,true,3.81,0,3.04,3.81,0,3.04,true,3.84,0.28,2.63,3.84,0.28,2.63,true,10.37,0.28,9.13,10.37,0.28,9.13,true,true,false,10.37,0.28,,10.37,0.28,
1051,2026-04-20 15:35:00,2026-04-20,15:35:00,7100,7098,7102,from_above,true,7102.04,7102.01,7103.81,7101.28,7103.04,3.04,true,3.84,0,0.48,3.84,0,0.48,true,5.76,0.28,3.8,5.76,0.28,3.8,false,10.37,0.28,,10.37,0.28,,,,false,10.37,0.28,,10.37,0.28,
1052,2026-04-20 15:40:00,2026-04-20,15:40:00,7100,7098,7102,from_above,true,7103.04,7103.02,7103.84,7100.04,7100.48,0.48,true,2.63,0.28,2.63,2.63,0.28,2.63,true,10.37,0.28,10.37,10.37,0.28,10.37,false,10.37,0.28,,10.37,0.28,,,,false,10.37,0.28,,10.37,0.28,
1053,2026-04-20 15:45:00,2026-04-20,15:45:00,7100,7098,7102,continuation_in_zone,true,7100.48,7100.45,7102.63,7099.72,7102.63,,true,5.76,0,3.8,,,,true,10.37,0,9.13,,,,false,10.37,0,,,,,,,false,10.37,0,,,,
1054,2026-04-20 15:50:00,2026-04-20,15:50:00,7100,7098,7102,from_above,true,7102.63,7102.72,7105.76,7100.98,7103.8,3.8,true,10.37,0,10.37,10.37,0,10.37,false,10.37,0,,10.37,0,,false,10.37,0,,10.37,0,,,,false,10.37,0,,10.37,0,
1055,2026-04-20 15:55:00,2026-04-20,15:55:00,7100,7098,7102,from_above,true,7103.8,7103.79,7110.37,7101.45,7110.37,10.37,true,10.37,0,9.13,10.37,0,9.13,false,10.37,0,,10.37,0,,false,10.37,0,,10.37,0,,,,false,10.37,0,,10.37,0,
1056,2026-04-21 10:55:00,2026-04-21,10:55:00,7100,7098,7102,from_above,false,7114.03,7114.11,7114.11,7098.31,7099.03,-0.97,true,1.68,13.49,-9.44,1.68,13.49,-9.44,true,4.13,14.62,2.85,4.13,14.62,2.85,true,5.21,14.62,-9.66,5.21,14.62,-9.66,false,false,true,5.21,15.7,-8.94,5.21,15.7,-8.94
1057,2026-04-21 11:00:00,2026-04-21,11:00:00,7100,7098,7102,continuation_in_zone,true,7099.03,7098.87,7101.68,7086.51,7090.56,,true,1.65,14.62,1.08,,,,true,5.21,14.62,1.98,,,,true,5.21,14.62,-6.78,,,,,,true,5.21,15.7,-3.94,,,
1058,2026-04-21 11:05:00,2026-04-21,11:05:00,7100,7098,7102,from_below,true,7090.56,7090.57,7101.65,7085.38,7101.08,-1.08,true,4.13,0,2.85,0,4.13,-2.85,true,5.21,4.33,-3.86,4.33,5.21,3.86,true,5.21,15.7,-10.35,15.7,5.21,10.35,true,true,true,5.21,15.7,-2.19,15.7,5.21,2.19
1059,2026-04-21 11:10:00,2026-04-21,11:10:00,7100,7098,7102,continuation_in_zone,true,7101.08,7101.16,7104.13,7101.06,7102.85,,true,5.21,2.86,1.98,,,,true,5.21,12.81,-9.66,,,,true,5.21,15.7,-6.56,,,,,,true,5.21,15.7,-7.56,,,
1060,2026-04-21 11:15:00,2026-04-21,11:15:00,7100,7098,7102,from_above,true,7102.85,7102.82,7105.21,7097.14,7101.98,1.98,true,3.29,4.33,-3.86,3.29,4.33,-3.86,true,3.29,12.81,-6.78,3.29,12.81,-6.78,true,3.29,15.7,-5.6,3.29,15.7,-5.6,false,false,true,3.29,15.7,-5.58,3.29,15.7,-5.58
1061,2026-04-21 11:20:00,2026-04-21,11:20:00,7100,7098,7102,continuation_in_zone,true,7101.98,7101.99,7103.29,7095.67,7096.14,,true,0,12.81,-9.66,,,,true,0,15.7,-10.35,,,,true,0,15.7,-11.33,,,,,,true,1.03,15.7,-10.74,,,
1062,2026-04-21 12:00:00,2026-04-21,12:00:00,7100,7098,7102,from_below,false,7091.06,7090.97,7101.03,7090.97,7096.06,3.94,true,0,6.37,-2.19,6.37,0,2.19,true,0,9.88,-5.58,9.88,0,5.58,true,0,13.43,-7.07,13.43,0,7.07,true,true,true,0,20.56,-16.16,20.56,0,16.16
1063,2026-04-21 12:05:00,2026-04-21,12:05:00,7100,7098,7102,from_below,true,7096.06,7095.71,7098.26,7093.63,7097.81,2.19,true,0,9.88,-7.56,9.88,0,7.56,true,0,11.71,-10.74,11.71,0,10.74,true,0,13.43,-11.33,13.43,0,11.33,true,true,true,0,27.84,-21.11,27.84,0,21.11
1064,2026-04-21 15:20:00,2026-04-21,15:20:00,7100,7098,7102,from_below,false,7090.57,7090.56,7099.73,7090.56,7099.49,0.51,true,1.35,1.54,1.09,1.54,1.35,-1.09,true,2.46,18.56,-14.42,18.56,2.46,14.42,true,2.46,49.8,-40.07,49.8,2.46,40.07,true,true,false,2.46,49.8,,49.8,2.46,
1065,2026-04-21 15:25:00,2026-04-21,15:25:00,7100,7098,7102,continuation_in_zone,true,7099.49,7099.53,7101.35,7098.46,7101.09,,true,2.46,4.36,-3.47,,,,true,2.46,49.8,-45.9,,,,true,2.46,49.8,-35.94,,,,,,false,2.46,49.8,,,,
1066,2026-04-21 15:30:00,2026-04-21,15:30:00,7100,7098,7102,continuation_in_zone,true,7101.09,7101.09,7102.46,7095.64,7096.53,,true,0,18.56,-14.42,,,,true,0,49.8,-36.68,,,,true,0,49.8,-35.98,,,,,,false,0,49.8,,,,
1067,2026-04-21 15:40:00,2026-04-21,15:40:00,7050,7048,7052,from_above,false,7085.58,7085.64,7086.2,7050.2,7054.1,4.1,true,17.22,0,13.32,17.22,0,13.32,true,18.98,0,14.06,18.98,0,14.06,false,18.98,0,,18.98,0,,,,false,18.98,0,,18.98,0,
1068,2026-04-23 13:10:00,2026-04-23,13:10:00,7100,7098,7102,from_above,false,7103.51,7103.28,7104.51,7097.4,7100.6,0.6,true,0.76,14.12,-11.69,0.76,14.12,-11.69,true,0.76,16.57,-15.66,0.76,16.57,-15.66,true,0.76,42.91,-39.81,0.76,42.91,-39.81,false,false,true,4.54,53.45,1.39,4.54,53.45,1.39
1069,2026-04-23 13:15:00,2026-04-23,13:15:00,7100,7098,7102,continuation_in_zone,true,7100.6,7100.76,7100.76,7085.88,7088.31,,true,0,16.33,-13.87,,,,true,0,17.93,-3.44,,,,true,0,53.45,-41.93,,,,,,true,6.15,53.45,5.13,,,
1070,2026-04-23 13:35:00,2026-04-23,13:35:00,7100,7098,7102,from_below,false,7096.56,7096.51,7099.7,7080.23,7080.74,19.26,true,0,42.91,-39.81,42.91,0,39.81,true,0,53.45,-19.2,53.45,0,19.2,true,2.81,53.45,-2.42,53.45,2.81,2.42,true,true,true,18.46,53.45,12.9,53.45,18.46,-12.9
1071,2026-04-23 13:45:00,2026-04-23,13:45:00,7050,7048,7052,from_above,false,7060.19,7060.07,7064,7046.55,7058.07,8.07,true,37.83,0,30.8,37.83,0,30.8,true,51.16,0,46.25,51.16,0,46.25,true,56.15,0,55.13,56.15,0,55.13,true,true,true,68.46,0,54.68,68.46,0,54.68
1072,2026-04-23 14:00:00,2026-04-23,14:00:00,7100,7098,7102,from_below,false,7090.53,7090.58,7101.16,7087.08,7096.25,3.75,true,2.81,6.67,-2.42,6.67,2.81,2.42,true,6.15,6.67,5.13,6.67,6.15,-5.13,true,15.3,6.67,14.82,6.67,15.3,-14.82,false,false,true,18.46,8.23,-4.45,8.23,18.46,4.45
1073,2026-04-23 14:05:00,2026-04-23,14:05:00,7100,7098,7102,from_below,true,7096.25,7096.36,7102.81,7093.33,7097.58,2.42,true,4.54,3.75,1.39,3.75,4.54,-1.39,true,8.19,3.75,6.7,3.75,8.19,-6.7,true,18.46,3.75,12.9,3.75,18.46,-12.9,false,false,true,18.46,8.23,3.1,8.23,18.46,-3.1
1074,2026-04-23 14:10:00,2026-04-23,14:10:00,7100,7098,7102,from_below,true,7097.58,7097.62,7104.54,7096.25,7101.39,-1.39,true,6.15,0,5.13,0,6.15,-5.13,true,9.46,0,9.06,0,9.46,-9.06,true,18.46,0,10.32,0,18.46,-10.32,false,false,true,18.46,8.23,5.38,8.23,18.46,-5.38
1075,2026-04-23 14:15:00,2026-04-23,14:15:00,7100,7098,7102,continuation_in_zone,true,7101.39,7101.43,7106.15,7101.06,7105.13,,true,8.19,0,6.7,,,,true,15.3,0,14.82,,,,true,18.46,0,4.68,,,,,,true,18.46,8.23,8.34,,,
1076,2026-04-23 14:20:00,2026-04-23,14:20:00,7100,7098,7102,from_above,true,7105.13,7105.29,7108.19,7101.62,7106.7,6.7,true,9.46,0,9.06,9.46,0,9.06,true,18.46,0,12.9,18.46,0,12.9,true,18.46,0,5.01,18.46,0,5.01,true,true,true,18.46,8.23,7.29,18.46,8.23,7.29
1077,2026-04-23 14:50:00,2026-04-23,14:50:00,7100,7098,7102,from_above,false,7104.68,7104.35,7107.38,7100.89,7105.01,5.01,true,5.58,7.85,-5.24,5.58,7.85,-5.24,true,5.58,8.23,3.1,5.58,8.23,3.1,true,9.8,8.23,7.29,9.8,8.23,7.29,true,false,true,12.18,8.39,4.12,12.18,8.39,4.12
1078,2026-04-23 14:55:00,2026-04-23,14:55:00,7100,7098,7102,from_above,true,7105.01,7105.05,7105.58,7092.15,7094.76,-5.24,true,0,8.23,-4.45,0,8.23,-4.45,true,5.46,8.23,5.38,5.46,8.23,5.38,true,9.8,8.23,7.81,9.8,8.23,7.81,true,false,true,12.18,8.39,9.27,12.18,8.39,9.27
1079,2026-04-23 15:05:00,2026-04-23,15:05:00,7100,7098,7102,from_below,false,7095.55,7095.53,7104.25,7095.53,7103.1,-3.1,true,5.46,0,5.38,0,5.46,-5.38,true,9.8,0,7.29,0,9.8,-7.29,true,12.18,4.52,-1.14,4.52,12.18,1.14,false,false,false,12.18,8.39,,8.39,12.18,
1080,2026-04-23 15:10:00,2026-04-23,15:10:00,7100,7098,7102,from_above,true,7103.1,7102.78,7105.46,7100.77,7105.38,5.38,true,9.8,0,8.34,9.8,0,8.34,true,9.8,0,7.81,9.8,0,7.81,true,12.18,4.52,-2.86,12.18,4.52,-2.86,true,true,false,12.18,8.39,,12.18,8.39,
1081,2026-04-23 15:35:00,2026-04-23,15:35:00,7100,7098,7102,from_above,false,7102.99,7103.05,7103.05,7095.48,7098.86,-1.14,true,3.8,3.14,-2.86,3.8,3.14,-2.86,true,5.61,8.39,4.12,5.61,8.39,4.12,false,12.13,8.39,,12.13,8.39,,,,false,12.13,8.39,,12.13,8.39,
1082,2026-04-23 15:40:00,2026-04-23,15:40:00,7100,7098,7102,continuation_in_zone,true,7098.86,7098.91,7103.8,7096.86,7097.14,,true,2.74,3.63,2.67,,,,true,12.13,8.39,9.27,,,,false,12.13,8.39,,,,,,,false,12.13,8.39,,,,
1083,2026-04-23 15:45:00,2026-04-23,15:45:00,7100,7098,7102,from_below,true,7097.14,7096.9,7102.74,7096.37,7102.67,-2.67,true,5.61,8.39,4.12,8.39,5.61,-4.12,true,12.13,8.39,8.41,8.39,12.13,-8.41,false,12.13,8.39,,8.39,12.13,,,,false,12.13,8.39,,8.39,12.13,
1084,2026-04-23 15:50:00,2026-04-23,15:50:00,7100,7098,7102,from_above,true,7102.67,7102.82,7105.61,7091.61,7104.12,4.12,true,12.13,0,9.27,12.13,0,9.27,false,12.13,0,,12.13,0,,false,12.13,0,,12.13,0,,,,false,12.13,0,,12.13,0,
1085,2026-04-24 11:40:00,2026-04-24,11:40:00,7150,7148,7152,from_below,false,7140.69,7140.76,7157.91,7140.26,7156.17,-6.17,true,13.73,0,6.74,0,13.73,-6.74,true,14.45,0,11.89,0,14.45,-11.89,true,14.45,0,7.71,0,14.45,-7.71,false,false,true,14.45,0,4.82,0,14.45,-4.82
1086,2026-04-24 11:45:00,2026-04-24,11:45:00,7150,7148,7152,from_above,true,7156.17,7157.06,7163.73,7151.28,7156.74,6.74,true,14.12,0,13.18,14.12,0,13.18,true,14.45,0,12.13,14.45,0,12.13,true,14.45,0,6.77,14.45,0,6.77,true,true,true,14.45,0,5.96,14.45,0,5.96
1087,2026-04-24 13:20:00,2026-04-24,13:20:00,7150,7148,7152,from_above,false,7154.77,7154.88,7155.35,7150.39,7154.97,4.97,true,6.59,0,3.87,6.59,0,3.87,true,9.08,0,5.67,9.08,0,5.67,true,17.23,0,13.01,17.23,0,13.01,true,true,true,17.23,0,6,17.23,0,6
1088,2026-04-24 13:30:00,2026-04-24,13:30:00,7150,7148,7152,from_above,false,7153.87,7153.85,7155.16,7151.48,7154.62,4.62,true,9.08,0,5.67,9.08,0,5.67,true,10,0,8.34,10,0,8.34,true,17.23,0,9.6,17.23,0,9.6,true,true,true,17.23,0,8.24,17.23,0,8.24
1089,2026-04-27 09:30:00,2026-04-27,09:30:00,7150,7148,7152,from_above,false,7165.07,7153.99,7165.63,7151.84,7160.85,10.85,true,16.96,0,16.74,16.96,0,16.74,true,17.7,0.05,0.72,17.7,0.05,0.72,true,17.7,1.58,12.54,17.7,1.58,12.54,true,true,true,17.7,1.58,7.5,17.7,1.58,7.5
1090,2026-04-27 09:45:00,2026-04-27,09:45:00,7150,7148,7152,from_above,false,7160.24,7160.4,7161.01,7149.95,7150.72,0.72,true,14.45,1.58,14.45,14.45,1.58,14.45,true,16.7,1.58,12.54,16.7,1.58,12.54,true,16.7,1.58,7.64,16.7,1.58,7.64,true,true,true,16.7,1.58,11.06,16.7,1.58,11.06
1091,2026-04-27 09:50:00,2026-04-27,09:50:00,7150,7148,7152,continuation_in_zone,true,7150.72,7150.86,7164.45,7148.42,7164.45,,true,16.7,0,14.92,,,,true,16.7,0,10.71,,,,true,16.7,0,9.93,,,,,,true,16.7,0,8.96,,,
1092,2026-04-27 11:05:00,2026-04-27,11:05:00,7150,7148,7152,from_above,false,7152.31,7152.45,7155.6,7151.18,7153.85,3.85,true,5.28,0,2.15,5.28,0,2.15,true,5.56,3.28,-1.47,5.56,3.28,-1.47,true,5.56,3.28,3.93,5.56,3.28,3.93,true,false,true,11.99,3.28,10.89,11.99,3.28,10.89
1093,2026-04-27 11:10:00,2026-04-27,11:10:00,7150,7148,7152,from_above,true,7153.85,7153.98,7155.28,7151.78,7152.15,2.15,true,5.56,0,1.48,5.56,0,1.48,true,5.56,3.28,2.95,5.56,3.28,2.95,true,7.11,3.28,5.95,7.11,3.28,5.95,true,false,true,13.63,3.28,13.1,13.63,3.28,13.1
1094,2026-04-27 11:15:00,2026-04-27,11:15:00,7150,7148,7152,from_above,true,7152.15,7152.29,7155.56,7150.75,7151.48,1.48,true,2.66,3.28,-1.47,2.66,3.28,-1.47,true,5.38,3.28,3.16,5.38,3.28,3.16,true,7.66,3.28,4.43,7.66,3.28,4.43,true,false,true,14.67,3.28,13.95,14.67,3.28,13.95
1095,2026-04-27 11:20:00,2026-04-27,11:20:00,7150,7148,7152,continuation_in_zone,true,7151.48,7151.52,7152.66,7146.72,7148.53,,true,3.25,2.64,2.95,,,,true,5.38,2.64,3.93,,,,true,7.66,2.64,5.37,,,,,,true,14.67,2.64,11.52,,,
1096,2026-04-27 11:25:00,2026-04-27,11:25:00,7150,7148,7152,continuation_in_zone,true,7148.53,7148.44,7153.25,7147.36,7152.95,,true,5.38,0,3.16,,,,true,7.11,0,5.95,,,,true,7.97,0,7.13,,,,,,true,14.67,0,12.41,,,
1097,2026-04-27 11:30:00,2026-04-27,11:30:00,7150,7148,7152,from_above,true,7152.95,7153.03,7155.38,7151.12,7153.16,3.16,true,4.32,0,3.93,4.32,0,3.93,true,7.66,0,4.43,7.66,0,4.43,true,9.41,0,8.76,9.41,0,8.76,true,false,true,15.78,0,15.2,15.78,0,15.2
1098,2026-04-27 11:35:00,2026-04-27,11:35:00,7150,7148,7152,from_above,true,7153.16,7153.22,7154.32,7151.86,7153.93,3.93,true,7.11,0,5.95,7.11,0,5.95,true,7.66,0,5.37,7.66,0,5.37,true,11.99,0,10.89,11.99,0,10.89,true,true,true,17.5,0,16.93,17.5,0,16.93
1099,2026-04-28 09:40:00,2026-04-28,09:40:00,7150,7148,7152,from_below,false,7144.1,7143.53,7152.52,7142.55,7147.58,2.42,true,0,5.47,-4.56,5.47,0,4.56,true,0,17.47,-10.56,17.47,0,10.56,true,0,17.47,-10.08,17.47,0,10.08,true,true,true,0,31.03,-22.4,31.03,0,22.4
1100,2026-04-28 09:45:00,2026-04-28,09:45:00,7150,7148,7152,from_below,true,7147.58,7147.32,7148.97,7144.53,7145.44,4.56,true,0,11.74,-10.79,11.74,0,10.79,true,0,17.47,-12.67,17.47,0,12.67,true,0,17.47,-13.25,17.47,0,13.25,true,true,true,0,31.03,-26.03,31.03,0,26.03
1101,2026-04-30 09:30:00,2026-04-30,09:30:00,7150,7148,7152,from_above,false,7135.96,7170.05,7170.52,7151.53,7152.19,2.19,true,4.42,8.29,-8.14,4.42,8.29,-8.14,true,4.94,13.49,-1.04,4.94,13.49,-1.04,true,4.94,19.67,-9.58,4.94,19.67,-9.58,false,false,true,4.94,23.85,-10.64,4.94,23.85,-10.64
1102,2026-04-30 09:35:00,2026-04-30,09:35:00,7150,7148,7152,continuation_in_zone,true,7152.19,7151.67,7154.42,7141.71,7141.86,,true,3.07,13.49,2.52,,,,true,4.94,13.49,-12.28,,,,true,4.94,20.27,-16.13,,,,,,true,4.94,23.85,-15,,,
1103,2026-04-30 09:40:00,2026-04-30,09:40:00,7150,7148,7152,from_below,true,7141.86,7141.49,7153.07,7136.51,7152.52,-2.52,true,4.94,7.2,-1.04,7.2,4.94,1.04,true,4.94,19.67,-14.18,19.67,4.94,14.18,true,4.94,20.27,-11.84,20.27,4.94,11.84,true,true,true,4.94,23.85,-5.12,23.85,4.94,5.12
1104,2026-04-30 09:45:00,2026-04-30,09:45:00,7150,7148,7152,from_above,true,7152.52,7152.44,7154.94,7142.8,7148.96,-1.04,true,1.82,12.34,-12.28,1.82,12.34,-12.28,true,1.82,19.67,-9.58,1.82,19.67,-9.58,true,1.82,23.85,-12.18,1.82,23.85,-12.18,false,false,true,3.73,23.85,0.6,3.73,23.85,0.6
1105,2026-04-30 09:50:00,2026-04-30,09:50:00,7150,7148,7152,continuation_in_zone,true,7148.96,7149.11,7151.82,7137.66,7137.72,,true,0,19.67,-14.18,,,,true,0,20.27,-16.13,,,,true,0,23.85,-8.71,,,,,,true,11.98,23.85,10.46,,,
1106,2026-04-30 10:30:00,2026-04-30,10:30:00,7150,7148,7152,from_below,false,7142.47,7142.19,7150.31,7137.6,7139.36,10.64,true,0,15.75,-15,15.75,0,15,true,3.73,15.75,0.6,15.75,3.73,-0.6,true,17.95,15.75,13.1,15.75,17.95,-13.1,false,true,true,22.37,15.75,17.85,15.75,22.37,-17.85
1107,2026-04-30 10:45:00,2026-04-30,10:45:00,7150,7148,7152,from_below,false,7144.88,7144.81,7153.73,7144.81,7150.6,-0.6,true,11.98,0.92,10.46,0.92,11.98,-10.46,true,17.95,0.92,13.1,0.92,17.95,-13.1,true,18.76,0.92,14.74,0.92,18.76,-14.74,false,false,true,22.37,0.92,13.5,0.92,22.37,-13.5
1108,2026-04-30 10:50:00,2026-04-30,10:50:00,7150,7148,7152,continuation_in_zone,true,7150.6,7150.32,7161.98,7149.08,7160.46,,true,14.9,0,12.18,,,,true,17.95,0,16.83,,,,true,18.76,0,15.1,,,,,,true,22.37,0,19.62,,,
1109,2026-04-30 14:00:00,2026-04-30,14:00:00,7200,7198,7202,from_below,false,7194.05,7194.09,7202.23,7193.61,7200.9,-0.9,true,1.68,1.82,-1.35,1.82,1.68,1.35,true,4.77,2.07,2,2.07,4.77,-2,true,5.51,2.07,4.46,2.07,5.51,-4.46,false,false,true,11.11,2.07,10.94,2.07,11.11,-10.94
1110,2026-04-30 14:05:00,2026-04-30,14:05:00,7200,7198,7202,continuation_in_zone,true,7200.9,7200.84,7201.68,7198.18,7198.65,,true,1.95,2.07,1.66,,,,true,4.77,2.07,0.06,,,,true,9.12,2.07,7.92,,,,,,true,13.96,2.07,12.14,,,
1111,2026-04-30 14:10:00,2026-04-30,14:10:00,7200,7198,7202,continuation_in_zone,true,7198.65,7198.76,7201.95,7197.93,7201.66,,true,4.77,0,2,,,,true,4.77,0.26,2.42,,,,true,9.96,0.26,9.22,,,,,,true,16.67,0.26,16.5,,,
1112,2026-04-30 14:15:00,2026-04-30,14:15:00,7200,7198,7202,continuation_in_zone,true,7201.66,7201.71,7204.77,7201.44,7202,,true,2.6,0.2,0.06,,,,true,5.51,0.26,4.46,,,,true,10.23,0.26,9.66,,,,,,true,17.19,0.26,14.74,,,
1113,2026-04-30 14:20:00,2026-04-30,14:20:00,7200,7198,7202,continuation_in_zone,true,7202,7202,7202.6,7199.8,7200.06,,true,2.55,0.26,2.42,,,,true,9.12,0.26,7.92,,,,true,10.87,0.26,8.33,,,,,,true,17.19,0.26,16.1,,,
1114,2026-04-30 14:25:00,2026-04-30,14:25:00,7200,7198,7202,continuation_in_zone,true,7200.06,7199.94,7202.55,7199.74,7202.42,,true,5.51,0,4.46,,,,true,9.96,0,9.22,,,,true,10.87,0,6.93,,,,,,true,17.19,0,14.14,,,
1115,2026-05-01 09:30:00,2026-05-01,09:30:00,7250,7248,7252,from_below,false,7209.02,7237.7,7248.38,7232.75,7247.69,2.31,true,1.01,5.57,-4.93,5.57,1.01,4.93,true,1.01,7.16,-3.33,7.16,1.01,3.33,true,19.97,8.23,17.14,8.23,19.97,-17.14,false,false,true,22.52,8.23,5.34,8.23,22.52,-5.34
1116,2026-05-01 09:35:00,2026-05-01,09:35:00,7250,7248,7252,from_below,true,7247.69,7247.43,7251.01,7244.43,7245.07,4.93,true,0.11,5.33,-0.7,5.33,0.11,0.7,true,2.15,8.23,0.5,8.23,2.15,-0.5,true,19.97,8.23,14.5,8.23,19.97,-14.5,false,false,true,22.52,8.23,1.47,8.23,22.52,-1.47
1117,2026-05-01 09:40:00,2026-05-01,09:40:00,7250,7248,7252,from_below,true,7245.07,7244.67,7250.11,7244.67,7249.3,0.7,true,0,7.16,-3.33,7.16,0,3.33,true,15.08,8.23,15.08,8.23,15.08,-15.08,true,20.19,8.23,17.87,8.23,20.19,-17.87,false,false,true,22.52,8.23,2.71,8.23,22.52,-2.71
1118,2026-05-01 09:45:00,2026-05-01,09:45:00,7250,7248,7252,continuation_in_zone,true,7249.3,7249.11,7249.25,7242.84,7246.67,,true,2.15,8.23,0.5,,,,true,19.97,8.23,17.14,,,,true,20.19,8.23,18.09,,,,,,true,22.52,8.23,4.58,,,
1119,2026-05-01 09:50:00,2026-05-01,09:50:00,7250,7248,7252,from_below,true,7246.67,7246.29,7252.15,7241.77,7250.5,-0.5,true,15.08,0.41,15.08,0.41,15.08,-15.08,true,19.97,0.41,14.5,0.41,19.97,-14.5,true,22.52,0.41,19.59,0.41,22.52,-19.59,false,false,true,22.52,3.97,2.65,3.97,22.52,-2.65
1120,2026-05-01 09:55:00,2026-05-01,09:55:00,7250,7248,7252,continuation_in_zone,true,7250.5,7249.59,7265.08,7249.59,7265.08,,true,19.97,0,17.14,,,,true,20.19,0,17.87,,,,true,22.52,0,15.92,,,,,,true,22.52,3.97,0.88,,,
1121,2026-05-01 10:35:00,2026-05-01,10:35:00,7250,7248,7252,from_above,false,7255.34,7255.55,7256.39,7246.03,7251.47,1.47,true,6.5,1.84,2.71,6.5,1.84,2.71,true,7.48,1.84,2.65,7.48,1.84,2.65,true,7.48,5.51,-0.47,7.48,5.51,-0.47,true,false,true,13.63,5.51,11.48,13.63,5.51,11.48
1122,2026-05-01 10:40:00,2026-05-01,10:40:00,7250,7248,7252,continuation_in_zone,true,7251.47,7251.61,7256.5,7248.16,7252.71,,true,7.48,0,4.58,,,,true,7.48,0,0.88,,,,true,7.48,5.51,3.47,,,,,,true,13.72,5.51,13.57,,,
1123,2026-05-01 10:45:00,2026-05-01,10:45:00,7250,7248,7252,from_above,true,7252.71,7252.84,7257.48,7251.81,7254.58,4.58,true,6.06,0,2.65,6.06,0,2.65,true,6.06,5.51,-1.19,6.06,5.51,-1.19,true,6.06,5.51,3.82,6.06,5.51,3.82,true,false,true,16.7,5.51,16.22,16.7,5.51,16.22
1124,2026-05-01 10:50:00,2026-05-01,10:50:00,7250,7248,7252,from_above,true,7254.58,7254.67,7256.06,7250.34,7252.65,2.65,true,5.55,0,0.88,5.55,0,0.88,true,5.55,5.51,-0.47,5.55,5.51,-0.47,true,7.22,5.51,5.91,7.22,5.51,5.91,true,false,true,17.09,5.51,7.49,17.09,5.51,7.49
1125,2026-05-01 10:55:00,2026-05-01,10:55:00,7250,7248,7252,from_above,true,7252.65,7252.71,7255.55,7250.88,7250.88,0.88,true,1.16,5.51,-1.19,1.16,5.51,-1.19,true,3.55,5.51,3.47,3.55,5.51,3.47,true,7.36,5.51,6.62,7.36,5.51,6.62,true,false,true,17.09,5.51,7.28,17.09,5.51,7.28
1126,2026-05-01 11:00:00,2026-05-01,11:00:00,7250,7248,7252,continuation_in_zone,true,7250.88,7250.78,7251.16,7244.49,7248.81,,true,0,4.53,-0.47,,,,true,5.24,4.53,3.82,,,,true,8.6,4.53,6.39,,,,,,true,17.09,4.53,6.75,,,
1127,2026-05-01 11:05:00,2026-05-01,11:05:00,7250,7248,7252,from_below,true,7248.81,7247.42,7249.73,7245.47,7249.53,0.47,true,3.55,2.99,3.47,2.99,3.55,-3.47,true,7.22,2.99,5.91,2.99,7.22,-5.91,true,13.63,2.99,11.48,2.99,13.63,-11.48,false,false,true,17.09,2.99,-1.39,2.99,17.09,1.39
1128,2026-05-01 11:10:00,2026-05-01,11:10:00,7250,7248,7252,continuation_in_zone,true,7249.53,7249.61,7253.55,7247.01,7253.47,,true,5.24,0,3.82,,,,true,7.36,0,6.62,,,,true,13.72,0,13.57,,,,,,true,17.09,2.69,-1.7,,,
1129,2026-05-01 11:15:00,2026-05-01,11:15:00,7250,7248,7252,from_above,true,7253.47,7253.62,7255.24,7251.86,7253.82,3.82,true,7.22,0,5.91,7.22,0,5.91,true,8.6,0,6.39,8.6,0,6.39,true,16.7,0,16.22,16.7,0,16.22,true,true,true,17.09,2.69,3.02,17.09,2.69,3.02
1130,2026-05-01 12:05:00,2026-05-01,12:05:00,7250,7248,7252,from_above,false,7256.75,7256.89,7257.33,7248.15,7248.61,-1.39,true,0.8,2.69,-1.7,0.8,2.69,-1.7,true,5.24,4.28,-0.86,5.24,4.28,-0.86,true,5.24,9.68,-4.44,5.24,9.68,-4.44,false,false,true,5.24,12.1,-4.95,5.24,12.1,-4.95
1131,2026-05-01 12:10:00,2026-05-01,12:10:00,7250,7248,7252,continuation_in_zone,true,7248.61,7248.74,7250.8,7247.31,7248.3,,true,3.14,2.03,3.02,,,,true,5.24,6.98,-4.48,,,,true,5.24,9.68,-9.35,,,,,,true,5.24,12.1,-2.14,,,
1132,2026-05-01 12:15:00,2026-05-01,12:15:00,7250,7248,7252,continuation_in_zone,true,7248.3,7248.16,7253.14,7247.97,7253.02,,true,5.24,4.28,-0.86,,,,true,5.24,9.68,-6.59,,,,true,5.24,12.1,-10.29,,,,,,true,5.24,12.1,0.03,,,
1133,2026-05-01 12:20:00,2026-05-01,12:20:00,7250,7248,7252,from_above,true,7253.02,7253.13,7255.24,7245.72,7249.14,-0.86,true,0,6.98,-4.48,0,6.98,-4.48,true,0,9.68,-4.44,0,9.68,-4.44,true,0,12.1,-5.47,0,12.1,-5.47,false,false,true,2.11,12.1,0.63,2.11,12.1,0.63
1134,2026-05-01 12:25:00,2026-05-01,12:25:00,7250,7248,7252,continuation_in_zone,true,7249.14,7249.09,7249.56,7243.02,7245.52,,true,0,9.68,-6.59,,,,true,0,9.68,-9.35,,,,true,0,12.1,-7.7,,,,,,true,3.07,12.1,3.07,,,
1135,2026-05-01 13:15:00,2026-05-01,13:15:00,7250,7248,7252,from_below,false,7247.86,7247.81,7250.12,7247.08,7250.03,-0.03,true,2.11,0.15,0.63,0.15,2.11,-0.63,true,4.29,0.15,3.04,0.15,4.29,-3.04,true,4.29,0.49,1.78,0.49,4.29,-1.78,false,false,true,5.13,11.66,-8.24,11.66,5.13,8.24
1136,2026-05-01 13:20:00,2026-05-01,13:20:00,7250,7248,7252,continuation_in_zone,true,7250.03,7250.06,7252.11,7249.85,7250.63,,true,3.07,0,3.07,,,,true,4.29,0.49,1.24,,,,true,5.13,0.49,3.04,,,,,,true,5.13,11.66,-5.88,,,
1137,2026-05-01 13:25:00,2026-05-01,13:25:00,7250,7248,7252,continuation_in_zone,true,7250.63,7250.7,7253.07,7250.15,7253.07,,true,4.29,0,3.04,,,,true,4.29,0.49,2.1,,,,true,5.13,0.49,1.4,,,,,,true,5.13,11.66,-7.5,,,
1138,2026-05-01 13:35:00,2026-05-01,13:35:00,7250,7248,7252,from_above,false,7253.04,7252.91,7253.25,7249.51,7251.24,1.24,true,3.66,0,2.1,3.66,0,2.1,true,5.13,0,3.04,5.13,0,3.04,true,5.13,4.95,-1.9,5.13,4.95,-1.9,true,false,true,5.13,14.04,-13.56,5.13,14.04,-13.56
1139,2026-05-01 13:40:00,2026-05-01,13:40:00,7250,7248,7252,continuation_in_zone,true,7251.24,7251.24,7253.66,7251.24,7252.1,,true,2.79,0,1.78,,,,true,5.13,0,1.4,,,,true,5.13,8.59,-8.56,,,,,,true,5.13,15.48,-14.52,,,
1140,2026-05-01 13:45:00,2026-05-01,13:45:00,7250,7248,7252,from_above,true,7252.1,7252.18,7252.79,7251.19,7251.78,1.78,true,5.13,0,3.04,5.13,0,3.04,true,5.13,2.21,-1.7,5.13,2.21,-1.7,true,5.13,11.66,-8.24,5.13,11.66,-8.24,false,false,true,5.13,18.61,-15.85,5.13,18.61,-15.85
1141,2026-05-01 13:50:00,2026-05-01,13:50:00,7250,7248,7252,continuation_in_zone,true,7251.78,7251.85,7255.13,7250.73,7253.04,,true,4.01,0,1.4,,,,true,4.01,4.95,-1.9,,,,true,4.01,11.66,-5.88,,,,,,true,4.01,18.61,-16.25,,,
1142,2026-05-01 13:55:00,2026-05-01,13:55:00,7250,7248,7252,from_above,true,7253.04,7253.07,7254.01,7251.31,7251.4,1.4,true,2.37,2.21,-1.7,2.37,2.21,-1.7,true,2.37,8.59,-8.56,2.37,8.59,-8.56,true,2.37,11.66,-7.5,2.37,11.66,-7.5,false,false,true,2.37,18.61,-15.14,2.37,18.61,-15.14
1143,2026-05-01 14:00:00,2026-05-01,14:00:00,7250,7248,7252,continuation_in_zone,true,7251.4,7251.26,7252.37,7247.79,7248.3,,true,0,4.95,-1.9,,,,true,0,11.66,-8.24,,,,true,0,11.66,-11.24,,,,,,true,0,18.61,-12.7,,,
1144,2026-05-01 14:05:00,2026-05-01,14:05:00,7250,7248,7252,continuation_in_zone,true,7248.3,7248.28,7248.57,7245.05,7248.1,,true,0,8.59,-8.56,,,,true,0,11.66,-5.88,,,,true,0,14.04,-13.56,,,,,,true,0,18.61,-9.1,,,
1145,2026-05-01 14:10:00,2026-05-01,14:10:00,7250,7248,7252,continuation_in_zone,true,7248.1,7248.13,7248.13,7241.41,7241.44,,true,0,11.66,-8.24,,,,true,0,11.66,-7.5,,,,true,0,15.48,-14.52,,,,,,true,0,18.61,-6.13,,,
1146,2026-05-01 15:25:00,2026-05-01,15:25:00,7250,7248,7252,from_below,false,7245.63,7245.64,7248.96,7245.51,7247.54,2.46,true,0,6.72,-4.41,6.72,0,4.41,true,0,6.72,-5.61,6.72,0,5.61,true,0,18.7,-18.63,18.7,0,18.63,true,true,false,0,20.68,,20.68,0,
1147,2026-05-04 11:20:00,2026-05-04,11:20:00,7200,7198,7202,from_above,false,7211.02,7210.33,7210.33,7197.79,7199.34,-0.66,true,9.85,1.01,6.76,9.85,1.01,6.76,true,9.85,3.38,1.34,9.85,3.38,1.34,true,9.85,6.96,2.96,9.85,6.96,2.96,true,false,true,9.85,25.88,-2.72,9.85,25.88,-2.72
1148,2026-05-04 11:25:00,2026-05-04,11:25:00,7200,7198,7202,continuation_in_zone,true,7199.34,7199.38,7209.85,7198.99,7206.76,,true,7.74,1.9,3.84,,,,true,7.74,4.55,5.82,,,,true,7.74,6.96,-1.14,,,,,,true,7.74,25.88,-7.48,,,
1149,2026-05-04 11:30:00,2026-05-04,11:30:00,7200,7198,7202,from_above,true,7206.76,7206.62,7207.74,7198.1,7203.84,3.84,true,6.84,3.38,1.34,6.84,3.38,1.34,true,6.84,4.55,-0.39,6.84,4.55,-0.39,true,6.84,7.35,-4.64,6.84,7.35,-4.64,false,false,true,6.84,25.88,-2.35,6.84,25.88,-2.35
1150,2026-05-04 11:35:00,2026-05-04,11:35:00,7200,7198,7202,from_above,true,7203.84,7203.62,7206.84,7196.62,7201.34,1.34,true,6.39,4.55,5.82,6.39,4.55,5.82,true,6.39,6.96,2.96,6.39,6.96,2.96,true,6.39,25.88,-16.97,6.39,25.88,-16.97,false,false,true,6.39,25.88,-8.93,6.39,25.88,-8.93
1151,2026-05-04 11:40:00,2026-05-04,11:40:00,7200,7198,7202,continuation_in_zone,true,7201.34,7201.48,7206.39,7195.45,7205.82,,true,5.83,1.4,-0.39,,,,true,5.83,6.96,-1.14,,,,true,5.83,25.88,-17.5,,,,,,true,5.83,25.88,-7.7,,,
1152,2026-05-04 11:45:00,2026-05-04,11:45:00,7200,7198,7202,from_above,true,7205.82,7205.83,7205.83,7198.6,7199.61,-0.39,true,3.55,6.96,2.96,3.55,6.96,2.96,true,5.36,7.35,-4.64,5.36,7.35,-4.64,true,5.36,25.88,-5.87,5.36,25.88,-5.87,false,false,true,5.36,25.88,-8.64,5.36,25.88,-8.64
1153,2026-05-04 11:50:00,2026-05-04,11:50:00,7200,7198,7202,continuation_in_zone,true,7199.61,7199.47,7203.55,7193.04,7202.96,,true,5.36,1.87,-1.14,,,,true,5.36,25.88,-16.97,,,,true,5.36,25.88,-2.72,,,,,,true,5.36,25.88,-11.29,,,
1154,2026-05-04 11:55:00,2026-05-04,11:55:00,7200,7198,7202,from_above,true,7202.96,7203,7205.36,7198.13,7198.86,-1.14,true,0,7.35,-4.64,0,7.35,-4.64,true,0,25.88,-17.5,0,25.88,-17.5,true,0,25.88,-7.48,0,25.88,-7.48,false,false,true,0,25.88,-11.56,0,25.88,-11.56
1155,2026-05-04 12:00:00,2026-05-04,12:00:00,7200,7198,7202,continuation_in_zone,true,7198.86,7198.79,7199.94,7192.65,7195.36,,true,0,25.88,-16.97,,,,true,0,25.88,-5.87,,,,true,0,25.88,-2.35,,,,,,true,0,25.88,-6.25,,,
1156,2026-05-04 12:20:00,2026-05-04,12:20:00,7200,7198,7202,from_below,false,7194.13,7194.58,7199.95,7193.99,7197.28,2.72,true,0,8.35,-7.48,8.35,0,7.48,true,0,10.6,-8.93,10.6,0,8.93,true,0,13.21,-11.29,13.21,0,11.29,true,true,true,8.7,13.21,7.54,13.21,8.7,-7.54
1157,2026-05-04 12:25:00,2026-05-04,12:25:00,7200,7198,7202,from_below,true,7197.28,7197.16,7199.99,7191.65,7192.52,7.48,true,0,8.73,-2.35,8.73,0,2.35,true,0,10.6,-7.7,10.6,0,7.7,true,0,13.21,-11.56,13.21,0,11.56,true,true,true,8.7,13.21,7.87,13.21,8.7,-7.87
1158,2026-05-04 12:30:00,2026-05-04,12:30:00,7200,7198,7202,from_below,true,7192.52,7192.6,7198.77,7191.27,7197.65,2.35,true,0,10.6,-8.93,10.6,0,8.93,true,0,10.6,-8.64,10.6,0,8.64,true,0,13.21,-6.25,13.21,0,6.25,true,true,true,8.7,13.21,4.02,13.21,8.7,-4.02
1159,2026-05-04 12:35:00,2026-05-04,12:35:00,7200,7198,7202,from_below,true,7197.65,7197.87,7198.35,7189.4,7191.07,8.93,true,0,8.97,-7.7,8.97,0,7.7,true,0,13.21,-11.29,13.21,0,11.29,true,0,13.21,-3.16,13.21,0,3.16,true,true,true,8.7,13.21,3.32,13.21,8.7,-3.32
1160,2026-05-04 13:10:00,2026-05-04,13:10:00,7200,7198,7202,from_below,false,7196.84,7196.95,7198.75,7194.56,7197.45,2.55,true,6.81,4.19,5.69,4.19,6.81,-5.69,true,8.7,4.19,7.87,4.19,8.7,-7.87,true,8.7,4.19,4.99,4.19,8.7,-4.99,false,false,true,12.79,4.19,7.24,4.19,12.79,-7.24
1161,2026-05-04 13:15:00,2026-05-04,13:15:00,7200,7198,7202,from_below,true,7197.45,7197.33,7206.81,7195.81,7205.69,-5.69,true,8.7,0,7.54,0,8.7,-7.54,true,8.7,0,4.02,0,8.7,-4.02,true,8.7,0.56,5.78,0.56,8.7,-5.78,false,false,true,12.79,0.56,5.17,0.56,12.79,-5.17
1162,2026-05-04 13:35:00,2026-05-04,13:35:00,7200,7198,7202,from_above,false,7204.02,7204.07,7204.27,7199.44,7203.32,3.32,true,5.69,0,4.99,5.69,0,4.99,true,9.09,0,6.59,9.09,0,6.59,true,12.79,0,9.66,12.79,0,9.66,true,true,true,12.79,4.59,-2.27,12.79,4.59,-2.27
1163,2026-05-04 13:40:00,2026-05-04,13:40:00,7200,7198,7202,from_above,true,7203.32,7203.36,7205.69,7201.65,7204.99,4.99,true,6.25,0,5.78,6.25,0,5.78,true,9.09,0,6.08,9.09,0,6.08,true,12.79,0,7.24,12.79,0,7.24,true,true,true,12.79,6.77,-6.58,12.79,6.77,-6.58
1164,2026-05-04 14:20:00,2026-05-04,14:20:00,7200,7198,7202,from_above,false,7205.17,7205.16,7205.21,7198.89,7200.13,0.13,true,0.95,4.59,0.6,0.95,4.59,0.6,true,1.22,4.59,-2.27,1.22,4.59,-2.27,true,1.22,8.85,-6.15,1.22,8.85,-6.15,false,false,true,4.82,8.85,1.62,4.82,8.85,1.62
1165,2026-05-04 14:25:00,2026-05-04,14:25:00,7200,7198,7202,continuation_in_zone,true,7200.13,7200.05,7200.95,7195.41,7200.6,,true,1.22,2.37,-0.89,,,,true,1.22,6.77,-6.58,,,,true,1.22,8.85,-1.94,,,,,,true,4.82,8.85,0.36,,,
1166,2026-05-04 14:30:00,2026-05-04,14:30:00,7200,7198,7202,continuation_in_zone,true,7200.6,7200.47,7201.22,7197.63,7199.11,,true,0,4.23,-2.27,,,,true,0,8.85,-2.61,,,,true,0,8.85,-3.02,,,,,,true,4.82,8.85,2.68,,,
1167,2026-05-04 14:35:00,2026-05-04,14:35:00,7200,7198,7202,continuation_in_zone,true,7199.11,7199.24,7199.24,7195.77,7197.73,,true,0,6.77,-6.58,,,,true,0,8.85,-6.15,,,,true,4.13,8.85,2.55,,,,,,true,5.29,8.85,2.55,,,
1168,2026-05-04 14:40:00,2026-05-04,14:40:00,7200,7198,7202,from_below,true,7197.73,7197.89,7198.41,7193.23,7193.42,6.58,true,0,8.85,-2.61,8.85,0,2.61,true,0,8.85,-1.94,8.85,0,1.94,true,4.13,8.85,3.41,8.85,4.13,-3.41,true,false,true,5.29,8.85,0.95,8.85,5.29,-0.95
1169,2026-05-04 14:50:00,2026-05-04,14:50:00,7200,7198,7202,from_below,false,7197.39,7197.57,7198.64,7193.74,7193.85,6.15,true,0,6.15,-1.94,6.15,0,1.94,true,4.13,6.15,2.55,6.15,4.13,-2.55,true,4.82,6.15,1.62,6.15,4.82,-1.62,true,false,true,5.29,6.15,-2.19,6.15,5.29,2.19
1170,2026-05-04 14:55:00,2026-05-04,14:55:00,7200,7198,7202,from_below,true,7193.85,7194,7199.16,7193.85,7198.06,1.94,true,0,5.76,-3.02,5.76,0,3.02,true,4.13,5.76,3.41,5.76,4.13,-3.41,true,4.82,5.76,0.36,5.76,4.82,-0.36,true,false,true,5.29,5.76,1.4,5.76,5.29,-1.4
1171,2026-05-04 15:00:00,2026-05-04,15:00:00,7200,7198,7202,from_below,true,7198.06,7197.97,7198.54,7194.24,7196.98,3.02,true,4.13,4.61,2.55,4.61,4.13,-2.55,true,4.82,4.61,2.66,4.61,4.82,-2.66,true,4.82,4.61,2.68,4.61,4.82,-2.68,false,false,true,5.29,4.61,0.76,4.61,5.29,-0.76
1172,2026-05-04 15:05:00,2026-05-04,15:05:00,7200,7198,7202,from_below,true,7196.98,7196.88,7204.13,7195.39,7202.55,-2.55,true,3.41,0,3.41,0,3.41,-3.41,true,4.82,0,1.62,0,4.82,-1.62,true,5.29,1.51,2.55,1.51,5.29,-2.55,false,false,false,5.29,3.78,,3.78,5.29,
1173,2026-05-04 15:10:00,2026-05-04,15:10:00,7200,7198,7202,from_above,true,7202.55,7202.44,7203.41,7201.05,7203.41,3.41,true,4.82,0,2.66,4.82,0,2.66,true,4.82,1.51,0.36,4.82,1.51,0.36,true,5.29,1.51,0.95,5.29,1.51,0.95,true,false,false,5.29,3.78,,5.29,3.78,
1174,2026-05-04 15:20:00,2026-05-04,15:20:00,7200,7198,7202,from_above,false,7202.66,7202.61,7202.92,7200.35,7201.62,1.62,true,3.12,1.51,0.36,3.12,1.51,0.36,true,5.29,1.51,2.55,5.29,1.51,2.55,true,5.29,3.78,-2.19,5.29,3.78,-2.19,true,false,false,5.29,3.78,,5.29,3.78,
1175,2026-05-04 15:25:00,2026-05-04,15:25:00,7200,7198,7202,continuation_in_zone,true,7201.62,7201.66,7203.12,7198.49,7200.36,,true,3.23,0,2.68,,,,true,5.29,0.08,0.95,,,,true,5.29,3.78,1.4,,,,,,false,5.29,3.78,,,,
1176,2026-05-04 15:30:00,2026-05-04,15:30:00,7200,7198,7202,continuation_in_zone,true,7200.36,7200.36,7203.23,7200.36,7202.68,,true,5.29,0,2.55,,,,true,5.29,0.89,4,,,,true,5.29,3.78,0.76,,,,,,false,5.29,3.78,,,,
1177,2026-05-04 15:40:00,2026-05-04,15:40:00,7200,7198,7202,from_above,false,7202.55,7202.52,7202.99,7199.92,7200.95,0.95,true,4.14,0.89,4,4.14,0.89,4,true,4.14,3.78,1.4,4.14,3.78,1.4,false,4.14,3.78,,4.14,3.78,,,,false,4.14,3.78,,4.14,3.78,
1178,2026-05-04 15:45:00,2026-05-04,15:45:00,7200,7198,7202,continuation_in_zone,true,7200.95,7200.76,7204.14,7199.11,7204,,true,4.04,3.78,-2.19,,,,true,4.04,3.78,0.76,,,,false,4.04,3.78,,,,,,,false,4.04,3.78,,,,
1179,2026-05-04 15:50:00,2026-05-04,15:50:00,7200,7198,7202,from_above,true,7204,7204.04,7204.04,7196.22,7197.81,-2.19,true,1.88,3.3,1.4,1.88,3.3,1.4,false,1.93,3.3,,1.93,3.3,,false,1.93,3.3,,1.93,3.3,,,,false,1.93,3.3,,1.93,3.3,
1180,2026-05-04 15:55:00,2026-05-04,15:55:00,7200,7198,7202,from_below,true,7197.81,7197.78,7201.88,7196.7,7201.4,-1.4,true,1.93,0,0.76,0,1.93,-0.76,false,1.93,0,,0,1.93,,false,1.93,0,,0,1.93,,,,false,1.93,0,,0,1.93,
1181,2026-05-04 16:00:00,2026-05-04,16:00:00,7200,7198,7202,continuation_in_zone,true,7201.4,7201.93,7201.93,7200.76,7200.76,,false,0.76,0,,,,,false,0.76,0,,,,,false,0.76,0,,,,,,,false,0.76,0,,,,
1182,2026-05-05 09:35:00,2026-05-05,09:35:00,7250,7248,7252,from_below,false,7246.23,7246.36,7249.51,7242.44,7245.73,4.27,true,0,7.92,-4.91,7.92,0,4.91,true,2.04,7.92,-2.88,7.92,2.04,2.88,true,4.96,7.92,4.96,7.92,4.96,-4.96,true,false,true,9.54,8.22,0.37,8.22,9.54,-0.37
1183,2026-05-05 09:40:00,2026-05-05,09:40:00,7250,7248,7252,from_below,true,7245.73,7245.13,7248.9,7242.08,7245.09,4.91,true,0.13,4.91,-4.82,4.91,0.13,4.82,true,2.04,4.96,-1.46,4.96,2.04,1.46,true,7,6.1,-3.58,6.1,7,3.58,false,false,true,9.54,8.22,0.62,8.22,9.54,-0.62
1184,2026-05-05 09:45:00,2026-05-05,09:45:00,7250,7248,7252,from_below,true,7245.09,7245.54,7250.13,7245.11,7245.18,4.82,true,2.04,4.96,-2.88,4.96,2.04,2.88,true,2.04,6.1,0.6,6.1,2.04,-0.6,true,7,8.22,-5.87,8.22,7,5.87,true,false,true,9.54,8.22,0.88,8.22,9.54,-0.88
1185,2026-05-05 09:50:00,2026-05-05,09:50:00,7250,7248,7252,from_below,true,7245.18,7245.26,7252.04,7245.04,7247.12,2.88,true,0,3.59,-1.46,3.59,0,1.46,true,4.96,6.1,4.96,6.1,4.96,-4.96,true,7,8.22,5.98,8.22,7,-5.98,true,false,true,9.54,8.22,2.84,8.22,9.54,-2.84
1186,2026-05-05 09:55:00,2026-05-05,09:55:00,7250,7248,7252,from_below,true,7247.12,7246.87,7249.73,7246.41,7248.54,1.46,true,1.08,6.1,0.6,6.1,1.08,-0.6,true,7,6.1,-3.58,6.1,7,3.58,true,9.54,8.22,6.12,8.22,9.54,-6.12,false,false,true,9.54,8.22,4.46,8.22,9.54,-4.46
1187,2026-05-05 10:00:00,2026-05-05,10:00:00,7250,7248,7252,continuation_in_zone,true,7248.54,7249.43,7251.08,7243.9,7250.6,,true,4.96,0.77,4.96,,,,true,7,8.22,-5.87,,,,true,9.54,8.22,3.85,,,,,,true,9.54,8.22,8.38,,,
1188,2026-05-05 10:05:00,2026-05-05,10:05:00,7250,7248,7252,continuation_in_zone,true,7250.6,7250.7,7254.96,7249.23,7254.96,,true,7,4.49,-3.58,,,,true,7,8.22,5.98,,,,true,9.54,8.22,0.37,,,,,,true,9.54,8.22,7.04,,,
1189,2026-05-05 10:10:00,2026-05-05,10:10:00,7250,7248,7252,from_above,true,7254.96,7254.9,7257,7245.51,7246.42,-3.58,true,0.66,8.22,-5.87,0.66,8.22,-5.87,true,9.54,8.22,6.12,9.54,8.22,6.12,true,9.54,8.22,0.62,9.54,8.22,0.62,true,false,true,9.85,8.22,9.61,9.85,8.22,9.61
1190,2026-05-05 10:15:00,2026-05-05,10:15:00,7250,7248,7252,from_below,true,7246.42,7246.45,7250.66,7241.78,7244.13,5.87,true,5.98,6.92,5.98,6.92,5.98,-5.98,true,9.54,6.92,3.85,6.92,9.54,-3.85,true,9.54,6.92,0.88,6.92,9.54,-0.88,false,false,true,9.92,6.92,6.87,6.92,9.92,-6.87
1191,2026-05-05 10:20:00,2026-05-05,10:20:00,7250,7248,7252,from_below,true,7244.13,7243.89,7255.98,7243.08,7255.98,-5.98,true,9.54,0,6.12,0,9.54,-6.12,true,9.54,0.85,0.37,0.85,9.54,-0.37,true,9.54,1.81,2.84,1.81,9.54,-2.84,false,false,true,9.92,1.81,5,1.81,9.92,-5
1192,2026-05-05 10:35:00,2026-05-05,10:35:00,7250,7248,7252,from_above,false,7253.85,7253.69,7254.8,7249.15,7250.37,0.37,true,4.74,0.47,0.62,4.74,0.47,0.62,true,4.74,1.81,2.84,4.74,1.81,2.84,true,9.53,1.81,7.04,9.53,1.81,7.04,true,false,true,9.92,1.81,3.53,9.92,1.81,3.53
1193,2026-05-05 10:40:00,2026-05-05,10:40:00,7250,7248,7252,continuation_in_zone,true,7250.37,7250.4,7254.74,7249.53,7250.62,,true,2.35,1.81,0.88,,,,true,5.13,1.81,4.46,,,,true,9.85,1.81,9.61,,,,,,true,9.92,1.81,4.24,,,
1194,2026-05-05 10:45:00,2026-05-05,10:45:00,7250,7248,7252,continuation_in_zone,true,7250.62,7250.73,7252.35,7248.19,7250.88,,true,2.84,1.74,2.84,,,,true,8.67,1.74,8.38,,,,true,9.92,1.74,6.87,,,,,,true,9.92,1.74,6.4,,,
1195,2026-05-05 10:50:00,2026-05-05,10:50:00,7250,7248,7252,continuation_in_zone,true,7250.88,7250.83,7252.84,7248.26,7252.84,,true,5.13,0,4.46,,,,true,9.53,0,7.04,,,,true,9.92,0,5,,,,,,true,9.92,0,6.18,,,
1196,2026-05-06 09:30:00,2026-05-06,09:30:00,7300,7298,7302,from_below,false,7259.21,7294.14,7315.7,7294.14,7315.19,-15.19,true,19.35,0,14.94,0,19.35,-14.94,true,19.41,0,14.3,0,19.41,-14.3,true,23.5,0,17.19,0,23.5,-17.19,false,false,true,33.73,0,33.35,0,33.73,-33.35
1197,2026-05-06 11:00:00,2026-05-06,11:00:00,7350,7348,7352,from_below,false,7344.97,7344.89,7348,7344.32,7346.51,3.49,true,0,8.49,-8.38,8.49,0,8.38,true,0,12.88,-4.67,12.88,0,4.67,true,0,12.88,-5.59,12.88,0,5.59,true,true,true,0,16.58,-8.34,16.58,0,8.34
1198,2026-05-06 11:05:00,2026-05-06,11:05:00,7350,7348,7352,from_below,true,7346.51,7346.6,7348.35,7341.51,7341.62,8.38,true,0,12.88,-9.67,12.88,0,9.67,true,0,12.88,-3.85,12.88,0,3.85,true,0,12.88,-11.35,12.88,0,11.35,true,true,true,0,16.58,-9.75,16.58,0,9.75
1199,2026-05-06 14:05:00,2026-05-06,14:05:00,7350,7348,7352,from_below,false,7345.17,7345.2,7348.47,7345.2,7348.2,1.8,true,0,3.73,-1.83,3.73,0,1.83,true,4.92,3.73,4.13,3.73,4.92,-4.13,true,7.56,3.73,5.12,3.73,7.56,-5.12,false,false,true,10.18,3.73,8.7,3.73,10.18,-8.7
1200,2026-05-06 14:10:00,2026-05-06,14:10:00,7350,7348,7352,continuation_in_zone,true,7348.2,7348.27,7348.94,7346.27,7348.17,,true,3.58,1.89,2.42,,,,true,4.92,1.89,3.79,,,,true,7.56,1.89,3.75,,,,,,true,11.53,1.89,10.89,,,
1201,2026-05-06 14:15:00,2026-05-06,14:15:00,7350,7348,7352,continuation_in_zone,true,7348.17,7348.11,7353.58,7348.11,7352.42,,true,4.92,0,4.13,,,,true,5.11,0,5.11,,,,true,7.56,0,2.06,,,,,,true,11.56,0,10.94,,,
1202,2026-05-06 14:30:00,2026-05-06,14:30:00,7350,7348,7352,from_above,false,7353.79,7353.84,7355.11,7351.92,7355.11,5.11,true,7.56,0,5.12,7.56,0,5.12,true,7.56,0,2.06,7.56,0,2.06,true,7.56,0,6.42,7.56,0,6.42,true,false,true,13.4,0,9.49,13.4,0,9.49
1203,2026-05-06 14:45:00,2026-05-06,14:45:00,7350,7348,7352,from_above,false,7353.75,7353.51,7354.55,7350.54,7352.06,2.06,true,3.95,0,3.81,3.95,0,3.81,true,7.28,0,6.42,7.28,0,6.42,true,11.56,0,10.94,11.56,0,10.94,true,true,true,13.45,0,9.97,13.45,0,9.97
1204,2026-05-06 14:50:00,2026-05-06,14:50:00,7350,7348,7352,continuation_in_zone,true,7352.06,7352,7353.95,7350.76,7353.81,,true,4.55,0,2.56,,,,true,10.18,0,8.7,,,,true,13.4,0,12.22,,,,,,true,18.47,0,17.59,,,
1205,2026-05-07 12:10:00,2026-05-07,12:10:00,7350,7348,7352,from_above,false,7356.66,7356.63,7356.63,7348.66,7350.15,0.15,true,0.21,9.67,-8.38,0.21,9.67,-8.38,true,7.44,10.17,7.07,7.44,10.17,7.07,true,11.82,10.17,0.88,11.82,10.17,0.88,true,true,true,11.82,10.72,-6.93,11.82,10.72,-6.93
1206,2026-05-07 12:15:00,2026-05-07,12:15:00,7350,7348,7352,continuation_in_zone,true,7350.15,7350.21,7350.21,7340.33,7341.62,,true,0.33,10.17,0.33,,,,true,11.82,10.17,9.69,,,,true,11.82,10.17,-1.48,,,,,,true,11.82,15.12,-13.19,,,
1207,2026-05-07 12:20:00,2026-05-07,12:20:00,7350,7348,7352,from_below,true,7341.62,7341.37,7350.33,7339.83,7350.33,-0.33,true,7.44,0,7.07,0,7.44,-7.07,true,11.82,0,0.79,0,11.82,-0.79,true,11.82,6.77,-2.96,6.77,11.82,2.96,false,false,true,11.82,15.6,-5.44,15.6,11.82,5.44
1208,2026-05-07 12:25:00,2026-05-07,12:25:00,7350,7348,7352,continuation_in_zone,true,7350.33,7350.25,7357.44,7350.12,7357.07,,true,11.82,0,9.69,,,,true,11.82,1.5,0.88,,,,true,11.82,10.72,-6.14,,,,,,true,11.82,28.34,-20.27,,,
1209,2026-05-07 12:35:00,2026-05-07,12:35:00,7350,7348,7352,from_above,false,7359.69,7359.66,7359.8,7350.51,7350.79,0.79,true,4.74,1.5,0.88,4.74,1.5,0.88,true,4.74,6.77,-2.96,4.74,6.77,-2.96,true,4.74,10.72,-5.64,4.74,10.72,-5.64,false,false,true,4.74,28.34,-12.99,4.74,28.34,-12.99
1210,2026-05-07 12:40:00,2026-05-07,12:40:00,7350,7348,7352,continuation_in_zone,true,7350.79,7350.76,7354.74,7348.5,7350.88,,true,1.78,2.59,-1.48,,,,true,1.78,10.72,-6.14,,,,true,1.78,10.72,-6.93,,,,,,true,1.78,28.34,-19.86,,,
1211,2026-05-07 12:45:00,2026-05-07,12:45:00,7350,7348,7352,continuation_in_zone,true,7350.88,7350.98,7351.78,7347.41,7348.52,,true,0,6.77,-2.96,,,,true,0,10.72,-6.44,,,,true,0,15.12,-13.19,,,,,,true,0,28.34,-21.52,,,
1212,2026-05-07 12:50:00,2026-05-07,12:50:00,7350,7348,7352,continuation_in_zone,true,7348.52,7348.46,7348.46,7343.23,7347.04,,true,0,10.72,-6.14,,,,true,0,10.72,-5.64,,,,true,0,15.6,-5.44,,,,,,true,0,28.34,-22.36,,,
1213,2026-05-07 13:05:00,2026-05-07,13:05:00,7350,7348,7352,from_below,false,7343.56,7343.51,7349.47,7341.33,7344.36,5.64,true,0,10.27,-6.93,10.27,0,6.93,true,0,15.6,-5.44,15.6,0,5.44,true,0,28.34,-12.99,28.34,0,12.99,true,true,true,0,28.34,-14.39,28.34,0,14.39
1214,2026-05-08 12:25:00,2026-05-08,12:25:00,7400,7398,7402,from_below,false,7396.73,7396.85,7400.09,7396.14,7397.55,2.45,true,0,4.74,-3.14,4.74,0,3.14,true,0,9.78,-9.75,9.78,0,9.75,true,0,9.78,-8.51,9.78,0,8.51,true,false,true,0.98,9.78,-0.44,9.78,0.98,0.44
1215,2026-05-08 12:30:00,2026-05-08,12:30:00,7400,7398,7402,from_below,true,7397.55,7397.67,7398.76,7395.26,7396.86,3.14,true,0,6.11,-3.07,6.11,0,3.07,true,0,9.78,-4.59,9.78,0,4.59,true,0,9.78,-2.96,9.78,0,2.96,true,false,true,0.98,9.78,-0.42,9.78,0.98,0.42
1216,2026-05-08 12:35:00,2026-05-08,12:35:00,7400,7398,7402,from_below,true,7396.86,7396.86,7398.74,7393.89,7396.93,3.07,true,0,9.78,-9.75,9.78,0,9.75,true,0,9.78,-7.1,9.78,0,7.1,true,0,9.78,-3.29,9.78,0,3.29,true,false,true,1.01,9.78,-3.31,9.78,1.01,3.31
1217,2026-05-08 13:05:00,2026-05-08,13:05:00,7400,7398,7402,from_below,false,7397.04,7396.99,7398.09,7393.94,7396.71,3.29,true,0,5.79,-5.37,5.79,0,5.37,true,0.3,5.79,-0.85,5.79,0.3,0.85,true,1.01,5.79,-3.31,5.79,1.01,3.31,true,false,true,1.5,7.06,-4.02,7.06,1.5,4.02
1218,2026-05-08 13:20:00,2026-05-08,13:20:00,7400,7398,7402,from_below,false,7397.6,7397.44,7400.3,7396.46,7399.15,0.85,true,0.98,1.37,-0.44,1.37,0.98,0.44,true,1.01,3.43,-3.31,3.43,1.01,3.31,true,1.01,7.06,-3.73,7.06,1.01,3.73,true,false,true,1.5,7.06,0.08,7.06,1.5,-0.08
1219,2026-05-08 13:25:00,2026-05-08,13:25:00,7400,7398,7402,continuation_in_zone,true,7399.15,7399.1,7400.98,7398.63,7399.56,,true,0.36,2.01,-0.42,,,,true,1.01,5.13,-4.87,,,,true,1.01,7.06,-5.7,,,,,,true,1.5,7.06,-0.51,,,
1220,2026-05-08 13:30:00,2026-05-08,13:30:00,7400,7398,7402,continuation_in_zone,true,7399.56,7399.7,7400.36,7397.99,7399.58,,true,1.01,3.43,-3.31,,,,true,1.01,5.45,-4.62,,,,true,1.5,7.06,-2.02,,,,,,true,1.5,7.06,-1.31,,,
1221,2026-05-08 13:35:00,2026-05-08,13:35:00,7400,7398,7402,continuation_in_zone,true,7399.58,7399.54,7401.01,7396.57,7396.69,,true,0,5.13,-4.87,,,,true,0,7.06,-3.73,,,,true,1.5,7.06,-4.02,,,,,,true,1.5,7.06,-2.82,,,
1222,2026-05-08 13:45:00,2026-05-08,13:45:00,7400,7398,7402,from_below,false,7395.13,7395.16,7398.03,7394.55,7395.38,4.62,true,0,7.06,-3.73,7.06,0,3.73,true,1.5,7.06,-2.02,7.06,1.5,2.02,true,1.5,7.06,0.12,7.06,1.5,-0.12,true,false,true,1.5,8.86,-8.31,8.86,1.5,8.31
1223,2026-05-08 14:00:00,2026-05-08,14:00:00,7400,7398,7402,from_below,false,7394.3,7394.18,7401.5,7393.95,7397.98,2.02,true,0,4.48,-4.02,4.48,0,4.02,true,1.34,4.48,0.12,4.48,1.34,-0.12,true,1.4,4.48,-1.31,4.48,1.4,1.31,true,false,true,1.4,15.91,-11.07,15.91,1.4,11.07
1224,2026-05-08 14:05:00,2026-05-08,14:05:00,7400,7398,7402,from_below,true,7397.98,7397.94,7399.59,7395.52,7395.98,4.02,true,0.24,4.35,-0.23,4.35,0.24,0.23,true,1.4,4.35,0.08,4.35,1.4,-0.08,true,1.4,4.35,-2.82,4.35,1.4,2.82,true,false,true,1.4,15.91,-8.63,15.91,1.4,8.63
1225,2026-05-08 14:10:00,2026-05-08,14:10:00,7400,7398,7402,from_below,true,7395.98,7395.83,7400.24,7395.65,7399.77,0.23,true,1.34,1.45,0.12,1.45,1.34,-0.12,true,1.4,1.7,-0.51,1.7,1.4,0.51,true,1.4,5.23,-5.18,5.23,1.4,5.18,true,false,true,1.4,15.91,-8.99,15.91,1.4,8.99
1226,2026-05-08 14:15:00,2026-05-08,14:15:00,7400,7398,7402,continuation_in_zone,true,7399.77,7399.96,7401.34,7398.55,7400.12,,true,1.4,0.48,0.08,,,,true,1.4,1.7,-1.31,,,,true,1.4,8.86,-8.31,,,,,,true,1.4,15.91,-5.86,,,
1227,2026-05-08 14:20:00,2026-05-08,14:20:00,7400,7398,7402,continuation_in_zone,true,7400.12,7400.11,7401.4,7399.52,7400.08,,true,0.3,1.7,-0.51,,,,true,1.37,3.82,-2.82,,,,true,1.37,12.41,-12,,,,,,true,1.37,15.91,-7.23,,,
1228,2026-05-08 14:25:00,2026-05-08,14:25:00,7400,7398,7402,continuation_in_zone,true,7400.08,7400.21,7400.3,7398.3,7399.49,,true,1.37,1.65,-1.31,,,,true,1.37,5.23,-5.18,,,,true,1.37,15.91,-13.95,,,,,,true,1.37,15.91,-11.01,,,
1229,2026-05-08 14:30:00,2026-05-08,14:30:00,7400,7398,7402,continuation_in_zone,true,7399.49,7399.37,7401.37,7398.35,7398.69,,true,0,3.82,-2.82,,,,true,0,8.86,-8.31,,,,true,0,15.91,-11.07,,,,,,true,0,15.91,-7.03,,,
1230,2026-05-08 14:35:00,2026-05-08,14:35:00,7400,7398,7402,continuation_in_zone,true,7398.69,7398.59,7398.86,7396.18,7397.18,,true,0,5.23,-5.18,,,,true,0,12.41,-12,,,,true,0,15.91,-8.63,,,,,,true,0,15.91,-6.42,,,
1231,2026-05-08 15:50:00,2026-05-08,15:50:00,7400,7398,7402,from_below,false,7395.11,7395.08,7398.06,7394.21,7398.06,1.94,true,0,5.56,-2.58,5.56,0,2.58,false,0,5.56,,5.56,0,,false,0,5.56,,5.56,0,,,,false,0,5.56,,5.56,0,
1232,2026-05-08 15:55:00,2026-05-08,15:55:00,7400,7398,7402,from_below,true,7398.06,7397.93,7398.84,7394.44,7397.42,2.58,true,0,2.58,-1.08,2.58,0,1.08,false,0,2.58,,2.58,0,,false,0,2.58,,2.58,0,,,,false,0,2.58,,2.58,0,
1233,2026-05-08 16:00:00,2026-05-08,16:00:00,7400,7398,7402,continuation_in_zone,true,7397.42,7398.53,7398.95,7398.5,7398.92,,false,0,1.08,,,,,false,0,1.08,,,,,false,0,1.08,,,,,,,false,0,1.08,,,,
1234,2026-05-11 09:30:00,2026-05-11,09:30:00,7400,7398,7402,from_below,false,7398.92,7388.85,7401.05,7384.2,7401.05,-1.05,true,1.28,4.73,-1.65,4.73,1.28,1.65,true,14.12,4.73,9.2,4.73,14.12,-9.2,true,14.12,4.73,7.72,4.73,14.12,-7.72,false,false,true,17.78,4.73,5.41,4.73,17.78,-5.41
1235,2026-05-11 09:35:00,2026-05-11,09:35:00,7400,7398,7402,continuation_in_zone,true,7401.05,7401.28,7401.28,7395.27,7398.35,,true,5.79,2.74,5.62,,,,true,14.12,2.74,6.99,,,,true,14.12,2.74,9.06,,,,,,true,17.78,2.74,7.67,,,
1236,2026-05-11 09:40:00,2026-05-11,09:40:00,7400,7398,7402,continuation_in_zone,true,7398.35,7398.52,7405.79,7397.26,7405.62,,true,14.12,0,9.2,,,,true,14.12,0,7.83,,,,true,14.12,0,12.28,,,,,,true,17.78,2.35,10.78,,,
1237,2026-05-11 10:30:00,2026-05-11,10:30:00,7400,7398,7402,from_above,false,7405.77,7405.82,7408.67,7397.65,7405.41,5.41,true,9.2,0,7.67,9.2,0,7.67,true,12.86,0,12.68,12.86,0,12.68,true,21.11,0,17.5,21.11,0,17.5,true,true,true,23.59,0,21.47,23.59,0,21.47
1238,2026-05-12 11:15:00,2026-05-12,11:15:00,7350,7348,7352,from_above,false,7352.84,7352.69,7353,7346.69,7350.2,0.2,true,0.85,9.92,-9.01,0.85,9.92,-9.01,true,0.85,11.46,-0.03,0.85,11.46,-0.03,true,8.05,11.46,4.14,8.05,11.46,4.14,false,false,true,8.05,11.46,0.66,8.05,11.46,0.66
1239,2026-05-12 11:20:00,2026-05-12,11:20:00,7350,7348,7352,continuation_in_zone,true,7350.2,7350.02,7350.85,7340.08,7340.99,,true,0,11.46,-6.52,,,,true,3.97,11.46,1.86,,,,true,8.05,11.46,2.49,,,,,,true,8.05,11.46,-1.06,,,
1240,2026-05-12 11:30:00,2026-05-12,11:30:00,7350,7348,7352,from_below,false,7343.48,7343.51,7350.85,7342.12,7349.97,0.03,true,3.97,4.11,1.86,4.11,3.97,-1.86,true,8.05,4.11,4.14,4.11,8.05,-4.14,true,8.05,8.36,2.67,8.36,8.05,-2.67,true,false,true,8.05,8.36,-3.77,8.36,8.05,3.77
1241,2026-05-12 11:35:00,2026-05-12,11:35:00,7350,7348,7352,continuation_in_zone,true,7349.97,7349.47,7353.97,7345.89,7351.86,,true,6.46,1.27,5.95,,,,true,8.05,1.27,2.49,,,,true,8.05,8.36,-1.62,,,,,,true,8.05,8.36,-1.58,,,
1242,2026-05-12 11:40:00,2026-05-12,11:40:00,7350,7348,7352,from_above,true,7351.86,7352.08,7356.46,7348.73,7355.95,5.95,true,8.05,0,4.14,8.05,0,4.14,true,8.05,5.86,-4.27,8.05,5.86,-4.27,true,8.05,8.36,4.45,8.05,8.36,4.45,false,false,true,8.05,8.36,-5.3,8.05,8.36,-5.3
1243,2026-05-12 11:50:00,2026-05-12,11:50:00,7350,7348,7352,from_above,false,7354.14,7354.12,7355.52,7351,7352.49,2.49,true,2.82,5.86,-4.27,2.82,5.86,-4.27,true,3.93,8.36,-1.62,3.93,8.36,-1.62,true,5.37,8.36,-1.06,5.37,8.36,-1.06,false,false,true,5.37,11.26,-9.64,5.37,11.26,-9.64
1244,2026-05-12 11:55:00,2026-05-12,11:55:00,7350,7348,7352,from_above,true,7352.49,7352.23,7352.82,7344.14,7345.73,-4.27,true,3.93,8.36,2.67,3.93,8.36,2.67,true,5.37,8.36,4.45,5.37,8.36,4.45,true,5.37,8.36,-1.84,5.37,8.36,-1.84,false,false,true,5.37,11.28,-8.69,5.37,11.28,-8.69
1245,2026-05-12 12:00:00,2026-05-12,12:00:00,7350,7348,7352,from_below,true,7345.73,7345.4,7353.93,7341.64,7352.67,-2.67,true,3.8,3.1,-1.62,3.1,3.8,1.62,true,5.37,3.1,0.66,3.1,5.37,-0.66,true,5.37,7.69,-3.77,7.69,5.37,3.77,true,false,true,5.37,11.28,-0.81,11.28,5.37,0.81
1246,2026-05-12 12:05:00,2026-05-12,12:05:00,7350,7348,7352,from_above,true,7352.67,7352.7,7353.8,7346.9,7348.38,-1.62,true,5.37,2.51,4.45,5.37,2.51,4.45,true,5.37,3.61,-1.06,5.37,3.61,-1.06,true,5.37,7.69,-1.58,5.37,7.69,-1.58,false,false,true,5.37,11.28,0.53,5.37,11.28,0.53
1247,2026-05-12 12:10:00,2026-05-12,12:10:00,7350,7348,7352,continuation_in_zone,true,7348.38,7348.48,7355.37,7347.49,7354.45,,true,4.5,0,0.66,,,,true,4.5,3.61,-1.84,,,,true,4.5,7.69,-5.3,,,,,,true,4.5,11.28,3.58,,,
1248,2026-05-12 12:15:00,2026-05-12,12:15:00,7350,7348,7352,from_above,true,7354.45,7354.4,7354.5,7350.66,7350.66,0.66,true,3.07,3.61,-1.06,3.07,3.61,-1.06,true,3.07,7.69,-3.77,3.07,7.69,-3.77,true,3.07,11.11,-8.22,3.07,11.11,-8.22,false,false,true,11.4,11.28,11.29,11.4,11.28,11.29
1249,2026-05-12 12:20:00,2026-05-12,12:20:00,7350,7348,7352,continuation_in_zone,true,7350.66,7350.74,7353.07,7346.39,7348.94,,true,0.68,2.61,-1.84,,,,true,0.85,7.69,-1.58,,,,true,0.85,11.26,-9.64,,,,,,true,19.8,11.28,15.73,,,
1250,2026-05-12 12:25:00,2026-05-12,12:25:00,7350,7348,7352,continuation_in_zone,true,7348.94,7348.97,7350.68,7347.39,7348.16,,true,0,7.69,-3.77,,,,true,0.85,7.69,-5.3,,,,true,0.85,11.28,-8.69,,,,,,true,19.8,11.28,14.1,,,
1251,2026-05-12 12:30:00,2026-05-12,12:30:00,7350,7348,7352,continuation_in_zone,true,7348.16,7348.17,7348.72,7342.31,7346.23,,true,0.85,4.12,-1.58,,,,true,0.85,11.11,-8.22,,,,true,0.85,11.28,-0.81,,,,,,true,20.64,11.28,19.77,,,
1252,2026-05-12 12:35:00,2026-05-12,12:35:00,7350,7348,7352,from_below,true,7346.23,7345.88,7350.85,7345.88,7348.42,1.58,true,0.41,6.81,-5.3,6.81,0.41,5.3,true,0.41,11.26,-9.64,11.26,0.41,9.64,true,4.41,11.28,0.53,11.28,4.41,-0.53,true,true,true,20.64,11.28,17.35,11.28,20.64,-17.35
1253,2026-05-12 12:40:00,2026-05-12,12:40:00,7350,7348,7352,continuation_in_zone,true,7348.42,7348.43,7350.41,7343.19,7344.7,,true,0,11.11,-8.22,,,,true,0,11.28,-8.69,,,,true,4.41,11.28,3.58,,,,,,true,20.64,11.28,18.71,,,
1254,2026-05-12 13:00:00,2026-05-12,13:00:00,7350,7348,7352,from_below,false,7341.31,7341.56,7350.22,7340.82,7349.19,0.81,true,4.41,1.04,0.53,1.04,4.41,-0.53,true,11.4,1.04,11.29,1.04,11.4,-11.29,true,20.64,1.04,19.77,1.04,20.64,-19.77,false,false,true,23.51,1.04,22.61,1.04,23.51,-22.61
1255,2026-05-12 13:05:00,2026-05-12,13:05:00,7350,7348,7352,continuation_in_zone,true,7349.19,7349.12,7354.41,7348.96,7350.53,,true,4.19,0,3.58,,,,true,19.8,0,15.73,,,,true,20.64,0,17.35,,,,,,true,23.51,0,19.97,,,
1256,2026-05-12 13:10:00,2026-05-12,13:10:00,7350,7348,7352,continuation_in_zone,true,7350.53,7350.57,7354.19,7350.18,7353.58,,true,11.4,0,11.29,,,,true,19.8,0,14.1,,,,true,20.64,0,18.71,,,,,,true,23.51,0,21.91,,,
1257,2026-05-12 15:30:00,2026-05-12,15:30:00,7400,7398,7402,from_below,false,7391.85,7391.75,7401.61,7391.75,7400.08,-0.08,true,0.32,2.18,-0.76,2.18,0.32,0.76,true,3,2.75,1.64,2.75,3,-1.64,true,9.57,2.75,0.97,2.75,9.57,-0.97,false,false,false,9.57,2.75,,2.75,9.57,
1258,2026-05-12 15:35:00,2026-05-12,15:35:00,7400,7398,7402,continuation_in_zone,true,7400.08,7399.99,7400.32,7397.82,7399.24,,true,1.49,2.75,1.16,,,,true,9.57,2.75,4.01,,,,false,9.57,2.75,,,,,,,false,9.57,2.75,,,,
1259,2026-05-12 15:40:00,2026-05-12,15:40:00,7400,7398,7402,continuation_in_zone,true,7399.24,7399.19,7401.49,7397.25,7401.16,,true,3,1.67,1.64,,,,true,9.57,1.67,0.44,,,,false,9.57,1.67,,,,,,,false,9.57,1.67,,,,
1260,2026-05-12 15:45:00,2026-05-12,15:45:00,7400,7398,7402,continuation_in_zone,true,7401.16,7401.07,7403,7398.33,7401.64,,true,9.57,0,4.01,,,,true,9.57,0,0.97,,,,false,9.57,0,,,,,,,false,9.57,0,,,,
1261,2026-05-12 15:50:00,2026-05-12,15:50:00,7400,7398,7402,continuation_in_zone,true,7401.64,7401.56,7409.57,7401.56,7404.01,,true,6.23,0,0.44,,,,false,6.23,0,,,,,false,6.23,0,,,,,,,false,6.23,0,,,,
1262,2026-05-12 15:55:00,2026-05-12,15:55:00,7400,7398,7402,from_above,true,7404.01,7404.16,7406.23,7400.39,7400.44,0.44,true,1.23,0,0.97,1.23,0,0.97,false,1.23,0,,1.23,0,,false,1.23,0,,1.23,0,,,,false,1.23,0,,1.23,0,
1263,2026-05-12 16:00:00,2026-05-12,16:00:00,7400,7398,7402,continuation_in_zone,true,7400.44,7401.23,7401.23,7400.95,7400.97,,false,0.97,0,,,,,false,0.97,0,,,,,false,0.97,0,,,,,,,false,0.97,0,,,,
1264,2026-05-13 09:30:00,2026-05-13,09:30:00,7400,7398,7402,from_above,false,7400.97,7409.12,7409.12,7393.95,7398.12,-1.88,true,0,13.56,-11.14,0,13.56,-11.14,true,0,24.87,-15.83,0,24.87,-15.83,true,0,24.87,-5.97,0,24.87,-5.97,false,false,true,9.17,24.87,7.91,9.17,24.87,7.91
1265,2026-05-13 09:35:00,2026-05-13,09:35:00,7400,7398,7402,from_below,true,7398.12,7397.6,7398.39,7386.44,7388.86,11.14,true,0,13.87,-11.64,13.87,0,11.64,true,0,24.87,-8.94,24.87,0,8.94,true,0,24.87,-6.77,24.87,0,6.77,true,true,true,9.17,24.87,0.67,24.87,9.17,-0.67
1266,2026-05-13 10:10:00,2026-05-13,10:10:00,7400,7398,7402,from_below,false,7393.23,7393.26,7398.12,7390.65,7397.35,2.65,true,0,7.23,-6.6,7.23,0,6.6,true,9.17,7.23,4.38,7.23,9.17,-4.38,true,9.17,7.23,4.96,7.23,9.17,-4.96,false,false,true,15.53,7.23,10.51,7.23,15.53,-10.51
1267,2026-05-13 10:15:00,2026-05-13,10:15:00,7400,7398,7402,from_below,true,7397.35,7397.35,7399.75,7392.77,7393.4,6.6,true,6.02,6.6,5.24,6.6,6.02,-5.24,true,9.17,6.6,7.91,6.6,9.17,-7.91,true,9.17,6.6,6.44,6.6,9.17,-6.44,false,false,true,15.53,6.6,13.79,6.6,15.53,-13.79
1268,2026-05-13 10:20:00,2026-05-13,10:20:00,7400,7398,7402,from_below,true,7393.4,7393.91,7406.02,7393.77,7405.24,-5.24,true,9.17,0,4.38,0,9.17,-4.38,true,9.17,1.39,0.67,1.39,9.17,-0.67,true,11.36,1.39,10.58,1.39,11.36,-10.58,false,false,true,15.53,1.39,13.09,1.39,15.53,-13.09
1269,2026-05-13 10:35:00,2026-05-13,10:35:00,7400,7398,7402,from_above,false,7407.91,7408.21,7408.79,7398.61,7400.67,0.67,true,7,0.9,4.96,7,0.9,4.96,true,11.36,0.9,10.58,11.36,0.9,10.58,true,15.53,0.9,12.39,15.53,0.9,12.39,true,true,true,19.76,0.9,19.02,19.76,0.9,19.02
1270,2026-05-13 10:40:00,2026-05-13,10:40:00,7400,7398,7402,continuation_in_zone,true,7400.67,7400.52,7407,7399.1,7404.96,,true,7.2,0,6.44,,,,true,11.78,0,10.22,,,,true,15.53,0,10.51,,,,,,true,24.13,0,23.13,,,
1271,2026-05-13 10:45:00,2026-05-13,10:45:00,7400,7398,7402,from_above,true,7404.96,7404.83,7407.2,7401.52,7406.44,6.44,true,11.36,0,10.58,11.36,0,10.58,true,15.53,0,13.48,15.53,0,13.48,true,15.53,0,13.79,15.53,0,13.79,true,true,true,24.13,0,19.91,24.13,0,19.91
1272,2026-05-13 13:05:00,2026-05-13,13:05:00,7450,7448,7452,from_below,false,7445.74,7445.66,7450.68,7445.66,7449.02,0.98,true,0.94,2.52,-0.94,2.52,0.94,0.94,true,0.94,4.92,-4.86,4.92,0.94,4.86,true,0.94,6.9,-5.03,6.9,0.94,5.03,true,false,true,0.94,7.98,-0.09,7.98,0.94,0.09
1273,2026-05-13 13:10:00,2026-05-13,13:10:00,7450,7448,7452,continuation_in_zone,true,7449.02,7449.16,7450.94,7447.48,7449.06,,true,0,4.19,-3.3,,,,true,0,5.19,-1.93,,,,true,0,6.9,-2.45,,,,,,true,4.8,7.98,4.63,,,
1274,2026-05-13 13:15:00,2026-05-13,13:15:00,7450,7448,7452,continuation_in_zone,true,7449.06,7448.66,7449.43,7445.81,7446.7,,true,0,4.92,-4.86,,,,true,0,6.64,-5.42,,,,true,0,6.9,-3.25,,,,,,true,9.29,7.98,7.55,,,
1275,2026-05-13 13:20:00,2026-05-13,13:20:00,7450,7448,7452,from_below,true,7446.7,7446.51,7448.19,7445.08,7445.14,4.86,true,0,5.19,-1.93,5.19,0,1.93,true,0,6.9,-5.03,6.9,0,5.03,true,0,6.9,-3.49,6.9,0,3.49,true,false,true,10.04,7.98,7.55,7.98,10.04,-7.55
1276,2026-05-13 13:25:00,2026-05-13,13:25:00,7450,7448,7452,from_below,true,7445.14,7445.04,7449.25,7444.81,7448.07,1.93,true,0,6.64,-5.42,6.64,0,5.42,true,0,6.9,-2.45,6.9,0,2.45,true,0,7.94,-7.88,7.94,0,7.88,true,false,true,10.04,7.98,6.33,7.98,10.04,-6.33
1277,2026-05-13 13:30:00,2026-05-13,13:30:00,7450,7448,7452,continuation_in_zone,true,7448.07,7448.01,7448.53,7443.36,7444.58,,true,0,6.9,-5.03,,,,true,0,6.9,-3.25,,,,true,0,7.98,-1.18,,,,,,true,10.04,7.98,4.41,,,
1278,2026-05-13 13:45:00,2026-05-13,13:45:00,7450,7448,7452,from_below,false,7447.55,7447.63,7448.72,7446.58,7446.75,3.25,true,0,3.49,-3.49,3.49,0,3.49,true,0,7.98,-1.18,7.98,0,1.18,true,9.29,7.98,7.55,7.98,9.29,-7.55,false,false,true,10.04,7.98,1.58,7.98,10.04,-1.58
1279,2026-05-13 13:50:00,2026-05-13,13:50:00,7450,7448,7452,from_below,true,7446.75,7446.68,7448.53,7446.51,7446.51,3.49,true,0,7.94,-7.88,7.94,0,7.88,true,0.62,7.98,-0.09,7.98,0.62,0.09,true,10.04,7.98,7.55,7.98,10.04,-7.55,false,false,true,10.04,7.98,2.98,7.98,10.04,-2.98
1280,2026-05-13 14:00:00,2026-05-13,14:00:00,7450,7448,7452,from_below,false,7442.12,7442.27,7449.22,7442.02,7448.82,1.18,true,0.62,2.07,-0.09,2.07,0.62,0.09,true,9.29,2.07,7.55,2.07,9.29,-7.55,true,10.04,2.07,4.41,2.07,10.04,-4.41,false,false,true,10.04,3.16,1.96,3.16,10.04,-1.96
1281,2026-05-13 14:05:00,2026-05-13,14:05:00,7450,7448,7452,continuation_in_zone,true,7448.82,7448.79,7450.62,7447.93,7449.91,,true,4.8,0.98,4.63,,,,true,10.04,0.98,7.55,,,,true,10.04,0.98,1.8,,,,,,true,10.04,3.16,4.6,,,
1282,2026-05-13 14:10:00,2026-05-13,14:10:00,7450,7448,7452,continuation_in_zone,true,7449.91,7449.7,7454.8,7449.02,7454.63,,true,9.29,0,7.55,,,,true,10.04,0,6.33,,,,true,10.04,0.54,-0.47,,,,,,true,10.04,3.16,6.8,,,
1283,2026-05-13 14:35:00,2026-05-13,14:35:00,7450,7448,7452,from_above,false,7454.41,7454.56,7454.56,7449.46,7451.8,1.8,true,3.61,0.47,-0.47,3.61,0.47,-0.47,true,3.85,0.47,2.98,3.85,0.47,2.98,true,4.73,3.16,4.6,4.73,3.16,4.6,true,false,true,8.21,3.16,5,8.21,3.16,5
1284,2026-05-13 14:40:00,2026-05-13,14:40:00,7450,7448,7452,continuation_in_zone,true,7451.8,7451.8,7453.61,7449.53,7449.53,,true,2.95,0.47,1.58,,,,true,3.85,3.16,-2.88,,,,true,6.92,3.16,6.8,,,,,,true,8.21,3.16,5.86,,,
1285,2026-05-13 14:45:00,2026-05-13,14:45:00,7450,7448,7452,continuation_in_zone,true,7449.53,7449.66,7452.95,7449.55,7451.58,,true,3.85,0,2.98,,,,true,3.85,3.16,1.96,,,,true,8.21,3.16,7.41,,,,,,true,8.21,3.16,5.07,,,
1286,2026-05-13 14:50:00,2026-05-13,14:50:00,7450,7448,7452,continuation_in_zone,true,7451.58,7451.65,7453.85,7450.62,7452.98,,true,2.98,3.16,-2.88,,,,true,4.73,3.16,4.6,,,,true,8.21,3.16,2.19,,,,,,true,8.21,6,-4.42,,,
1287,2026-05-13 14:55:00,2026-05-13,14:55:00,7450,7448,7452,from_above,true,7452.98,7452.97,7452.97,7446.84,7447.12,-2.88,true,2.15,2.88,1.96,2.15,2.88,1.96,true,6.92,2.88,6.8,6.92,2.88,6.8,true,8.21,2.88,6.21,8.21,2.88,6.21,true,false,true,8.21,6.33,-5.13,8.21,6.33,-5.13
1288,2026-05-13 15:00:00,2026-05-13,15:00:00,7450,7448,7452,from_below,true,7447.12,7447.17,7452.15,7447.17,7451.96,-1.96,true,4.73,0,4.6,0,4.73,-4.6,true,8.21,0,7.41,0,8.21,-7.41,true,8.21,0,3.12,0,8.21,-3.12,false,false,true,8.21,6.33,-5.74,6.33,8.21,5.74
1289,2026-05-13 15:05:00,2026-05-13,15:05:00,7450,7448,7452,continuation_in_zone,true,7451.96,7451.9,7454.73,7450.39,7454.6,,true,6.92,0,6.8,,,,true,8.21,0,2.19,,,,true,8.21,0,5,,,,,,false,8.21,6.33,,,,
1290,2026-05-13 15:20:00,2026-05-13,15:20:00,7450,7448,7452,from_above,false,7457.41,7457.32,7458.07,7451.87,7452.19,2.19,true,6.21,0,6.21,6.21,0,6.21,true,6.56,0,5,6.56,0,5,true,7.11,6,-4.42,7.11,6,-4.42,true,false,false,7.11,6.33,,7.11,6.33,
1291,2026-05-13 15:25:00,2026-05-13,15:25:00,7450,7448,7452,from_above,true,7452.19,7452.13,7456.21,7451.18,7456.21,6.21,true,6.56,0,3.12,6.56,0,3.12,true,6.56,0,5.86,6.56,0,5.86,true,7.11,6.33,-5.13,7.11,6.33,-5.13,true,false,false,7.11,6.33,,7.11,6.33,
1292,2026-05-13 15:35:00,2026-05-13,15:35:00,7450,7448,7452,from_above,false,7453.12,7453.33,7455.57,7451.36,7455,5,true,6.01,0,5.86,6.01,0,5.86,true,7.11,6,-4.42,7.11,6,-4.42,false,7.11,6.33,,7.11,6.33,,,,false,7.11,6.33,,7.11,6.33,
1293,2026-05-13 15:50:00,2026-05-13,15:50:00,7450,7448,7452,from_above,false,7455.07,7454.95,7454.95,7444,7445.58,-4.42,true,0,6.33,-5.13,0,6.33,-5.13,false,0,6.33,,0,6.33,,false,0,6.33,,0,6.33,,,,false,0,6.33,,0,6.33,
1294,2026-05-14 11:00:00,2026-05-14,11:00:00,7500,7498,7502,from_below,false,7493.83,7494.03,7500.14,7492.35,7497.81,2.19,true,0.62,2.98,-0.17,2.98,0.62,0.17,true,7.25,2.98,6.4,2.98,7.25,-6.4,true,10.29,2.98,8.21,2.98,10.29,-8.21,false,false,true,16.5,2.98,15.79,2.98,16.5,-15.79
1295,2026-05-14 11:05:00,2026-05-14,11:05:00,7500,7498,7502,from_below,true,7497.81,7497.53,7500.62,7497.02,7499.83,0.17,true,2.45,1.34,2.39,1.34,2.45,-2.39,true,9.34,1.34,6.7,1.34,9.34,-6.7,true,10.29,1.34,5.79,1.34,10.29,-5.79,false,false,true,17.12,1.34,13.67,1.34,17.12,-13.67
1296,2026-05-14 11:10:00,2026-05-14,11:10:00,7500,7498,7502,continuation_in_zone,true,7499.83,7499.89,7502.45,7498.66,7502.39,,true,7.25,0,6.4,,,,true,9.78,0,7.25,,,,true,10.29,0,9.57,,,,,,true,17.12,0,10.81,,,
1297,2026-05-14 12:25:00,2026-05-14,12:25:00,7500,7498,7502,from_above,false,7508.79,7508.57,7509.18,7500.29,7501.84,1.84,true,4.14,3.89,-2.01,4.14,3.89,-2.01,true,5.31,3.89,0.74,5.31,3.89,0.74,true,5.31,6.91,-0.52,5.31,6.91,-0.52,false,false,true,5.31,15.65,-9.45,5.31,15.65,-9.45
1298,2026-05-14 12:30:00,2026-05-14,12:30:00,7500,7498,7502,continuation_in_zone,true,7501.84,7501.53,7504.14,7496.11,7497.99,,true,2.83,2.18,2.82,,,,true,5.31,3.87,2.27,,,,true,5.31,6.91,3.03,,,,,,true,5.31,15.65,-7.72,,,
1299,2026-05-14 12:35:00,2026-05-14,12:35:00,7500,7498,7502,from_below,true,7497.99,7497.88,7502.83,7497.82,7502.82,-2.82,true,5.31,0,0.74,0,5.31,-0.74,true,5.31,3.87,-0.89,3.87,5.31,0.89,true,5.31,6.91,-3.94,6.91,5.31,3.94,true,false,true,5.31,15.65,-1.26,15.65,5.31,1.26
1300,2026-05-14 12:40:00,2026-05-14,12:40:00,7500,7498,7502,from_above,true,7502.82,7502.71,7505.31,7500.22,7500.74,0.74,true,3.44,3.87,2.27,3.44,3.87,2.27,true,3.44,6.91,-0.52,3.44,6.91,-0.52,true,4.4,9.08,-8.13,4.4,9.08,-8.13,false,false,true,4.4,15.65,-1.2,4.4,15.65,-1.2
1301,2026-05-14 12:45:00,2026-05-14,12:45:00,7500,7498,7502,continuation_in_zone,true,7500.74,7500.52,7503.44,7496.13,7502.27,,true,2.46,3.07,-0.89,,,,true,4.4,6.91,3.03,,,,true,4.4,15.1,-13.35,,,,,,true,4.4,15.65,3.48,,,
1302,2026-05-14 12:50:00,2026-05-14,12:50:00,7500,7498,7502,from_above,true,7502.27,7502.3,7502.46,7496.93,7499.11,-0.89,true,0,6.91,-0.52,0,6.91,-0.52,true,4.4,6.91,-3.94,4.4,6.91,-3.94,true,4.4,15.1,-11.73,4.4,15.1,-11.73,false,false,true,4.4,15.65,0.82,4.4,15.65,0.82
1303,2026-05-14 12:55:00,2026-05-14,12:55:00,7500,7498,7502,continuation_in_zone,true,7499.11,7499.29,7499.67,7493.09,7499.48,,true,4.4,0.52,3.03,,,,true,4.4,9.08,-8.13,,,,true,4.4,15.65,-9.45,,,,,,true,4.4,15.65,-0.84,,,
1304,2026-05-14 13:00:00,2026-05-14,13:00:00,7500,7498,7502,continuation_in_zone,true,7499.48,7499.55,7504.4,7499.55,7503.03,,true,3.22,3.97,-3.94,,,,true,3.22,15.1,-13.35,,,,true,3.22,15.65,-7.72,,,,,,true,4.37,15.65,-10.4,,,
1305,2026-05-14 13:05:00,2026-05-14,13:05:00,7500,7498,7502,from_above,true,7503.03,7503.14,7503.22,7496.03,7496.06,-3.94,true,0,9.08,-8.13,0,9.08,-8.13,true,0,15.1,-11.73,0,15.1,-11.73,true,0,15.65,-1.26,0,15.65,-1.26,false,false,true,4.37,15.65,-5.94,4.37,15.65,-5.94
1306,2026-05-14 13:10:00,2026-05-14,13:10:00,7500,7498,7502,from_below,true,7496.06,7496.05,7498.97,7490.92,7491.87,8.13,true,0,15.1,-13.35,15.1,0,13.35,true,0,15.65,-9.45,15.65,0,9.45,true,0.77,15.65,-1.2,15.65,0.77,1.2,true,true,true,4.37,15.65,-0.96,15.65,4.37,0.96
1307,2026-05-14 13:35:00,2026-05-14,13:35:00,7500,7498,7502,from_below,false,7492.28,7492.29,7499.35,7492.11,7498.74,1.26,true,0.77,4.09,-1.2,4.09,0.77,1.2,true,4.37,4.09,0.82,4.09,4.37,-0.82,true,4.37,11.98,-5.94,11.98,4.37,5.94,true,true,true,4.37,11.98,-1.14,11.98,4.37,1.14
1308,2026-05-14 13:40:00,2026-05-14,13:40:00,7500,7498,7502,continuation_in_zone,true,7498.74,7498.64,7500.77,7495.91,7498.8,,true,4.03,1.2,3.48,,,,true,4.37,1.2,-0.84,,,,true,4.37,11.98,-0.96,,,,,,true,4.37,11.98,-1.15,,,
1309,2026-05-14 13:45:00,2026-05-14,13:45:00,7500,7498,7502,continuation_in_zone,true,7498.8,7498.94,7504.03,7498.93,7503.48,,true,4.37,0,0.82,,,,true,4.37,11.98,-10.4,,,,true,4.37,11.98,3.63,,,,,,true,4.37,11.98,1.31,,,
1310,2026-05-14 13:50:00,2026-05-14,13:50:00,7500,7498,7502,from_above,true,7503.48,7503.56,7504.37,7500.38,7500.82,0.82,true,3.07,1.07,-0.84,3.07,1.07,-0.84,true,3.07,11.98,-5.94,3.07,11.98,-5.94,true,4.01,11.98,1.22,4.01,11.98,1.22,false,false,true,4.01,11.98,1.21,4.01,11.98,1.21
1311,2026-05-14 13:55:00,2026-05-14,13:55:00,7500,7498,7502,continuation_in_zone,true,7500.82,7500.68,7503.07,7498.93,7499.16,,true,0,11.98,-10.4,,,,true,0,11.98,-0.96,,,,true,4.01,11.98,-3.19,,,,,,true,4.86,11.98,4.03,,,
1312,2026-05-14 14:00:00,2026-05-14,14:00:00,7500,7498,7502,continuation_in_zone,true,7499.16,7499.2,7499.2,7488.02,7489.6,,true,0,10.56,-5.94,,,,true,3.89,10.56,3.63,,,,true,4.01,10.56,-0.18,,,,,,true,7.62,10.56,5.75,,,
1313,2026-05-14 14:10:00,2026-05-14,14:10:00,7500,7498,7502,from_below,false,7494.06,7494.17,7499.04,7493.2,7499.04,0.96,true,3.89,1.09,3.63,1.09,3.89,-3.63,true,4.01,4.64,-3.19,4.64,4.01,3.19,true,4.01,4.9,-1.15,4.9,4.01,1.15,true,false,true,8.06,4.9,5.18,4.9,8.06,-5.18
1314,2026-05-14 14:15:00,2026-05-14,14:15:00,7500,7498,7502,continuation_in_zone,true,7499.04,7499.11,7503.89,7498.91,7503.63,,true,4.01,0.55,1.22,,,,true,4.01,4.64,-0.18,,,,true,4.01,4.9,1.31,,,,,,true,8.06,4.9,5.92,,,
1315,2026-05-14 14:20:00,2026-05-14,14:20:00,7500,7498,7502,from_above,true,7503.63,7503.75,7504.01,7499.45,7501.22,1.22,true,1.71,4.64,-3.19,1.71,4.64,-3.19,true,1.88,4.64,-1.14,1.88,4.64,-1.14,true,2.29,4.9,1.21,2.29,4.9,1.21,false,false,true,8.06,4.9,4.99,8.06,4.9,4.99
1316,2026-05-14 14:25:00,2026-05-14,14:25:00,7500,7498,7502,continuation_in_zone,true,7501.22,7501.1,7501.71,7495.36,7496.81,,true,1.88,3.35,-0.18,,,,true,1.88,4.9,-1.15,,,,true,4.86,4.9,4.03,,,,,,true,8.06,4.9,1.73,,,
1317,2026-05-14 14:30:00,2026-05-14,14:30:00,7500,7498,7502,from_below,true,7496.81,7496.79,7501.88,7496.65,7499.82,0.18,true,0.88,3.2,-1.14,3.2,0.88,1.14,true,1.66,4.9,1.31,4.9,1.66,-1.31,true,7.62,4.9,5.75,4.9,7.62,-5.75,false,false,true,8.06,4.9,4.53,4.9,8.06,-4.53
1318,2026-05-14 14:35:00,2026-05-14,14:35:00,7500,7498,7502,continuation_in_zone,true,7499.82,7499.68,7500.88,7496.8,7498.86,,true,0.55,4.9,-1.15,,,,true,2.29,4.9,1.21,,,,true,7.62,4.9,6.92,,,,,,true,8.06,4.9,5.39,,,
1319,2026-05-14 14:40:00,2026-05-14,14:40:00,7500,7498,7502,continuation_in_zone,true,7498.86,7498.82,7500.55,7495.1,7498.85,,true,1.66,3.04,1.31,,,,true,4.86,3.04,4.03,,,,true,8.06,3.04,5.18,,,,,,true,8.06,3.04,6.23,,,
1320,2026-05-14 14:45:00,2026-05-14,14:45:00,7500,7498,7502,continuation_in_zone,true,7498.85,7498.83,7501.66,7496.96,7501.31,,true,2.29,0.66,1.21,,,,true,7.62,0.66,5.75,,,,true,8.06,0.66,5.92,,,,,,true,8.06,0.66,4.52,,,
1321,2026-05-14 14:50:00,2026-05-14,14:50:00,7500,7498,7502,continuation_in_zone,true,7501.31,7501.35,7502.29,7499.34,7501.21,,true,4.86,0,4.03,,,,true,7.62,0,6.92,,,,true,8.06,0,4.99,,,,,,true,8.06,0.56,2.72,,,
1322,2026-05-14 14:55:00,2026-05-14,14:55:00,7500,7498,7502,continuation_in_zone,true,7501.21,7501.15,7504.86,7500.77,7504.03,,true,7.62,0,5.75,,,,true,8.06,0,5.18,,,,true,8.06,0,1.73,,,,,,true,8.06,0.92,1.47,,,
1323,2026-05-14 15:25:00,2026-05-14,15:25:00,7500,7498,7502,from_above,false,7504.99,7505.24,7505.96,7501.73,7501.73,1.73,true,6.48,0,4.53,6.48,0,4.53,true,7.96,0,6.23,7.96,0,6.23,true,7.96,0.92,1.47,7.96,0.92,1.47,true,false,false,7.96,0.92,,7.96,0.92,
1324,2026-05-14 15:30:00,2026-05-14,15:30:00,7500,7498,7502,continuation_in_zone,true,7501.73,7501.87,7506.48,7501.58,7504.53,,true,6.4,0,5.39,,,,true,7.96,0,4.52,,,,true,7.96,0.92,1.25,,,,,,false,7.96,0.92,,,,
1325,2026-05-14 15:50:00,2026-05-14,15:50:00,7500,7498,7502,from_above,false,7504.52,7504.53,7505.3,7499.44,7502.72,2.72,true,2.72,0.92,1.47,2.72,0.92,1.47,false,2.72,0.92,,2.72,0.92,,false,2.72,0.92,,2.72,0.92,,,,false,2.72,0.92,,2.72,0.92,
1326,2026-05-14 15:55:00,2026-05-14,15:55:00,7500,7498,7502,from_above,true,7502.72,7502.52,7502.52,7499.08,7501.47,1.47,true,1.65,0,1.25,1.65,0,1.25,false,1.65,0,,1.65,0,,false,1.65,0,,1.65,0,,,,false,1.65,0,,1.65,0,
1327,2026-05-14 16:00:00,2026-05-14,16:00:00,7500,7498,7502,continuation_in_zone,true,7501.47,7501.65,7501.65,7501.24,7501.25,,false,1.25,0,,,,,false,1.25,0,,,,,false,1.25,0,,,,,,,false,1.25,0,,,,
1328,2026-05-15 09:45:00,2026-05-15,09:45:00,7400,7398,7402,from_above,false,7405.91,7405.71,7416.34,7397.5,7416.34,16.34,true,27.2,0,24.27,27.2,0,24.27,true,29.87,0,14.59,29.87,0,14.59,true,42.07,0,39.44,42.07,0,39.44,true,true,true,47.25,0,30.57,47.25,0,30.57
1329,2026-05-15 13:25:00,2026-05-15,13:25:00,7450,7448,7452,from_below,false,7445.2,7445.09,7449.06,7445.05,7445.69,4.31,true,0,4.88,-1.42,4.88,0,1.42,true,0,8.94,-5.16,8.94,0,5.16,true,0.21,8.94,-0.09,8.94,0.21,0.09,true,false,true,4.85,14.63,-13.13,14.63,4.85,13.13
1330,2026-05-15 13:30:00,2026-05-15,13:30:00,7450,7448,7452,from_below,true,7445.69,7445.67,7448.79,7445.12,7448.58,1.42,true,0,5.88,-3.28,5.88,0,3.28,true,0,8.94,-6.62,8.94,0,6.62,true,1.91,8.94,0.97,8.94,1.91,-0.97,true,false,true,4.85,24.87,-21.78,24.87,4.85,21.78
1331,2026-05-15 13:35:00,2026-05-15,13:35:00,7450,7448,7452,continuation_in_zone,true,7448.58,7448.66,7449.01,7444.12,7446.72,,true,0,8.94,-5.16,,,,true,0,8.94,-3.18,,,,true,4.85,8.94,0.52,,,,,,true,4.85,24.87,-15.12,,,
1332,2026-05-15 13:55:00,2026-05-15,13:55:00,7450,7448,7452,from_below,false,7446.82,7446.97,7450.21,7445.69,7449.91,0.09,true,1.91,0.17,0.97,0.17,1.91,-0.97,true,4.85,0.48,-0.01,0.48,4.85,0.01,true,4.85,14.63,-13.13,14.63,4.85,13.13,true,true,true,4.85,24.87,-14.05,24.87,4.85,14.05
1333,2026-05-15 14:00:00,2026-05-15,14:00:00,7450,7448,7452,continuation_in_zone,true,7449.91,7449.92,7451.91,7449.83,7450.97,,true,4.85,0,0.52,,,,true,4.85,13.61,-12.94,,,,true,4.85,24.87,-21.78,,,,,,true,4.85,24.87,-21.34,,,
1334,2026-05-15 14:05:00,2026-05-15,14:05:00,7450,7448,7452,continuation_in_zone,true,7450.97,7450.94,7454.85,7450.07,7450.52,,true,2.04,0.48,-0.01,,,,true,2.04,13.61,-6.98,,,,true,2.04,24.87,-15.12,,,,,,true,2.04,24.87,-23.23,,,
1335,2026-05-15 14:10:00,2026-05-15,14:10:00,7450,7448,7452,continuation_in_zone,true,7450.52,7450.6,7452.04,7449.52,7449.99,,true,0.27,13.61,-12.94,,,,true,0.27,14.63,-13.13,,,,true,0.27,24.87,-16.31,,,,,,true,0.27,27.59,-24.45,,,
1336,2026-05-15 14:15:00,2026-05-15,14:15:00,7450,7448,7452,continuation_in_zone,true,7449.99,7449.91,7450.27,7436.39,7437.06,,true,0,13.04,-6.98,,,,true,0,24.87,-21.78,,,,true,0,24.87,-17.43,,,,,,true,0,30.03,-26.18,,,
1337,2026-05-18 09:35:00,2026-05-18,09:35:00,7400,7398,7402,from_above,false,7403.08,7404.13,7408.85,7400.93,7406.38,6.38,true,10.84,1.55,-1.08,10.84,1.55,-1.08,true,28.88,5.89,27.61,28.88,5.89,27.61,true,34.06,5.89,22.88,34.06,5.89,22.88,true,true,true,34.06,16.69,-1.75,34.06,16.69,-1.75
1338,2026-05-18 09:40:00,2026-05-18,09:40:00,7400,7398,7402,from_above,true,7406.38,7405.85,7410.84,7398.45,7398.92,-1.08,true,12.63,5.89,7.05,12.63,5.89,7.05,true,34.06,5.89,24.97,34.06,5.89,24.97,true,34.06,5.89,19.11,34.06,5.89,19.11,true,true,true,34.06,16.69,2.63,34.06,16.69,2.63
1339,2026-05-18 09:45:00,2026-05-18,09:45:00,7400,7398,7402,continuation_in_zone,true,7398.92,7399.21,7412.63,7394.11,7407.05,,true,28.88,0,27.61,,,,true,34.06,0,11.46,,,,true,34.06,0,24.83,,,,,,true,34.06,16.69,-6.38,,,
1340,2026-05-18 10:30:00,2026-05-18,10:30:00,7400,7398,7402,from_above,false,7413.84,7413.69,7417.23,7390.47,7392.93,-7.07,true,0,16.69,-1.75,0,16.69,-1.75,true,6.86,16.69,-6.38,6.86,16.69,-6.38,true,9.6,16.69,-8.62,9.6,16.69,-8.62,false,false,true,9.6,28.25,-16.08,9.6,28.25,-16.08
1341,2026-05-18 10:35:00,2026-05-18,10:35:00,7400,7398,7402,from_below,true,7392.93,7392.85,7399.1,7383.31,7398.25,1.75,true,6.86,8.28,2.63,8.28,6.86,-2.63,true,6.86,8.47,1.18,8.47,6.86,-1.18,true,9.6,12.88,-12.82,12.88,9.6,12.82,true,true,true,9.6,28.25,-13.51,28.25,9.6,13.51
1342,2026-05-18 10:40:00,2026-05-18,10:40:00,7400,7398,7402,continuation_in_zone,true,7398.25,7398.09,7406.86,7391.72,7402.63,,true,3.29,8.47,-6.38,,,,true,6.11,8.47,2.4,,,,true,9.6,15.51,-9.08,,,,,,true,9.6,28.25,-18.55,,,
1343,2026-05-18 10:45:00,2026-05-18,10:45:00,7400,7398,7402,from_above,true,7402.63,7402.44,7403.29,7391.53,7393.62,-6.38,true,6.11,7.48,1.18,6.11,7.48,1.18,true,9.6,12.31,-8.62,9.6,12.31,-8.62,true,9.6,21.25,-18.36,9.6,21.25,-18.36,false,false,true,9.6,28.25,-14.73,9.6,28.25,-14.73
1344,2026-05-18 10:50:00,2026-05-18,10:50:00,7400,7398,7402,from_below,true,7393.62,7393.6,7406.11,7392.52,7401.18,-1.18,true,5,0.41,2.4,0.41,5,-2.4,true,9.6,12.88,-12.82,12.88,9.6,12.82,true,9.6,21.56,-17.6,21.56,9.6,17.6,true,true,true,9.6,28.25,-11.24,28.25,9.6,11.24
1345,2026-05-18 10:55:00,2026-05-18,10:55:00,7400,7398,7402,continuation_in_zone,true,7401.18,7401.16,7405,7399.59,7402.4,,true,9.6,12.31,-8.62,,,,true,9.6,15.51,-9.08,,,,true,9.6,25.66,-24.93,,,,,,true,9.6,28.25,-17.86,,,
1346,2026-05-18 11:00:00,2026-05-18,11:00:00,7400,7398,7402,continuation_in_zone,true,7402.4,7401.86,7409.6,7387.69,7391.38,,true,0,12.88,-12.82,,,,true,0,21.25,-18.36,,,,true,0,28.25,-16.08,,,,,,true,0,28.25,-22.43,,,
1347,2026-05-18 15:45:00,2026-05-18,15:45:00,7400,7398,7402,from_below,false,7395.95,7396.06,7403.06,7394.3,7400.98,-0.98,true,6.03,2.43,3.41,2.43,6.03,-3.41,true,6.03,3.29,3.04,3.29,6.03,-3.04,false,6.03,3.29,,3.29,6.03,,,,false,6.03,3.29,,3.29,6.03,
1348,2026-05-18 15:50:00,2026-05-18,15:50:00,7400,7398,7402,continuation_in_zone,true,7400.98,7401.45,7406.03,7397.57,7403.41,,true,5.61,3.29,2.39,,,,false,5.61,3.29,,,,,false,5.61,3.29,,,,,,,false,5.61,3.29,,,,
1349,2026-05-18 15:55:00,2026-05-18,15:55:00,7400,7398,7402,from_above,true,7403.41,7403.46,7405.61,7396.71,7402.39,2.39,true,3.61,0,3.04,3.61,0,3.04,false,3.61,0,,3.61,0,,false,3.61,0,,3.61,0,,,,false,3.61,0,,3.61,0,
1350,2026-05-19 09:45:00,2026-05-19,09:45:00,7350,7348,7352,from_above,false,7353.77,7353.99,7371.45,7349.5,7364.94,14.94,true,28.81,0,27.15,28.81,0,27.15,true,31.64,0,19.01,31.64,0,19.01,true,31.64,8.34,-6.95,31.64,8.34,-6.95,true,true,true,31.64,16.32,-12.41,31.64,16.32,-12.41
1351,2026-05-19 10:05:00,2026-05-19,10:05:00,7350,7348,7352,from_above,false,7369.01,7368.41,7369.64,7346.46,7351.38,1.38,true,6.81,3.74,-2.44,6.81,3.74,-2.44,true,6.81,14.95,-5.08,6.81,14.95,-5.08,true,6.81,14.95,-1.89,6.81,14.95,-1.89,false,false,true,6.81,16.32,0.51,6.81,16.32,0.51
1352,2026-05-19 10:10:00,2026-05-19,10:10:00,7350,7348,7352,continuation_in_zone,true,7351.38,7351.6,7356.81,7346.26,7347.56,,true,0,8.34,-6.95,,,,true,0,14.95,-8.53,,,,true,2.22,14.95,-4.81,,,,,,true,5.47,16.32,3.84,,,
1353,2026-05-19 10:15:00,2026-05-19,10:15:00,7350,7348,7352,from_below,true,7347.56,7346.95,7349.35,7341.66,7343.05,6.95,true,0,14.95,-5.08,14.95,0,5.08,true,0,14.95,-9.77,14.95,0,9.77,true,2.22,16.32,-12.41,16.32,2.22,12.41,true,true,true,8.1,16.32,-0.99,16.32,8.1,0.99
1354,2026-05-19 10:25:00,2026-05-19,10:25:00,7350,7348,7352,from_below,false,7344.92,7345.05,7348.73,7339.28,7341.47,8.53,true,0,11.52,-9.77,11.52,0,9.77,true,2.22,11.52,-4.81,11.52,2.22,4.81,true,2.22,16.32,-0.69,16.32,2.22,0.69,true,true,true,8.1,16.32,-8.55,16.32,8.1,8.55
1355,2026-05-19 10:30:00,2026-05-19,10:30:00,7350,7348,7352,from_below,true,7341.47,7341.6,7350,7338.48,7340.23,9.77,true,0,9.77,-1.89,9.77,0,1.89,true,2.22,16.32,-12.41,16.32,2.22,12.41,true,3.88,16.32,2.36,16.32,3.88,-2.36,true,true,true,8.1,16.32,-3.81,16.32,8.1,3.81
1356,2026-05-19 10:35:00,2026-05-19,10:35:00,7350,7348,7352,from_below,true,7340.23,7340.43,7349.76,7340.43,7348.11,1.89,true,2.22,6.89,-4.81,6.89,2.22,4.81,true,2.22,16.32,-12.58,16.32,2.22,12.58,true,3.88,16.32,0.51,16.32,3.88,-0.51,true,true,true,8.1,16.32,2.68,16.32,8.1,-2.68
1357,2026-05-19 10:40:00,2026-05-19,10:40:00,7350,7348,7352,continuation_in_zone,true,7348.11,7348.24,7352.22,7343.11,7345.19,,true,0,16.32,-12.41,,,,true,0,16.32,-0.69,,,,true,5.47,16.32,3.84,,,,,,true,8.1,16.32,4.42,,,
1358,2026-05-19 10:55:00,2026-05-19,10:55:00,7350,7348,7352,from_below,false,7337.42,7337.47,7349.47,7336.8,7349.31,0.69,true,3.88,3.78,2.36,3.78,3.88,-2.36,true,5.47,5.16,3.84,5.16,5.47,-3.84,true,8.1,14.16,-8.55,14.16,8.1,8.55,true,true,true,8.1,14.16,-2.32,14.16,8.1,2.32
1359,2026-05-19 11:00:00,2026-05-19,11:00:00,7350,7348,7352,continuation_in_zone,true,7349.31,7349.74,7353.88,7346.22,7352.36,,true,2.79,5.16,0.51,,,,true,8.1,5.16,-0.99,,,,true,8.1,14.16,-3.81,,,,,,true,8.1,14.16,4.75,,,
1360,2026-05-19 11:05:00,2026-05-19,11:05:00,7350,7348,7352,from_above,true,7352.36,7352.2,7352.79,7344.84,7350.51,0.51,true,5.47,0,3.84,5.47,0,3.84,true,8.1,11.46,-11.46,8.1,11.46,-11.46,true,8.1,14.16,2.68,8.1,14.16,2.68,false,false,true,8.1,14.16,-4.38,8.1,14.16,-4.38
1361,2026-05-19 11:10:00,2026-05-19,11:10:00,7350,7348,7352,continuation_in_zone,true,7350.51,7350.71,7355.47,7350.71,7353.84,,true,8.1,0.99,-0.99,,,,true,8.1,14.16,-8.55,,,,true,8.1,14.16,4.42,,,,,,true,8.1,14.16,-3.81,,,
1362,2026-05-19 11:15:00,2026-05-19,11:15:00,7350,7348,7352,from_above,true,7353.84,7353.88,7358.1,7349.01,7349.01,-0.99,true,0.44,11.46,-11.46,0.44,11.46,-11.46,true,0.84,14.16,-3.81,0.84,14.16,-3.81,true,7.26,14.16,6.99,7.26,14.16,6.99,false,false,true,7.9,14.16,5.28,7.9,14.16,5.28
1363,2026-05-19 11:20:00,2026-05-19,11:20:00,7350,7348,7352,continuation_in_zone,true,7349.01,7348.6,7350.44,7338.54,7338.54,,true,0,14.16,-8.55,,,,true,4.01,14.16,2.68,,,,true,7.65,14.16,2.26,,,,,,true,9.11,14.16,9.05,,,
1364,2026-05-19 11:30:00,2026-05-19,11:30:00,7350,7348,7352,from_below,false,7341.45,7341.11,7350.84,7339.5,7346.19,3.81,true,4.01,6.89,2.68,6.89,4.01,-2.68,true,7.26,6.89,6.99,6.89,7.26,-6.99,true,7.9,6.89,4.75,6.89,7.9,-4.75,false,false,true,19.78,8.25,17.65,8.25,19.78,-17.65
1365,2026-05-19 11:35:00,2026-05-19,11:35:00,7350,7348,7352,from_below,true,7346.19,7345.29,7354.01,7343.11,7352.68,-2.68,true,7.26,0,4.42,0,7.26,-4.42,true,7.65,0,2.26,0,7.65,-2.26,true,7.9,5.62,-4.38,5.62,7.9,4.38,false,false,true,19.94,8.25,19,8.25,19.94,-19
1366,2026-05-19 11:40:00,2026-05-19,11:40:00,7350,7348,7352,from_above,true,7352.68,7352.42,7357.26,7350.34,7354.42,4.42,true,7.02,0,6.99,7.02,0,6.99,true,7.65,5.62,-2.32,7.65,5.62,-2.32,true,7.9,8.25,-3.81,7.9,8.25,-3.81,false,false,true,23.03,8.25,22.77,23.03,8.25,22.77
1367,2026-05-19 11:45:00,2026-05-19,11:45:00,7350,7348,7352,from_above,true,7354.42,7354.45,7357.02,7350.61,7356.99,6.99,true,7.65,0,2.26,7.65,0,2.26,true,7.9,5.62,4.75,7.9,5.62,4.75,true,7.9,8.25,5.28,7.9,8.25,5.28,false,false,true,24.94,8.25,23.9,24.94,8.25,23.9
1368,2026-05-19 11:50:00,2026-05-19,11:50:00,7350,7348,7352,from_above,true,7356.99,7357.23,7357.65,7350.25,7352.26,2.26,true,2.26,5.62,-2.32,2.26,5.62,-2.32,true,7.9,5.62,-4.38,7.9,5.62,-4.38,true,9.11,8.25,9.05,9.11,8.25,9.05,true,false,true,30.3,8.25,29.3,30.3,8.25,29.3
1369,2026-05-19 11:55:00,2026-05-19,11:55:00,7350,7348,7352,from_above,true,7352.26,7352.09,7352.09,7344.38,7347.68,-2.32,true,7.9,2.32,4.75,7.9,2.32,4.75,true,7.9,8.25,-3.81,7.9,8.25,-3.81,true,16.01,8.25,13.71,16.01,8.25,13.71,true,true,true,31.94,8.25,30.54,31.94,8.25,30.54
1370,2026-05-19 12:00:00,2026-05-19,12:00:00,7350,7348,7352,continuation_in_zone,true,7347.68,7348.06,7357.9,7347.93,7354.75,,true,5.75,4.64,-4.38,,,,true,6.07,8.25,5.28,,,,true,19.78,8.25,17.65,,,,,,true,36.04,8.25,35.37,,,
1371,2026-05-19 12:05:00,2026-05-19,12:05:00,7350,7348,7352,from_above,true,7354.75,7355.34,7355.75,7345.36,7345.62,-4.38,true,0,8.25,-3.81,0,8.25,-3.81,true,9.11,8.25,9.05,9.11,8.25,9.05,true,19.94,8.25,19,19.94,8.25,19,true,true,true,36.14,8.25,35.12,36.14,8.25,35.12
1372,2026-05-19 12:15:00,2026-05-19,12:15:00,7350,7348,7352,from_below,false,7346.19,7346.23,7356.07,7346.23,7355.28,-5.28,true,9.11,0,9.05,0,9.11,-9.05,true,19.78,0,17.65,0,19.78,-17.65,true,24.94,0,23.9,0,24.94,-23.9,false,false,true,43.43,0,41.6,0,43.43,-41.6
1373,2026-05-19 15:50:00,2026-05-19,15:50:00,7350,7348,7352,from_above,false,7355.67,7355.82,7356.63,7345.71,7346.22,-3.78,true,6.54,5.9,4.95,6.54,5.9,4.95,false,6.54,5.9,,6.54,5.9,,false,6.54,5.9,,6.54,5.9,,,,false,6.54,5.9,,6.54,5.9,
1374,2026-05-19 15:55:00,2026-05-19,15:55:00,7350,7348,7352,from_below,true,7346.22,7346.38,7356.54,7344.1,7354.95,-4.95,true,4.95,0,3.62,0,4.95,-3.62,false,4.95,0,,0,4.95,,false,4.95,0,,0,4.95,,,,false,4.95,0,,0,4.95,
1375,2026-05-20 10:15:00,2026-05-20,10:15:00,7400,7398,7402,from_below,false,7370.21,7370.79,7402.18,7370.71,7391.66,8.34,true,0.04,13.91,-12.67,13.91,0.04,12.67,true,8.46,15.44,0.54,15.44,8.46,-0.54,true,8.46,15.44,-1.4,15.44,8.46,1.4,true,true,true,35.69,15.44,21.9,15.44,35.69,-21.9
1376,2026-05-20 10:20:00,2026-05-20,10:20:00,7400,7398,7402,from_below,true,7391.66,7391.89,7400.04,7386.09,7387.33,12.67,true,0,15.44,-3.26,15.44,0,3.26,true,8.46,15.44,-1.65,15.44,8.46,1.65,true,8.46,15.44,6.96,15.44,8.46,-6.96,true,true,true,35.69,15.44,20.64,15.44,35.69,-20.64
1377,2026-05-20 10:25:00,2026-05-20,10:25:00,7400,7398,7402,from_below,true,7387.33,7387.34,7398.14,7384.56,7396.74,3.26,true,8.46,3.26,0.54,3.26,8.46,-0.54,true,8.46,5.61,0.97,5.61,8.46,-0.97,true,13.19,5.61,11.84,5.61,13.19,-11.84,false,false,true,35.69,5.61,10.61,5.61,35.69,-10.61
1378,2026-05-20 10:30:00,2026-05-20,10:30:00,7400,7398,7402,from_below,true,7396.74,7397.57,7408.46,7397.57,7400.54,-0.54,true,2.67,5.61,-1.65,5.61,2.67,1.65,true,3.42,5.61,-1.4,5.61,3.42,1.4,true,13.52,5.61,6.66,5.61,13.52,-6.66,false,false,true,35.69,5.61,17.62,5.61,35.69,-17.62
1379,2026-05-20 10:35:00,2026-05-20,10:35:00,7400,7398,7402,continuation_in_zone,true,7400.54,7400.63,7402.67,7394.39,7398.35,,true,0.97,4.17,0.97,,,,true,7.22,5.07,6.96,,,,true,13.52,5.07,7.79,,,,,,true,35.69,5.07,18.01,,,
1380,2026-05-20 10:40:00,2026-05-20,10:40:00,7400,7398,7402,continuation_in_zone,true,7398.35,7398.22,7400.97,7395.83,7400.97,,true,3.42,5.07,-1.4,,,,true,13.19,5.07,11.84,,,,true,13.52,5.07,7,,,,,,true,35.69,5.07,21.79,,,
1381,2026-05-20 10:45:00,2026-05-20,10:45:00,7400,7398,7402,continuation_in_zone,true,7400.97,7401.7,7403.42,7394.93,7398.6,,true,7.22,2.11,6.96,,,,true,13.52,2.11,6.66,,,,true,35.69,2.11,21.9,,,,,,true,35.69,2.11,25.86,,,
1382,2026-05-20 10:50:00,2026-05-20,10:50:00,7400,7398,7402,continuation_in_zone,true,7398.6,7399.04,7407.22,7397.89,7406.96,,true,13.19,0,11.84,,,,true,13.52,0,7.79,,,,true,35.69,0,20.64,,,,,,true,35.69,0,25.79,,,
1383,2026-05-21 09:30:00,2026-05-21,09:30:00,7400,7398,7402,from_above,false,7432.96,7406.07,7406.07,7394.68,7404.38,4.38,true,4.71,6.93,-4.64,4.71,6.93,-4.64,true,4.71,7.97,-7.17,4.71,7.97,-7.17,true,24.43,7.97,18.61,24.43,7.97,18.61,true,true,true,24.43,7.98,1.84,24.43,7.98,1.84
1384,2026-05-21 09:35:00,2026-05-21,09:35:00,7400,7398,7402,from_above,true,7404.38,7404.71,7404.71,7393.07,7395.36,-4.64,true,1.03,6.78,-5.15,1.03,6.78,-5.15,true,15.59,7.97,15.59,15.59,7.97,15.59,true,24.43,7.97,22.52,24.43,7.97,22.52,true,true,true,24.43,7.98,7.22,24.43,7.98,7.22
1385,2026-05-21 09:40:00,2026-05-21,09:40:00,7400,7398,7402,from_below,true,7395.36,7395.31,7401.03,7393.22,7394.85,5.15,true,1.88,7.97,-7.17,7.97,1.88,7.17,true,18.86,7.97,16.56,7.97,18.86,-16.56,true,24.43,7.97,11.53,7.97,24.43,-11.53,false,false,true,24.43,7.98,3.39,7.98,24.43,-3.39
1386,2026-05-21 09:45:00,2026-05-21,09:45:00,7400,7398,7402,from_below,true,7394.85,7395.15,7401.88,7392.03,7392.83,7.17,true,15.59,7.17,15.59,7.17,15.59,-15.59,true,24.43,7.17,18.61,7.17,24.43,-18.61,true,24.43,7.17,-0.48,7.17,24.43,0.48,false,false,true,24.43,7.98,-1.77,7.98,24.43,1.77
1387,2026-05-21 09:50:00,2026-05-21,09:50:00,7400,7398,7402,from_below,true,7392.83,7393.05,7415.59,7392.86,7415.59,-15.59,true,18.86,0,16.56,0,18.86,-16.56,true,24.43,0,22.52,0,24.43,-22.52,true,24.43,7.98,-4.17,7.98,24.43,4.17,false,false,true,24.43,7.98,3.6,7.98,24.43,-3.6
1388,2026-05-21 10:15:00,2026-05-21,10:15:00,7400,7398,7402,from_above,false,7411.53,7411.66,7412.53,7399.52,7399.52,-0.48,true,1.33,7.98,-4.17,1.33,7.98,-4.17,true,9.45,7.98,1.84,9.45,7.98,1.84,true,9.45,7.98,-1.77,9.45,7.98,-1.77,true,false,true,9.93,10.52,7.86,9.93,10.52,7.86
1389,2026-05-21 10:20:00,2026-05-21,10:20:00,7400,7398,7402,continuation_in_zone,true,7399.52,7399.64,7401.33,7392.02,7395.83,,true,2.46,5.75,1.75,,,,true,9.45,5.75,7.22,,,,true,9.45,5.75,3.6,,,,,,true,10.94,10.52,6.17,,,
1390,2026-05-21 10:25:00,2026-05-21,10:25:00,7400,7398,7402,from_below,true,7395.83,7395.8,7402.46,7394.25,7401.75,-1.75,true,9.45,0.65,1.84,0.65,9.45,-1.84,true,9.45,1.98,3.39,1.98,9.45,-3.39,true,9.93,5.66,6.69,5.66,9.93,-6.69,false,false,true,10.94,10.52,5.45,10.52,10.94,-5.45
1391,2026-05-21 10:30:00,2026-05-21,10:30:00,7400,7398,7402,from_above,true,7401.75,7402.17,7409.45,7399.35,7401.84,1.84,true,8.63,0,7.22,8.63,0,7.22,true,8.63,5.66,-1.77,8.63,5.66,-1.77,true,9.93,5.66,2.37,9.93,5.66,2.37,true,false,true,10.94,10.52,-2.59,10.94,10.52,-2.59
1392,2026-05-21 10:35:00,2026-05-21,10:35:00,7400,7398,7402,continuation_in_zone,true,7401.84,7401.7,7408.63,7401.16,7407.22,,true,7.63,1.98,3.39,,,,true,7.63,5.66,3.6,,,,true,9.93,9.72,-6.73,,,,,,true,10.94,10.52,6.78,,,
1393,2026-05-21 10:40:00,2026-05-21,10:40:00,7400,7398,7402,from_above,true,7407.22,7407.2,7407.63,7398.02,7403.39,3.39,true,5.44,5.66,-1.77,5.44,5.66,-1.77,true,9.93,5.66,6.69,9.93,5.66,6.69,true,9.93,10.52,7.03,9.93,10.52,7.03,false,false,true,10.94,10.52,8.34,10.94,10.52,8.34
1394,2026-05-21 10:45:00,2026-05-21,10:45:00,7400,7398,7402,from_above,true,7403.39,7403.43,7405.44,7394.34,7398.23,-1.77,true,3.8,5.38,3.6,3.8,5.38,3.6,true,9.93,5.38,2.37,9.93,5.38,2.37,true,9.93,10.52,7.86,9.93,10.52,7.86,false,false,true,14.29,10.52,14.18,14.29,10.52,14.18
1395,2026-05-21 10:50:00,2026-05-21,10:50:00,7400,7398,7402,continuation_in_zone,true,7398.23,7398.69,7403.8,7394.62,7403.6,,true,9.93,0,6.69,,,,true,9.93,9.72,-6.73,,,,true,10.94,10.52,6.17,,,,,,true,15.13,10.52,13.09,,,
1396,2026-05-21 11:05:00,2026-05-21,11:05:00,7400,7398,7402,from_above,false,7402.37,7402.46,7403.05,7390.28,7393.27,-6.73,true,9.43,10.52,7.03,9.43,10.52,7.03,true,10.94,10.52,6.17,10.94,10.52,6.17,true,10.94,10.52,6.78,10.94,10.52,6.78,true,true,true,17.02,10.52,16.78,17.02,10.52,16.78
1397,2026-05-21 11:10:00,2026-05-21,11:10:00,7400,7398,7402,from_below,true,7393.27,7393.63,7409.43,7389.48,7407.03,-7.03,true,8.32,0,7.86,0,8.32,-7.86,true,10.94,0,5.45,0,10.94,-5.45,true,10.94,3.66,8.34,3.66,10.94,-8.34,false,false,true,17.02,3.66,12.04,3.66,17.02,-12.04
1398,2026-05-21 11:30:00,2026-05-21,11:30:00,7400,7398,7402,from_above,false,7405.45,7405.41,7406.99,7396.34,7397.41,-2.59,true,6.83,3.59,6.78,6.83,3.59,6.78,true,14.29,3.59,14.18,14.29,3.59,14.18,true,16.17,3.59,14.93,16.17,3.59,14.93,true,true,true,17.02,3.59,7.87,17.02,3.59,7.87
1399,2026-05-21 11:35:00,2026-05-21,11:35:00,7400,7398,7402,from_below,true,7397.41,7397.38,7406.83,7396.41,7406.78,-6.78,true,10.62,0,8.34,0,10.62,-8.34,true,15.13,0,13.09,0,15.13,-13.09,true,17.02,0,16.78,0,17.02,-16.78,false,false,true,17.02,0,4.39,0,17.02,-4.39
1400,2026-05-21 12:20:00,2026-05-21,12:20:00,7400,7398,7402,from_above,false,7409.47,7409.43,7410.92,7401.97,7405.92,5.92,true,6.62,0,5.61,6.62,0,5.61,true,9.15,0,4.39,9.15,0,4.39,true,9.15,1.17,3.69,9.15,1.17,3.69,true,false,true,47.29,1.17,37.06,47.29,1.17,37.06
1401,2026-05-21 12:35:00,2026-05-21,12:35:00,7400,7398,7402,from_above,false,7407.87,7407.63,7409.15,7401.49,7404.39,4.39,true,7.23,0,6.41,7.23,0,6.41,true,8.81,1.17,3.69,8.81,1.17,3.69,true,11.18,1.17,8.76,11.18,1.17,8.76,true,true,true,47.29,1.17,45.3,47.29,1.17,45.3
1402,2026-05-21 12:45:00,2026-05-21,12:45:00,7400,7398,7402,from_above,false,7406.41,7406.49,7408.81,7401.09,7402.5,2.5,true,4.8,1.17,3.69,4.8,1.17,3.69,true,11.18,1.17,8.43,11.18,1.17,8.43,true,40.75,1.17,35,40.75,1.17,35,true,true,true,55.77,1.17,55.61,55.77,1.17,55.61
1403,2026-05-21 12:50:00,2026-05-21,12:50:00,7400,7398,7402,from_above,true,7402.5,7402.46,7404.8,7398.83,7403.69,3.69,true,7.07,0,7.07,7.07,0,7.07,true,11.18,0,8.76,11.18,0,8.76,true,47.29,0,37.06,47.29,0,37.06,true,true,true,63.58,0,63.16,63.58,0,63.16
1404,2026-05-21 13:40:00,2026-05-21,13:40:00,7450,7448,7452,from_below,false,7445.3,7445.34,7453.48,7445.34,7452.94,-2.94,true,5.77,0,5.61,0,5.77,-5.61,true,15.96,0,4.27,0,15.96,-4.27,true,15.96,3.63,-3.42,3.63,15.96,3.42,false,false,true,15.96,5.8,2.7,5.8,15.96,-2.7
1405,2026-05-21 13:45:00,2026-05-21,13:45:00,7450,7448,7452,from_above,true,7452.94,7453.01,7455.77,7450.29,7455.61,5.61,true,13.58,0,13.16,13.58,0,13.16,true,15.96,2.66,-2.2,15.96,2.66,-2.2,true,15.96,5.8,-0.07,15.96,5.8,-0.07,true,true,true,15.96,9.63,-8.19,15.96,9.63,-8.19
1406,2026-05-21 14:00:00,2026-05-21,14:00:00,7450,7448,7452,from_above,false,7454.27,7454.17,7458.63,7447.34,7447.8,-2.2,true,4.22,3.61,2.49,4.22,3.61,2.49,true,4.22,5.8,-0.07,4.22,5.8,-0.07,true,4.22,5.8,0.29,4.22,5.8,0.29,false,false,true,4.22,29.96,-13.83,4.22,29.96,-13.83
1407,2026-05-21 14:05:00,2026-05-21,14:05:00,7450,7448,7452,from_below,true,7447.8,7447.79,7454.22,7446.39,7452.49,-2.49,true,2.87,3.63,-3.42,3.63,2.87,3.42,true,2.87,5.8,2.69,5.8,2.87,-2.69,true,3.68,5.8,-1.27,5.8,3.68,1.27,true,false,true,4.2,29.96,-8.62,29.96,4.2,8.62
1408,2026-05-21 14:10:00,2026-05-21,14:10:00,7450,7448,7452,from_above,true,7452.49,7452.52,7452.87,7446.37,7446.58,-3.42,true,0.17,5.8,-0.07,0.17,5.8,-0.07,true,3.68,5.8,1.04,3.68,5.8,1.04,true,4.2,5.8,2.7,4.2,5.8,2.7,false,false,true,4.2,29.96,-7.46,4.2,29.96,-7.46
1409,2026-05-21 14:15:00,2026-05-21,14:15:00,7450,7448,7452,from_below,true,7446.58,7446.72,7450.17,7444.2,7449.93,0.07,true,2.69,1.65,2.69,1.65,2.69,-2.69,true,3.68,1.65,0.29,1.65,3.68,-0.29,true,4.2,9.63,-8.19,9.63,4.2,8.19,true,false,true,4.2,29.96,-4.82,29.96,4.2,4.82
1410,2026-05-21 14:20:00,2026-05-21,14:20:00,7450,7448,7452,continuation_in_zone,true,7449.93,7449.9,7452.69,7448.35,7452.69,,true,3.68,0,1.04,,,,true,3.68,2.4,-1.27,,,,true,4.2,27.15,-27.15,,,,,,true,4.2,29.96,-6.01,,,
1411,2026-05-21 14:25:00,2026-05-21,14:25:00,7450,7448,7452,from_above,true,7452.69,7452.69,7453.68,7450.19,7451.04,1.04,true,3.11,0.6,0.29,3.11,0.6,0.29,true,4.2,2.4,2.7,4.2,2.4,2.7,true,4.2,29.96,-22.73,4.2,29.96,-22.73,false,false,true,4.2,29.96,-5.77,4.2,29.96,-5.77
1412,2026-05-21 14:30:00,2026-05-21,14:30:00,7450,7448,7452,continuation_in_zone,true,7451.04,7451.07,7453.11,7449.4,7450.29,,true,1.51,2.4,-1.27,,,,true,4.2,9.63,-8.19,,,,true,4.2,29.96,-13.83,,,,,,true,4.2,29.96,-8.57,,,
1413,2026-05-21 14:35:00,2026-05-21,14:35:00,7450,7448,7452,continuation_in_zone,true,7450.29,7450.28,7451.51,7447.6,7448.73,,true,4.2,1.37,2.7,,,,true,4.2,27.15,-27.15,,,,true,4.2,29.96,-8.62,,,,,,true,4.2,29.96,-5.33,,,
1414,2026-05-21 14:40:00,2026-05-21,14:40:00,7450,7448,7452,continuation_in_zone,true,7448.73,7448.72,7454.2,7448.63,7452.7,,true,4,9.63,-8.19,,,,true,4,29.96,-22.73,,,,true,4,29.96,-7.46,,,,,,true,4,29.96,-8.24,,,
1415,2026-05-21 14:45:00,2026-05-21,14:45:00,7450,7448,7452,from_above,true,7452.7,7452.62,7454,7440.37,7441.81,-8.19,true,0,27.15,-27.15,0,27.15,-27.15,true,0,29.96,-13.83,0,29.96,-13.83,true,0,29.96,-4.82,0,29.96,-4.82,false,false,true,0,29.96,-6.75,0,29.96,-6.75
1416,2026-05-21 15:55:00,2026-05-21,15:55:00,7450,7448,7452,from_below,false,7440.89,7440.81,7448.86,7437.82,7444.86,5.14,true,0,5.14,-4.27,5.14,0,4.27,false,0,5.14,,5.14,0,,false,0,5.14,,5.14,0,,,,false,0,5.14,,5.14,0,
1417,2026-05-22 09:40:00,2026-05-22,09:40:00,7500,7498,7502,from_below,false,7496.03,7496.37,7499.46,7489.03,7491.99,8.01,true,0,10.83,-8.01,10.83,0,8.01,true,0,14.8,-6.73,14.8,0,6.73,true,0,28.18,-26,28.18,0,26,true,true,true,0,36.71,-18.25,36.71,0,18.25
1418,2026-05-22 09:45:00,2026-05-22,09:45:00,7500,7498,7502,from_below,true,7491.99,7492.24,7498.58,7489.17,7491.99,8.01,true,0,14.8,-9.13,14.8,0,9.13,true,0,23.23,-19.94,23.23,0,19.94,true,0,28.18,-28.03,28.18,0,28.03,true,true,true,0,36.71,-19.84,36.71,0,19.84
1419,2026-05-22 13:25:00,2026-05-22,13:25:00,7500,7498,7502,from_below,false,7490.8,7491.41,7505.27,7490.87,7505.21,-5.21,true,6.32,3.31,-3,3.31,6.32,3,true,6.32,4.17,-2.29,4.17,6.32,2.29,true,6.32,10.53,-9.18,10.53,6.32,9.18,true,true,true,6.32,12.77,-9.27,12.77,6.32,9.27
1420,2026-05-22 13:30:00,2026-05-22,13:30:00,7500,7498,7502,from_above,true,7505.21,7505.3,7506.32,7496.69,7497,-3,true,0.59,4.17,-0.01,0.59,4.17,-0.01,true,0.84,4.79,-4.46,0.84,4.79,-4.46,true,0.84,12.77,-10.81,0.84,12.77,-10.81,false,false,true,0.84,12.77,-9.9,0.84,12.77,-9.9
1421,2026-05-22 13:35:00,2026-05-22,13:35:00,7500,7498,7502,from_below,true,7497,7496.89,7500.59,7495.83,7499.99,0.01,true,0.84,2.3,-2.29,2.3,0.84,2.29,true,0.84,10.53,-9.19,10.53,0.84,9.19,true,0.84,12.77,-8.66,12.77,0.84,8.66,true,true,true,0.84,13.82,-10.19,13.82,0.84,10.19
1422,2026-05-22 13:40:00,2026-05-22,13:40:00,7500,7498,7502,continuation_in_zone,true,7499.99,7500.09,7500.84,7497.7,7497.71,,true,0,4.79,-4.46,,,,true,0,10.53,-9.18,,,,true,0,12.77,-10.27,,,,,,true,0,13.82,-8.94,,,
1423,2026-05-22 13:45:00,2026-05-22,13:45:00,7500,7498,7502,from_below,true,7497.71,7497.71,7498.14,7495.21,7495.54,4.46,true,0,10.53,-9.19,10.53,0,9.19,true,0,12.77,-10.81,12.77,0,10.81,true,0,12.77,-9.51,12.77,0,9.51,true,true,true,0,13.82,-11.06,13.82,0,11.06
1424,2026-05-26 11:55:00,2026-05-26,11:55:00,7500,7498,7502,from_above,false,7503.7,7503.5,7507.22,7501.1,7506.41,6.41,true,12.42,0,10,12.42,0,10,true,12.42,0,6.12,12.42,0,6.12,true,15.46,0,15.29,15.46,0,15.29,true,true,true,17.57,0,7.55,17.57,0,7.55
1425,2026-05-27 11:45:00,2026-05-27,11:45:00,7500,7498,7502,from_above,false,7503.7,7503.7,7507.52,7500.86,7503.55,3.55,true,9.53,0,7.38,9.53,0,7.38,true,10.05,0,4.95,10.05,0,4.95,true,15.21,0,11.18,15.21,0,11.18,true,true,true,22.95,0,22.84,22.95,0,22.84
1426,2026-05-27 13:05:00,2026-05-27,13:05:00,7500,7498,7502,from_above,false,7512.65,7512.6,7513.68,7499.72,7499.8,-0.2,true,5.38,0.2,5.25,5.38,0.2,5.25,true,11.5,0.2,11.24,11.5,0.2,11.24,true,16.33,0.2,13.7,16.33,0.2,13.7,true,true,true,17.45,0.2,15.5,17.45,0.2,15.5
1427,2026-05-27 13:10:00,2026-05-27,13:10:00,7500,7498,7502,continuation_in_zone,true,7499.8,7500,7505.38,7500,7505.25,,true,10.99,0,10.15,,,,true,12.14,0,9.08,,,,true,16.33,0,10.69,,,,,,true,17.45,0,17.37,,,
1428,2026-05-28 10:10:00,2026-05-28,10:10:00,7550,7548,7552,from_below,false,7523.61,7523.51,7554.73,7518.19,7547.97,2.03,true,1.65,10.53,-2.81,10.53,1.65,2.81,true,1.65,13.73,-5.69,13.73,1.65,5.69,true,1.65,15.4,-7.95,15.4,1.65,7.95,true,true,true,6.52,15.4,0.7,15.4,6.52,-0.7
1429,2026-05-28 10:15:00,2026-05-28,10:15:00,7550,7548,7552,continuation_in_zone,true,7547.97,7548.25,7551.65,7539.47,7547.19,,true,0,13.73,-9.01,,,,true,0,14.45,-14.45,,,,true,0,15.4,-10.19,,,,,,true,6.52,15.4,1.86,,,
1430,2026-05-28 10:20:00,2026-05-28,10:20:00,7550,7548,7552,from_below,true,7547.19,7547.71,7548.79,7536.27,7540.99,9.01,true,0,9.69,-5.69,9.69,0,5.69,true,0,15.4,-13.48,15.4,0,13.48,true,0,15.4,-4.44,15.4,0,4.44,true,true,true,6.52,15.4,4.12,15.4,6.52,-4.12
1431,2026-05-28 11:00:00,2026-05-28,11:00:00,7550,7548,7552,from_below,false,7545.65,7545.71,7554.78,7544.84,7554.43,-4.43,true,6.52,0,2.97,0,6.52,-2.97,true,6.52,1.05,1.86,1.05,6.52,-1.86,true,8.64,1.05,7.74,1.05,8.64,-7.74,false,false,true,10.19,1.05,6.47,1.05,10.19,-6.47
1432,2026-05-28 11:05:00,2026-05-28,11:05:00,7550,7548,7552,from_above,true,7554.43,7554.85,7556.52,7551.26,7552.97,2.97,true,3.72,0,0.7,3.72,0,0.7,true,4.7,1.05,4.12,4.7,1.05,4.12,true,10.08,1.05,9.08,10.08,1.05,9.08,true,true,true,10.19,1.05,7.97,10.19,1.05,7.97
1433,2026-05-28 11:10:00,2026-05-28,11:10:00,7550,7548,7552,from_above,true,7552.97,7553.14,7553.72,7550.41,7550.7,0.7,true,2.67,1.05,1.86,2.67,1.05,1.86,true,8.64,1.05,6.91,8.64,1.05,6.91,true,10.08,1.05,8.01,10.08,1.05,8.01,true,true,true,10.19,1.05,8.85,10.19,1.05,8.85
1434,2026-05-28 11:15:00,2026-05-28,11:15:00,7550,7548,7552,continuation_in_zone,true,7550.7,7550.83,7552.67,7548.95,7551.86,,true,4.7,0,4.12,,,,true,8.64,0,7.74,,,,true,10.08,0,7,,,,,,true,12.76,0,12.24,,,
1435,2026-05-28 11:20:00,2026-05-28,11:20:00,7550,7548,7552,from_above,true,7551.86,7552.03,7554.7,7551.95,7554.12,4.12,true,8.64,0,6.91,8.64,0,6.91,true,10.08,0,9.08,10.08,0,9.08,true,10.08,0,7.43,10.08,0,7.43,true,true,true,15.59,0,14.81,15.59,0,14.81
1436,2026-05-29 10:00:00,2026-05-29,10:00:00,7600,7598,7602,from_below,false,7596.38,7597.62,7599.38,7593.74,7595.24,4.76,true,0,9.8,-9.35,9.8,0,9.35,true,0,17.66,-14.68,17.66,0,14.68,true,0,25,-12.87,25,0,12.87,true,true,true,0,36.45,-19.24,36.45,0,19.24
1437,2026-06-01 13:25:00,2026-06-01,13:25:00,7600,7598,7602,from_below,false,7593.25,7593.26,7600.36,7591.99,7600.36,-0.36,true,3.44,4.46,-2.91,4.46,3.44,2.91,true,17.66,4.46,11.49,4.46,17.66,-11.49,true,17.66,4.46,12.89,4.46,17.66,-12.89,false,false,true,17.66,4.46,15.69,4.46,17.66,-15.69
1438,2026-06-01 13:30:00,2026-06-01,13:30:00,7600,7598,7602,continuation_in_zone,true,7600.36,7600.9,7603.44,7595.54,7597.09,,true,1.66,4.03,1.2,,,,true,17.66,4.03,13.55,,,,true,17.66,4.03,12.93,,,,,,true,17.66,4.03,14.4,,,
1439,2026-06-01 13:35:00,2026-06-01,13:35:00,7600,7598,7602,from_below,true,7597.09,7596.97,7601.66,7595.97,7601.2,-1.2,true,17.66,0,11.49,0,17.66,-11.49,true,17.66,0,16.71,0,17.66,-16.71,true,17.66,0,13.56,0,17.66,-13.56,false,false,true,17.66,0,13.79,0,17.66,-13.79
1440,2026-06-01 13:40:00,2026-06-01,13:40:00,7600,7598,7602,continuation_in_zone,true,7601.2,7601.24,7617.66,7600.83,7611.49,,true,16.47,0,13.55,,,,true,17.13,0,12.89,,,,true,17.13,0,10.51,,,,,,true,17.13,0,15.73,,,
1441,2026-06-01 15:50:00,2026-06-01,15:50:00,7600,7598,7602,from_above,false,7602.73,7602.79,7602.79,7598.14,7598.75,-1.25,true,0.84,2.56,-0.7,0.84,2.56,-0.7,false,0.84,2.56,,0.84,2.56,,false,0.84,2.56,,0.84,2.56,,,,false,0.84,2.56,,0.84,2.56,
1442,2026-06-01 15:55:00,2026-06-01,15:55:00,7600,7598,7602,continuation_in_zone,true,7598.75,7598.37,7600.84,7597.44,7599.3,,true,0.22,0.7,-0.05,,,,false,0.22,0.7,,,,,false,0.22,0.7,,,,,,,false,0.22,0.7,,,,
1443,2026-06-01 16:00:00,2026-06-01,16:00:00,7600,7598,7602,continuation_in_zone,true,7599.3,7600.16,7600.22,7599.95,7599.95,,false,0,0.05,,,,,false,0,0.05,,,,,false,0,0.05,,,,,,,false,0,0.05,,,,
1444,2026-06-02 10:10:00,2026-06-02,10:10:00,7600,7598,7602,from_below,false,7596.87,7596.64,7601.21,7595.73,7599.14,0.86,true,0.96,3.15,0.21,3.15,0.96,-0.21,true,2.24,7.44,-5.44,7.44,2.24,5.44,true,6.56,7.44,5.94,7.44,6.56,-5.94,true,false,true,19.07,7.44,16.72,7.44,19.07,-16.72
1445,2026-06-02 10:15:00,2026-06-02,10:15:00,7600,7598,7602,continuation_in_zone,true,7599.14,7598.88,7600.96,7596.85,7600.21,,true,2.24,3.69,-1.73,,,,true,2.98,7.44,2.63,,,,true,10.01,7.44,10.01,,,,,,true,19.07,7.44,18.65,,,
1446,2026-06-02 10:20:00,2026-06-02,10:20:00,7600,7598,7602,continuation_in_zone,true,7600.21,7600.32,7602.24,7596.31,7598.27,,true,0,7.44,-5.44,,,,true,5.26,7.44,2.4,,,,true,13.18,7.44,13.06,,,,,,true,20.9,7.44,18.76,,,
1447,2026-06-02 10:25:00,2026-06-02,10:25:00,7600,7598,7602,continuation_in_zone,true,7598.27,7598.07,7599.02,7592.56,7594.56,,true,2.98,5.87,2.63,,,,true,6.56,5.87,5.94,,,,true,14.41,5.87,14.21,,,,,,true,20.9,5.87,15.92,,,
1448,2026-06-02 10:30:00,2026-06-02,10:30:00,7600,7598,7602,from_below,true,7594.56,7594.45,7602.98,7594.13,7602.63,-2.63,true,5.26,0,2.4,0,5.26,-2.4,true,10.01,0,10.01,0,10.01,-10.01,true,15.14,0,10.93,0,15.14,-10.93,false,false,true,20.9,0,15.08,0,20.9,-15.08
1449,2026-06-02 10:35:00,2026-06-02,10:35:00,7600,7598,7602,from_above,true,7602.63,7602.69,7605.26,7601.82,7602.4,2.4,true,6.56,0,5.94,6.56,0,5.94,true,13.18,0,13.06,13.18,0,13.06,true,18.39,0,18.01,18.39,0,18.01,true,true,true,20.9,0,14.69,20.9,0,14.69
1450,2026-06-02 10:40:00,2026-06-02,10:40:00,7600,7598,7602,from_above,true,7602.4,7602.43,7606.56,7600.85,7605.94,5.94,true,10.01,0,10.01,10.01,0,10.01,true,14.41,0,14.21,14.41,0,14.21,true,19.07,0,16.72,19.07,0,16.72,true,true,true,20.9,0,13.95,20.9,0,13.95
1451,2026-06-03 09:30:00,2026-06-03,09:30:00,7600,7598,7602,from_above,false,7609.77,7598.74,7605.35,7597.64,7598.94,-1.06,true,0,8.88,-6.09,0,8.88,-6.09,true,0,36.81,-34,0,36.81,-34,true,0,37.55,-19.28,0,37.55,-19.28,false,false,true,0,37.55,-17.86,0,37.55,-17.86
1452,2026-06-03 09:35:00,2026-06-03,09:35:00,7600,7598,7602,continuation_in_zone,true,7598.94,7598.54,7598.54,7591.12,7593.91,,true,0,20.91,-20.91,,,,true,0,37.55,-26.59,,,,true,0,37.55,-18.79,,,,,,true,0,37.55,-14.85,,,
1453,2026-06-03 12:40:00,2026-06-03,12:40:00,7550,7548,7552,from_above,false,7554.97,7554.97,7556.1,7551.22,7555.99,5.99,true,11.8,0,11.63,11.8,0,11.63,true,17.23,0,17.09,17.23,0,17.09,true,17.23,0,8.28,17.23,0,8.28,true,true,true,20.06,0,18.5,20.06,0,18.5
1454,2026-06-04 09:35:00,2026-06-04,09:35:00,7550,7548,7552,from_below,false,7543.43,7542.74,7549.29,7538.9,7543.84,6.16,true,0,16.32,-15.51,16.32,0,15.51,true,0,19.85,-7.3,19.85,0,7.3,true,1.24,19.85,-8.45,19.85,1.24,8.45,true,true,true,7.73,19.85,1.56,19.85,7.73,-1.56
1455,2026-06-04 09:55:00,2026-06-04,09:55:00,7550,7548,7552,from_below,false,7542.7,7542.49,7551.24,7540.71,7545.64,4.36,true,0,9.67,-9.56,9.67,0,9.56,true,1.44,13.77,-1.42,13.77,1.44,1.42,true,7.73,13.77,4.48,13.77,7.73,-4.48,true,true,true,7.73,13.77,6.72,13.77,7.73,-6.72
1456,2026-06-04 10:00:00,2026-06-04,10:00:00,7550,7548,7552,from_below,true,7545.64,7545.84,7549.43,7540.33,7540.44,9.56,true,0,13.77,-8.45,13.77,0,8.45,true,1.44,13.77,-2.62,13.77,1.44,2.62,true,7.73,13.77,4.43,13.77,7.73,-4.43,true,true,true,11.62,13.77,9.9,13.77,11.62,-9.9
1457,2026-06-04 10:10:00,2026-06-04,10:10:00,7550,7548,7552,from_below,false,7541.55,7541.3,7551.44,7541.08,7548.58,1.42,true,1.44,3.23,-2.62,3.23,1.44,2.62,true,7.73,4.56,4.48,4.56,7.73,-4.48,true,7.73,4.56,3.02,4.56,7.73,-3.02,false,false,true,21.25,4.56,20.77,4.56,21.25,-20.77
1458,2026-06-04 10:15:00,2026-06-04,10:15:00,7550,7548,7552,continuation_in_zone,true,7548.58,7548.7,7551.44,7546.77,7547.38,,true,7.16,4.56,6.87,,,,true,7.73,4.56,4.43,,,,true,7.73,4.56,1.57,,,,,,true,24.5,4.56,21.51,,,
1459,2026-06-04 10:20:00,2026-06-04,10:20:00,7550,7548,7552,from_below,true,7547.38,7546.6,7557.16,7545.44,7556.87,-6.87,true,7.73,0,4.48,0,7.73,-4.48,true,7.73,0,1.56,0,7.73,-1.56,true,7.73,1.3,3.04,1.3,7.73,-3.04,false,false,true,24.5,1.3,22.55,1.3,24.5,-22.55
1460,2026-06-04 10:30:00,2026-06-04,10:30:00,7550,7548,7552,from_above,false,7554.48,7554.45,7555.93,7550.5,7554.43,4.43,true,4.55,0,1.56,4.55,0,1.56,true,7.38,1.3,1.57,7.38,1.3,1.57,true,11.62,1.3,9.9,11.62,1.3,9.9,true,true,true,24.71,1.3,21.12,24.71,1.3,21.12
1461,2026-06-04 10:35:00,2026-06-04,10:35:00,7550,7548,7552,from_above,true,7554.43,7553.92,7554.55,7550,7551.56,1.56,true,6.08,0,3.02,6.08,0,3.02,true,7.38,1.3,3.04,7.38,1.3,3.04,true,19.64,1.3,18.53,19.64,1.3,18.53,true,true,true,24.71,1.3,20.93,24.71,1.3,20.93
1462,2026-06-04 10:40:00,2026-06-04,10:40:00,7550,7548,7552,continuation_in_zone,true,7551.56,7551.31,7556.08,7551.31,7553.02,,true,7.38,1.3,1.57,,,,true,7.38,1.3,6.72,,,,true,21.25,1.3,20.77,,,,,,true,24.71,1.3,17.22,,,
1463,2026-06-04 10:45:00,2026-06-04,10:45:00,7550,7548,7552,from_above,true,7553.02,7553.19,7557.38,7548.7,7551.57,1.57,true,3.9,0.1,3.04,3.9,0.1,3.04,true,11.62,0.1,9.9,11.62,0.1,9.9,true,24.5,0.1,21.51,24.5,0.1,21.51,true,true,true,24.71,0.1,13.72,24.71,0.1,13.72
1464,2026-06-04 10:50:00,2026-06-04,10:50:00,7550,7548,7552,continuation_in_zone,true,7551.57,7551.87,7553.9,7549.9,7553.04,,true,6.95,0,6.72,,,,true,19.64,0,18.53,,,,true,24.5,0,22.55,,,,,,true,24.71,0,17.49,,,
1465,2026-06-04 15:30:00,2026-06-04,15:30:00,7600,7598,7602,from_below,false,7597.77,7597.91,7598.19,7595.86,7596.32,3.68,true,0,4.73,-3.37,4.73,0,3.37,true,0,8.98,-6.73,8.98,0,6.73,true,0,15.68,-15.68,15.68,0,15.68,true,true,false,0,15.68,,15.68,0,
1466,2026-06-05 09:55:00,2026-06-05,09:55:00,7500,7498,7502,from_above,false,7512.29,7512.32,7513.67,7498.82,7498.82,-1.18,true,8.99,5.22,1.81,8.99,5.22,1.81,true,15.16,5.22,13.8,15.16,5.22,13.8,true,22.92,5.22,5.17,22.92,5.22,5.17,true,true,true,22.92,5.22,12.14,22.92,5.22,12.14
1467,2026-06-05 10:00:00,2026-06-05,10:00:00,7500,7498,7502,continuation_in_zone,true,7498.82,7499.9,7508.99,7494.78,7501.81,,true,11.83,0.97,11.41,,,,true,22.92,0.97,22.92,,,,true,22.92,0.97,17.27,,,,,,true,22.92,0.97,8.44,,,
1468,2026-06-05 10:05:00,2026-06-05,10:05:00,7500,7498,7502,from_above,true,7501.81,7502.21,7511.83,7499.03,7511.41,11.41,true,15.16,0,13.8,15.16,0,13.8,true,22.92,0,10.84,22.92,0,10.84,true,22.92,0,14.78,22.92,0,14.78,true,true,true,22.92,0,3.14,22.92,0,3.14
1469,2026-06-05 11:05:00,2026-06-05,11:05:00,7500,7498,7502,from_above,false,7508.44,7508.56,7509.1,7500.99,7503.14,3.14,true,5.07,3.66,-3.54,5.07,3.66,-3.54,true,5.07,11.21,-8.66,5.07,11.21,-8.66,true,5.07,19.8,-18.88,5.07,19.8,-18.88,false,false,true,5.07,36.79,-35.4,5.07,36.79,-35.4
1470,2026-06-05 11:10:00,2026-06-05,11:10:00,7500,7498,7502,from_above,true,7503.14,7502.95,7505.07,7496.34,7496.46,-3.54,true,0,5.29,-1.42,0,5.29,-1.42,true,0.36,11.21,-5.08,0.36,11.21,-5.08,true,0.36,23.39,-22.03,0.36,23.39,-22.03,false,false,true,0.36,36.85,-32.42,0.36,36.85,-32.42
1471,2026-06-05 11:15:00,2026-06-05,11:15:00,7500,7498,7502,from_below,true,7496.46,7496.09,7499.84,7494.71,7498.58,1.42,true,0.36,11.21,-8.66,11.21,0.36,8.66,true,0.36,11.21,-10.46,11.21,0.36,10.46,true,0.36,24.92,-23.69,24.92,0.36,23.69,true,true,true,0.36,41.04,-39.64,41.04,0.36,39.64
1472,2026-06-05 11:20:00,2026-06-05,11:20:00,7500,7498,7502,continuation_in_zone,true,7498.58,7499.03,7500.36,7488.79,7491.34,,true,0,8.86,-5.08,,,,true,0,19.8,-18.88,,,,true,0,24.92,-19.98,,,,,,true,0,41.04,-35.84,,,
1473,2026-06-05 12:30:00,2026-06-05,12:30:00,7450,7448,7452,from_above,false,7460.04,7460.24,7461.12,7451.16,7454.95,4.95,true,7.7,0,4.29,7.7,0,4.29,true,7.7,12.73,-2.59,7.7,12.73,-2.59,true,8.66,12.73,0.77,8.66,12.73,0.77,false,false,true,8.66,12.73,4.62,8.66,12.73,4.62
1474,2026-06-05 12:35:00,2026-06-05,12:35:00,7450,7448,7452,from_above,true,7454.95,7455.14,7457.7,7450.52,7454.29,4.29,true,5.67,7.88,-5.18,5.67,7.88,-5.18,true,8.66,12.73,8.32,8.66,12.73,8.32,true,8.66,12.73,-3.2,8.66,12.73,-3.2,false,false,true,12.4,12.73,12.01,12.4,12.73,12.01
1475,2026-06-05 12:40:00,2026-06-05,12:40:00,7450,7448,7452,from_above,true,7454.29,7454.42,7455.67,7442.12,7444.82,-5.18,true,0,12.73,-2.59,0,12.73,-2.59,true,8.66,12.73,8.02,8.66,12.73,8.02,true,8.66,12.73,-3.39,8.66,12.73,-3.39,false,false,true,15.54,12.73,0.42,15.54,12.73,0.42
1476,2026-06-05 12:50:00,2026-06-05,12:50:00,7450,7448,7452,from_below,false,7447.41,7447.65,7458.66,7445.31,7458.32,-8.32,true,8.32,0,8.02,0,8.32,-8.02,true,8.32,4.07,-3.2,4.07,8.32,3.2,true,8.32,9.41,3.06,9.41,8.32,-3.06,true,false,true,15.54,9.41,3.84,9.41,15.54,-3.84
1477,2026-06-05 13:00:00,2026-06-05,13:00:00,7450,7448,7452,from_above,false,7458.02,7458,7458,7445.99,7450.77,0.77,true,1.1,4.07,-3.2,1.1,4.07,-3.2,true,1.1,9.23,-4.83,1.1,9.23,-4.83,true,5.01,9.41,4.62,5.01,9.41,4.62,false,false,true,15.54,9.41,-3.04,15.54,9.41,-3.04
1478,2026-06-05 13:05:00,2026-06-05,13:05:00,7450,7448,7452,continuation_in_zone,true,7450.77,7451.1,7451.1,7445.93,7446.8,,true,0,7.97,-3.39,,,,true,3.59,9.41,3.06,,,,true,12.4,9.41,12.01,,,,,,true,15.54,9.41,-4.73,,,
1479,2026-06-05 13:10:00,2026-06-05,13:10:00,7450,7448,7452,from_below,true,7446.8,7447.41,7448.71,7442.03,7446.61,3.39,true,0,9.23,-4.83,9.23,0,4.83,true,3.59,9.41,2.63,9.41,3.59,-2.63,true,15.54,9.41,0.42,9.41,15.54,-0.42,false,false,true,15.54,15.98,-15.48,15.98,15.54,15.48
1480,2026-06-05 13:20:00,2026-06-05,13:20:00,7450,7448,7452,from_below,false,7445.17,7445.07,7453.59,7440.59,7453.06,-3.06,true,3.3,3.32,2.63,3.32,3.3,-2.63,true,12.4,3.32,12.01,3.32,12.4,-12.01,true,15.54,3.32,3.84,3.32,15.54,-3.84,false,false,true,15.54,24.27,-21.78,24.27,15.54,21.78
1481,2026-06-05 13:25:00,2026-06-05,13:25:00,7450,7448,7452,from_above,true,7453.06,7452.93,7453.3,7446.68,7452.63,2.63,true,5.01,1.49,4.62,5.01,1.49,4.62,true,15.54,1.49,0.42,15.54,1.49,0.42,true,15.54,1.49,9.21,15.54,1.49,9.21,true,true,true,15.54,32.03,-28.54,15.54,32.03,-28.54
1482,2026-06-05 13:30:00,2026-06-05,13:30:00,7450,7448,7452,from_above,true,7452.63,7452.77,7455.01,7448.51,7454.62,4.62,true,12.4,0,12.01,12.4,0,12.01,true,15.54,0.44,2.04,15.54,0.44,2.04,true,15.54,3.09,-3.04,15.54,3.09,-3.04,true,true,true,15.54,32.96,-30.82,15.54,32.96,-30.82
1483,2026-06-05 13:40:00,2026-06-05,13:40:00,7450,7448,7452,from_above,false,7462.01,7462.17,7465.54,7449.56,7450.42,0.42,true,5.71,0.15,2.04,5.71,0.15,2.04,true,9.64,0.15,9.21,9.64,0.15,9.21,true,10.42,15.98,-15.48,10.42,15.98,-15.48,false,true,true,10.42,39.76,-36.25,10.42,39.76,-36.25
1484,2026-06-05 13:45:00,2026-06-05,13:45:00,7450,7448,7452,continuation_in_zone,true,7450.42,7450.6,7455.71,7449.85,7452.04,,true,4.11,0,3.84,,,,true,10.42,3.09,-3.04,,,,true,10.42,24.27,-23.62,,,,,,true,10.42,51.2,-41.11,,,
1485,2026-06-05 13:50:00,2026-06-05,13:50:00,7450,7448,7452,from_above,true,7452.04,7452.04,7454.11,7450.3,7453.84,3.84,true,9.64,0,9.21,9.64,0,9.21,true,10.42,5.87,-4.73,10.42,5.87,-4.73,true,10.42,24.27,-21.78,10.42,24.27,-21.78,false,true,true,10.42,51.47,-47.18,10.42,51.47,-47.18
1486,2026-06-05 14:00:00,2026-06-05,14:00:00,7450,7448,7452,from_above,false,7459.21,7459.28,7460.42,7446.91,7446.96,-3.04,true,0,5.87,-4.73,0,5.87,-4.73,true,0,24.27,-23.62,0,24.27,-23.62,true,0,32.96,-30.82,0,32.96,-30.82,false,false,true,0,52.84,-46.35,0,52.84,-46.35
1487,2026-06-05 14:05:00,2026-06-05,14:05:00,7450,7448,7452,from_below,true,7446.96,7446.87,7448.35,7444.13,7445.27,4.73,true,0,15.98,-15.48,15.98,0,15.48,true,0,24.27,-21.78,24.27,0,21.78,true,0,36.31,-31.22,36.31,0,31.22,true,true,true,0,61.15,-57.27,61.15,0,57.27
1488,2026-06-05 14:45:00,2026-06-05,14:45:00,7400,7398,7402,from_above,false,7413.75,7413.55,7413.55,7398.8,7408.89,8.89,true,10.89,1.47,2.82,10.89,1.47,2.82,true,13.75,2.84,3.65,13.75,2.84,3.65,true,13.75,31.37,-24.23,13.75,31.37,-24.23,false,true,true,13.75,31.37,0.62,13.75,31.37,0.62
1489,2026-06-05 14:50:00,2026-06-05,14:50:00,7400,7398,7402,from_above,true,7408.89,7409.09,7410.89,7398.53,7402.82,2.82,true,13.75,0,5.91,13.75,0,5.91,true,13.75,11.15,-7.27,13.75,11.15,-7.27,true,13.75,31.37,-18.78,13.75,31.37,-18.78,false,true,true,13.75,31.37,4.01,13.75,31.37,4.01
1490,2026-06-05 14:55:00,2026-06-05,14:55:00,7400,7398,7402,from_above,true,7402.82,7402.55,7413.75,7400.46,7405.91,5.91,true,6.6,2.84,3.65,6.6,2.84,3.65,true,6.6,18.01,-15.77,6.6,18.01,-15.77,true,6.6,31.37,-2.92,6.6,31.37,-2.92,false,false,true,10.17,31.37,-15.34,10.17,31.37,-15.34
1491,2026-06-05 15:00:00,2026-06-05,15:00:00,7400,7398,7402,from_above,true,7405.91,7405.89,7406.6,7397.16,7403.65,3.65,true,4.28,11.15,-7.27,4.28,11.15,-7.27,true,4.28,31.37,-24.23,4.28,31.37,-24.23,true,4.28,31.37,-8.78,4.28,31.37,-8.78,false,false,true,10.17,31.37,-16.27,10.17,31.37,-16.27
1492,2026-06-05 15:05:00,2026-06-05,15:05:00,7400,7398,7402,from_above,true,7403.65,7404.14,7404.28,7388.85,7392.73,-7.27,true,0,18.01,-15.77,0,18.01,-15.77,true,0,31.37,-18.78,0,31.37,-18.78,true,0.43,31.37,-0.35,0.43,31.37,-0.35,false,false,false,10.17,31.37,,10.17,31.37,
1493,2026-06-05 15:35:00,2026-06-05,15:35:00,7400,7398,7402,from_below,false,7391.22,7391.53,7400.43,7390.5,7399.65,0.35,true,0,16.99,-9.12,16.99,0,9.12,true,10.17,16.99,4.01,16.99,10.17,-4.01,false,10.17,16.99,,16.99,10.17,,,,false,10.17,16.99,,16.99,10.17,
1494,2026-06-05 15:40:00,2026-06-05,15:40:00,7400,7398,7402,continuation_in_zone,true,7399.65,7399.7,7399.7,7383.01,7390.88,,true,1.89,10.81,0.62,,,,true,10.17,16.47,-15.34,,,,false,10.17,16.47,,,,,,,false,10.17,16.47,,,,
1495,2026-06-05 15:45:00,2026-06-05,15:45:00,7400,7398,7402,from_below,true,7390.88,7390.86,7401.89,7389.19,7400.62,-0.62,true,10.17,1.33,4.01,1.33,10.17,-4.01,true,10.17,16.47,-16.27,16.47,10.17,16.27,false,10.17,16.47,,16.47,10.17,,,,false,10.17,16.47,,16.47,10.17,
1496,2026-06-05 15:50:00,2026-06-05,15:50:00,7400,7398,7402,continuation_in_zone,true,7400.62,7399.68,7410.17,7398.67,7404.01,,true,4.04,16.47,-15.34,,,,false,4.04,16.47,,,,,false,4.04,16.47,,,,,,,false,4.04,16.47,,,,
1497,2026-06-05 15:55:00,2026-06-05,15:55:00,7400,7398,7402,from_above,true,7404.01,7404.04,7404.04,7383.53,7384.66,-15.34,true,0,16.31,-16.27,0,16.31,-16.27,false,0,16.31,,0,16.31,,false,0,16.31,,0,16.31,,,,false,0,16.31,,0,16.31,
1498,2026-06-08 09:30:00,2026-06-08,09:30:00,7450,7448,7452,from_below,false,7383.73,7442.39,7458.57,7434.21,7434.21,15.79,true,0,20.19,-19.84,20.19,0,19.84,true,0,21.55,-9.84,21.55,0,9.84,true,0.86,29.8,-24,29.8,0.86,24,true,true,true,0.86,29.8,-7.4,29.8,0.86,7.4
1499,2026-06-08 09:45:00,2026-06-08,09:45:00,7450,7448,7452,from_below,false,7439.57,7440.78,7448.89,7435.36,7440.16,9.84,true,0.86,16.91,-4.98,16.91,0.86,4.98,true,0.86,29.8,-24,29.8,0.86,24,true,0.86,29.8,-21.25,29.8,0.86,21.25,true,true,true,5.65,29.8,0.35,29.8,5.65,-0.35
1500,2026-06-08 09:50:00,2026-06-08,09:50:00,7450,7448,7452,from_below,true,7440.16,7439.91,7450.86,7433.09,7445.02,4.98,true,0,28.13,-28.03,28.13,0,28.03,true,0,29.8,-12.45,29.8,0,12.45,true,0,29.8,-14.56,29.8,0,14.56,true,true,true,7.06,29.8,5.2,29.8,7.06,-5.2
1501,2026-06-08 10:35:00,2026-06-08,10:35:00,7450,7448,7452,from_below,false,7442.6,7442.51,7449.81,7440.89,7446.19,3.81,true,0,15.76,-10.49,15.76,0,10.49,true,7.06,15.76,5.2,15.76,7.06,-5.2,true,16.81,15.76,14.62,15.76,16.81,-14.62,false,true,true,16.81,17.18,-1.04,17.18,16.81,1.04
1502,2026-06-08 10:40:00,2026-06-08,10:40:00,7450,7448,7452,from_below,true,7446.19,7446.27,7448.18,7434.24,7439.51,10.49,true,5.65,10.61,0.35,10.61,5.65,-0.35,true,13.01,10.61,12.91,10.61,13.01,-12.91,true,16.81,10.61,11,10.61,16.81,-11,false,true,true,16.81,17.18,-0.29,17.18,16.81,0.29
1503,2026-06-08 10:45:00,2026-06-08,10:45:00,7450,7448,7452,from_below,true,7439.51,7439.39,7455.65,7439.39,7450.35,-0.35,true,7.06,2.73,5.2,2.73,7.06,-5.2,true,16.3,2.73,10.45,2.73,16.3,-10.45,true,16.81,2.73,13.36,2.73,16.81,-13.36,false,false,true,16.81,17.18,-2.54,17.18,16.81,2.54
1504,2026-06-08 10:50:00,2026-06-08,10:50:00,7450,7448,7452,continuation_in_zone,true,7450.35,7449.57,7457.06,7447.27,7455.2,,true,13.01,0,12.91,,,,true,16.81,0,14.62,,,,true,16.81,0,13.34,,,,,,true,16.81,17.18,-0.98,,,
1505,2026-06-08 10:55:00,2026-06-08,10:55:00,7450,7448,7452,from_above,true,7455.2,7455.16,7463.01,7450.79,7462.91,12.91,true,16.3,0,10.45,16.3,0,10.45,true,16.81,0,11,16.81,0,11,true,16.81,4.46,-3.84,16.81,4.46,-3.84,true,true,true,16.81,17.18,-9.54,16.81,17.18,-9.54
1506,2026-06-08 11:25:00,2026-06-08,11:25:00,7450,7448,7452,from_above,false,7463.34,7463.27,7463.27,7445.54,7446.16,-3.84,true,0,17.18,-14.06,0,17.18,-14.06,true,2.13,17.18,-0.29,2.13,17.18,-0.29,true,6.67,17.18,-9.54,6.67,17.18,-9.54,false,false,true,6.67,17.18,-14.44,6.67,17.18,-14.44
1507,2026-06-08 11:35:00,2026-06-08,11:35:00,7450,7448,7452,from_below,false,7435.94,7435.76,7449.29,7433.73,7448.96,1.04,true,2.13,3.82,-0.29,3.82,2.13,0.29,true,6.67,3.82,-0.98,3.82,6.67,0.98,true,6.67,14,-9.64,14,6.67,9.64,true,true,true,6.67,20.7,-18.33,20.7,6.67,18.33
1508,2026-06-08 11:40:00,2026-06-08,11:40:00,7450,7448,7452,continuation_in_zone,true,7448.96,7448.62,7452.13,7446.18,7449.71,,true,6.67,2.92,-2.54,,,,true,6.67,11.18,-9.54,,,,true,6.67,14,-5.99,,,,,,true,6.67,20.7,-15.78,,,
1509,2026-06-08 11:45:00,2026-06-08,11:45:00,7450,7448,7452,continuation_in_zone,true,7449.71,7450.32,7456.67,7447.08,7447.46,,true,4.61,2.54,-0.98,,,,true,4.61,14,-7.75,,,,true,4.61,14,0.37,,,,,,true,4.61,20.7,-11.36,,,
1510,2026-06-08 11:50:00,2026-06-08,11:50:00,7450,7448,7452,from_below,true,7447.46,7447.62,7454.61,7447.62,7449.02,0.98,true,0,11.18,-9.54,11.18,0,9.54,true,0,14,-9.64,14,0,9.64,true,3.18,14,-6.27,14,3.18,6.27,true,true,true,3.18,20.7,-11.73,20.7,3.18,11.73
1511,2026-06-08 11:55:00,2026-06-08,11:55:00,7450,7448,7452,continuation_in_zone,true,7449.02,7449.07,7449.07,7438.82,7440.46,,true,0,14,-7.75,,,,true,0,14,-5.99,,,,true,3.18,14.6,-14.44,,,,,,true,3.18,20.7,-16.48,,,
1512,2026-06-08 12:15:00,2026-06-08,12:15:00,7450,7448,7452,from_below,false,7444.01,7444.16,7450.73,7443.93,7450.37,-0.37,true,3.18,7.41,-6.27,7.41,3.18,6.27,true,3.18,16.76,-16.76,16.76,3.18,16.76,true,3.18,20.7,-11.36,20.7,3.18,11.36,true,true,true,3.18,34.93,-32.65,34.93,3.18,32.65
1513,2026-06-08 12:20:00,2026-06-08,12:20:00,7450,7448,7452,continuation_in_zone,true,7450.37,7450.58,7453.18,7442.59,7443.73,,true,0,14.6,-14.44,,,,true,0,20.7,-18.33,,,,true,0,20.7,-11.73,,,,,,true,0,34.93,-31.48,,,
1514,2026-06-08 15:20:00,2026-06-08,15:20:00,7400,7398,7402,from_above,false,7404.89,7405.37,7409.61,7397.8,7398.2,-1.8,true,4.84,4.87,4.2,4.84,4.87,4.2,true,14.26,4.87,7.04,14.26,4.87,7.04,true,14.26,4.87,4.41,14.26,4.87,4.41,true,true,false,14.26,4.87,,14.26,4.87,
1515,2026-06-08 15:25:00,2026-06-08,15:25:00,7400,7398,7402,from_below,true,7398.2,7397.94,7404.84,7395.13,7404.2,-4.2,true,14.26,0,7.32,0,14.26,-7.32,true,14.26,0,6.17,0,14.26,-6.17,true,14.26,0,5.8,0,14.26,-5.8,false,false,false,14.26,0,,0,14.26,
1516,2026-06-08 15:50:00,2026-06-08,15:50:00,7400,7398,7402,from_above,false,7405.65,7405.58,7411.85,7401.11,7404.41,4.41,true,7.71,0,5.8,7.71,0,5.8,false,7.71,0,,7.71,0,,false,7.71,0,,7.71,0,,,,false,7.71,0,,7.71,0,
1517,2026-06-09 09:30:00,2026-06-09,09:30:00,7450,7448,7452,from_below,false,7405.72,7446.48,7453.86,7442.82,7450.56,-0.56,true,13.1,0.76,7.55,0.76,13.1,-7.55,true,33.15,0.76,31.18,0.76,33.15,-31.18,true,33.15,0.76,4.45,0.76,33.15,-4.45,false,false,true,33.15,42.33,-24.48,42.33,33.15,24.48
1518,2026-06-09 09:35:00,2026-06-09,09:35:00,7450,7448,7452,continuation_in_zone,true,7450.56,7450.9,7463.1,7449.24,7457.55,,true,18.16,0,17.57,,,,true,33.15,0,15.77,,,,true,33.15,0,3.68,,,,,,true,33.15,42.33,-28.02,,,
1519,2026-06-09 10:00:00,2026-06-09,10:00:00,7450,7448,7452,from_above,false,7457.19,7457.35,7462.73,7451.93,7454.45,4.45,true,9.78,0,3.68,9.78,0,3.68,true,9.78,42.33,-36.31,9.78,42.33,-36.31,true,9.78,42.33,-24.48,9.78,42.33,-24.48,false,false,true,9.78,89.9,-67.28,9.78,89.9,-67.28
1520,2026-06-09 10:10:00,2026-06-09,10:10:00,7450,7448,7452,from_above,false,7453.68,7453.56,7453.56,7428.41,7429.21,-20.79,true,0,42.33,-36.31,0,42.33,-36.31,true,0,42.33,-25.28,0,42.33,-25.28,true,0,52.84,-50.95,0,52.84,-50.95,false,false,true,0,89.9,-61.94,0,89.9,-61.94
1521,2026-06-09 10:40:00,2026-06-09,10:40:00,7400,7398,7402,from_above,false,7421.98,7422.19,7425.09,7397.16,7399.05,-0.95,true,1.39,36.75,-35.85,1.39,36.75,-35.85,true,1.39,39.9,-9.72,1.39,39.9,-9.72,true,1.39,39.9,-11.94,1.39,39.9,-11.94,false,false,true,1.39,82.46,-70.1,1.39,82.46,-70.1
1522,2026-06-09 10:45:00,2026-06-09,10:45:00,7400,7398,7402,continuation_in_zone,true,7399.05,7399.13,7401.39,7363.25,7364.15,,true,0,39.9,-21.9,,,,true,0,39.9,-17.28,,,,true,0,39.9,-25.31,,,,,,true,0,82.46,-68.23,,,
1523,2026-06-09 11:25:00,2026-06-09,11:25:00,7350,7348,7352,from_above,false,7353.52,7353.36,7353.36,7319.99,7321.47,-28.53,true,0,32.46,-26.23,0,32.46,-26.23,true,0,32.46,-20.1,0,32.46,-20.1,true,0,48.12,-47.23,0,48.12,-47.23,false,false,true,0,84.94,-64.52,0,84.94,-64.52
1524,2026-06-09 11:55:00,2026-06-09,11:55:00,7300,7298,7302,from_above,false,7323.49,7323.45,7324.24,7301.88,7302.77,2.77,true,16.49,0,7.63,16.49,0,7.63,true,16.49,10.81,-4.17,16.49,10.81,-4.17,true,16.49,34.94,-14.52,16.49,34.94,-14.52,false,true,true,16.49,62.15,-22.53,16.49,62.15,-22.53
1525,2026-06-09 12:00:00,2026-06-09,12:00:00,7300,7298,7302,continuation_in_zone,true,7302.77,7301.96,7316.49,7301.4,7307.63,,true,8.85,10.81,-5.96,,,,true,8.85,31.12,-28.7,,,,true,8.85,34.94,-15.08,,,,,,true,8.85,62.15,-2.82,,,
1526,2026-06-09 12:05:00,2026-06-09,12:05:00,7300,7298,7302,from_above,true,7307.63,7307.58,7308.85,7289.19,7294.04,-5.96,true,4.23,10.32,-4.17,4.23,10.32,-4.17,true,4.23,34.94,-14,4.23,34.94,-14,true,4.23,58.46,-55.25,4.23,58.46,-55.25,false,false,true,4.23,62.15,-5.03,4.23,62.15,-5.03
1527,2026-06-09 12:10:00,2026-06-09,12:10:00,7300,7298,7302,from_below,true,7294.04,7294.45,7304.23,7289.68,7295.83,4.17,true,0,31.12,-28.7,31.12,0,28.7,true,0,34.94,-14.52,34.94,0,14.52,true,0,62.15,-42.02,62.15,0,42.02,true,true,true,2,62.15,-2.21,62.15,2,2.21
1528,2026-06-09 12:35:00,2026-06-09,12:35:00,7250,7248,7252,from_above,false,7284.92,7284.72,7294.75,7241.54,7244.75,-5.25,true,10.18,12.15,7.98,10.18,12.15,7.98,true,18.39,12.15,-1.34,18.39,12.15,-1.34,true,49.88,12.15,44.97,49.88,12.15,44.97,true,true,true,87.79,12.15,83.92,87.79,12.15,83.92
1529,2026-06-09 12:40:00,2026-06-09,12:40:00,7250,7248,7252,from_below,true,7244.75,7244.69,7260.18,7237.85,7257.98,-7.98,true,18.39,0,10.4,0,18.39,-10.4,true,28.16,2.27,27.47,2.27,28.16,-27.47,true,52,2.27,47.79,2.27,52,-47.79,false,false,true,101.29,2.27,93.26,2.27,101.29,-93.26
1530,2026-06-09 12:50:00,2026-06-09,12:50:00,7250,7248,7252,from_above,false,7260.4,7260.31,7265.08,7248.36,7248.66,-1.34,true,28.16,2.27,27.47,28.16,2.27,27.47,true,49.88,2.27,44.97,49.88,2.27,44.97,true,74.33,2.27,66.66,74.33,2.27,66.66,true,true,true,101.29,2.27,86.42,101.29,2.27,86.42
1531,2026-06-09 12:55:00,2026-06-09,12:55:00,7250,7248,7252,continuation_in_zone,true,7248.66,7248.78,7278.16,7247.73,7277.47,,true,48.87,0,47.18,,,,true,52,0,47.79,,,,true,74.33,0,69.94,,,,,,true,101.29,0,88.54,,,
1532,2026-06-09 13:00:00,2026-06-09,13:00:00,7300,7298,7302,from_below,false,7277.47,7277.41,7298.87,7276.5,7297.18,2.82,true,0,11.71,-5.03,11.71,0,5.03,true,12.22,15.41,11.85,15.41,12.22,-11.85,true,29.2,15.41,29.08,15.41,29.2,-29.08,false,true,true,51.29,15.41,38.34,15.41,51.29,-38.34
1533,2026-06-09 13:05:00,2026-06-09,13:05:00,7300,7298,7302,from_below,true,7297.18,7296.99,7299.88,7288.29,7294.97,5.03,true,2,15.41,-2.21,15.41,2,2.21,true,24.33,15.41,16.66,15.41,24.33,-16.66,true,37.79,15.41,33.92,15.41,37.79,-33.92,false,true,true,51.29,15.41,47.61,15.41,51.29,-47.61
1534,2026-06-09 13:10:00,2026-06-09,13:10:00,7300,7298,7302,from_below,true,7294.97,7295.09,7302,7284.59,7297.79,2.21,true,12.22,8.13,11.85,8.13,12.22,-11.85,true,24.33,8.13,19.94,8.13,24.33,-19.94,true,51.29,8.13,43.26,8.13,51.29,-43.26,false,false,true,51.29,8.13,45.51,8.13,51.29,-45.51
1535,2026-06-09 13:15:00,2026-06-09,13:15:00,7300,7298,7302,continuation_in_zone,true,7297.79,7298.2,7312.22,7291.87,7311.85,,true,24.33,0,16.66,,,,true,29.2,0,29.08,,,,true,51.29,0,24.36,,,,,,true,57.42,0,57.24,,,
1536,2026-06-09 13:40:00,2026-06-09,13:40:00,7350,7348,7352,from_below,false,7333.92,7333.9,7351.29,7332.27,7343.26,6.74,true,0,27.38,-25.64,27.38,0,25.64,true,0,27.38,-11.46,27.38,0,11.46,true,0,27.38,-4.49,27.38,0,4.49,true,true,true,24.8,27.38,7.21,27.38,24.8,-7.21
1537,2026-06-09 14:05:00,2026-06-09,14:05:00,7350,7348,7352,from_below,false,7338.34,7338.52,7348.61,7336.77,7347.61,2.39,true,0,11.37,-4.49,11.37,0,4.49,true,13.68,11.37,12.61,11.37,13.68,-12.61,true,24.8,11.37,22.52,11.37,24.8,-22.52,false,true,true,39.09,11.37,27.62,11.37,39.09,-27.62
1538,2026-06-09 14:15:00,2026-06-09,14:15:00,7350,7348,7352,from_below,false,7345.51,7345.24,7357.42,7339.32,7357.24,-7.24,true,13.68,0,12.61,0,13.68,-12.61,true,23.93,0,18.8,0,23.93,-18.8,true,24.8,0,16.59,0,24.8,-16.59,false,false,true,39.09,1.63,-0.69,1.63,39.09,0.69
1539,2026-06-09 14:20:00,2026-06-09,14:20:00,7350,7348,7352,from_above,true,7357.24,7356.95,7363.68,7350.97,7362.61,12.61,true,13.61,0,13.31,13.61,0,13.31,true,24.8,0,22.52,24.8,0,22.52,true,24.8,0,19.07,24.8,0,19.07,true,true,true,39.09,4.88,2.04,39.09,4.88,2.04
1540,2026-06-09 15:15:00,2026-06-09,15:15:00,7350,7348,7352,from_above,false,7365.32,7365.47,7366.28,7348.37,7349.31,-0.69,true,5.04,4.88,2.04,5.04,4.88,2.04,true,12.47,4.88,7.95,12.47,4.88,7.95,true,12.47,11.62,-5.65,12.47,11.62,-5.65,true,true,false,36.66,11.62,,36.66,11.62,
1541,2026-06-09 15:20:00,2026-06-09,15:20:00,7350,7348,7352,continuation_in_zone,true,7349.31,7349.21,7355.04,7345.12,7352.04,,true,10.76,1.84,8.44,,,,true,12.47,1.84,-1.29,,,,true,24.59,11.62,24.46,,,,,,false,36.66,11.62,,,,
1542,2026-06-09 15:25:00,2026-06-09,15:25:00,7350,7348,7352,from_above,true,7352.04,7352.23,7360.76,7348.16,7358.44,8.44,true,12.47,0,7.95,12.47,0,7.95,true,12.47,11.22,-3.4,12.47,11.22,-3.4,true,36.54,11.62,35.49,36.54,11.62,35.49,true,true,false,36.66,11.62,,36.66,11.62,
1543,2026-06-09 15:35:00,2026-06-09,15:35:00,7350,7348,7352,from_above,false,7357.95,7358.37,7358.88,7348.55,7348.71,-1.29,true,0.83,11.22,-3.4,0.83,11.22,-3.4,true,24.59,11.62,24.46,24.59,11.62,24.46,false,36.66,11.62,,36.66,11.62,,,,false,36.66,11.62,,36.66,11.62,
1544,2026-06-09 15:40:00,2026-06-09,15:40:00,7350,7348,7352,continuation_in_zone,true,7348.71,7348.74,7350.83,7338.78,7346.6,,true,0,11.62,-5.65,,,,true,36.54,11.62,35.49,,,,false,36.66,11.62,,,,,,,false,36.66,11.62,,,,
1545,2026-06-09 15:45:00,2026-06-09,15:45:00,7350,7348,7352,from_below,true,7346.6,7346.76,7349.56,7338.38,7344.35,5.65,true,24.59,6.03,24.46,6.03,24.59,-24.46,true,36.66,6.03,36.66,6.03,36.66,-36.66,false,36.66,6.03,,6.03,36.66,,,,false,36.66,6.03,,6.03,36.66,
1546,2026-06-09 15:50:00,2026-06-09,15:50:00,7350,7348,7352,from_below,true,7344.35,7343.97,7374.59,7343.97,7374.46,-24.46,true,36.54,0,35.49,0,36.54,-35.49,false,36.66,0,,0,36.66,,false,36.66,0,,0,36.66,,,,false,36.66,0,,0,36.66,
1547,2026-06-10 09:30:00,2026-06-10,09:30:00,7350,7348,7352,from_above,false,7386.66,7353.27,7355.29,7330.83,7330.83,-19.17,true,15.26,21.58,8.8,15.26,21.58,8.8,true,32.39,21.58,29.66,32.39,21.58,29.66,true,34.65,21.58,28.17,34.65,21.58,28.17,true,true,true,46.56,21.58,40.78,46.56,21.58,40.78
1548,2026-06-10 09:35:00,2026-06-10,09:35:00,7350,7348,7352,from_below,true,7330.83,7330.64,7365.26,7328.42,7358.8,-8.8,true,25.41,3.5,25.41,3.5,25.41,-25.41,true,32.39,3.5,19.36,3.5,32.39,-19.36,true,37.01,3.5,34.56,3.5,37.01,-34.56,false,false,true,46.56,3.5,28.3,3.5,46.56,-28.3
1549,2026-06-10 09:40:00,2026-06-10,09:40:00,7350,7348,7352,from_above,true,7358.8,7359.31,7375.41,7346.5,7375.41,25.41,true,32.39,0,29.66,32.39,0,29.66,true,32.39,0,20.48,32.39,0,20.48,true,38.6,0,29.34,38.6,0,29.34,true,true,true,46.56,0,19.34,46.56,0,19.34
1550,2026-06-10 10:55:00,2026-06-10,10:55:00,7350,7348,7352,from_above,false,7358.21,7358.7,7360.93,7334.77,7341.63,-8.37,true,5.98,18.16,-6.88,5.98,18.16,-6.88,true,5.98,30.79,-30.45,5.98,30.79,-30.45,true,5.98,42.35,-22.33,5.98,42.35,-22.33,false,false,true,5.98,52.21,-18.6,5.98,52.21,-18.6
1551,2026-06-10 11:00:00,2026-06-10,11:00:00,7350,7348,7352,from_below,true,7341.63,7341.56,7355.98,7331.84,7343.12,6.88,true,0,20.04,-19.65,20.04,0,19.65,true,0,42.35,-35.09,42.35,0,35.09,true,0,42.35,-26.59,42.35,0,26.59,true,true,true,0,52.21,-22.67,52.21,0,22.67
1552,2026-06-10 11:50:00,2026-06-10,11:50:00,7300,7298,7302,from_above,false,7312.49,7312.27,7327.18,7297.79,7321.9,21.9,true,32.35,0,31.4,32.35,0,31.4,true,36.8,0,19.67,36.8,0,19.67,true,36.8,0,13.12,36.8,0,13.12,true,true,true,36.8,0,14.86,36.8,0,14.86
1553,2026-06-10 13:10:00,2026-06-10,13:10:00,7300,7298,7302,from_above,false,7309.44,7309.03,7309.21,7299.73,7301.74,1.74,true,5.54,0.83,1.63,5.54,0.83,1.63,true,9.84,0.83,8.07,9.84,0.83,8.07,true,9.84,8.77,-8.42,9.84,8.77,-8.42,true,false,true,29.15,8.77,19.31,29.15,8.77,19.31
1554,2026-06-10 13:15:00,2026-06-10,13:15:00,7300,7298,7302,continuation_in_zone,true,7301.74,7301.81,7305.54,7299.17,7301.63,,true,7.1,0.33,6.24,,,,true,9.84,2.91,0.58,,,,true,17.94,8.77,14.99,,,,,,true,29.15,8.77,9.93,,,
1555,2026-06-10 13:20:00,2026-06-10,13:20:00,7300,7298,7302,continuation_in_zone,true,7301.63,7301.54,7307.1,7299.67,7306.24,,true,9.84,0,8.07,,,,true,9.84,6.7,-6.52,,,,true,17.94,8.77,11.06,,,,,,true,29.15,8.77,11.59,,,
1556,2026-06-10 13:30:00,2026-06-10,13:30:00,7300,7298,7302,from_above,false,7308.07,7308.26,7308.79,7297.09,7300.58,0.58,true,0.91,6.7,-6.52,0.91,6.7,-6.52,true,17.94,8.77,14.99,17.94,8.77,14.99,true,28.92,8.77,28.92,28.92,8.77,28.92,true,true,true,29.15,8.77,2.55,29.15,8.77,2.55
1557,2026-06-10 13:35:00,2026-06-10,13:35:00,7300,7298,7302,continuation_in_zone,true,7300.58,7300.91,7300.91,7293.3,7293.48,,true,0,8.77,-8.42,,,,true,17.94,8.77,11.06,,,,true,29.15,8.77,17.6,,,,,,true,29.15,8.77,-2.77,,,
1558,2026-06-10 13:45:00,2026-06-10,13:45:00,7300,7298,7302,from_below,false,7291.58,7291.59,7317.94,7291.37,7314.99,-14.99,true,16.4,0,11.06,0,16.4,-11.06,true,28.92,0,28.92,0,28.92,-28.92,true,29.15,0,9.93,0,29.15,-9.93,false,false,true,29.15,8.48,-8.48,8.48,29.15,8.48
1559,2026-06-10 14:30:00,2026-06-10,14:30:00,7300,7298,7302,from_above,false,7307.73,7307.74,7307.74,7301.45,7302.55,2.55,true,2.59,5.93,-2.77,2.59,5.93,-2.77,true,2.59,8.48,-8.48,2.59,8.48,-8.48,true,2.59,18.91,-14.19,2.59,18.91,-14.19,false,false,true,2.59,32.65,-19.01,2.59,32.65,-19.01
1560,2026-06-10 14:35:00,2026-06-10,14:35:00,7300,7298,7302,from_above,true,7302.55,7302.59,7302.59,7294.07,7297.23,-2.77,true,0.06,6.28,-2.63,0.06,6.28,-2.63,true,0.06,17.53,-10.53,0.06,17.53,-10.53,true,0.06,18.91,-10.17,0.06,18.91,-10.17,false,false,true,0.06,32.65,-12.73,0.06,32.65,-12.73
1561,2026-06-10 14:40:00,2026-06-10,14:40:00,7300,7298,7302,from_below,true,7297.23,7297.3,7300.06,7293.72,7297.37,2.63,true,0,8.48,-8.48,8.48,0,8.48,true,0,17.86,-13.53,17.86,0,13.53,true,0,19.21,-17.7,19.21,0,17.7,true,true,true,0,32.65,-15.4,32.65,0,15.4
1562,2026-06-11 09:30:00,2026-06-11,09:30:00,7300,7298,7302,from_below,false,7267,7287.67,7303.4,7283.36,7284.12,15.88,true,0,19.59,-15.64,19.59,0,15.64,true,9.71,23.08,-0.52,23.08,9.71,0.52,true,27.9,23.08,24.3,23.08,27.9,-24.3,false,true,true,27.9,23.08,-6,23.08,27.9,6
1563,2026-06-11 09:45:00,2026-06-11,09:45:00,7300,7298,7302,from_below,false,7285.25,7284.94,7309.71,7281.46,7299.48,0.52,true,27.86,0.52,23.13,0.52,27.86,-23.13,true,27.9,0.52,24.3,0.52,27.9,-24.3,true,27.9,18.39,-16.81,18.39,27.9,16.81,false,true,true,27.9,18.39,-6.48,18.39,27.9,6.48
1564,2026-06-11 09:50:00,2026-06-11,09:50:00,7300,7298,7302,continuation_in_zone,true,7299.48,7300.49,7327.86,7300.49,7323.13,,true,27.9,0,9,,,,true,27.9,0,13.78,,,,true,27.9,18.39,5.02,,,,,,true,27.9,18.39,-13.53,,,
1565,2026-06-11 10:10:00,2026-06-11,10:10:00,7300,7298,7302,from_above,false,7313.78,7313.51,7314.52,7290.8,7291.04,-8.96,true,0,18.39,-16.81,0,18.39,-16.81,true,9.34,18.39,0.93,9.34,18.39,0.93,true,12.71,18.39,-0.96,12.71,18.39,-0.96,false,true,true,12.71,42.67,-13.05,12.71,42.67,-13.05
1566,2026-06-11 10:20:00,2026-06-11,10:20:00,7300,7298,7302,from_below,false,7283.19,7283.39,7308,7282.65,7305.02,-5.02,true,9.34,10.51,0.93,10.51,9.34,-0.93,true,12.71,10.51,4.55,10.51,12.71,-4.55,true,12.71,16.29,-13.53,16.29,12.71,13.53,true,true,true,12.71,42.67,-4.77,42.67,12.71,4.77
1567,2026-06-11 10:25:00,2026-06-11,10:25:00,7300,7298,7302,from_above,true,7305.02,7304.19,7309.34,7289.49,7300.93,0.93,true,4.73,10.39,-6,4.73,10.39,-6,true,12.71,10.39,-0.96,12.71,10.39,-0.96,true,12.71,36.22,-31.07,12.71,36.22,-31.07,false,true,true,12.71,42.67,-13.89,12.71,42.67,-13.89
1568,2026-06-11 10:30:00,2026-06-11,10:30:00,7300,7298,7302,continuation_in_zone,true,7300.93,7300.78,7304.73,7289.61,7294,,true,12.71,6.22,4.55,,,,true,12.71,8.58,-6.48,,,,true,12.71,42.67,-27.96,,,,,,true,12.71,42.67,-12.52,,,
1569,2026-06-11 10:35:00,2026-06-11,10:35:00,7300,7298,7302,from_below,true,7294,7294.97,7312.71,7293.78,7304.55,-4.55,true,10.73,0.98,-0.96,0.98,10.73,0.96,true,10.73,16.29,-13.53,16.29,10.73,13.53,true,10.73,42.67,-21.36,42.67,10.73,21.36,true,true,true,10.73,42.67,-2.7,42.67,10.73,2.7
1570,2026-06-11 10:40:00,2026-06-11,10:40:00,7300,7298,7302,from_above,true,7304.55,7304.49,7310.73,7299.02,7299.04,-0.96,true,2.36,8.58,-6.48,2.36,8.58,-6.48,true,2.36,36.22,-31.07,2.36,36.22,-31.07,true,2.36,42.67,-13.05,2.36,42.67,-13.05,false,false,true,5.32,42.67,-9.14,5.32,42.67,-9.14
1571,2026-06-11 10:45:00,2026-06-11,10:45:00,7300,7298,7302,continuation_in_zone,true,7299.04,7298.75,7302.36,7291.42,7293.52,,true,0,16.29,-13.53,,,,true,0,42.67,-27.96,,,,true,0,42.67,-14.68,,,,,,true,5.32,42.67,-9.69,,,
1572,2026-06-11 11:20:00,2026-06-11,11:20:00,7300,7298,7302,from_below,false,7285.32,7285.32,7299.09,7284.4,7295.23,4.77,true,0,15.18,-13.89,15.18,0,13.89,true,0.7,20.14,-2.7,20.14,0.7,2.7,true,5.32,20.14,-15.43,20.14,5.32,15.43,true,true,true,14.29,20.14,-1.78,20.14,14.29,1.78
1573,2026-06-11 11:35:00,2026-06-11,11:35:00,7300,7298,7302,from_below,false,7287.48,7287.76,7300.7,7287.54,7297.3,2.7,true,5.32,12.37,-9.14,12.37,5.32,9.14,true,5.32,17.03,-15.43,17.03,5.32,15.43,true,5.32,18.91,2.57,18.91,5.32,-2.57,true,true,true,14.29,18.91,-0.77,18.91,14.29,0.77
1574,2026-06-11 11:40:00,2026-06-11,11:40:00,7300,7298,7302,from_below,true,7297.3,7297.1,7305.32,7287.63,7290.86,9.14,true,0,13.38,-9.69,13.38,0,9.69,true,0,18.91,-6.47,18.91,0,6.47,true,13.12,18.91,10.34,18.91,13.12,-10.34,true,true,true,14.29,18.91,-1.61,18.91,14.29,1.61
1575,2026-06-11 12:00:00,2026-06-11,12:00:00,7300,7298,7302,from_below,false,7293.53,7293.37,7301.99,7288.84,7291.6,8.4,true,4.26,9.54,2.57,9.54,4.26,-2.57,true,14.29,9.54,9.18,9.54,14.29,-9.18,true,14.29,12.53,5.65,12.53,14.29,-5.65,false,true,true,14.29,31.39,-29.2,31.39,14.29,29.2
1576,2026-06-11 12:05:00,2026-06-11,12:05:00,7300,7298,7302,from_below,true,7291.6,7292.19,7304.26,7290.46,7302.57,-2.57,true,13.12,0,10.34,0,13.12,-10.34,true,14.29,1.82,-1.78,1.82,14.29,1.78,true,14.29,12.53,-0.77,12.53,14.29,0.77,false,true,true,14.29,31.39,-20.82,31.39,14.29,20.82
1577,2026-06-11 12:10:00,2026-06-11,12:10:00,7300,7298,7302,from_above,true,7302.57,7302.72,7313.12,7301.56,7310.34,10.34,true,14.29,0,9.18,14.29,0,9.18,true,14.29,8.89,-8.64,14.29,8.89,-8.64,true,14.29,12.53,-1.61,14.29,12.53,-1.61,true,true,true,14.29,31.39,-24.67,14.29,31.39,-24.67
1578,2026-06-11 12:20:00,2026-06-11,12:20:00,7300,7298,7302,from_above,false,7309.18,7309.89,7312.06,7298.18,7298.22,-1.78,true,0,8.89,-8.64,0,8.89,-8.64,true,10.98,12.53,-0.77,10.98,12.53,-0.77,true,10.98,16.35,-16.35,10.98,16.35,-16.35,false,true,true,10.98,35,-27.43,10.98,35,-27.43
1579,2026-06-11 12:25:00,2026-06-11,12:25:00,7300,7298,7302,continuation_in_zone,true,7298.22,7298.48,7299.92,7291.11,7291.36,,true,10.55,12.53,5.65,,,,true,10.98,12.53,-1.61,,,,true,10.98,22.76,-22.64,,,,,,true,37.15,35,37.15,,,
1580,2026-06-11 12:30:00,2026-06-11,12:30:00,7300,7298,7302,from_below,true,7291.36,7291.57,7310.55,7287.47,7305.65,-5.65,true,10.98,1.7,-0.77,1.7,10.98,0.77,true,10.98,5.84,-5.1,5.84,10.98,5.1,true,10.98,31.39,-29.2,31.39,10.98,29.2,true,true,true,60.16,35,52.7,35,60.16,-52.7
1581,2026-06-11 12:35:00,2026-06-11,12:35:00,7300,7298,7302,from_above,true,7305.65,7305.65,7310.98,7298.3,7299.23,-0.77,true,0.54,3.61,-1.61,0.54,3.61,-1.61,true,1.08,16.35,-16.35,1.08,16.35,-16.35,true,1.08,31.39,-20.82,1.08,31.39,-20.82,false,false,true,60.16,35,54.06,60.16,35,54.06
1582,2026-06-11 12:40:00,2026-06-11,12:40:00,7300,7298,7302,continuation_in_zone,true,7299.23,7299.27,7300.54,7296.39,7298.39,,true,1.08,5.84,-5.1,,,,true,1.08,22.76,-22.64,,,,true,1.08,31.39,-24.67,,,,,,true,77.88,35,75.55,,,
1583,2026-06-11 12:45:00,2026-06-11,12:45:00,7300,7298,7302,continuation_in_zone,true,7298.39,7298.27,7301.08,7294.16,7294.9,,true,0,16.35,-16.35,,,,true,0,31.39,-29.2,,,,true,0,33.49,-30.99,,,,,,true,77.88,35,59.72,,,
1584,2026-06-11 13:25:00,2026-06-11,13:25:00,7300,7298,7302,from_below,false,7272.57,7272.57,7337.15,7272.02,7337.15,-37.15,true,60.16,0,52.7,0,60.16,-52.7,true,77.88,0,75.55,0,77.88,-75.55,true,77.88,0,62.39,0,77.88,-62.39,false,false,true,77.88,0,56.83,0,77.88,-56.83
1585,2026-06-11 13:30:00,2026-06-11,13:30:00,7350,7348,7352,from_below,false,7337.15,7336.97,7360.16,7335.7,7352.7,-2.7,true,6.67,5.13,4.06,5.13,6.67,-4.06,true,27.88,5.13,9.72,5.13,27.88,-9.72,true,27.88,8.72,-4.99,8.72,27.88,4.99,false,false,true,27.88,11.65,7.93,11.65,27.88,-7.93
1586,2026-06-11 13:35:00,2026-06-11,13:35:00,7350,7348,7352,from_above,true,7352.7,7353.15,7356.67,7344.87,7354.06,4.06,true,27.88,0,25.55,27.88,0,25.55,true,27.88,2.79,6.01,27.88,2.79,6.01,true,27.88,11.65,-6.13,27.88,11.65,-6.13,true,true,true,27.88,11.65,5.57,27.88,11.65,5.57
1587,2026-06-11 13:50:00,2026-06-11,13:50:00,7350,7348,7352,from_above,false,7359.72,7360.02,7361.07,7347.21,7356.01,6.01,true,13.43,0,12.39,13.43,0,12.39,true,17.89,11.65,-6.13,17.89,11.65,-6.13,true,20.05,11.65,8.16,20.05,11.65,8.16,true,true,true,24.83,11.65,20.32,24.83,11.65,20.32
1588,2026-06-11 13:55:00,2026-06-11,13:55:00,7350,7348,7352,from_above,true,7356.01,7356.01,7363.43,7350.23,7362.39,12.39,true,17.89,8.72,-4.99,17.89,8.72,-4.99,true,17.89,11.65,5,17.89,11.65,5,true,20.05,11.65,6.83,20.05,11.65,6.83,true,true,true,24.83,11.65,20.08,24.83,11.65,20.08
1589,2026-06-11 14:00:00,2026-06-11,14:00:00,7350,7348,7352,from_above,true,7362.39,7362.37,7367.89,7341.28,7345.01,-4.99,true,0.66,11.65,-6.13,0.66,11.65,-6.13,true,20.05,11.65,18.7,20.05,11.65,18.7,true,20.05,11.65,7.93,20.05,11.65,7.93,true,true,true,28.55,11.65,25.65,28.55,11.65,25.65
1590,2026-06-11 14:05:00,2026-06-11,14:05:00,7350,7348,7352,from_below,true,7345.01,7344.96,7350.66,7338.35,7343.87,6.13,true,5.18,6.2,5,6.2,5.18,-5,true,20.05,6.2,8.16,6.2,20.05,-8.16,true,20.05,6.2,5.57,6.2,20.05,-5.57,false,false,true,28.55,6.2,24.63,6.2,28.55,-24.63
1591,2026-06-11 14:10:00,2026-06-11,14:10:00,7350,7348,7352,from_below,true,7343.87,7344.17,7355.18,7343.8,7355,-5,true,20.05,0,18.7,0,20.05,-18.7,true,20.05,0,6.83,0,20.05,-6.83,true,20.05,0,12.07,0,20.05,-12.07,false,false,true,34.31,0,32.15,0,34.31,-32.15
1592,2026-06-11 14:20:00,2026-06-11,14:20:00,7350,7348,7352,from_above,false,7368.7,7368.78,7368.78,7351.56,7358.16,8.16,true,11.44,0,6.83,11.44,0,6.83,true,15.83,0,5.57,15.83,0,5.57,true,24.83,0,20.32,24.83,0,20.32,true,true,true,38.67,0,36.42,38.67,0,36.42
1593,2026-06-11 15:30:00,2026-06-11,15:30:00,7400,7398,7402,from_below,false,7392,7391.99,7410.63,7391.99,7409.15,-9.15,true,12.68,0,2.63,0,12.68,-2.63,true,12.68,6.98,-6.27,6.98,12.68,6.27,true,12.68,13.06,-5.69,13.06,12.68,5.69,true,true,false,12.68,13.06,,13.06,12.68,
1594,2026-06-11 15:35:00,2026-06-11,15:35:00,7400,7398,7402,from_above,true,7409.15,7409.42,7412.68,7401.25,7402.63,2.63,true,11.57,0.13,7.09,11.57,0.13,7.09,true,11.57,13.06,-4.41,11.57,13.06,-4.41,false,11.57,13.06,,11.57,13.06,,,,false,11.57,13.06,,11.57,13.06,
1595,2026-06-11 15:40:00,2026-06-11,15:40:00,7400,7398,7402,from_above,true,7402.63,7402.22,7411.57,7399.87,7407.09,7.09,true,7.09,6.98,-6.27,7.09,6.98,-6.27,true,7.09,13.06,-6.16,7.09,13.06,-6.16,false,7.09,13.06,,7.09,13.06,,,,false,7.09,13.06,,7.09,13.06,
1596,2026-06-11 15:45:00,2026-06-11,15:45:00,7400,7398,7402,from_above,true,7407.09,7405.82,7405.82,7393.02,7393.73,-6.27,true,0,13.06,-4.41,0,13.06,-4.41,true,0,13.06,-5.69,0,13.06,-5.69,false,0,13.06,,0,13.06,,,,false,0,13.06,,0,13.06,
1597,2026-06-11 15:50:00,2026-06-11,15:50:00,7400,7398,7402,from_below,true,7393.73,7393.4,7398.3,7386.94,7395.59,4.41,true,0,10.32,-6.16,10.32,0,6.16,false,0,10.32,,10.32,0,,false,0,10.32,,10.32,0,,,,false,0,10.32,,10.32,0,
1598,2026-06-11 15:55:00,2026-06-11,15:55:00,7400,7398,7402,from_below,true,7395.59,7393.87,7398.17,7389.68,7393.84,6.16,true,0,8.14,-5.69,8.14,0,5.69,false,0,8.14,,8.14,0,,false,0,8.14,,8.14,0,,,,false,0,8.14,,8.14,0,
1599,2026-06-12 09:30:00,2026-06-12,09:30:00,7400,7398,7402,from_above,false,7394.31,7410.85,7417.38,7392.51,7395.97,-4.03,true,17.38,4.24,3.9,17.38,4.24,3.9,true,17.38,36.99,-31.74,17.38,36.99,-31.74,true,17.38,36.99,-0.72,17.38,36.99,-0.72,false,true,true,22.67,36.99,10.43,22.67,36.99,10.43
1600,2026-06-12 09:35:00,2026-06-12,09:35:00,7400,7398,7402,from_below,true,7395.97,7396.01,7417.38,7395.76,7403.9,-3.9,true,4.58,29.29,-29.25,29.29,4.58,29.25,true,4.58,36.99,-26.68,36.99,4.58,26.68,true,14.35,36.99,14.35,36.99,14.35,-14.35,true,true,true,22.71,36.99,16.59,36.99,22.71,-16.59
1601,2026-06-12 09:40:00,2026-06-12,09:40:00,7400,7398,7402,from_above,true,7403.9,7403.88,7404.58,7370.71,7370.75,-29.25,true,0,36.99,-31.74,0,36.99,-31.74,true,0,36.99,-20.79,0,36.99,-20.79,true,17.32,36.99,6.05,17.32,36.99,6.05,false,true,true,22.71,36.99,-8.03,22.71,36.99,-8.03
1602,2026-06-12 10:00:00,2026-06-12,10:00:00,7400,7398,7402,from_below,false,7379.21,7380.86,7402.9,7377.86,7399.28,0.72,true,14.35,4.5,14.35,4.5,14.35,-14.35,true,22.67,4.5,15.96,4.5,22.67,-15.96,true,22.67,4.5,10.43,4.5,22.67,-10.43,false,false,true,42.05,15.56,34.12,15.56,42.05,-34.12
1603,2026-06-12 10:05:00,2026-06-12,10:05:00,7400,7398,7402,continuation_in_zone,true,7399.28,7399.96,7414.35,7395.5,7414.35,,true,17.32,0,6.05,,,,true,22.67,0,4.24,,,,true,22.71,0,16.59,,,,,,true,42.05,15.56,37.53,,,
1604,2026-06-12 10:10:00,2026-06-12,10:10:00,7400,7398,7402,from_above,true,7414.35,7414.36,7417.32,7400.78,7406.05,6.05,true,22.67,0,15.96,22.67,0,15.96,true,22.67,0,8.56,22.67,0,8.56,true,22.71,8.08,-8.03,22.71,8.08,-8.03,true,true,true,45.27,15.56,43.26,45.27,15.56,43.26
1605,2026-06-12 10:20:00,2026-06-12,10:20:00,7400,7398,7402,from_above,false,7415.96,7415.89,7420.61,7401.95,7404.24,4.24,true,13.84,0,8.56,13.84,0,8.56,true,22.71,0,16.59,22.71,0,16.59,true,27.83,15.56,27.83,27.83,15.56,27.83,true,true,true,56.01,15.56,54.51,56.01,15.56,54.51
1606,2026-06-12 10:40:00,2026-06-12,10:40:00,7400,7398,7402,from_above,false,7416.59,7416.59,7416.61,7391.92,7391.97,-8.03,true,0,15.56,-13.38,0,15.56,-13.38,true,37.15,15.56,36.25,37.15,15.56,36.25,true,45.27,15.56,43.26,45.27,15.56,43.26,true,true,true,56.4,15.56,22.03,56.4,15.56,22.03
1607,2026-06-12 10:45:00,2026-06-12,10:45:00,7400,7398,7402,from_below,true,7391.97,7392.04,7398.44,7384.44,7386.62,13.38,true,27.83,14.03,27.83,14.03,27.83,-27.83,true,42.05,14.03,34.12,14.03,42.05,-34.12,true,49.26,14.03,49.01,14.03,49.26,-49.01,false,true,true,56.4,14.03,7.71,14.03,56.4,-7.71
1608,2026-06-12 10:50:00,2026-06-12,10:50:00,7400,7398,7402,from_below,true,7386.62,7386.22,7427.83,7385.97,7427.83,-27.83,true,37.15,0,36.25,0,37.15,-36.25,true,42.05,0,37.53,0,42.05,-37.53,true,56.01,0,54.51,0,56.01,-54.51,false,false,true,56.4,0,20.14,0,56.4,-20.14
1609,2026-06-12 11:15:00,2026-06-12,11:15:00,7450,7448,7452,from_below,false,7443.26,7443.45,7449.26,7438.49,7449.01,0.99,true,6.01,4.82,4.51,4.82,6.01,-4.51,true,6.4,10.37,-10.37,10.37,6.4,10.37,true,6.4,43.02,-42.29,43.02,6.4,42.29,true,true,true,6.4,55.39,-31.41,55.39,6.4,31.41
1610,2026-06-12 11:20:00,2026-06-12,11:20:00,7450,7448,7452,continuation_in_zone,true,7449.01,7449.28,7456.01,7445.18,7454.51,,true,6.4,0,2.95,,,,true,6.4,23.55,-18.36,,,,true,6.4,44.06,-29.86,,,,,,true,6.4,55.39,-29.9,,,
1611,2026-06-12 11:25:00,2026-06-12,11:25:00,7450,7448,7452,from_above,true,7454.51,7454.8,7456.4,7450.65,7452.95,2.95,true,3.48,10.37,-10.37,3.48,10.37,-10.37,true,3.48,29.32,-27.97,3.48,29.32,-27.97,true,3.48,53.31,-48.76,3.48,53.31,-48.76,false,false,true,3.48,55.39,-31.02,3.48,55.39,-31.02
1612,2026-06-12 11:30:00,2026-06-12,11:30:00,7450,7448,7452,from_above,true,7452.95,7453.17,7453.48,7439.63,7439.63,-10.37,true,0,23.55,-18.36,0,23.55,-18.36,true,0,43.02,-42.29,0,43.02,-42.29,true,0,55.39,-47.51,0,55.39,-47.51,false,false,true,0,55.39,-26.66,0,55.39,-26.66
1613,2026-06-12 11:35:00,2026-06-12,11:35:00,7450,7448,7452,from_below,true,7439.63,7439.43,7448.72,7426.45,7431.64,18.36,true,0,29.32,-27.97,29.32,0,27.97,true,0,44.06,-29.86,44.06,0,29.86,true,0,55.39,-41.33,55.39,0,41.33,true,true,true,0,55.39,-30.69,55.39,0,30.69
1614,2026-06-12 11:55:00,2026-06-12,11:55:00,7400,7398,7402,from_above,false,7420.14,7421,7421.73,7396.69,7401.24,1.24,true,6.53,5.39,2.49,6.53,5.39,2.49,true,30.85,5.39,22.89,30.85,5.39,22.89,true,34,5.39,18.98,34,5.39,18.98,true,true,true,34,5.39,27.54,34,5.39,27.54
1615,2026-06-12 12:00:00,2026-06-12,12:00:00,7400,7398,7402,continuation_in_zone,true,7401.24,7401.08,7406.53,7394.61,7402.49,,true,10.56,2.69,8.67,,,,true,34,2.69,18.59,,,,true,34,2.69,23.34,,,,,,true,34,2.69,32.56,,,
1616,2026-06-12 12:05:00,2026-06-12,12:05:00,7400,7398,7402,continuation_in_zone,true,7402.49,7401.76,7410.56,7397.31,7408.67,,true,30.85,0,22.89,,,,true,34,0,20.1,,,,true,34,0,19.31,,,,,,true,41.12,0,35.25,,,
1617,2026-06-15 09:45:00,2026-06-15,09:45:00,7550,7548,7552,from_below,false,7539.71,7539.89,7550.59,7539.89,7550.1,-0.1,true,2.67,2.33,-1.04,2.33,2.67,1.04,true,2.67,8.25,-2.2,8.25,2.67,2.2,true,2.67,14.15,-6.14,14.15,2.67,6.14,true,true,true,2.67,14.15,-3.59,14.15,2.67,3.59
1618,2026-06-15 09:50:00,2026-06-15,09:50:00,7550,7548,7552,continuation_in_zone,true,7550.1,7549.65,7552.67,7547.67,7548.96,,true,2.06,6.74,-6.74,,,,true,2.06,9.06,-6.73,,,,true,2.06,14.15,-8.62,,,,,,true,2.06,14.15,0.11,,,
1619,2026-06-15 09:55:00,2026-06-15,09:55:00,7550,7548,7552,continuation_in_zone,true,7548.96,7548.55,7552.06,7543.26,7543.26,,true,0.99,8.25,-2.2,,,,true,0.99,14.15,-8.85,,,,true,0.99,14.15,-1.95,,,,,,true,4.99,14.15,2.88,,,
1620,2026-06-15 10:00:00,2026-06-15,10:00:00,7550,7548,7552,from_below,true,7543.26,7543.93,7550.99,7541.75,7547.8,2.2,true,0.4,9.06,-6.73,9.06,0.4,6.73,true,0.4,14.15,-6.14,14.15,0.4,6.14,true,0.4,14.15,-6.89,14.15,0.4,6.89,true,true,true,8.99,14.15,8.14,14.15,8.99,-8.14
1621,2026-06-15 10:05:00,2026-06-15,10:05:00,7550,7548,7552,continuation_in_zone,true,7547.8,7548.17,7550.4,7540.94,7543.27,,true,0,14.15,-8.85,,,,true,0,14.15,-8.62,,,,true,0,14.15,-4.89,,,,,,true,9.42,14.15,8.24,,,
1622,2026-06-15 10:25:00,2026-06-15,10:25:00,7550,7548,7552,from_below,false,7541.38,7541.43,7548.96,7540.95,7548.05,1.95,true,0,9.12,-6.89,9.12,0,6.89,true,0,9.12,-6.09,9.12,0,6.09,true,4.99,9.12,2.88,9.12,4.99,-2.88,true,false,true,13.75,9.12,12.7,9.12,13.75,-12.7
1623,2026-06-15 10:30:00,2026-06-15,10:30:00,7550,7548,7552,continuation_in_zone,true,7548.05,7548.04,7548.88,7540.88,7543.11,,true,0,7.54,-4.89,,,,true,0,7.81,-3.59,,,,true,8.99,7.81,8.14,,,,,,true,15.44,7.81,9.97,,,
1624,2026-06-15 10:45:00,2026-06-15,10:45:00,7550,7548,7552,from_below,false,7543.91,7543.99,7549.4,7543.99,7546.41,3.59,true,1.38,3.92,0.11,3.92,1.38,-0.11,true,8.99,3.92,8.14,3.92,8.99,-8.14,true,9.64,3.92,7.75,3.92,9.64,-7.75,false,false,true,21.96,3.92,21.76,3.92,21.96,-21.76
1625,2026-06-15 10:50:00,2026-06-15,10:50:00,7550,7548,7552,from_below,true,7546.41,7546.08,7551.38,7546.08,7550.11,-0.11,true,4.99,0.32,2.88,0.32,4.99,-2.88,true,9.42,0.32,8.24,0.32,9.42,-8.24,true,11.75,0.32,9.81,0.32,11.75,-9.81,false,false,true,23.29,0.32,21.69,0.32,23.29,-21.69
1626,2026-06-15 10:55:00,2026-06-15,10:55:00,7550,7548,7552,continuation_in_zone,true,7550.11,7550.21,7554.99,7549.68,7552.88,,true,8.99,0,8.14,,,,true,9.42,0,8.4,,,,true,13.75,0,12.7,,,,,,true,24.19,0,22.71,,,
1627,2026-06-15 15:50:00,2026-06-15,15:50:00,7550,7548,7552,from_above,false,7558.26,7558.21,7558.21,7548.75,7549.89,-0.11,true,5.25,4.33,5.25,5.25,4.33,5.25,false,6.04,4.33,,6.04,4.33,,false,6.04,4.33,,6.04,4.33,,,,false,6.04,4.33,,6.04,4.33,
1628,2026-06-15 15:55:00,2026-06-15,15:55:00,7550,7548,7552,continuation_in_zone,true,7549.89,7550.17,7555.25,7545.67,7555.25,,true,6.04,0,4.28,,,,false,6.04,0,,,,,false,6.04,0,,,,,,,false,6.04,0,,,,
1629,2026-06-16 09:30:00,2026-06-16,09:30:00,7550,7548,7552,from_above,false,7554.28,7548.78,7562.72,7548.78,7561.44,11.44,true,14.42,0,7.79,14.42,0,7.79,true,14.96,0,11.53,14.96,0,11.53,true,14.96,0.02,7.65,14.96,0.02,7.65,true,true,true,14.96,16.97,-14.37,14.96,16.97,-14.37
1630,2026-06-16 09:55:00,2026-06-16,09:55:00,7550,7548,7552,from_above,false,7559.59,7559.99,7560.94,7549.98,7550.55,0.55,true,8.09,0,7.65,8.09,0,7.65,true,13.01,0,8.19,13.01,0,8.19,true,13.01,8.34,-8.2,13.01,8.34,-8.2,true,true,true,13.01,16.97,-10.41,13.01,16.97,-10.41
1631,2026-06-16 10:00:00,2026-06-16,10:00:00,7550,7548,7552,continuation_in_zone,true,7550.55,7551.46,7558.09,7551.35,7557.65,,true,11.3,0,11.3,,,,true,13.01,0.38,0.73,,,,true,13.01,16.97,-14.37,,,,,,true,13.01,16.97,-6.72,,,
1632,2026-06-16 10:15:00,2026-06-16,10:15:00,7550,7548,7552,from_above,false,7558.19,7558.45,7560.7,7549.62,7550.73,0.73,true,4.14,7.87,-4.07,4.14,7.87,-4.07,true,4.14,16.97,-14.37,4.14,16.97,-14.37,true,4.14,16.97,-8.13,4.14,16.97,-8.13,false,false,true,4.14,16.97,-9.07,4.14,16.97,-9.07
1633,2026-06-16 10:20:00,2026-06-16,10:20:00,7550,7548,7552,continuation_in_zone,true,7550.73,7550.38,7554.14,7542.13,7545.93,,true,0.56,8.34,-8.2,,,,true,0.56,16.97,-3.85,,,,true,0.93,16.97,-7.2,,,,,,true,0.93,16.97,-10.58,,,
1634,2026-06-16 10:25:00,2026-06-16,10:25:00,7550,7548,7552,from_below,true,7545.93,7546.24,7550.56,7541.66,7541.8,8.2,true,0,16.97,-14.37,16.97,0,14.37,true,0.93,16.97,-5.64,16.97,0.93,5.64,true,0.93,16.97,-10.41,16.97,0.93,10.41,true,true,true,0.93,16.97,-13.35,16.97,0.93,13.35
1635,2026-06-16 10:40:00,2026-06-16,10:40:00,7550,7548,7552,from_below,false,7546.15,7546.44,7550.93,7544.06,7544.36,5.64,true,0,9.48,-8.13,9.48,0,8.13,true,0,14.35,-10.41,14.35,0,10.41,true,0,14.35,-5.31,14.35,0,5.31,true,true,true,0,16.68,-15.2,16.68,0,15.2
1636,2026-06-16 12:10:00,2026-06-16,12:10:00,7550,7548,7552,from_below,false,7545.19,7545.02,7549.64,7544.06,7547.13,2.87,true,0,6.38,-3.4,6.38,0,3.4,true,0,7.8,-5.94,7.8,0,5.94,true,0,15.81,-9.25,15.81,0,9.25,true,true,true,0,17.51,-13.85,17.51,0,13.85
1637,2026-06-16 12:15:00,2026-06-16,12:15:00,7550,7548,7552,from_below,true,7547.13,7546.84,7548.74,7543.62,7546.6,3.4,true,0,5.2,-4.48,5.2,0,4.48,true,0,14.9,-14.9,14.9,0,14.9,true,0,15.81,-12.42,15.81,0,12.42,true,true,true,0,18.67,-18.29,18.67,0,18.29
1638,2026-06-16 12:20:00,2026-06-16,12:20:00,7550,7548,7552,from_below,true,7546.6,7546.35,7548.88,7544.8,7545.52,4.48,true,0,7.8,-5.94,7.8,0,5.94,true,0,15.81,-12.42,15.81,0,12.42,true,0,15.81,-13.67,15.81,0,13.67,true,true,true,0,20.8,-16.1,20.8,0,16.1
1639,2026-06-17 10:45:00,2026-06-17,10:45:00,7500,7498,7502,from_above,false,7513.3,7513.49,7517,7489.94,7504.31,4.31,true,12.86,0,12.04,12.86,0,12.04,true,12.86,0,2.52,12.86,0,2.52,true,12.86,2.89,8.97,12.86,2.89,8.97,true,true,true,18.68,2.89,17.7,18.68,2.89,17.7
1640,2026-06-17 10:55:00,2026-06-17,10:55:00,7500,7498,7502,from_above,false,7512.04,7511.89,7511.89,7500.63,7501.5,1.5,true,5.12,0,2.52,5.12,0,2.52,true,8.45,2.89,7.12,8.45,2.89,7.12,true,12.73,2.89,10.63,12.73,2.89,10.63,true,true,true,19.23,2.89,17.34,19.23,2.89,17.34
1641,2026-06-17 11:00:00,2026-06-17,11:00:00,7500,7498,7502,continuation_in_zone,true,7501.5,7501.62,7505.12,7500.66,7502.52,,true,5.83,2.89,-1.84,,,,true,12.73,2.89,8.97,,,,true,17.76,2.89,16.17,,,,,,true,20.27,2.89,18.58,,,
1642,2026-06-17 11:05:00,2026-06-17,11:05:00,7500,7498,7502,from_above,true,7502.52,7502.72,7505.83,7497.11,7498.16,-1.84,true,8.45,1.86,7.12,8.45,1.86,7.12,true,12.73,1.86,9.27,12.73,1.86,9.27,true,18.68,1.86,17.93,18.68,1.86,17.93,true,true,true,20.27,1.86,17.23,20.27,1.86,17.23
1643,2026-06-17 11:10:00,2026-06-17,11:10:00,7500,7498,7502,continuation_in_zone,true,7498.16,7498.14,7508.45,7498.14,7507.12,,true,12.73,0,8.97,,,,true,12.73,0,10.63,,,,true,18.68,0,14.3,,,,,,true,20.27,0,17.16,,,
1644,2026-06-17 13:05:00,2026-06-17,13:05:00,7500,7498,7502,from_above,false,7505.89,7505.95,7507.3,7499.64,7504.74,4.74,true,7.09,0,4.2,7.09,0,4.2,true,7.43,0,4.52,7.43,0,4.52,true,8.31,0,6.73,8.31,0,6.73,true,false,true,18.45,54.47,-21.79,18.45,54.47,-21.79
1645,2026-06-17 13:15:00,2026-06-17,13:15:00,7500,7498,7502,from_above,false,7504.2,7504,7504.77,7501.01,7504.75,4.75,true,7.43,0,4.52,7.43,0,4.52,true,8.31,0,2.42,8.31,0,2.42,true,8.31,0,7.05,8.31,0,7.05,true,false,true,18.45,54.47,-11.72,18.45,54.47,-11.72
1646,2026-06-17 13:30:00,2026-06-17,13:30:00,7500,7498,7502,from_above,false,7507.21,7507.18,7507.18,7501.97,7502.42,2.42,true,7.87,0,6.73,7.87,0,6.73,true,7.87,0,7.05,7.87,0,7.05,true,18.45,37.18,-37.18,18.45,37.18,-37.18,false,true,true,18.45,54.47,-30.31,18.45,54.47,-30.31
1647,2026-06-17 14:00:00,2026-06-17,14:00:00,7500,7498,7502,from_above,false,7517.48,7518.45,7518.45,7462.82,7462.82,-37.18,true,0,54.47,-21.79,0,54.47,-21.79,true,0,54.47,-11.72,0,54.47,-11.72,true,0,54.47,-30.31,0,54.47,-30.31,false,false,true,13.37,54.47,-28.04,13.37,54.47,-28.04
1648,2026-06-17 14:05:00,2026-06-17,14:05:00,7450,7448,7452,from_above,false,7462.82,7462.74,7478.97,7445.53,7478.21,28.21,true,31.88,0,26.54,31.88,0,26.54,true,39.55,0,22.06,39.55,0,22.06,true,48.62,0,42.1,48.62,0,42.1,true,true,true,63.37,0,17.93,63.37,0,17.93
1649,2026-06-17 14:35:00,2026-06-17,14:35:00,7500,7498,7502,from_below,false,7469.69,7469.19,7498.62,7469.19,7492.1,7.9,true,13.37,10.56,10.97,10.56,13.37,-10.97,true,13.37,10.56,-4.99,10.56,13.37,4.99,true,13.37,37.23,-32.07,37.23,13.37,32.07,true,true,true,13.37,97.39,-94.91,97.39,13.37,94.91
1650,2026-06-17 14:40:00,2026-06-17,14:40:00,7500,7498,7502,from_below,true,7492.1,7492.03,7513.37,7489.44,7510.97,-10.97,true,10.97,2.54,-0.43,2.54,10.97,0.43,true,10.97,37.23,-28.27,37.23,10.97,28.27,true,10.97,45.18,-23.19,45.18,10.97,23.19,true,true,true,10.97,97.39,-90.74,97.39,10.97,90.74
1651,2026-06-17 14:45:00,2026-06-17,14:45:00,7500,7498,7502,from_above,true,7510.97,7510.88,7510.88,7497.46,7499.57,-0.43,true,3.58,6.76,-4.99,3.58,6.76,-4.99,true,3.58,37.23,-28.04,3.58,37.23,-28.04,true,3.58,47.13,-47.05,3.58,47.13,-47.05,false,false,true,3.58,97.39,-82.32,3.58,97.39,-82.32
1652,2026-06-17 14:50:00,2026-06-17,14:50:00,7500,7498,7502,continuation_in_zone,true,7499.57,7499.52,7503.58,7493.24,7495.01,,true,0,37.23,-28.27,,,,true,0,37.23,-32.07,,,,true,0,70.7,-70.7,,,,,,true,0,97.39,-90.26,,,
1653,2026-06-17 15:20:00,2026-06-17,15:20:00,7450,7448,7452,from_above,false,7452.95,7452.49,7452.49,7429.3,7429.3,-20.7,true,0,20.8,-18.04,0,20.8,-18.04,true,0,47.39,-44.91,0,47.39,-44.91,true,0,47.39,-40.26,0,47.39,-40.26,false,false,false,0,47.39,,0,47.39,
1654,2026-06-18 09:30:00,2026-06-18,09:30:00,7500,7498,7502,from_below,false,7420.11,7501.8,7509.44,7489.04,7489.04,10.96,true,0,26.46,-24.17,26.46,0,24.17,true,0,31.68,-18.72,31.68,0,18.72,true,0,31.68,-21.84,31.68,0,21.84,true,true,true,0,31.68,-12.08,31.68,0,12.08
1655,2026-06-18 10:45:00,2026-06-18,10:45:00,7500,7498,7502,from_below,false,7491.26,7491.22,7502.75,7490.94,7500.78,-0.78,true,0.84,7.39,-4.12,7.39,0.84,4.12,true,1.67,10.4,-5.56,10.4,1.67,5.56,true,1.67,13.73,-13.28,13.73,1.67,13.28,true,true,true,1.67,26.84,-18.03,26.84,1.67,18.03
1656,2026-06-18 10:50:00,2026-06-18,10:50:00,7500,7498,7502,continuation_in_zone,true,7500.78,7500.84,7500.84,7492.61,7495.88,,true,1.67,4.79,-1.9,,,,true,1.67,10.4,-6.31,,,,true,1.67,16.22,-14.66,,,,,,true,1.67,26.84,-9.88,,,
1657,2026-06-18 10:55:00,2026-06-18,10:55:00,7500,7498,7502,from_below,true,7495.88,7495.97,7501.67,7495.21,7498.1,1.9,true,0,10.4,-5.56,10.4,0,5.56,true,0.24,10.4,-8.21,10.4,0.24,8.21,true,0.24,18.37,-17.24,18.37,0.24,17.24,true,true,true,0.24,26.84,-7.53,26.84,0.24,7.53
1658,2026-06-18 11:00:00,2026-06-18,11:00:00,7500,7498,7502,continuation_in_zone,true,7498.1,7498.2,7498.85,7489.6,7494.44,,true,0,8.66,-6.31,,,,true,0.24,13.73,-13.28,,,,true,0.24,19.69,-15.37,,,,,,true,0.24,26.84,-10.38,,,
1659,2026-06-18 11:10:00,2026-06-18,11:10:00,7500,7498,7502,from_below,false,7493.69,7493.34,7500.24,7491.71,7491.79,8.21,true,0,13.73,-13.28,13.73,0,13.28,true,0,18.37,-17.24,18.37,0,17.24,true,0,26.84,-21.54,26.84,0,21.54,true,true,true,0,26.84,-8.39,26.84,0,8.39
1660,2026-06-18 12:20:00,2026-06-18,12:20:00,7500,7498,7502,from_below,false,7491.64,7491.6,7498.2,7491.6,7494.41,5.59,true,0,6.67,-3.82,6.67,0,3.82,true,2,6.73,1.23,6.73,2,-1.23,true,2,6.78,-5.88,6.78,2,5.88,true,false,true,11.07,7.78,5.39,7.78,11.07,-5.39
1661,2026-06-18 12:35:00,2026-06-18,12:35:00,7500,7498,7502,from_below,false,7495.22,7495.28,7502,7493.88,7501.23,-1.23,true,1.69,0.99,-0.38,0.99,1.69,0.38,true,1.69,6.78,-5.88,6.78,1.69,5.88,true,6.45,7.78,4.98,7.78,6.45,-4.98,true,false,true,11.07,7.78,3.65,7.78,11.07,-3.65
1662,2026-06-18 12:40:00,2026-06-18,12:40:00,7500,7498,7502,continuation_in_zone,true,7501.23,7501.3,7501.69,7499.01,7499.62,,true,0.07,1.75,-1.23,,,,true,0.07,7.78,-3.89,,,,true,7.41,7.78,5.93,,,,,,true,11.07,7.78,3.92,,,
1663,2026-06-18 12:45:00,2026-06-18,12:45:00,7500,7498,7502,continuation_in_zone,true,7499.62,7499.56,7500.07,7498.25,7498.77,,true,0,6.78,-5.88,,,,true,2.38,7.78,2.04,,,,true,11.07,7.78,9.69,,,,,,true,11.07,7.78,2.67,,,
1664,2026-06-18 12:50:00,2026-06-18,12:50:00,7500,7498,7502,continuation_in_zone,true,7498.77,7499,7499,7493.22,7494.12,,true,0,7.78,-3.89,,,,true,6.45,7.78,4.98,,,,true,11.07,7.78,5.39,,,,,,true,11.07,7.78,2.58,,,
1665,2026-06-18 13:00:00,2026-06-18,13:00:00,7500,7498,7502,from_below,false,7496.11,7496.27,7502.38,7494.21,7502.04,-2.04,true,6.45,0,4.98,0,6.45,-4.98,true,11.07,0,9.69,0,11.07,-9.69,true,11.07,0,7.74,0,11.07,-7.74,false,false,true,11.07,4.51,-3.54,4.51,11.07,3.54
1666,2026-06-18 13:05:00,2026-06-18,13:05:00,7500,7498,7502,from_above,true,7502.04,7502.07,7506.45,7501.87,7504.98,4.98,true,7.41,0,5.93,7.41,0,5.93,true,11.07,0,5.39,11.07,0,5.39,true,11.07,0,3.65,11.07,0,3.65,true,true,true,11.07,4.51,-3.6,11.07,4.51,-3.6
1667,2026-06-18 13:45:00,2026-06-18,13:45:00,7500,7498,7502,from_above,false,7503.92,7503.47,7504.6,7501.6,7502.67,2.67,true,4.82,0,2.58,4.82,0,2.58,true,4.82,4.51,-3.54,4.82,4.51,-3.54,true,4.82,5.93,-3.76,4.82,5.93,-3.76,false,false,true,4.82,8.47,-2.23,4.82,8.47,-2.23
1668,2026-06-18 13:50:00,2026-06-18,13:50:00,7500,7498,7502,from_above,true,7502.67,7502.68,7504.82,7501.65,7502.58,2.58,true,2.63,0.26,0.35,2.63,0.26,0.35,true,2.63,4.51,-3.6,2.63,4.51,-3.6,true,2.63,5.93,-3.08,2.63,5.93,-3.08,false,false,true,2.63,8.47,-3.18,2.63,8.47,-3.18
1669,2026-06-18 13:55:00,2026-06-18,13:55:00,7500,7498,7502,from_above,true,7502.58,7502.63,7502.63,7499.74,7500.35,0.35,true,1.01,4.51,-3.54,1.01,4.51,-3.54,true,1.01,4.51,-3.33,1.01,4.51,-3.33,true,1.01,5.93,-5.08,1.01,5.93,-5.08,false,false,true,1.01,8.47,-6.27,1.01,8.47,-6.27
1670,2026-06-18 14:00:00,2026-06-18,14:00:00,7500,7498,7502,continuation_in_zone,true,7500.35,7500.38,7501.01,7495.49,7496.46,,true,0,4.34,-3.6,,,,true,0,5.93,-3.76,,,,true,0,6.8,-5.75,,,,,,true,0,11.18,-10.13,,,
1671,2026-06-18 14:05:00,2026-06-18,14:05:00,7500,7498,7502,from_below,true,7496.46,7496.4,7498.27,7495.66,7496.4,3.6,true,0,4.15,-3.33,4.15,0,3.33,true,0,5.93,-3.08,5.93,0,3.08,true,0,8.41,-7.78,8.41,0,7.78,true,false,true,0,11.41,-10.97,11.41,0,10.97
1672,2026-06-18 14:10:00,2026-06-18,14:10:00,7500,7498,7502,from_below,true,7496.4,7496.25,7499.99,7495.85,7496.67,3.33,true,0,5.93,-3.76,5.93,0,3.76,true,0,5.93,-5.08,5.93,0,5.08,true,0,8.47,-5.44,8.47,0,5.44,true,false,true,0,17.62,-15.17,17.62,0,15.17
1673,2026-06-18 14:20:00,2026-06-18,14:20:00,7500,7498,7502,from_below,false,7496.24,7496.23,7499.13,7495.16,7496.92,3.08,true,0,5.12,-5.08,5.12,0,5.08,true,0,8.41,-7.78,8.41,0,7.78,true,0,8.47,-3.18,8.47,0,3.18,true,false,true,0,17.62,-10.75,17.62,0,10.75
1674,2026-06-18 14:25:00,2026-06-18,14:25:00,7500,7498,7502,from_below,true,7496.92,7497.01,7498.03,7494.88,7494.92,5.08,true,0,6.8,-5.75,6.8,0,5.75,true,0,8.47,-5.44,8.47,0,5.44,true,0,8.47,-6.27,8.47,0,6.27,true,false,true,0,17.62,-10.13,17.62,0,10.13
1675,2026-06-18 14:50:00,2026-06-18,14:50:00,7500,7498,7502,from_below,false,7497.77,7497.75,7499.19,7495.53,7496.82,3.18,true,0,6.95,-6.27,6.95,0,6.27,true,0,11.41,-10.97,11.41,0,10.97,true,0,17.62,-10.75,17.62,0,10.75,true,true,true,7.75,17.62,3.53,17.62,7.75,-3.53
1676,2026-06-18 15:35:00,2026-06-18,15:35:00,7500,7498,7502,from_below,false,7491.39,7491.35,7498.86,7491.34,7498.8,1.2,true,2.76,1.8,2.23,1.8,2.76,-2.23,true,7.75,3.76,3.53,3.76,7.75,-3.53,true,10.18,3.76,0.57,3.76,10.18,-0.57,false,false,false,10.18,3.76,,3.76,10.18,
1677,2026-06-18 15:40:00,2026-06-18,15:40:00,7500,7498,7502,continuation_in_zone,true,7498.8,7498.92,7502.76,7498.2,7502.23,,true,3.6,2.24,-0.77,,,,true,10.18,3.76,-2.15,,,,false,10.18,3.76,,,,,,,false,10.18,3.76,,,,
1678,2026-06-18 15:45:00,2026-06-18,15:45:00,7500,7498,7502,from_above,true,7502.23,7502.24,7503.6,7497.76,7499.23,-0.77,true,7.75,3.76,3.53,7.75,3.76,3.53,true,10.18,3.76,0.62,10.18,3.76,0.62,false,10.18,3.76,,10.18,3.76,,,,false,10.18,3.76,,10.18,3.76,
1679,2026-06-18 15:50:00,2026-06-18,15:50:00,7500,7498,7502,continuation_in_zone,true,7499.23,7499.23,7507.75,7496.24,7503.53,,true,10.18,2.15,-2.15,,,,true,10.18,2.15,0.57,,,,false,10.18,2.15,,,,,,,false,10.18,2.15,,,,
1680,2026-06-18 15:55:00,2026-06-18,15:55:00,7500,7498,7502,from_above,true,7503.53,7503.69,7510.18,7497.85,7497.85,-2.15,true,0.68,2.15,0.62,0.68,2.15,0.62,false,0.68,2.15,,0.68,2.15,,false,0.68,2.15,,0.68,2.15,,,,false,0.68,2.15,,0.68,2.15,
1681,2026-06-18 16:00:00,2026-06-18,16:00:00,7500,7498,7502,continuation_in_zone,true,7497.85,7498.03,7500.68,7498.03,7500.62,,true,0.62,0,0.57,,,,false,0.62,0,,,,,false,0.62,0,,,,,,,false,0.62,0,,,,
1682,2026-06-18 16:05:00,2026-06-18,16:05:00,7500,7498,7502,continuation_in_zone,true,7500.62,7500.61,7500.61,7500.57,7500.57,,false,0.57,0,,,,,false,0.57,0,,,,,false,0.57,0,,,,,,,false,0.57,0,,,,
1683,2026-06-22 09:30:00,2026-06-22,09:30:00,7500,7498,7502,continuation_in_zone,false,7500.57,7500.44,7519.68,7500.44,7508.93,,true,27.22,0,26.27,,,,true,27.94,0,24.89,,,,true,29.57,0,25.07,,,,,,true,30.01,20.11,-15.21,,,
1684,2026-06-22 10:25:00,2026-06-22,10:25:00,7500,7498,7502,from_above,false,7504.35,7504.7,7506.85,7494.93,7495.24,-4.76,true,0,20.11,-15.21,0,20.11,-15.21,true,0,26.17,-25.58,0,26.17,-25.58,true,0,38.96,-24.18,0,38.96,-24.18,false,false,true,0,38.96,-27.75,0,38.96,-27.75
1685,2026-06-23 09:30:00,2026-06-23,09:30:00,7350,7348,7352,from_above,false,7472.78,7366.51,7366.51,7347.6,7365.2,15.2,true,22.09,0,21.55,22.09,0,21.55,true,46.74,0,41.15,46.74,0,41.15,true,60.55,0,57.81,60.55,0,57.81,true,true,true,74.17,0,60.23,74.17,0,60.23
1686,2026-06-23 09:50:00,2026-06-23,09:50:00,7400,7398,7402,from_below,false,7391.15,7391.47,7398.96,7391.47,7394.59,5.41,true,0,10.54,-0.55,10.54,0,0.55,true,13.21,10.54,11.5,10.54,13.21,-11.5,true,24.17,10.54,16.72,10.54,24.17,-16.72,false,true,true,24.17,10.54,-0.43,10.54,24.17,0.43
1687,2026-06-23 09:55:00,2026-06-23,09:55:00,7400,7398,7402,from_below,true,7394.59,7394.83,7399.45,7389.46,7399.45,0.55,true,10.55,1.84,7.81,1.84,10.55,-7.81,true,18.12,1.84,17.59,1.84,18.12,-17.59,true,24.17,1.84,17.4,1.84,24.17,-17.4,false,false,true,24.17,6.22,-2.54,6.22,24.17,2.54
1688,2026-06-23 10:00:00,2026-06-23,10:00:00,7400,7398,7402,continuation_in_zone,true,7399.45,7399.23,7410.55,7398.16,7407.81,,true,13.21,0,11.5,,,,true,20.44,0,20.05,,,,true,24.17,0,10.23,,,,,,true,24.17,7.75,-6.63,,,
1689,2026-06-23 10:40:00,2026-06-23,10:40:00,7400,7398,7402,from_above,false,7404.75,7404.46,7409.29,7400.25,7401.19,1.19,true,3.45,4.72,0.92,3.45,4.72,0.92,true,7.42,6.22,-2.54,7.42,6.22,-2.54,true,7.42,15.4,-11.3,7.42,15.4,-11.3,false,false,true,7.42,29.51,-22.52,7.42,29.51,-22.52
1690,2026-06-23 10:45:00,2026-06-23,10:45:00,7400,7398,7402,continuation_in_zone,true,7401.19,7401.55,7403.45,7395.28,7400.92,,true,7.42,3.84,-0.43,,,,true,7.42,7.75,-6.63,,,,true,7.42,20.54,-20.04,,,,,,true,7.42,29.51,-21.68,,,
1691,2026-06-23 10:50:00,2026-06-23,10:50:00,7400,7398,7402,continuation_in_zone,true,7400.92,7401.18,7407.42,7396.16,7399.57,,true,1,6.22,-2.54,,,,true,2.04,15.28,-12.51,,,,true,2.04,25.84,-25.8,,,,,,true,2.04,29.51,-12.99,,,
1692,2026-06-23 10:55:00,2026-06-23,10:55:00,7400,7398,7402,continuation_in_zone,true,7399.57,7399.46,7401,7393.78,7397.46,,true,2.04,7.75,-6.63,,,,true,2.04,15.4,-11.3,,,,true,2.04,29.4,-26.83,,,,,,true,2.04,29.51,-12.21,,,
1693,2026-06-23 11:00:00,2026-06-23,11:00:00,7400,7398,7402,continuation_in_zone,true,7397.46,7398.03,7402.04,7392.25,7393.37,,true,0,15.28,-12.51,,,,true,0,20.54,-20.04,,,,true,0,29.4,-22.41,,,,,,true,0,29.51,-4.98,,,
1694,2026-06-23 12:05:00,2026-06-23,12:05:00,7400,7398,7402,from_below,false,7395.02,7395.13,7400.19,7393.88,7399.8,0.2,true,4.85,0.36,2.67,0.36,4.85,-2.67,true,4.85,5.86,1.88,5.86,4.85,-1.88,true,4.85,5.86,3.17,5.86,4.85,-3.17,true,false,true,7.57,6.62,-2.7,6.62,7.57,2.7
1695,2026-06-23 12:10:00,2026-06-23,12:10:00,7400,7398,7402,continuation_in_zone,true,7399.8,7399.64,7404.85,7399.64,7402.67,,true,4.12,2.53,-1.5,,,,true,4.12,5.86,2.09,,,,true,7.57,5.86,6.52,,,,,,true,7.57,6.62,1.67,,,
1696,2026-06-23 12:15:00,2026-06-23,12:15:00,7400,7398,7402,from_above,true,7402.67,7402.83,7404.12,7397.47,7398.5,-1.5,true,2.32,5.86,1.88,2.32,5.86,1.88,true,3.16,5.86,-0.95,3.16,5.86,-0.95,true,7.57,5.86,1.81,7.57,5.86,1.81,true,false,true,7.57,6.62,-0.95,7.57,6.62,-0.95
1697,2026-06-23 12:20:00,2026-06-23,12:20:00,7400,7398,7402,continuation_in_zone,true,7398.5,7398.33,7402.32,7394.14,7401.88,,true,3.16,1.22,2.09,,,,true,3.25,2.37,3.17,,,,true,7.57,2.4,1.09,,,,,,true,8.59,6.62,6.99,,,
1698,2026-06-23 12:25:00,2026-06-23,12:25:00,7400,7398,7402,continuation_in_zone,true,7401.88,7401.61,7403.16,7398.78,7402.09,,true,2.59,2.37,-0.95,,,,true,7.57,2.37,6.52,,,,true,7.57,2.4,2.32,,,,,,true,8.59,6.62,3.64,,,
1699,2026-06-23 12:30:00,2026-06-23,12:30:00,7400,7398,7402,continuation_in_zone,true,7402.09,7401.71,7402.59,7397.63,7399.05,,true,3.25,1.61,3.17,,,,true,7.57,1.61,1.81,,,,true,7.57,5.59,-4.69,,,,,,true,8.59,6.62,5.06,,,
1700,2026-06-23 12:35:00,2026-06-23,12:35:00,7400,7398,7402,continuation_in_zone,true,7399.05,7399.13,7403.25,7398.39,7403.17,,true,7.57,0,6.52,,,,true,7.57,2.4,1.09,,,,true,7.57,6.62,-2.7,,,,,,true,8.59,6.62,3.54,,,
1701,2026-06-23 12:45:00,2026-06-23,12:45:00,7400,7398,7402,from_above,false,7406.52,7406.65,7407.24,7399.33,7401.81,1.81,true,2,2.4,1.09,2,2.4,1.09,true,4.26,5.59,-4.69,4.26,5.59,-4.69,true,5.13,6.62,-0.95,5.13,6.62,-0.95,false,false,true,8.59,6.62,0.54,8.59,6.62,0.54
1702,2026-06-23 12:50:00,2026-06-23,12:50:00,7400,7398,7402,continuation_in_zone,true,7401.81,7401.85,7402,7397.6,7401.09,,true,4.26,1.5,2.32,,,,true,4.26,6.62,-2.7,,,,true,8.59,6.62,6.99,,,,,,true,8.59,10.85,-10.7,,,
1703,2026-06-23 12:55:00,2026-06-23,12:55:00,7400,7398,7402,continuation_in_zone,true,7401.09,7401.13,7404.26,7398.5,7402.32,,true,2.63,5.59,-4.69,,,,true,5.13,6.62,1.67,,,,true,8.59,6.62,3.64,,,,,,true,8.59,14.11,-13.65,,,
1704,2026-06-23 13:00:00,2026-06-23,13:00:00,7400,7398,7402,from_above,true,7402.32,7402.32,7402.63,7394.41,7395.31,-4.69,true,0,6.62,-2.7,0,6.62,-2.7,true,5.13,6.62,-0.95,5.13,6.62,-0.95,true,8.59,6.62,5.06,8.59,6.62,5.06,true,false,true,8.59,14.35,-11.36,8.59,14.35,-11.36
1705,2026-06-23 13:10:00,2026-06-23,13:10:00,7400,7398,7402,from_below,false,7397.3,7397.36,7405.13,7397.12,7401.67,-1.67,true,3.44,2.39,-0.95,2.39,3.44,0.95,true,8.59,2.39,3.64,2.39,8.59,-3.64,true,8.59,2.39,-0.14,2.39,8.59,0.14,false,false,true,8.59,17.57,-13.56,17.57,8.59,13.56
1706,2026-06-23 13:15:00,2026-06-23,13:15:00,7400,7398,7402,continuation_in_zone,true,7401.67,7401.65,7403.44,7397.61,7399.05,,true,8.59,1.21,6.99,,,,true,8.59,1.21,5.06,,,,true,8.59,1.22,0.54,,,,,,true,8.59,17.57,-15.8,,,
1707,2026-06-23 13:20:00,2026-06-23,13:20:00,7400,7398,7402,continuation_in_zone,true,7399.05,7399.57,7408.59,7398.79,7406.99,,true,7.06,0,3.64,,,,true,8.34,0.03,3.54,,,,true,8.34,10.85,-10.7,,,,,,true,8.34,19.29,-15,,,
1708,2026-06-23 13:30:00,2026-06-23,13:30:00,7400,7398,7402,from_above,false,7403.64,7403.47,7405.16,7399.97,7405.06,5.06,true,8.34,0,3.54,8.34,0,3.54,true,8.34,1.22,0.54,8.34,1.22,0.54,true,8.34,14.35,-11.36,8.34,14.35,-11.36,false,false,true,8.34,20.93,-20.68,8.34,20.93,-20.68
1709,2026-06-23 13:40:00,2026-06-23,13:40:00,7400,7398,7402,from_above,false,7403.54,7403.6,7404.38,7399.18,7399.86,-0.14,true,2.44,1.22,0.54,2.44,1.22,0.54,true,2.44,14.11,-13.65,2.44,14.11,-13.65,true,2.44,17.57,-13.56,2.44,17.57,-13.56,false,false,true,2.44,34.14,-34.02,2.44,34.14,-34.02
1710,2026-06-23 13:45:00,2026-06-23,13:45:00,7400,7398,7402,continuation_in_zone,true,7399.86,7399.73,7402.44,7398.78,7400.54,,true,0.65,10.85,-10.7,,,,true,0.65,14.35,-11.36,,,,true,0.65,17.57,-15.8,,,,,,true,0.65,37.18,-32.68,,,
1711,2026-06-23 13:50:00,2026-06-23,13:50:00,7400,7398,7402,continuation_in_zone,true,7400.54,7400.63,7400.65,7389.15,7389.3,,true,0,14.11,-13.65,,,,true,0,17.57,-14.22,,,,true,0,19.29,-15,,,,,,true,0,38.77,-35.34,,,
1712,2026-06-24 09:30:00,2026-06-24,09:30:00,7400,7398,7402,from_below,false,7365.45,7372.07,7398.62,7370.45,7397.36,2.64,true,1.85,9.99,-7.43,9.99,1.85,7.43,true,1.85,28.59,-16.23,28.59,1.85,16.23,true,5.05,28.59,-16.99,28.59,5.05,16.99,true,true,true,5.05,31,-1.98,31,5.05,1.98
1713,2026-06-24 09:35:00,2026-06-24,09:35:00,7400,7398,7402,from_below,true,7397.36,7397.49,7401.85,7390.01,7392.57,7.43,true,0,24.54,-13.76,24.54,0,13.76,true,5.05,28.59,1.2,28.59,5.05,-1.2,true,5.05,28.59,-14.87,28.59,5.05,14.87,true,true,true,5.05,31,-9.32,31,5.05,9.32
1714,2026-06-24 09:50:00,2026-06-24,09:50:00,7400,7398,7402,from_below,false,7383.77,7383.36,7405.05,7383.36,7401.2,-1.2,true,1.28,13.27,-12.14,13.27,1.28,12.14,true,1.28,19.24,-14.87,19.24,1.28,14.87,true,1.28,31,-8.44,31,1.28,8.44,true,true,true,18.61,31,12.7,31,18.61,-12.7
1715,2026-06-24 09:55:00,2026-06-24,09:55:00,7400,7398,7402,continuation_in_zone,true,7401.2,7401.28,7401.28,7386.73,7387.86,,true,0,19.24,-16.99,,,,true,0,19.97,-15.8,,,,true,0,31,-6.86,,,,,,true,25.09,31,24.91,,,
1716,2026-06-24 10:30:00,2026-06-24,10:30:00,7400,7398,7402,from_below,false,7393.14,7393.56,7400.73,7393.4,7398.02,1.98,true,0,9.32,-9.32,9.32,0,9.32,true,17.36,9.46,11.06,9.46,17.36,-11.06,true,27.4,9.46,21.61,9.46,27.4,-21.61,false,false,true,28.06,9.46,21.21,9.46,28.06,-21.21
1717,2026-06-24 10:35:00,2026-06-24,10:35:00,7400,7398,7402,from_below,true,7398.02,7397.72,7399.54,7390.68,7390.68,9.32,true,4.47,9.46,4.29,9.46,4.47,-4.29,true,18.61,9.46,12.7,9.46,18.61,-12.7,true,27.4,9.46,13.2,9.46,27.4,-13.2,false,false,true,28.06,9.46,16.67,9.46,28.06,-16.67
1718,2026-06-24 10:40:00,2026-06-24,10:40:00,7400,7398,7402,from_below,true,7390.68,7390.83,7404.47,7390.54,7404.29,-4.29,true,17.36,0,11.06,0,17.36,-11.06,true,25.09,0,24.91,0,25.09,-24.91,true,27.4,0,12.87,0,27.4,-12.87,false,false,true,28.06,0,12.72,0,28.06,-12.72
1719,2026-06-24 12:35:00,2026-06-24,12:35:00,7400,7398,7402,from_above,false,7404.82,7404.75,7407.79,7393.75,7393.84,-6.16,true,0,11.75,-8.46,0,11.75,-8.46,true,0,13.25,-13.25,0,13.25,-13.25,true,0,24.75,-22.12,0,24.75,-22.12,false,false,true,0,58.29,-46.66,0,58.29,-46.66
1720,2026-06-24 13:25:00,2026-06-24,13:25:00,7350,7348,7352,from_above,false,7359.77,7359.72,7360.39,7349.53,7350.27,0.27,true,4.63,8.29,1.62,4.63,8.29,1.62,true,7.38,8.29,-2.35,7.38,8.29,-2.35,true,8.98,8.29,-3.12,8.98,8.29,-3.12,true,false,true,24.25,8.29,21.23,24.25,8.29,21.23
1721,2026-06-24 13:30:00,2026-06-24,13:30:00,7350,7348,7352,continuation_in_zone,true,7350.27,7350.14,7354.63,7341.71,7351.62,,true,7.38,4.61,3.34,,,,true,7.38,6.06,2.74,,,,true,8.98,6.06,4.18,,,,,,true,24.25,6.06,20.18,,,
1722,2026-06-24 13:35:00,2026-06-24,13:35:00,7350,7348,7352,continuation_in_zone,true,7351.62,7351.59,7357.38,7345.39,7353.34,,true,5.92,3.26,-2.35,,,,true,5.92,6.06,3.32,,,,true,11.57,6.06,7.93,,,,,,true,24.25,6.06,14.21,,,
1723,2026-06-24 13:40:00,2026-06-24,13:40:00,7350,7348,7352,from_above,true,7353.34,7353.22,7355.92,7346.74,7347.65,-2.35,true,4.09,6.06,2.74,4.09,6.06,2.74,true,8.98,6.06,-3.12,8.98,6.06,-3.12,true,11.57,6.06,7.16,11.57,6.06,7.16,true,true,true,24.25,6.06,10.38,24.25,6.06,10.38
1724,2026-06-24 13:45:00,2026-06-24,13:45:00,7350,7348,7352,from_below,true,7347.65,7347.76,7354.09,7343.94,7352.74,-2.74,true,3.88,0.58,3.32,0.58,3.88,-3.32,true,8.98,4.18,4.18,4.18,8.98,-4.18,true,17.78,4.18,15.82,4.18,17.78,-15.82,false,false,true,24.25,7.15,-4.08,7.15,24.25,4.08
1725,2026-06-24 13:50:00,2026-06-24,13:50:00,7350,7348,7352,from_above,true,7352.74,7352.82,7353.88,7349.42,7353.32,3.32,true,8.98,4.18,-3.12,8.98,4.18,-3.12,true,11.57,4.18,7.93,11.57,4.18,7.93,true,20.65,4.18,20.65,20.65,4.18,20.65,true,true,true,24.25,9.16,-1.18,24.25,9.16,-1.18
1726,2026-06-24 13:55:00,2026-06-24,13:55:00,7350,7348,7352,from_above,true,7353.32,7353.33,7358.98,7345.82,7346.88,-3.12,true,7.13,3.76,4.18,7.13,3.76,4.18,true,11.57,3.76,7.16,11.57,3.76,7.16,true,24.25,3.76,21.23,24.25,3.76,21.23,true,true,true,24.25,9.16,-2.97,24.25,9.16,-2.97
1727,2026-06-24 14:00:00,2026-06-24,14:00:00,7350,7348,7352,from_below,true,7346.88,7346.94,7357.13,7346.24,7354.18,-4.18,true,11.57,0,7.93,0,11.57,-7.93,true,17.78,0,15.82,0,17.78,-15.82,true,24.25,0,20.18,0,24.25,-20.18,false,false,true,24.25,9.16,3.99,9.16,24.25,-3.99
1728,2026-06-24 14:45:00,2026-06-24,14:45:00,7350,7348,7352,from_above,false,7360.38,7360.42,7360.42,7342.85,7345.92,-4.08,true,0,9.16,-1.18,0,9.16,-1.18,true,6.6,9.16,3.99,6.6,9.16,3.99,true,6.6,13.18,-6.18,6.6,13.18,-6.18,false,false,true,6.6,13.18,-1.17,6.6,13.18,-1.17
1729,2026-06-24 14:50:00,2026-06-24,14:50:00,7350,7348,7352,from_below,true,7345.92,7345.71,7349.56,7340.84,7348.82,1.18,true,5.85,5.28,-2.97,5.28,5.85,2.97,true,6.6,12.62,-8.21,12.62,6.6,8.21,true,6.6,13.18,-3.38,13.18,6.6,3.38,true,true,true,8.75,13.18,7.71,13.18,8.75,-7.71
1730,2026-06-24 14:55:00,2026-06-24,14:55:00,7350,7348,7352,continuation_in_zone,true,7348.82,7349.21,7355.85,7344.72,7347.03,,true,6.6,8.37,3.99,,,,true,6.6,13.18,-5.74,,,,true,6.6,13.18,-1.95,,,,,,true,8.75,13.18,7.61,,,
1731,2026-06-24 15:00:00,2026-06-24,15:00:00,7350,7348,7352,from_below,true,7347.03,7347.2,7356.6,7341.63,7353.99,-3.99,true,3.99,12.62,-8.21,12.62,3.99,8.21,true,3.99,13.18,-6.18,13.18,3.99,6.18,true,3.99,13.18,-5.03,13.18,3.99,5.03,true,true,true,8.75,13.18,8.21,13.18,8.75,-8.21
1732,2026-06-24 15:05:00,2026-06-24,15:05:00,7350,7348,7352,from_above,true,7353.99,7353.79,7353.81,7337.38,7341.79,-8.21,true,0,13.18,-5.74,0,13.18,-5.74,true,0,13.18,-3.38,0,13.18,-3.38,true,1,13.18,-4.35,1,13.18,-4.35,false,false,false,8.75,13.18,,8.75,13.18,
1733,2026-06-24 15:25:00,2026-06-24,15:25:00,7350,7348,7352,from_below,false,7346.62,7346.66,7351,7346.36,7348.05,1.95,true,0.11,6.3,-5.03,6.3,0.11,5.03,true,0.11,12.32,-6.82,12.32,0.11,6.82,true,8.75,12.32,7.61,12.32,8.75,-7.61,true,true,false,8.75,12.32,,12.32,8.75,
1734,2026-06-24 15:30:00,2026-06-24,15:30:00,7350,7348,7352,continuation_in_zone,true,7348.05,7348.21,7350.11,7343.7,7344.97,,true,0,7.37,-4.35,,,,true,0.07,12.32,-1.17,,,,true,8.75,12.32,8.21,,,,,,false,8.75,12.32,,,,
1735,2026-06-24 15:40:00,2026-06-24,15:40:00,7350,7348,7352,from_below,false,7345.65,7346.1,7348.95,7337.68,7343.18,6.82,true,0.07,7.35,-1.17,7.35,0.07,1.17,true,8.75,7.35,7.61,7.35,8.75,-7.61,false,8.75,7.35,,7.35,8.75,,,,false,8.75,7.35,,7.35,8.75,
1736,2026-06-24 15:45:00,2026-06-24,15:45:00,7350,7348,7352,from_below,true,7343.18,7343.02,7350.07,7342.65,7348.83,1.17,true,8.75,1.28,7.71,1.28,8.75,-7.71,true,8.75,1.28,8.21,1.28,8.75,-8.21,false,8.75,1.28,,1.28,8.75,,,,false,8.75,1.28,,1.28,8.75,
1737,2026-06-24 15:50:00,2026-06-24,15:50:00,7350,7348,7352,continuation_in_zone,true,7348.83,7348.74,7358.75,7348.72,7357.71,,true,8.5,1.19,7.61,,,,false,8.71,1.19,,,,,false,8.71,1.19,,,,,,,false,8.71,1.19,,,,
1738,2026-06-24 15:55:00,2026-06-24,15:55:00,7350,7348,7352,from_above,true,7357.71,7358.16,7358.5,7348.81,7357.61,7.61,true,8.71,0,8.21,8.71,0,8.21,false,8.71,0,,8.71,0,,false,8.71,0,,8.71,0,,,,false,8.71,0,,8.71,0,
1739,2026-06-25 09:30:00,2026-06-25,09:30:00,7400,7398,7402,from_above,false,7358.21,7413.6,7419.08,7396.25,7399.21,-0.79,true,7.2,3.81,-3.72,7.2,3.81,-3.72,true,7.2,56.15,-43.26,7.2,56.15,-43.26,true,7.2,76.5,-40.42,7.2,76.5,-40.42,false,false,true,7.2,76.5,-8.32,7.2,76.5,-8.32
1740,2026-06-25 09:35:00,2026-06-25,09:35:00,7400,7398,7402,continuation_in_zone,true,7399.21,7398.72,7407.2,7396.19,7396.28,,true,0,31.83,-29.44,,,,true,0,67.78,-65.98,,,,true,0,76.5,-23.58,,,,,,true,0,76.5,-5.4,,,
1741,2026-06-25 09:40:00,2026-06-25,09:40:00,7400,7398,7402,from_below,true,7396.28,7396.36,7399.25,7368.17,7370.56,29.44,true,0,56.15,-43.26,56.15,0,43.26,true,0,76.5,-74.17,76.5,0,74.17,true,0,76.5,-30.7,76.5,0,30.7,true,true,true,0,76.5,-18.71,76.5,0,18.71
1742,2026-06-25 09:45:00,2026-06-25,09:45:00,7350,7348,7352,from_above,false,7370.56,7370.34,7375.79,7343.85,7356.74,6.74,true,13.73,17.78,-15.98,13.73,17.78,-15.98,true,13.73,26.5,9.58,13.73,26.5,9.58,true,36.25,26.5,33.03,36.25,26.5,33.03,true,true,true,48.92,26.5,40.98,48.92,26.5,40.98
1743,2026-06-25 09:50:00,2026-06-25,09:50:00,7350,7348,7352,from_above,true,7356.74,7356.16,7363.73,7332.22,7334.02,-15.98,true,0,26.5,-24.17,0,26.5,-24.17,true,28.09,26.5,26.42,28.09,26.5,26.42,true,42.64,26.5,27.73,42.64,26.5,27.73,true,true,true,56.16,26.5,55.82,56.16,26.5,55.82
1744,2026-06-25 10:00:00,2026-06-25,10:00:00,7350,7348,7352,from_below,false,7325.83,7325.63,7362.89,7325.63,7359.58,-9.58,true,28.09,0,26.42,0,28.09,-26.42,true,36.25,0,33.03,0,36.25,-33.03,true,48.92,0,41.68,0,48.92,-41.68,false,false,true,56.16,0,39.85,0,56.16,-39.85
1745,2026-06-25 10:30:00,2026-06-25,10:30:00,7400,7398,7402,from_below,false,7382.92,7382.79,7398.92,7381.94,7391.68,8.32,true,0,15.8,-5.4,15.8,0,5.4,true,0,24.3,-9.02,24.3,0,9.02,true,6.16,24.3,-10.15,24.3,6.16,10.15,true,true,true,6.16,53.23,-29.42,53.23,6.16,29.42
1746,2026-06-25 10:50:00,2026-06-25,10:50:00,7400,7398,7402,from_below,false,7390.98,7390.37,7406.16,7388.73,7405.82,-5.82,true,5.87,20.43,-20.09,20.43,5.87,20.09,true,5.87,26.43,-24.12,26.43,5.87,24.12,true,5.87,53.23,-26.68,53.23,5.87,26.68,true,true,true,5.87,53.23,-26.08,53.23,5.87,26.08
1747,2026-06-25 10:55:00,2026-06-25,10:55:00,7400,7398,7402,from_above,true,7405.82,7405.87,7405.87,7379.57,7379.91,-20.09,true,0,23.39,-10.15,0,23.39,-10.15,true,0,45.47,-42.66,0,45.47,-42.66,true,0,53.23,-30.28,0,53.23,-30.28,false,false,true,0,53.23,-30.72,0,53.23,-30.72
1748,2026-06-25 11:15:00,2026-06-25,11:15:00,7350,7348,7352,from_above,false,7357.34,7357.56,7366.2,7346.77,7364.66,14.66,true,25.9,0,23.32,25.9,0,23.32,true,32.33,0,20.58,32.33,0,20.58,true,35.75,0,23,35.75,0,23,true,true,true,39.95,0,32.99,39.95,0,32.99
1749,2026-06-25 12:40:00,2026-06-25,12:40:00,7350,7348,7352,from_above,false,7356.08,7356.01,7357,7349.17,7350.2,0.2,true,7.06,6.71,6.11,7.06,6.71,6.11,true,8.29,6.71,3.3,8.29,6.71,3.3,true,15.11,6.71,10.48,15.11,6.71,10.48,true,true,true,19.82,6.71,4.17,19.82,6.71,4.17
1750,2026-06-25 12:45:00,2026-06-25,12:45:00,7350,7348,7352,continuation_in_zone,true,7350.2,7350.75,7357.06,7343.29,7356.11,,true,8.29,0,4.69,,,,true,8.29,0.98,3.56,,,,true,19.82,0.98,3.94,,,,,,true,19.82,5.03,-3.34,,,
1751,2026-06-25 12:50:00,2026-06-25,12:50:00,7350,7348,7352,from_above,true,7356.11,7356.15,7358.29,7351.5,7354.69,4.69,true,5.13,0.98,3.3,5.13,0.98,3.3,true,8.03,0.98,4.9,8.03,0.98,4.9,true,19.82,0.98,7.65,19.82,0.98,7.65,true,true,true,19.82,5.3,3.65,19.82,5.3,3.65
1752,2026-06-25 12:55:00,2026-06-25,12:55:00,7350,7348,7352,from_above,true,7354.69,7354.84,7355.13,7349.02,7353.3,3.3,true,8.03,0,3.56,8.03,0,3.56,true,15.11,0,10.48,15.11,0,10.48,true,19.82,0,10.65,19.82,0,10.65,true,true,true,19.82,5.3,12.99,19.82,5.3,12.99
1753,2026-06-25 13:05:00,2026-06-25,13:05:00,7350,7348,7352,from_above,false,7353.56,7353.42,7356.09,7350.01,7354.9,4.9,true,15.11,0,10.48,15.11,0,10.48,true,19.82,0,7.65,19.82,0,7.65,true,19.82,0,10.87,19.82,0,10.87,true,true,true,19.82,7.1,12.23,19.82,7.1,12.23
1754,2026-06-25 13:20:00,2026-06-25,13:20:00,7350,7348,7352,from_above,false,7353.94,7353.8,7358.6,7350.07,7357.65,7.65,true,14.42,0,10.65,14.42,0,10.65,true,14.42,0,10.87,14.42,0,10.87,true,15.07,5.3,3.65,15.07,5.3,3.65,true,true,true,31.1,7.1,27.96,31.1,7.1,27.96
1755,2026-06-25 13:45:00,2026-06-25,13:45:00,7350,7348,7352,from_above,false,7354.17,7354.2,7354.34,7344.97,7346.66,-3.34,true,5.63,5.3,3.65,5.63,5.3,3.65,true,13.39,7.1,-2.29,13.39,7.1,-2.29,true,31.1,7.1,26.72,31.1,7.1,26.72,true,true,true,38.27,7.1,13.91,38.27,7.1,13.91
1756,2026-06-25 13:50:00,2026-06-25,13:50:00,7350,7348,7352,from_below,true,7346.66,7346.67,7355.63,7344.7,7353.65,-3.65,true,13.38,0,12.99,0,13.38,-12.99,true,13.39,7.1,12.23,7.1,13.39,-12.23,true,31.1,7.1,27.96,7.1,31.1,-27.96,false,false,true,38.27,7.1,15.3,7.1,38.27,-15.3
1757,2026-06-25 13:55:00,2026-06-25,13:55:00,7350,7348,7352,from_above,true,7353.65,7353.64,7363.38,7351.99,7362.99,12.99,true,13.39,7.1,-2.29,13.39,7.1,-2.29,true,17.26,7.1,10.52,17.26,7.1,10.52,true,38.27,7.1,36.57,38.27,7.1,36.57,true,true,true,38.27,7.1,16.13,38.27,7.1,16.13
1758,2026-06-25 14:00:00,2026-06-25,14:00:00,7350,7348,7352,from_above,true,7362.99,7362.81,7363.39,7342.9,7347.71,-2.29,true,13.14,4.12,12.23,13.14,4.12,12.23,true,31.1,4.12,26.72,31.1,4.12,26.72,true,38.27,4.12,18.1,38.27,4.12,18.1,true,true,true,38.27,4.12,7.72,38.27,4.12,7.72
1759,2026-06-25 14:05:00,2026-06-25,14:05:00,7350,7348,7352,from_below,true,7347.71,7347.69,7363.14,7345.88,7362.23,-12.23,true,17.26,0,10.52,0,17.26,-10.52,true,31.1,0,27.96,0,31.1,-27.96,true,38.27,0,21.6,0,38.27,-21.6,false,false,true,38.27,0,8.9,0,38.27,-8.9
1760,2026-06-25 15:10:00,2026-06-25,15:10:00,7350,7348,7352,from_above,false,7358.9,7358.78,7359.71,7351.25,7352.29,2.29,true,3.82,3.15,0.31,3.82,3.15,0.31,true,6.62,3.15,2.53,6.62,3.15,2.53,true,6.62,5.18,-2.4,6.62,5.18,-2.4,true,false,false,9.94,8.32,,9.94,8.32,
1761,2026-06-25 15:15:00,2026-06-25,15:15:00,7350,7348,7352,from_above,true,7352.29,7352.01,7353.82,7346.85,7350.31,0.31,true,4.37,1.64,3.64,4.37,1.64,3.64,true,6.62,4.13,0.04,6.62,4.13,0.04,true,6.62,8.32,-5.29,6.62,8.32,-5.29,false,false,false,9.94,8.32,,9.94,8.32,
1762,2026-06-25 15:20:00,2026-06-25,15:20:00,7350,7348,7352,continuation_in_zone,true,7350.31,7350.28,7354.37,7348.36,7353.64,,true,6.62,1.3,2.53,,,,true,6.62,4.95,-1.72,,,,true,6.62,8.32,3.14,,,,,,false,9.94,8.32,,,,
1763,2026-06-25 15:25:00,2026-06-25,15:25:00,7350,7348,7352,from_above,true,7353.64,7354.7,7356.62,7348.7,7352.53,2.53,true,2.7,4.13,0.04,2.7,4.13,0.04,true,2.7,5.18,-2.4,2.7,5.18,-2.4,true,7.16,8.32,7.16,7.16,8.32,7.16,false,false,false,9.94,8.32,,9.94,8.32,
1764,2026-06-25 15:30:00,2026-06-25,15:30:00,7350,7348,7352,from_above,true,7352.53,7352.38,7352.7,7345.87,7350.04,0.04,true,0.04,4.95,-1.72,0.04,4.95,-1.72,true,0.9,8.32,-5.29,0.9,8.32,-5.29,true,9.94,8.32,7.48,9.94,8.32,7.48,true,false,false,9.94,8.32,,9.94,8.32,
1765,2026-06-25 15:35:00,2026-06-25,15:35:00,7350,7348,7352,continuation_in_zone,true,7350.04,7349.99,7349.99,7345.05,7348.28,,true,0.9,5.18,-2.4,,,,true,4.09,8.32,3.14,,,,false,9.94,8.32,,,,,,,false,9.94,8.32,,,,
1766,2026-06-25 15:40:00,2026-06-25,15:40:00,7350,7348,7352,continuation_in_zone,true,7348.28,7348.51,7350.9,7344.82,7347.6,,true,0,8.32,-5.29,,,,true,7.16,8.32,7.16,,,,false,9.94,8.32,,,,,,,false,9.94,8.32,,,,
1767,2026-06-25 15:50:00,2026-06-25,15:50:00,7350,7348,7352,from_below,false,7344.71,7345.02,7354.09,7341.84,7353.14,-3.14,true,7.16,2.66,7.16,2.66,7.16,-7.16,false,9.94,2.66,,2.66,9.94,,false,9.94,2.66,,2.66,9.94,,,,false,9.94,2.66,,2.66,9.94,
1768,2026-06-25 15:55:00,2026-06-25,15:55:00,7350,7348,7352,from_above,true,7353.14,7353.29,7357.16,7347.34,7357.16,7.16,true,9.94,0,7.48,9.94,0,7.48,false,9.94,0,,9.94,0,,false,9.94,0,,9.94,0,,,,false,9.94,0,,9.94,0,
1769,2026-06-26 09:30:00,2026-06-26,09:30:00,7300,7298,7302,from_above,false,7357.48,7312.74,7320.55,7294.18,7303.88,3.88,true,17.11,0,8.62,17.11,0,8.62,true,24.93,0,14.79,24.93,0,14.79,true,50.36,0,48.94,50.36,0,48.94,true,true,true,69.91,0,61.09,69.91,0,61.09
1770,2026-06-26 10:00:00,2026-06-26,10:00:00,7350,7348,7352,from_below,false,7335.26,7336.07,7350.36,7334.5,7348.94,1.06,true,8.82,1.21,7.73,1.21,8.82,-7.73,true,13.04,1.21,3.58,1.21,13.04,-3.58,true,19.91,1.21,11.09,1.21,19.91,-11.09,false,false,true,19.91,6.32,4.76,6.32,19.91,-4.76
1771,2026-06-26 10:05:00,2026-06-26,10:05:00,7350,7348,7352,continuation_in_zone,true,7348.94,7349.34,7358.82,7348.79,7357.73,,true,11.34,0,9.92,,,,true,19.91,0,12.91,,,,true,19.91,1.51,-0.94,,,,,,true,19.91,6.32,7.97,,,
1772,2026-06-26 10:10:00,2026-06-26,10:10:00,7350,7348,7352,from_above,true,7357.73,7357.47,7361.34,7351.52,7359.92,9.92,true,13.04,0,3.58,13.04,0,3.58,true,19.91,0,11.97,19.91,0,11.97,true,19.91,6.32,-1.33,19.91,6.32,-1.33,true,true,true,19.91,6.32,-1.81,19.91,6.32,-1.81
1773,2026-06-26 10:35:00,2026-06-26,10:35:00,7350,7348,7352,from_above,false,7361.09,7361.24,7361.63,7348.49,7349.06,-0.94,true,7.86,6.32,-1.33,7.86,6.32,-1.33,true,11.55,6.32,2.05,11.55,6.32,2.05,true,11.55,6.32,7.97,11.55,6.32,7.97,true,true,true,36.85,6.32,35.55,36.85,6.32,35.55
1774,2026-06-26 10:40:00,2026-06-26,10:40:00,7350,7348,7352,continuation_in_zone,true,7349.06,7349,7357.86,7343.68,7348.67,,true,11.55,1.62,7.36,,,,true,11.55,3.5,2.12,,,,true,11.55,3.5,-1.81,,,,,,true,42.95,6.05,40.1,,,
1775,2026-06-26 10:45:00,2026-06-26,10:45:00,7350,7348,7352,continuation_in_zone,true,7348.67,7348.7,7361.55,7348.38,7357.36,,true,9.88,0.2,2.05,,,,true,11.12,3.5,4.76,,,,true,11.12,6.05,7.87,,,,,,true,42.95,6.05,33.46,,,
1776,2026-06-26 10:50:00,2026-06-26,10:50:00,7350,7348,7352,from_above,true,7357.36,7356.97,7359.88,7349.8,7352.05,2.05,true,6.78,3.5,2.12,6.78,3.5,2.12,true,11.12,3.5,7.97,11.12,3.5,7.97,true,15.73,6.05,15.37,15.73,6.05,15.37,true,true,true,42.95,6.05,23.5,42.95,6.05,23.5
1777,2026-06-26 10:55:00,2026-06-26,10:55:00,7350,7348,7352,from_above,true,7352.05,7352.6,7356.78,7346.5,7352.12,2.12,true,11.12,0,4.76,11.12,0,4.76,true,11.12,2.76,-1.81,11.12,2.76,-1.81,true,24.04,6.05,24.04,24.04,6.05,24.04,true,true,true,42.95,6.05,31.62,42.95,6.05,31.62
1778,2026-06-26 11:05:00,2026-06-26,11:05:00,7350,7348,7352,from_above,false,7354.76,7355.01,7358.79,7350.16,7357.97,7.97,true,9.06,2.76,-1.81,9.06,2.76,-1.81,true,15.73,6.05,15.37,15.73,6.05,15.37,true,36.85,6.05,35.55,36.85,6.05,35.55,true,true,true,42.95,6.05,20.17,42.95,6.05,20.17
1779,2026-06-26 11:10:00,2026-06-26,11:10:00,7350,7348,7352,from_above,true,7357.97,7358,7359.06,7347.24,7348.19,-1.81,true,8.81,6.05,7.87,8.81,6.05,7.87,true,24.04,6.05,24.04,24.04,6.05,24.04,true,42.95,6.05,40.1,42.95,6.05,40.1,true,true,true,42.95,6.05,19.25,42.95,6.05,19.25
1780,2026-06-26 11:15:00,2026-06-26,11:15:00,7350,7348,7352,continuation_in_zone,true,7348.19,7348.16,7358.81,7343.95,7357.87,,true,15.73,0,15.37,,,,true,33.72,0,22.82,,,,true,42.95,0,33.46,,,,,,true,42.95,0,17.85,,,
1781,2026-06-26 14:45:00,2026-06-26,14:45:00,7350,7348,7352,from_above,false,7356.37,7356.21,7356.21,7345.28,7348.05,-1.95,true,0,5.99,-4.59,0,5.99,-4.59,true,0,9.92,-7.27,0,9.92,-7.27,true,7.32,9.92,5.55,7.32,9.92,5.55,false,false,true,16.01,9.92,8.19,16.01,9.92,8.19
1782,2026-06-26 14:50:00,2026-06-26,14:50:00,7350,7348,7352,from_below,true,7348.05,7347.97,7348.05,7344.01,7345.41,4.59,true,0,9.92,-6.25,9.92,0,6.25,true,2.7,9.92,1.5,9.92,2.7,-1.5,true,7.32,9.92,0.24,9.92,7.32,-0.24,true,false,true,16.01,9.92,9.63,9.92,16.01,-9.63
1783,2026-06-26 14:55:00,2026-06-26,14:55:00,7350,7348,7352,from_below,true,7345.41,7345.68,7348.78,7340.08,7343.75,6.25,true,0,7.44,-7.27,7.44,0,7.27,true,5.97,8.13,5.97,8.13,5.97,-5.97,true,7.32,8.13,-0.6,8.13,7.32,0.6,true,false,true,16.01,8.13,-0.41,8.13,16.01,0.41
1784,2026-06-26 15:00:00,2026-06-26,15:00:00,7350,7348,7352,from_below,true,7343.75,7343.81,7348.17,7342.56,7342.73,7.27,true,2.7,8.13,1.5,8.13,2.7,-1.5,true,7.32,8.13,5.55,8.13,7.32,-5.55,true,7.32,8.13,4.72,8.13,7.32,-4.72,true,false,true,16.01,10.08,3.38,10.08,16.01,-3.38
1785,2026-06-26 15:05:00,2026-06-26,15:05:00,7350,7348,7352,from_below,true,7342.73,7342.33,7352.7,7341.87,7351.5,-1.5,true,5.97,1.39,5.97,1.39,5.97,-5.97,true,7.32,4.52,0.24,4.52,7.32,-0.24,true,7.32,4.52,0.57,4.52,7.32,-0.57,false,false,true,16.01,10.08,4.03,10.08,16.01,-4.03
1786,2026-06-26 15:10:00,2026-06-26,15:10:00,7350,7348,7352,continuation_in_zone,true,7351.5,7351.54,7355.97,7348.61,7355.97,,true,7.32,0,5.55,,,,true,7.32,4.52,-0.6,,,,true,11.09,4.52,10.15,,,,,,false,16.01,10.08,,,,
1787,2026-06-26 15:20:00,2026-06-26,15:20:00,7350,7348,7352,from_above,false,7355.55,7355.48,7356.53,7345.48,7350.24,0.24,true,2.45,1.21,-0.6,2.45,1.21,-0.6,true,5.98,4.18,0.57,5.98,4.18,0.57,true,16.01,4.18,9.63,16.01,4.18,9.63,true,true,false,16.01,10.08,,16.01,10.08,
1788,2026-06-26 15:25:00,2026-06-26,15:25:00,7350,7348,7352,continuation_in_zone,true,7350.24,7350.32,7352.45,7348.79,7349.4,,true,5.98,4.18,4.72,,,,true,11.09,4.18,10.15,,,,true,16.01,4.18,-0.41,,,,,,false,16.01,10.08,,,,
1789,2026-06-26 15:30:00,2026-06-26,15:30:00,7350,7348,7352,continuation_in_zone,true,7349.4,7349.55,7355.98,7345.82,7354.72,,true,5.44,0,0.57,,,,true,16.01,0,8.19,,,,true,16.01,10.08,3.38,,,,,,false,16.01,10.08,,,,
1790,2026-06-26 15:35:00,2026-06-26,15:35:00,7350,7348,7352,from_above,true,7354.72,7354.82,7355.44,7350.57,7350.57,0.57,true,11.09,0,10.15,11.09,0,10.15,true,16.01,0,9.63,16.01,0,9.63,true,16.01,10.08,4.03,16.01,10.08,4.03,true,true,false,16.01,10.08,,16.01,10.08,
1791,2026-06-26 15:40:00,2026-06-26,15:40:00,7350,7348,7352,continuation_in_zone,true,7350.57,7350.67,7361.09,7350.48,7360.15,,true,16.01,0,8.19,,,,true,16.01,1.84,-0.41,,,,false,16.01,10.08,,,,,,,false,16.01,10.08,,,,
1792,2026-06-26 15:55:00,2026-06-26,15:55:00,7350,7348,7352,from_above,false,7359.63,7359.32,7363.97,7348.16,7349.59,-0.41,true,3.51,10.08,3.38,3.51,10.08,3.38,false,4.03,10.08,,4.03,10.08,,false,4.03,10.08,,4.03,10.08,,,,false,4.03,10.08,,4.03,10.08,
1793,2026-06-26 16:00:00,2026-06-26,16:00:00,7350,7348,7352,from_below,true,7349.59,7339.92,7353.51,7339.92,7353.38,-3.38,true,4.03,0,4.03,0,4.03,-4.03,false,4.03,0,,0,4.03,,false,4.03,0,,0,4.03,,,,false,4.03,0,,0,4.03,
1794,2026-06-29 09:30:00,2026-06-29,09:30:00,7400,7398,7402,from_below,false,7354.03,7391.81,7417.32,7384.81,7416.36,-16.36,true,16.41,1.48,9.23,1.48,16.41,-9.23,true,27.2,1.48,17.63,1.48,27.2,-17.63,true,27.8,12.76,-10.46,12.76,27.8,10.46,false,true,true,27.8,51.12,4.17,51.12,27.8,-4.17
1795,2026-06-29 09:35:00,2026-06-29,09:35:00,7400,7398,7402,from_above,true,7416.36,7416.41,7416.41,7398.52,7409.23,9.23,true,21.42,0,20.87,21.42,0,20.87,true,27.8,0,18.65,27.8,0,18.65,true,27.8,24.35,-20.02,27.8,24.35,-20.02,true,true,true,27.8,51.12,0.34,27.8,51.12,0.34
1796,2026-06-29 09:55:00,2026-06-29,09:55:00,7400,7398,7402,from_above,false,7418.65,7418.18,7419.24,7393.54,7397.31,-2.69,true,0,12.76,-10.46,0,12.76,-10.46,true,0,44.56,-44.56,0,44.56,-44.56,true,0,51.12,-9.39,0,51.12,-9.39,false,false,true,12.13,51.12,7.83,12.13,51.12,7.83
1797,2026-06-29 10:00:00,2026-06-29,10:00:00,7400,7398,7402,from_below,true,7397.31,7397.13,7398.47,7387.24,7389.54,10.46,true,0,24.35,-20.02,24.35,0,20.02,true,0,51.12,-34.73,51.12,0,34.73,true,5.65,51.12,4.17,51.12,5.65,-4.17,true,true,true,12.13,51.12,2.2,51.12,12.13,-2.2
1798,2026-06-29 10:15:00,2026-06-29,10:15:00,7350,7348,7352,from_above,false,7355.44,7355.06,7366.78,7348.88,7365.27,15.27,true,24.11,0,20.45,24.11,0,20.45,true,55.65,0,54.17,55.65,0,54.17,true,56.78,0,46.46,56.78,0,46.46,true,true,true,62.13,0,48.98,62.13,0,48.98
1799,2026-06-29 10:30:00,2026-06-29,10:30:00,7400,7398,7402,from_below,false,7390.61,7389.54,7405.65,7389.19,7404.17,-4.17,true,6.44,1.27,0.34,1.27,6.44,-0.34,true,6.78,11.59,-3.54,11.59,6.78,3.54,true,12.13,11.59,2.2,11.59,12.13,-2.2,false,true,true,12.13,11.59,5.58,11.59,12.13,-5.58
1800,2026-06-29 10:35:00,2026-06-29,10:35:00,7400,7398,7402,from_above,true,7404.17,7404.04,7406.44,7398.73,7400.34,0.34,true,6.78,1.76,0.35,6.78,1.76,0.35,true,12.13,11.59,9.27,12.13,11.59,9.27,true,12.13,11.59,0.87,12.13,11.59,0.87,true,true,true,12.13,11.59,8.54,12.13,11.59,8.54
1801,2026-06-29 10:40:00,2026-06-29,10:40:00,7400,7398,7402,continuation_in_zone,true,7400.34,7400.55,7406.78,7398.24,7400.35,,true,0.35,11.59,-3.54,,,,true,12.13,11.59,7.83,,,,true,12.13,11.59,3.58,,,,,,true,12.88,11.59,12.71,,,
1802,2026-06-29 10:45:00,2026-06-29,10:45:00,7400,7398,7402,continuation_in_zone,true,7400.35,7400.15,7400.15,7388.41,7396.46,,true,12.13,3.94,9.27,,,,true,12.13,3.94,2.2,,,,true,12.13,5.7,-1.02,,,,,,true,12.88,5.91,7.31,,,
1803,2026-06-29 10:50:00,2026-06-29,10:50:00,7400,7398,7402,from_below,true,7396.46,7396.38,7412.13,7396.06,7409.27,-9.27,true,9.27,0,7.83,0,9.27,-7.83,true,9.84,1.11,0.87,1.11,9.84,-0.87,true,9.84,5.91,-4.04,5.91,9.84,4.04,false,false,true,12.88,5.91,9.18,5.91,12.88,-9.18
1804,2026-06-29 10:55:00,2026-06-29,10:55:00,7400,7398,7402,from_above,true,7409.27,7409.15,7409.15,7401.03,7407.83,7.83,true,9.84,0,2.2,9.84,0,2.2,true,9.84,5.7,3.58,9.84,5.7,3.58,true,9.84,5.91,6.84,9.84,5.91,6.84,true,false,true,14.06,5.91,13.37,14.06,5.91,13.37
1805,2026-06-29 11:00:00,2026-06-29,11:00:00,7400,7398,7402,from_above,true,7407.83,7408.03,7409.84,7401.35,7402.2,2.2,true,4.17,1.11,0.87,4.17,1.11,0.87,true,6.47,5.7,-1.02,6.47,5.7,-1.02,true,8.94,5.91,5.58,8.94,5.91,5.58,true,false,true,17.84,5.91,17.84,17.84,5.91,17.84
1806,2026-06-29 11:05:00,2026-06-29,11:05:00,7400,7398,7402,from_above,true,7402.2,7402.32,7404.17,7398.89,7400.87,0.87,true,3.72,5.7,3.58,3.72,5.7,3.58,true,6.47,5.91,-4.04,6.47,5.91,-4.04,true,9.51,5.91,8.54,9.51,5.91,8.54,true,false,true,19.63,5.91,16.24,19.63,5.91,16.24
1807,2026-06-29 11:10:00,2026-06-29,11:10:00,7400,7398,7402,continuation_in_zone,true,7400.87,7400.88,7403.72,7394.3,7403.58,,true,6.47,1.53,-1.02,,,,true,7.21,5.91,6.84,,,,true,12.88,5.91,12.71,,,,,,true,19.63,5.91,13.56,,,
1808,2026-06-29 11:15:00,2026-06-29,11:15:00,7400,7398,7402,from_above,true,7403.58,7403.7,7406.47,7398.47,7398.98,-1.02,true,3.69,5.91,-4.04,3.69,5.91,-4.04,true,8.94,5.91,5.58,8.94,5.91,5.58,true,12.88,5.91,7.31,12.88,5.91,7.31,true,true,true,19.63,5.91,14.3,19.63,5.91,14.3
1809,2026-06-29 11:20:00,2026-06-29,11:20:00,7400,7398,7402,continuation_in_zone,true,7398.98,7398.83,7403.69,7394.09,7395.96,,true,7.21,5.14,6.84,,,,true,9.51,5.14,8.54,,,,true,12.88,5.14,9.18,,,,,,true,19.63,5.14,16.56,,,
1810,2026-06-29 11:25:00,2026-06-29,11:25:00,7400,7398,7402,from_below,true,7395.96,7396.24,7407.21,7394.86,7406.84,-6.84,true,8.94,0,5.58,0,8.94,-5.58,true,12.88,0,12.71,0,12.88,-12.71,true,14.06,0,13.37,0,14.06,-13.37,false,false,true,19.63,0,12.31,0,19.63,-12.31
1811,2026-06-29 11:35:00,2026-06-29,11:35:00,7400,7398,7402,from_above,false,7405.58,7405.28,7409.51,7400.78,7408.54,8.54,true,12.88,0,12.71,12.88,0,12.71,true,12.88,0,9.18,12.88,0,9.18,true,19.63,0,16.24,19.63,0,16.24,true,true,true,19.63,0,12.98,19.63,0,12.98
1812,2026-06-30 09:30:00,2026-06-30,09:30:00,7450,7448,7452,from_below,false,7440.44,7441.92,7449.74,7438.04,7442.05,7.95,true,0,9.07,-7.32,9.07,0,7.32,true,0.97,9.73,-1.18,9.73,0.97,1.18,true,23.07,9.73,23.07,9.73,23.07,-23.07,false,false,true,30.2,9.73,30.2,9.73,30.2,-30.2
1813,2026-06-30 09:35:00,2026-06-30,09:35:00,7450,7448,7452,from_below,true,7442.05,7441.26,7449.92,7440.93,7442.68,7.32,true,0.35,9.73,-2.45,9.73,0.35,2.45,true,13.24,9.73,10.37,9.73,13.24,-10.37,true,23.41,9.73,12.98,9.73,23.41,-12.98,false,false,true,30.71,9.73,23.26,9.73,30.71,-23.26
1814,2026-06-30 09:40:00,2026-06-30,09:40:00,7450,7448,7452,from_below,true,7442.68,7442.84,7450.35,7440.27,7447.55,2.45,true,0.97,4.68,-1.18,4.68,0.97,1.18,true,17.59,4.68,17.54,4.68,17.59,-17.54,true,23.41,4.68,13.44,4.68,23.41,-13.44,false,false,true,30.71,4.68,25.99,4.68,30.71,-25.99
1815,2026-06-30 09:45:00,2026-06-30,09:45:00,7450,7448,7452,from_below,true,7447.55,7447.59,7450.97,7445.32,7448.82,1.18,true,13.24,2.15,10.37,2.15,13.24,-10.37,true,23.07,2.15,23.07,2.15,23.07,-23.07,true,23.41,2.15,13.64,2.15,23.41,-13.64,false,false,true,30.71,2.15,16.26,2.15,30.71,-16.26
1816,2026-06-30 09:50:00,2026-06-30,09:50:00,7450,7448,7452,continuation_in_zone,true,7448.82,7448.62,7463.24,7447.85,7460.37,,true,17.59,0,17.54,,,,true,23.41,0,12.98,,,,true,23.41,0,21.28,,,,,,true,30.71,0,11.37,,,
1817,2026-06-30 12:50:00,2026-06-30,12:50:00,7500,7498,7502,from_below,false,7496.48,7496.55,7498.87,7495.04,7498.1,1.9,true,0,5.3,-4.06,5.3,0,4.06,true,0,5.3,-2.72,5.3,0,2.72,true,0,6.33,-4.64,6.33,0,4.64,true,false,true,0,10.28,-7.19,10.28,0,7.19
1818,2026-06-30 12:55:00,2026-06-30,12:55:00,7500,7498,7502,continuation_in_zone,true,7498.1,7498.17,7498.57,7494.7,7495.94,,true,0,4.1,-1.5,,,,true,0,5.76,-5.53,,,,true,0,7.93,-6.81,,,,,,true,0,10.28,-7.33,,,
1819,2026-06-30 13:00:00,2026-06-30,13:00:00,7500,7498,7502,from_below,true,7495.94,7495.9,7499.6,7495.9,7498.5,1.5,true,0,3,-2.72,3,0,2.72,true,0,6.33,-5.13,6.33,0,5.13,true,0,8.42,-5.61,8.42,0,5.61,true,false,true,0,10.28,-5.46,10.28,0,5.46
1820,2026-06-30 13:05:00,2026-06-30,13:05:00,7500,7498,7502,continuation_in_zone,true,7498.5,7498.48,7499.01,7497,7497.28,,true,0,5.76,-5.53,,,,true,0,6.33,-4.64,,,,true,0,10.28,-9.83,,,,,,true,0,10.28,-5.03,,,
1821,2026-06-30 14:20:00,2026-06-30,14:20:00,7500,7498,7502,from_below,false,7497.71,7497.77,7499.12,7496.86,7496.93,3.07,true,0,5.23,-4.24,5.23,0,4.24,true,0,6.13,-4.88,6.13,0,4.88,true,2.65,6.13,-0.85,6.13,2.65,0.85,true,false,true,8.29,6.13,4.71,6.13,8.29,-4.71
1822,2026-06-30 14:40:00,2026-06-30,14:40:00,7500,7498,7502,from_below,false,7495.12,7495.2,7498.91,7495.16,7498.2,1.8,true,1.38,3.24,1.26,3.24,1.38,-1.26,true,2.65,3.24,-0.16,3.24,2.65,0.16,true,5.56,3.24,5.33,3.24,5.56,-5.33,false,false,true,8.29,3.85,-0.45,3.85,8.29,0.45
1823,2026-06-30 14:45:00,2026-06-30,14:45:00,7500,7498,7502,continuation_in_zone,true,7498.2,7498.05,7501.38,7496.76,7501.26,,true,2.65,1.58,-0.85,,,,true,2.65,1.58,0.84,,,,true,8.29,1.58,4.32,,,,,,true,8.29,3.85,-2.58,,,
1824,2026-06-30 14:50:00,2026-06-30,14:50:00,7500,7498,7502,continuation_in_zone,true,7501.26,7501.42,7502.65,7498.42,7499.15,,true,1.28,1.03,-0.16,,,,true,3.99,1.03,3.45,,,,true,8.29,1.03,4.71,,,,,,true,8.29,4.66,2.81,,,
1825,2026-06-30 14:55:00,2026-06-30,14:55:00,7500,7498,7502,continuation_in_zone,true,7499.15,7499.14,7501.28,7498.97,7499.84,,true,2.03,0.2,0.84,,,,true,5.56,0.2,5.33,,,,true,8.29,0.2,2.51,,,,,,true,8.29,4.81,-3.7,,,
1826,2026-06-30 15:00:00,2026-06-30,15:00:00,7500,7498,7502,continuation_in_zone,true,7499.84,7499.87,7502.03,7499.8,7500.84,,true,3.99,0.06,3.45,,,,true,8.29,0.06,4.32,,,,true,8.29,0.27,-0.22,,,,,,true,8.29,4.81,-0.79,,,
1827,2026-06-30 15:05:00,2026-06-30,15:05:00,7500,7498,7502,continuation_in_zone,true,7500.84,7500.89,7503.99,7499.94,7503.45,,true,5.56,0,5.33,,,,true,8.29,0,4.71,,,,true,8.29,3.85,-1.92,,,,,,true,8.29,4.81,-0.65,,,
1828,2026-06-30 15:25:00,2026-06-30,15:25:00,7500,7498,7502,from_above,false,7504.71,7504.7,7505.32,7501.91,7502.51,2.51,true,2.97,0.27,-0.22,2.97,0.27,-0.22,true,2.97,3.85,-0.45,2.97,3.85,-0.45,true,7.66,4.81,-3.7,7.66,4.81,-3.7,true,false,false,7.66,4.81,,7.66,4.81,
1829,2026-06-30 15:30:00,2026-06-30,15:30:00,7500,7498,7502,from_above,true,7502.51,7502.55,7502.97,7499.73,7499.78,-0.22,true,0.22,3.85,-1.92,0.22,3.85,-1.92,true,1.36,3.85,-2.58,1.36,3.85,-2.58,true,7.66,4.81,-0.79,7.66,4.81,-0.79,true,false,false,7.66,4.81,,7.66,4.81,
1830,2026-06-30 15:35:00,2026-06-30,15:35:00,7500,7498,7502,continuation_in_zone,true,7499.78,7499.94,7500.22,7496.15,7498.08,,true,0,3.28,-0.45,,,,true,3.42,4.66,2.81,,,,true,7.66,4.81,-0.65,,,,,,false,7.66,4.81,,,,
1831,2026-06-30 15:40:00,2026-06-30,15:40:00,7500,7498,7502,continuation_in_zone,true,7498.08,7498.01,7499.6,7496.72,7499.55,,true,1.36,3.15,-2.58,,,,true,7.66,4.81,-3.7,,,,false,7.66,4.81,,,,,,,false,7.66,4.81,,,,
1832,2026-06-30 15:45:00,2026-06-30,15:45:00,7500,7498,7502,continuation_in_zone,true,7499.55,7499.62,7501.36,7496.85,7497.42,,true,3.42,4.66,2.81,,,,true,7.66,4.81,-0.79,,,,false,7.66,4.81,,,,,,,false,7.66,4.81,,,,
1833,2026-06-30 15:50:00,2026-06-30,15:50:00,7500,7498,7502,from_below,true,7497.42,7497.54,7503.42,7495.34,7502.81,-2.81,true,7.66,4.81,-3.7,4.81,7.66,3.7,true,7.66,4.81,-0.65,4.81,7.66,0.65,false,7.66,4.81,,4.81,7.66,,,,false,7.66,4.81,,4.81,7.66,
1834,2026-06-30 15:55:00,2026-06-30,15:55:00,7500,7498,7502,from_above,true,7502.81,7503.24,7507.66,7495.19,7496.3,-3.7,true,0,3.7,-0.79,0,3.7,-0.79,false,0,3.7,,0,3.7,,false,0,3.7,,0,3.7,,,,false,0,3.7,,0,3.7,
1835,2026-06-30 16:00:00,2026-06-30,16:00:00,7500,7498,7502,from_below,true,7496.3,7496.41,7499.24,7496.38,7499.21,0.79,true,0,0.81,-0.65,0.81,0,0.65,false,0,0.81,,0.81,0,,false,0,0.81,,0.81,0,,,,false,0,0.81,,0.81,0,
1836,2026-06-30 16:05:00,2026-06-30,16:05:00,7500,7498,7502,continuation_in_zone,true,7499.21,7499.19,7499.36,7499.19,7499.35,,false,0,0.65,,,,,false,0,0.65,,,,,false,0,0.65,,,,,,,false,0,0.65,,,,
1837,2026-07-01 09:30:00,2026-07-01,09:30:00,7450,7448,7452,from_above,false,7499.35,7477.24,7477.24,7450.13,7450.8,0.8,true,9.3,0.37,7.55,9.3,0.37,7.55,true,17.4,0.37,13.94,17.4,0.37,13.94,true,33.67,0.37,31.54,33.67,0.37,31.54,true,true,true,48.21,0.37,40.55,48.21,0.37,40.55
1838,2026-07-01 09:35:00,2026-07-01,09:35:00,7450,7448,7452,continuation_in_zone,true,7450.8,7450.76,7459.3,7449.63,7457.55,,true,13.98,0,8.74,,,,true,26.18,0,24.35,,,,true,40.74,0,38.39,,,,,,true,48.21,0,46.24,,,
1839,2026-07-01 10:25:00,2026-07-01,10:25:00,7500,7498,7502,from_below,false,7495.66,7495.73,7498.21,7494.62,7496.11,3.89,true,0,11.98,-9.45,11.98,0,9.45,true,0,12.31,-6.15,12.31,0,6.15,true,0,15.58,-2.94,15.58,0,2.94,true,true,true,21.11,15.58,20.63,15.58,21.11,-20.63
1840,2026-07-01 10:50:00,2026-07-01,10:50:00,7500,7498,7502,from_below,false,7491.9,7491.98,7498.67,7491.52,7495.28,4.72,true,0,9.28,-2.94,9.28,0,2.94,true,7.76,9.28,3.93,9.28,7.76,-3.93,true,18.19,9.28,15.96,9.28,18.19,-15.96,false,false,true,21.11,9.28,12.2,9.28,21.11,-12.2
1841,2026-07-01 11:00:00,2026-07-01,11:00:00,7500,7498,7502,from_below,false,7497.06,7496.49,7506.68,7496.37,7505.17,-5.17,true,7.76,0,3.93,0,7.76,-3.93,true,13.16,0,12.37,0,13.16,-12.37,true,21.11,0,13.97,0,21.11,-13.97,false,false,true,21.11,0,15.57,0,21.11,-15.57
1842,2026-07-01 11:05:00,2026-07-01,11:05:00,7500,7498,7502,from_above,true,7505.17,7505.06,7507.76,7500.61,7503.93,3.93,true,8.42,0,8.31,8.42,0,8.31,true,18.19,0,15.96,18.19,0,15.96,true,21.11,0,13.37,21.11,0,13.37,true,true,true,21.11,0,15.82,21.11,0,15.82
1843,2026-07-01 11:10:00,2026-07-01,11:10:00,7500,7498,7502,from_above,true,7503.93,7503.94,7508.42,7501.87,7508.31,8.31,true,13.16,0,12.37,13.16,0,12.37,true,21.11,0,20.63,21.11,0,20.63,true,21.11,0,14.95,21.11,0,14.95,true,true,true,21.11,0,18.25,21.11,0,18.25
1844,2026-07-01 12:55:00,2026-07-01,12:55:00,7500,7498,7502,from_above,false,7509.04,7508.97,7509.34,7501.93,7503.23,3.23,true,7.02,0,2.44,7.02,0,2.44,true,7.02,1.7,5.65,7.02,1.7,5.65,true,11.81,1.7,6.7,11.81,1.7,6.7,true,true,true,11.81,1.7,-0.75,11.81,1.7,-0.75
1845,2026-07-01 13:00:00,2026-07-01,13:00:00,7500,7498,7502,from_above,true,7503.23,7503.28,7507.02,7501.64,7502.44,2.44,true,3.46,1.7,2.44,3.46,1.7,2.44,true,8.86,1.7,8.49,8.86,1.7,8.49,true,11.81,1.7,5.44,11.81,1.7,5.44,true,true,true,11.81,1.7,4.63,11.81,1.7,4.63
1846,2026-07-01 13:05:00,2026-07-01,13:05:00,7500,7498,7502,from_above,true,7502.44,7502.28,7503.46,7498.3,7502.44,2.44,true,6.11,0,5.65,6.11,0,5.65,true,10.38,0,10.14,10.38,0,10.14,true,11.81,0,6.86,11.81,0,6.86,true,true,true,11.81,0.98,2.73,11.81,0.98,2.73
1847,2026-07-01 13:10:00,2026-07-01,13:10:00,7500,7498,7502,from_above,true,7502.44,7502.59,7506.11,7500.47,7505.65,5.65,true,8.86,0,8.49,8.86,0,8.49,true,11.81,0,6.7,11.81,0,6.7,true,11.81,0,2.6,11.81,0,2.6,true,true,true,11.81,1.96,-1.87,11.81,1.96,-1.87
1848,2026-07-01 13:45:00,2026-07-01,13:45:00,7500,7498,7502,from_above,false,7502.6,7502.39,7503.84,7500.41,7501.63,1.63,true,4.62,0,3.33,4.62,0,3.33,true,4.63,0.98,4.63,4.63,0.98,4.63,true,4.63,5.36,-0.45,4.63,5.36,-0.45,false,false,true,4.63,5.53,-3.41,4.63,5.53,-3.41
1849,2026-07-01 13:50:00,2026-07-01,13:50:00,7500,7498,7502,continuation_in_zone,true,7501.63,7501.53,7504.62,7500.19,7503.33,,true,3.49,0.98,-0.75,,,,true,4.63,0.98,2.73,,,,true,4.63,5.36,1.4,,,,,,true,4.63,8.34,-8.16,,,
1850,2026-07-01 13:55:00,2026-07-01,13:55:00,7500,7498,7502,from_above,true,7503.33,7503.41,7503.49,7499.02,7499.25,-0.75,true,4.63,0.83,4.63,4.63,0.83,4.63,true,4.63,1.96,-1.87,4.63,1.96,-1.87,true,4.63,5.36,-1.21,4.63,5.36,-1.21,false,false,true,4.63,8.34,-4.09,4.63,8.34,-4.09
1851,2026-07-01 14:00:00,2026-07-01,14:00:00,7500,7498,7502,continuation_in_zone,true,7499.25,7499.4,7504.63,7499.17,7504.63,,true,4.63,0,2.73,,,,true,4.63,5.36,-0.45,,,,true,4.63,5.36,-0.31,,,,,,true,4.63,8.34,0.74,,,
1852,2026-07-01 14:05:00,2026-07-01,14:05:00,7500,7498,7502,from_above,true,7504.63,7504.4,7504.4,7500.77,7502.73,2.73,true,3.09,1.96,-1.87,3.09,1.96,-1.87,true,3.09,5.36,1.4,3.09,5.36,1.4,true,3.09,5.36,0.15,3.09,5.36,0.15,false,false,true,4.82,8.34,4.51,4.82,8.34,4.51
1853,2026-07-01 14:10:00,2026-07-01,14:10:00,7500,7498,7502,from_above,true,7502.73,7502.79,7503.09,7498.04,7498.13,-1.87,true,0,5.36,-0.45,0,5.36,-0.45,true,2.37,5.36,-1.21,2.37,5.36,-1.21,true,2.37,5.36,-1.11,2.37,5.36,-1.11,false,false,true,4.82,8.34,1.01,4.82,8.34,1.01
1854,2026-07-01 14:15:00,2026-07-01,14:15:00,7500,7498,7502,continuation_in_zone,true,7498.13,7498.1,7499.62,7494.64,7499.55,,true,1.51,1.29,1.4,,,,true,2.37,2.86,-0.31,,,,true,2.37,5.53,-3.41,,,,,,true,4.82,8.34,1.84,,,
1855,2026-07-01 14:20:00,2026-07-01,14:20:00,7500,7498,7502,continuation_in_zone,true,7499.55,7499.13,7501.51,7498.71,7501.4,,true,2.37,1.53,-1.21,,,,true,2.37,2.86,0.15,,,,true,2.37,8.34,-8.16,,,,,,true,4.82,8.34,2.73,,,
1856,2026-07-01 14:25:00,2026-07-01,14:25:00,7500,7498,7502,continuation_in_zone,true,7501.4,7501.53,7502.37,7498.47,7498.79,,true,0,2.86,-0.31,,,,true,1.27,2.86,-1.11,,,,true,1.27,8.34,-4.09,,,,,,true,4.82,8.34,-2.47,,,
1857,2026-07-01 14:30:00,2026-07-01,14:30:00,7500,7498,7502,continuation_in_zone,true,7498.79,7498.57,7499.98,7497.14,7499.69,,true,1.27,1.74,0.15,,,,true,1.27,5.53,-3.41,,,,true,1.27,8.34,0.74,,,,,,true,4.82,8.34,-0.52,,,
1858,2026-07-01 14:35:00,2026-07-01,14:35:00,7500,7498,7502,continuation_in_zone,true,7499.69,7499.53,7501.27,7498.26,7500.15,,true,0.48,2.29,-1.11,,,,true,0.48,8.34,-8.16,,,,true,4.82,8.34,4.51,,,,,,true,4.82,8.34,-3.82,,,
1859,2026-07-01 14:40:00,2026-07-01,14:40:00,7500,7498,7502,continuation_in_zone,true,7500.15,7500.1,7500.48,7497.71,7498.89,,true,0,5.53,-3.41,,,,true,0,8.34,-4.09,,,,true,4.82,8.34,1.01,,,,,,true,4.82,8.34,-5.77,,,
1860,2026-07-01 14:45:00,2026-07-01,14:45:00,7500,7498,7502,continuation_in_zone,true,7498.89,7498.99,7499.12,7494.47,7496.59,,true,0,8.34,-8.16,,,,true,0.97,8.34,0.74,,,,true,4.82,8.34,1.84,,,,,,true,4.82,9.01,-7.57,,,
1861,2026-07-01 15:00:00,2026-07-01,15:00:00,7500,7498,7502,from_below,false,7495.91,7495.94,7500.97,7495.54,7500.74,-0.74,true,4.82,0,4.51,0,4.82,-4.51,true,4.82,0.15,1.84,0.15,4.82,-1.84,true,4.82,3.34,-0.52,3.34,4.82,0.52,false,false,true,4.82,20.7,-16.75,20.7,4.82,16.75
1862,2026-07-01 15:05:00,2026-07-01,15:05:00,7500,7498,7502,continuation_in_zone,true,7500.74,7500.99,7504.82,7500.64,7504.51,,true,4.51,0.13,1.01,,,,true,4.51,0.15,2.73,,,,true,4.51,4.92,-3.82,,,,,,true,4.51,20.7,-16.78,,,
1863,2026-07-01 15:10:00,2026-07-01,15:10:00,7500,7498,7502,from_above,true,7504.51,7504.34,7504.34,7499.87,7501.01,1.01,true,3.12,0.15,1.84,3.12,0.15,1.84,true,3.12,3.34,-2.47,3.12,3.34,-2.47,true,3.12,7.51,-5.77,3.12,7.51,-5.77,false,false,false,3.12,20.7,,3.12,20.7,
1864,2026-07-01 15:15:00,2026-07-01,15:15:00,7500,7498,7502,continuation_in_zone,true,7501.01,7500.84,7503.12,7499.85,7501.84,,true,3.07,0,2.73,,,,true,3.07,3.34,-0.52,,,,true,3.07,9.01,-7.57,,,,,,false,3.07,20.7,,,,
1865,2026-07-01 15:20:00,2026-07-01,15:20:00,7500,7498,7502,continuation_in_zone,true,7501.84,7501.92,7503.07,7500.56,7502.73,,true,2.78,3.34,-2.47,,,,true,2.78,4.92,-3.82,,,,true,2.78,13.06,-10.57,,,,,,false,2.78,20.7,,,,
1866,2026-07-01 15:25:00,2026-07-01,15:25:00,7500,7498,7502,from_above,true,7502.73,7502.78,7502.78,7496.66,7497.53,-2.47,true,0.87,2.77,-0.52,0.87,2.77,-0.52,true,0.87,7.51,-5.77,0.87,7.51,-5.77,true,0.87,20.7,-15.62,0.87,20.7,-15.62,false,false,false,0.87,20.7,,0.87,20.7,
1867,2026-07-01 15:30:00,2026-07-01,15:30:00,7500,7498,7502,from_below,true,7497.53,7497.23,7500.87,7497.23,7499.48,0.52,true,0,4.92,-3.82,4.92,0,3.82,true,0,9.01,-7.57,9.01,0,7.57,true,0,20.7,-16.75,20.7,0,16.75,true,true,false,0,20.7,,20.7,0,
1868,2026-07-01 15:35:00,2026-07-01,15:35:00,7500,7498,7502,continuation_in_zone,true,7499.48,7499.62,7499.62,7495.08,7496.18,,true,0,7.51,-5.77,,,,true,0,13.06,-10.57,,,,true,0,20.7,-16.78,,,,,,false,0,20.7,,,,
1869,2026-07-02 09:30:00,2026-07-02,09:30:00,7500,7498,7502,from_below,false,7483.22,7495.13,7515.52,7495.13,7514.34,-14.34,true,20.02,0,14.36,0,20.02,-14.36,true,35.89,0,33.54,0,35.89,-33.54,true,40.45,0,35.74,0,40.45,-35.74,false,false,true,40.75,0,10,0,40.75,-10
1870,2026-07-02 10:40:00,2026-07-02,10:40:00,7500,7498,7502,from_above,false,7511.88,7511.89,7513.16,7490.89,7495.34,-4.66,true,4.04,9.74,-0.61,4.04,9.74,-0.61,true,4.04,12.63,3.84,4.04,12.63,3.84,true,5.37,31.02,-12.17,5.37,31.02,-12.17,false,false,true,5.37,31.02,-19.09,5.37,31.02,-19.09
1871,2026-07-02 10:45:00,2026-07-02,10:45:00,7500,7498,7502,from_below,true,7495.34,7495.52,7504.04,7490.26,7499.39,0.61,true,3.89,12.63,-7.66,12.63,3.89,7.66,true,5.37,12.63,-12.19,12.63,5.37,12.19,true,5.37,31.02,-27.28,31.02,5.37,27.28,true,true,true,5.37,31.02,-24.25,31.02,5.37,24.25
1872,2026-07-02 10:50:00,2026-07-02,10:50:00,7500,7498,7502,continuation_in_zone,true,7499.39,7499.42,7503.89,7487.37,7492.34,,true,3.96,8.11,3.84,,,,true,5.37,31.02,-19.83,,,,true,5.37,31.02,-14.47,,,,,,true,5.37,32.42,-27.23,,,
1873,2026-07-02 10:55:00,2026-07-02,10:55:00,7500,7498,7502,from_below,true,7492.34,7491.95,7503.96,7491.89,7503.84,-3.84,true,5.37,12.19,-12.19,12.19,5.37,12.19,true,5.37,31.02,-12.17,31.02,5.37,12.17,true,5.37,31.02,-23.38,31.02,5.37,23.38,true,true,true,5.37,32.42,-26.26,32.42,5.37,26.26
1874,2026-07-02 11:00:00,2026-07-02,11:00:00,7500,7498,7502,from_above,true,7503.84,7504.25,7505.37,7487.81,7487.81,-12.19,true,0,31.02,-19.83,0,31.02,-19.83,true,0,31.02,-27.28,0,31.02,-27.28,true,0,31.02,-11.99,0,31.02,-11.99,false,false,true,0,35.73,-29.38,0,35.73,-29.38
1875,2026-07-02 12:35:00,2026-07-02,12:35:00,7450,7448,7452,from_above,false,7455.17,7455.16,7457.61,7448.81,7453.27,3.27,true,10.2,0,9.7,10.2,0,9.7,true,10.48,0,5.47,10.48,0,5.47,true,10.48,18.3,-8,10.48,18.3,-8,false,true,true,10.48,18.3,-15.88,10.48,18.3,-15.88
1876,2026-07-02 12:55:00,2026-07-02,12:55:00,7450,7448,7452,from_above,false,7455.47,7455.44,7455.47,7445.26,7448.7,-1.3,true,0,16.65,-14.15,0,16.65,-14.15,true,0,18.3,-5.8,0,18.3,-5.8,true,0,18.3,-7.29,0,18.3,-7.29,false,false,true,0,22.44,-20.69,0,22.44,-20.69
1877,2026-07-02 13:00:00,2026-07-02,13:00:00,7450,7448,7452,continuation_in_zone,true,7448.7,7448.73,7449.33,7433.35,7435.85,,true,0,18.3,-8,,,,true,0,18.3,-8.62,,,,true,0,18.3,-8.54,,,,,,true,0,22.45,-13.63,,,
1878,2026-07-02 13:15:00,2026-07-02,13:15:00,7450,7448,7452,from_below,false,7444.2,7444.36,7448.54,7441.21,7441.38,8.62,true,0,9.95,-9.32,9.95,0,9.32,true,0,11.14,-8.54,11.14,0,8.54,true,0,20.78,-16.78,20.78,0,16.78,true,true,true,5.78,22.45,-5.95,22.45,5.78,5.95
1879,2026-07-02 14:05:00,2026-07-02,14:05:00,7450,7448,7452,from_below,false,7436.37,7436.38,7451.6,7436.25,7451.6,-1.6,true,5.78,1.55,-0.43,1.55,5.78,0.43,true,5.78,8.52,-1.37,8.52,5.78,1.37,true,11.09,8.52,8.35,8.52,11.09,-8.35,false,false,true,12.57,9.28,-4.04,9.28,12.57,4.04
1880,2026-07-02 14:10:00,2026-07-02,14:10:00,7450,7448,7452,continuation_in_zone,true,7451.6,7451.63,7455.78,7448.45,7449.57,,true,0.44,8.52,-5.95,,,,true,4.63,8.52,4.39,,,,true,11.09,8.52,7.59,,,,,,true,12.57,9.28,-2.33,,,
1881,2026-07-02 14:15:00,2026-07-02,14:15:00,7450,7448,7452,continuation_in_zone,true,7449.57,7449.56,7450.44,7441.48,7444.05,,true,0,6.19,-1.37,,,,true,11.09,6.19,6.17,,,,true,11.09,6.19,9.62,,,,,,true,12.57,9.28,-3.94,,,
1882,2026-07-02 14:20:00,2026-07-02,14:20:00,7450,7448,7452,from_below,true,7444.05,7444.06,7449.82,7443.81,7448.63,1.37,true,4.63,2.57,4.39,2.57,4.63,-4.39,true,11.09,2.57,8.35,2.57,11.09,-8.35,true,12.57,2.57,5.98,2.57,12.57,-5.98,false,false,true,12.57,9.28,-6.65,9.28,12.57,6.65
1883,2026-07-02 14:25:00,2026-07-02,14:25:00,7450,7448,7452,continuation_in_zone,true,7448.63,7448.66,7454.63,7447.43,7454.39,,true,11.09,0,6.17,,,,true,11.09,0,7.59,,,,true,12.57,0,6.81,,,,,,true,12.57,9.28,0.42,,,
1884,2026-07-02 15:00:00,2026-07-02,15:00:00,7450,7448,7452,from_above,false,7456.81,7456.74,7458.47,7443.18,7443.34,-6.66,true,0,9.28,-4.04,0,9.28,-4.04,true,0,9.28,-3.94,0,9.28,-3.94,true,6.72,9.28,6.33,6.72,9.28,6.33,false,false,true,33.55,9.28,33.23,33.55,9.28,33.23
1885,2026-07-02 15:10:00,2026-07-02,15:10:00,7450,7448,7452,from_below,false,7445.96,7445.81,7449.45,7442.83,7447.67,2.33,true,0,7.36,-3.94,7.36,0,3.94,true,3.91,8.18,0.42,8.18,3.91,-0.42,true,10.98,8.18,9.94,8.18,10.98,-9.94,false,false,false,33.55,8.18,,8.18,33.55,
1886,2026-07-02 15:15:00,2026-07-02,15:15:00,7450,7448,7452,from_below,true,7447.67,7447.6,7448.37,7442.64,7446.06,3.94,true,0,7.43,-6.65,7.43,0,6.65,true,6.72,8.18,6.33,8.18,6.72,-6.33,true,10.98,8.18,10.21,8.18,10.98,-10.21,false,false,false,33.55,8.18,,8.18,33.55,
1887,2026-07-02 15:25:00,2026-07-02,15:25:00,7450,7448,7452,from_below,false,7443.35,7443.19,7453.91,7441.82,7450.42,-0.42,true,6.72,0.59,6.33,0.59,6.72,-6.33,true,10.98,0.59,9.94,0.59,10.98,-9.94,true,33.55,0.59,27.62,0.59,33.55,-27.62,false,false,false,33.55,0.59,,0.59,33.55,
1888,2026-07-02 15:30:00,2026-07-02,15:30:00,7450,7448,7452,continuation_in_zone,true,7450.42,7450.36,7456.72,7449.41,7456.33,,true,9.13,0,8.2,,,,true,10.98,0,10.21,,,,true,33.55,0,33.23,,,,,,false,33.55,0,,,,
1889,2026-07-06 09:35:00,2026-07-06,09:35:00,7500,7498,7502,from_above,false,7519.79,7519.57,7519.57,7500.97,7510.3,10.3,true,12.94,0,12.87,12.94,0,12.87,true,22.15,0,16.84,22.15,0,16.84,true,22.15,0,15.54,22.15,0,15.54,true,true,true,29.17,0,23.78,29.17,0,23.78
1890,2026-07-06 15:00:00,2026-07-06,15:00:00,7550,7548,7552,from_below,false,7546.67,7546.8,7549,7544.53,7546.63,3.37,true,0,5.21,-4.12,5.21,0,4.12,true,0,5.45,-0.93,5.45,0,0.93,true,1.31,5.45,-2.42,5.45,1.31,2.42,true,false,true,1.31,14.3,-12.58,14.3,1.31,12.58
1891,2026-07-06 15:15:00,2026-07-06,15:15:00,7550,7548,7552,from_below,false,7545.8,7545.78,7549.37,7544.55,7549.07,0.93,true,1.31,1.92,0.84,1.92,1.31,-0.84,true,1.31,3.12,-2.42,3.12,1.31,2.42,true,1.31,5.02,-3.42,5.02,1.31,3.42,true,false,false,1.31,14.3,,14.3,1.31,
1892,2026-07-06 15:20:00,2026-07-06,15:20:00,7550,7548,7552,continuation_in_zone,true,7549.07,7549.03,7551.31,7548.08,7550.84,,true,1.26,1.07,0.39,,,,true,1.26,5.02,-3.2,,,,true,1.26,11.16,-11.02,,,,,,false,1.26,14.3,,,,
1893,2026-07-06 15:25:00,2026-07-06,15:25:00,7550,7548,7552,continuation_in_zone,true,7550.84,7550.9,7551.26,7548.93,7550.39,,true,0.39,3.12,-2.42,,,,true,0.39,5.02,-2.32,,,,true,0.39,14.3,-11.67,,,,,,false,0.39,14.3,,,,
1894,2026-07-06 15:30:00,2026-07-06,15:30:00,7550,7548,7552,continuation_in_zone,true,7550.39,7550.36,7550.36,7546.88,7547.58,,true,0,5.02,-3.2,,,,true,0,5.02,-3.42,,,,true,0,14.3,-12.58,,,,,,false,0,14.3,,,,
1895,2026-07-06 15:35:00,2026-07-06,15:35:00,7550,7548,7552,from_below,true,7547.58,7547.71,7548.35,7544.98,7546.8,3.2,true,0,4.53,-2.32,4.53,0,2.32,true,0,11.16,-11.02,11.16,0,11.02,true,0,14.3,-12.58,14.3,0,12.58,true,true,false,0,14.3,,14.3,0,
1896,2026-07-06 15:45:00,2026-07-06,15:45:00,7550,7548,7552,from_below,false,7547.68,7547.68,7549.7,7546.5,7546.58,3.42,true,0,11.16,-11.02,11.16,0,11.02,true,0,14.3,-12.58,14.3,0,12.58,false,0,14.3,,14.3,0,,,,false,0,14.3,,14.3,0,
1897,2026-07-07 10:10:00,2026-07-07,10:10:00,7500,7498,7502,from_above,false,7508.66,7508.94,7508.94,7497.04,7497.04,-2.96,true,1.32,8.92,0.79,1.32,8.92,0.79,true,3.02,13.29,-7.01,3.02,13.29,-7.01,true,3.02,21.37,-16.6,3.02,21.37,-16.6,false,false,true,3.02,21.37,-12.94,3.02,21.37,-12.94
1898,2026-07-07 10:15:00,2026-07-07,10:15:00,7500,7498,7502,from_below,true,7497.04,7496.62,7501.32,7491.08,7500.79,-0.79,true,3.02,8,-7.72,8,3.02,7.72,true,3.02,13.29,-10.23,13.29,3.02,10.23,true,3.02,21.37,-12.31,21.37,3.02,12.31,true,true,true,3.02,21.37,-14.54,21.37,3.02,14.54
1899,2026-07-07 10:20:00,2026-07-07,10:20:00,7500,7498,7502,continuation_in_zone,true,7500.79,7501.19,7503.02,7492,7492.28,,true,0,13.29,-7.01,,,,true,0,14.51,-14.27,,,,true,0,21.37,-7.79,,,,,,true,0,21.37,-15.01,,,
1900,2026-07-07 11:45:00,2026-07-07,11:45:00,7500,7498,7502,from_below,false,7490.52,7490.74,7498.64,7490.74,7493.68,6.32,true,0,6.66,-2.86,6.66,0,2.86,true,5.08,6.66,3.34,6.66,5.08,-3.34,true,8.63,6.66,7.73,6.66,8.63,-7.73,false,false,true,18.47,6.66,18.29,6.66,18.47,-18.29
1901,2026-07-07 11:50:00,2026-07-07,11:50:00,7500,7498,7502,from_below,true,7493.68,7493.5,7499.61,7493.34,7497.14,2.86,true,0.91,4.95,0.43,4.95,0.91,-0.43,true,7.68,4.95,2.08,4.95,7.68,-2.08,true,15.66,4.95,12.71,4.95,15.66,-12.71,false,false,true,18.91,4.95,15.28,4.95,18.91,-15.28
1902,2026-07-07 11:55:00,2026-07-07,11:55:00,7500,7498,7502,from_below,true,7497.14,7497.06,7500.91,7495.05,7500.43,-0.43,true,5.08,0.22,3.34,0.22,5.08,-3.34,true,8.63,0.52,7.8,0.52,8.63,-7.8,true,17.29,0.52,16,0.52,17.29,-16,false,false,true,18.91,0.52,16.81,0.52,18.91,-16.81
1903,2026-07-07 12:00:00,2026-07-07,12:00:00,7500,7498,7502,continuation_in_zone,true,7500.43,7500.83,7505.08,7499.78,7503.34,,true,7.68,0.52,2.08,,,,true,8.63,0.52,7.73,,,,true,17.54,0.52,13.65,,,,,,true,19.14,0.52,19.05,,,
1904,2026-07-07 12:05:00,2026-07-07,12:05:00,7500,7498,7502,from_above,true,7503.34,7503.62,7507.68,7499.48,7502.08,2.08,true,8.63,0,7.8,8.63,0,7.8,true,15.66,0,12.71,15.66,0,12.71,true,17.54,0,15.17,17.54,0,15.17,true,true,true,20.54,0,18.69,20.54,0,18.69
1905,2026-07-07 14:55:00,2026-07-07,14:55:00,7500,7498,7502,from_above,false,7503.7,7504.04,7505.94,7501.25,7501.69,1.69,true,2.94,4.61,-1.59,2.94,4.61,-1.59,true,2.94,8.14,-5.53,2.94,8.14,-5.53,true,2.94,13.02,-6.75,2.94,13.02,-6.75,false,false,true,6.02,13.02,3.35,6.02,13.02,3.35
1906,2026-07-07 15:00:00,2026-07-07,15:00:00,7500,7498,7502,continuation_in_zone,true,7501.69,7501.69,7502.94,7495.39,7498.41,,true,2.34,6.64,-6.37,,,,true,2.34,13.02,-7.39,,,,true,2.34,13.02,-0.81,,,,,,true,6.02,13.02,3.84,,,
1907,2026-07-07 15:05:00,2026-07-07,15:05:00,7500,7498,7502,continuation_in_zone,true,7498.41,7498.69,7502.34,7493.36,7493.63,,true,0,8.14,-5.53,,,,true,0,13.02,-3.43,,,,true,0,13.02,-6.12,,,,,,true,6.02,13.02,3.84,,,
1908,2026-07-07 15:30:00,2026-07-07,15:30:00,7500,7498,7502,from_below,false,7493.25,7493.48,7499.45,7493.48,7499.19,0.81,true,0,7.01,-6.12,7.01,0,6.12,true,0,9.53,-3.65,9.53,0,3.65,true,6.02,9.53,3.84,9.53,6.02,-3.84,true,false,false,6.02,9.53,,9.53,6.02,
1909,2026-07-07 15:35:00,2026-07-07,15:35:00,7500,7498,7502,continuation_in_zone,true,7499.19,7499.2,7499.2,7492.99,7493.88,,true,0,9.53,-8.55,,,,true,3.75,9.53,3.75,,,,true,6.02,9.53,3.84,,,,,,false,6.02,9.53,,,,
1910,2026-07-07 15:50:00,2026-07-07,15:50:00,7500,7498,7502,from_below,false,7496.35,7496.49,7503.75,7496.49,7503.75,-3.75,true,6.02,0.89,3.35,0.89,6.02,-3.35,true,6.02,0.89,3.84,0.89,6.02,-3.84,false,6.02,0.89,,0.89,6.02,,,,false,6.02,0.89,,0.89,6.02,
1911,2026-07-07 15:55:00,2026-07-07,15:55:00,7500,7498,7502,from_above,true,7503.75,7503.87,7506.02,7499.11,7503.35,3.35,true,3.86,0,3.84,3.86,0,3.84,false,3.86,0,,3.86,0,,false,3.86,0,,3.86,0,,,,false,3.86,0,,3.86,0,
1912,2026-07-08 10:35:00,2026-07-08,10:35:00,7450,7448,7452,from_above,false,7459.64,7459.52,7459.52,7448.54,7448.54,-1.46,true,3.18,3.99,1.33,3.18,3.99,1.33,true,4.97,14.36,-1.33,4.97,14.36,-1.33,true,4.97,14.36,-9.07,4.97,14.36,-9.07,false,false,true,4.97,28.18,-17.53,4.97,28.18,-17.53
1913,2026-07-08 10:40:00,2026-07-08,10:40:00,7450,7448,7452,continuation_in_zone,true,7448.54,7448.5,7453.18,7446.01,7451.33,,true,1.33,10.65,-10.57,,,,true,4.97,14.36,-4.69,,,,true,4.97,14.36,-12.69,,,,,,true,4.97,28.18,-16.8,,,
1914,2026-07-08 10:45:00,2026-07-08,10:45:00,7450,7448,7452,continuation_in_zone,true,7451.33,7450.95,7451.01,7439.35,7439.43,,true,4.97,14.36,-1.33,,,,true,4.97,14.36,-8.71,,,,true,4.97,19.91,-10.73,,,,,,true,4.97,28.18,-18.47,,,
1915,2026-07-08 10:50:00,2026-07-08,10:50:00,7450,7448,7452,from_below,true,7439.43,7439.35,7454.97,7435.64,7448.67,1.33,true,3.76,7.77,-4.69,7.77,3.76,4.69,true,3.76,9.47,-9.07,9.47,3.76,9.07,true,3.76,23.23,-22.22,23.23,3.76,22.22,true,true,true,3.76,28.18,-19.97,28.18,3.76,19.97
1916,2026-07-08 10:55:00,2026-07-08,10:55:00,7450,7448,7452,from_below,true,7448.67,7447.6,7453.76,7442.23,7445.31,4.69,true,0,9.39,-8.71,9.39,0,8.71,true,0,13.97,-12.69,13.97,0,12.69,true,0,27.94,-24.04,27.94,0,24.04,true,true,true,0,28.18,-17.21,28.18,0,17.21
1917,2026-07-08 12:10:00,2026-07-08,12:10:00,7450,7448,7452,from_below,false,7443.01,7443.04,7449.85,7443.04,7449,1,true,3.14,3.54,2.36,3.54,3.14,-2.36,true,9.99,3.54,7.81,3.54,9.99,-7.81,true,17.93,3.54,16.51,3.54,17.93,-16.51,false,false,true,24.58,3.54,19.8,3.54,24.58,-19.8
1918,2026-07-08 12:15:00,2026-07-08,12:15:00,7450,7448,7452,continuation_in_zone,true,7449,7449.41,7453.14,7446.46,7452.36,,true,8.98,0,3.79,,,,true,14.52,0,7.47,,,,true,20,0,19.5,,,,,,true,26.65,0,26.41,,,
1919,2026-07-08 12:35:00,2026-07-08,12:35:00,7450,7448,7452,from_above,false,7457.47,7457.43,7461.63,7451.86,7458.65,8.65,true,17.93,0,16.51,17.93,0,16.51,true,22.98,0,21.02,22.98,0,21.02,true,24.58,0,20.02,24.58,0,20.02,true,true,true,37.42,0,30.21,37.42,0,30.21
1920,2026-07-09 09:30:00,2026-07-09,09:30:00,7500,7498,7502,from_below,false,7482.7,7491.59,7500.84,7483.3,7500.34,-0.34,true,10.01,0.83,7.75,0.83,10.01,-7.75,true,14.89,0.83,7.72,0.83,14.89,-7.72,true,19.5,0.83,13.8,0.83,19.5,-13.8,false,false,true,19.5,18.26,2.55,18.26,19.5,-2.55
1921,2026-07-09 09:35:00,2026-07-09,09:35:00,7500,7498,7502,continuation_in_zone,true,7500.34,7500.37,7510.01,7499.17,7507.75,,true,12.04,0,9.65,,,,true,18.28,0,16.26,,,,true,19.5,0,7.29,,,,,,true,19.5,18.26,10.8,,,
1922,2026-07-09 10:10:00,2026-07-09,10:10:00,7500,7498,7502,from_above,false,7507.29,7506.97,7506.97,7499.79,7502.84,2.84,true,2.98,13.86,-11.65,2.98,13.86,-11.65,true,8.36,18.26,6.33,8.36,18.26,6.33,true,11.18,18.26,5.77,11.18,18.26,5.77,false,true,true,22.87,18.26,19.22,22.87,18.26,19.22
1923,2026-07-09 10:15:00,2026-07-09,10:15:00,7500,7498,7502,from_above,true,7502.84,7502.98,7502.98,7486.14,7488.35,-11.65,true,0,18.26,-4.77,0,18.26,-4.77,true,8.36,18.26,2.55,8.36,18.26,2.55,true,11.18,18.26,6.69,11.18,18.26,6.69,false,true,true,22.88,18.26,18.98,22.88,18.26,18.98
1924,2026-07-09 10:25:00,2026-07-09,10:25:00,7500,7498,7502,from_below,false,7495.23,7495.47,7508.36,7493.77,7506.33,-6.33,true,6.98,2.27,2.55,2.27,6.98,-2.55,true,11.18,2.27,5.77,2.27,11.18,-5.77,true,15.45,2.27,13.7,2.27,15.45,-13.7,false,false,true,26.81,2.27,25.01,2.27,26.81,-25.01
1925,2026-07-09 10:30:00,2026-07-09,10:30:00,7500,7498,7502,from_above,true,7506.33,7506.32,7506.98,7497.73,7502.55,2.55,true,10.8,0,10.8,10.8,0,10.8,true,11.18,0,6.69,11.18,0,6.69,true,16.1,0.62,15.41,16.1,0.62,15.41,true,true,true,26.81,0.62,22.91,26.81,0.62,22.91
1926,2026-07-09 10:50:00,2026-07-09,10:50:00,7500,7498,7502,from_above,false,7506.69,7506.71,7506.71,7499.38,7506.31,6.31,true,15.45,0,13.7,15.45,0,13.7,true,22.69,0,21.94,22.69,0,21.94,true,26.4,0,26.03,26.4,0,26.03,true,true,true,29.35,0,26.25,29.35,0,26.25
1927,2026-07-10 09:30:00,2026-07-10,09:30:00,7550,7548,7552,from_below,false,7543.63,7547.63,7556.63,7547.31,7553.29,-3.29,true,9.33,0,1.83,0,9.33,-1.83,true,9.33,6.65,6.86,6.65,9.33,-6.86,true,9.95,6.65,7.59,6.65,9.95,-7.59,false,false,true,9.95,41.83,-15.35,41.83,9.95,15.35
1928,2026-07-10 09:35:00,2026-07-10,09:35:00,7550,7548,7552,from_above,true,7553.29,7553.35,7559.33,7551.47,7551.83,1.83,true,1.88,6.65,-1.93,1.88,6.65,-1.93,true,8.89,6.65,6.15,8.89,6.65,6.15,true,9.95,6.65,7.49,9.95,6.65,7.49,true,false,true,9.95,41.83,-7.01,9.95,41.83,-7.01
1929,2026-07-10 09:40:00,2026-07-10,09:40:00,7550,7548,7552,continuation_in_zone,true,7551.83,7551.77,7551.88,7543.35,7548.07,,true,8.16,2.68,6.86,,,,true,9.29,2.68,5.35,,,,true,9.95,2.68,3.47,,,,,,true,9.95,41.83,-2.56,,,
1930,2026-07-10 09:45:00,2026-07-10,09:45:00,7550,7548,7552,from_below,true,7548.07,7547.73,7558.16,7547.32,7556.86,-6.86,true,8.89,0,6.15,0,8.89,-6.15,true,9.95,0,7.59,0,9.95,-7.59,true,9.95,0.15,2.1,0.15,9.95,-2.1,false,false,true,9.95,41.83,-0.24,41.83,9.95,0.24
1931,2026-07-10 10:05:00,2026-07-10,10:05:00,7550,7548,7552,from_above,false,7557.59,7557.76,7558.68,7551.57,7557.49,7.49,true,8.03,0,3.47,8.03,0,3.47,true,8.03,2.8,1.37,8.03,2.8,1.37,true,8.03,41.83,-7.01,8.03,41.83,-7.01,false,false,true,8.03,41.83,-7.09,8.03,41.83,-7.09
1932,2026-07-10 10:15:00,2026-07-10,10:15:00,7550,7548,7552,from_above,false,7553.47,7553.21,7555.76,7549.85,7552.1,2.1,true,3.69,2.8,1.37,3.69,2.8,1.37,true,6.97,41.83,-15.35,6.97,41.83,-15.35,true,6.97,41.83,-0.24,6.97,41.83,-0.24,false,false,true,7.4,41.83,3.25,7.4,41.83,3.25
1933,2026-07-10 10:20:00,2026-07-10,10:20:00,7550,7548,7552,from_above,true,7552.1,7552.39,7553.69,7547.2,7551.37,1.37,true,6.97,3.36,2.11,6.97,3.36,2.11,true,6.97,41.83,-7.01,6.97,41.83,-7.01,true,6.97,41.83,-4.82,6.97,41.83,-4.82,false,false,true,7.4,41.83,6.69,7.4,41.83,6.69
1934,2026-07-10 10:25:00,2026-07-10,10:25:00,7550,7548,7552,continuation_in_zone,true,7551.37,7551.24,7556.97,7546.64,7552.11,,true,6.59,41.83,-15.35,,,,true,6.59,41.83,-2.56,,,,true,6.59,41.83,-11.88,,,,,,true,10.4,41.83,8.72,,,
1935,2026-07-10 10:30:00,2026-07-10,10:30:00,7550,7548,7552,from_above,true,7552.11,7552.39,7556.59,7508.17,7534.65,-15.35,true,0,19.24,-7.01,0,19.24,-7.01,true,0.05,19.24,-0.24,0.05,19.24,-0.24,true,1.55,19.24,-14.51,1.55,19.24,-14.51,false,false,true,10.4,19.24,6.4,10.4,19.24,6.4
1936,2026-07-10 10:40:00,2026-07-10,10:40:00,7550,7548,7552,from_below,false,7542.99,7543.22,7548.2,7539.9,7547.44,2.56,true,0.05,6.95,-0.24,6.95,0.05,0.24,true,1.55,13.19,-11.88,13.19,1.55,11.88,true,1.55,17.62,-5.19,17.62,1.55,5.19,true,true,true,10.4,17.62,-3.46,17.62,10.4,3.46
1937,2026-07-10 10:45:00,2026-07-10,10:45:00,7550,7548,7552,from_below,true,7547.44,7547.65,7550.05,7543.05,7549.76,0.24,true,1.55,4.82,-4.82,4.82,1.55,4.82,true,1.55,14.91,-14.51,14.91,1.55,14.51,true,7.4,17.62,3.25,17.62,7.4,-3.25,true,true,true,10.4,17.62,1.11,17.62,10.4,-1.11
1938,2026-07-10 10:50:00,2026-07-10,10:50:00,7550,7548,7552,continuation_in_zone,true,7549.76,7549.69,7551.55,7545.18,7545.18,,true,0,13.19,-11.88,,,,true,0,17.62,-7.09,,,,true,7.4,17.62,6.69,,,,,,true,10.4,17.62,4.45,,,
1939,2026-07-10 11:15:00,2026-07-10,11:15:00,7550,7548,7552,from_below,false,7544.81,7544.85,7557.4,7544.85,7553.25,-3.25,true,6.69,0,6.69,0,6.69,-6.69,true,10.4,0,6.4,0,10.4,-6.4,true,10.4,9.39,1.11,9.39,10.4,-1.11,false,false,true,13.43,9.39,12.02,9.39,13.43,-12.02
1940,2026-07-10 11:20:00,2026-07-10,11:20:00,7550,7548,7552,from_above,true,7553.25,7553.31,7556.69,7551.1,7556.69,6.69,true,10.4,0,8.72,10.4,0,8.72,true,10.4,0.12,0.19,10.4,0.12,0.19,true,10.4,9.39,4.45,10.4,9.39,4.45,true,true,true,13.43,9.39,10.24,13.43,9.39,10.24
1941,2026-07-10 11:35:00,2026-07-10,11:35:00,7550,7548,7552,from_above,false,7556.4,7556.65,7556.85,7549.88,7550.19,0.19,true,1.3,9.39,-3.46,1.3,9.39,-3.46,true,5.5,9.39,4.45,5.5,9.39,4.45,true,9.14,9.39,5.77,9.14,9.39,5.77,false,false,true,13.43,9.39,9.16,13.43,9.39,9.16
1942,2026-07-10 11:40:00,2026-07-10,11:40:00,7550,7548,7552,continuation_in_zone,true,7550.19,7550.34,7551.3,7540.61,7546.54,,true,2.84,7.33,1.11,,,,true,5.5,7.33,4.27,,,,true,9.14,7.33,8.31,,,,,,true,13.43,7.33,12.42,,,
1943,2026-07-10 11:45:00,2026-07-10,11:45:00,7550,7548,7552,from_below,true,7546.54,7546.71,7552.84,7542.67,7551.11,-1.11,true,5.5,0.39,4.45,0.39,5.5,-4.45,true,9.14,0.39,8.09,0.39,9.14,-8.09,true,13.43,0.39,12.02,0.39,13.43,-12.02,false,false,true,15.42,0.39,14.69,0.39,15.42,-14.69
1944,2026-07-10 11:50:00,2026-07-10,11:50:00,7550,7548,7552,continuation_in_zone,true,7551.11,7551.34,7555.5,7549.61,7554.45,,true,5.33,0,4.27,,,,true,9.14,0,5.77,,,,true,13.43,0,10.24,,,,,,true,16.57,0,16.33,,,
1945,2026-07-10 11:55:00,2026-07-10,11:55:00,7550,7548,7552,from_above,true,7554.45,7554.34,7555.33,7551.7,7554.27,4.27,true,9.14,0,8.09,9.14,0,8.09,true,9.14,0,8.31,9.14,0,8.31,true,13.43,0,8.23,13.43,0,8.23,true,true,true,17.79,0,16.37,17.79,0,16.37
1946,2026-07-13 09:30:00,2026-07-13,09:30:00,7550,7548,7552,from_below,false,7575.38,7547.52,7565.38,7547.52,7559.79,-9.79,true,13.38,0,8.06,0,13.38,-8.06,true,13.38,1.85,4.53,1.85,13.38,-4.53,true,14.91,5.81,3.23,5.81,14.91,-3.23,false,false,true,14.91,20.66,1.91,20.66,14.91,-1.91
1947,2026-07-13 09:40:00,2026-07-13,09:40:00,7550,7548,7552,from_above,false,7558.06,7557.89,7557.89,7550.25,7555.59,5.59,true,6.42,1.85,4.53,6.42,1.85,4.53,true,12.96,5.81,11.75,12.96,5.81,11.75,true,14.91,5.81,8.89,14.91,5.81,8.89,true,true,true,14.91,20.66,-8.75,14.91,20.66,-8.75
1948,2026-07-13 09:45:00,2026-07-13,09:45:00,7550,7548,7552,from_above,true,7555.59,7555.62,7556.42,7548.15,7554.53,4.53,true,4.82,5.81,1.67,4.82,5.81,1.67,true,14.91,5.81,3.23,14.91,5.81,3.23,true,14.91,20.66,-6.19,14.91,20.66,-6.19,false,true,true,14.91,20.66,-0.01,14.91,20.66,-0.01
1949,2026-07-13 09:50:00,2026-07-13,09:50:00,7550,7548,7552,from_above,true,7554.53,7554.64,7554.82,7544.19,7551.67,1.67,true,12.96,0.42,11.75,12.96,0.42,11.75,true,14.91,1.35,3.42,14.91,1.35,3.42,true,14.91,20.66,3.7,14.91,20.66,3.7,false,true,true,14.91,20.66,-6.76,14.91,20.66,-6.76
1950,2026-07-13 09:55:00,2026-07-13,09:55:00,7550,7548,7552,continuation_in_zone,true,7551.67,7551.28,7562.96,7549.58,7561.75,,true,14.91,0,3.23,,,,true,14.91,1.35,8.89,,,,true,14.91,20.66,6.9,,,,,,true,14.91,20.66,3.76,,,
1951,2026-07-13 10:05:00,2026-07-13,10:05:00,7550,7548,7552,from_above,false,7553.23,7553.23,7555.29,7548.65,7553.42,3.42,true,9.65,0,8.89,9.65,0,8.89,true,9.82,20.66,3.7,9.82,20.66,3.7,true,9.82,20.66,-1.56,9.82,20.66,-1.56,false,false,true,9.82,20.66,-1.7,9.82,20.66,-1.7
1952,2026-07-13 10:15:00,2026-07-13,10:15:00,7550,7548,7552,from_above,false,7558.89,7558.98,7559.82,7529.34,7543.81,-6.19,true,4.28,8.77,3.7,4.28,8.77,3.7,true,8.57,8.77,1.91,8.57,8.77,1.91,true,8.57,13.81,-0.01,8.57,13.81,-0.01,false,false,true,8.57,13.81,-1.08,8.57,13.81,-1.08
1953,2026-07-13 10:20:00,2026-07-13,10:20:00,7550,7548,7552,from_below,true,7543.81,7544.19,7554.28,7541.23,7553.7,-3.7,true,7.49,0,6.9,0,7.49,-6.9,true,8.57,4.34,-1.56,4.34,8.57,1.56,true,8.57,13.81,-6.76,13.81,8.57,6.76,true,true,true,8.57,13.81,0.63,13.81,8.57,-0.63
1954,2026-07-13 10:25:00,2026-07-13,10:25:00,7550,7548,7552,from_above,true,7553.7,7553.44,7557.49,7551.63,7556.9,6.9,true,8.57,0,1.91,8.57,0,1.91,true,8.57,10.95,-8.75,8.57,10.95,-8.75,true,8.57,13.81,3.76,8.57,13.81,3.76,false,false,true,8.57,13.81,-0.16,8.57,13.81,-0.16
1955,2026-07-13 10:30:00,2026-07-13,10:30:00,7550,7548,7552,from_above,true,7556.9,7557.1,7558.57,7551.88,7551.91,1.91,true,2.74,4.34,-1.56,2.74,4.34,-1.56,true,2.74,13.81,-0.01,2.74,13.81,-0.01,true,6.82,13.81,-0.07,6.82,13.81,-0.07,false,false,true,6.82,13.81,-1.87,6.82,13.81,-1.87
1956,2026-07-13 10:35:00,2026-07-13,10:35:00,7550,7548,7552,from_above,true,7551.91,7552.33,7552.74,7545.66,7548.44,-1.56,true,0,10.95,-8.75,0,10.95,-8.75,true,0.49,13.81,-6.76,0.49,13.81,-6.76,true,6.82,13.81,-1.7,6.82,13.81,-1.7,false,false,true,6.82,13.81,-2.71,6.82,13.81,-2.71
1957,2026-07-13 10:40:00,2026-07-13,10:40:00,7550,7548,7552,continuation_in_zone,true,7548.44,7548.52,7548.54,7539.05,7541.25,,true,0.19,13.81,-0.01,,,,true,4.1,13.81,3.76,,,,true,6.82,13.81,-3.02,,,,,,true,6.82,13.81,-6.05,,,
1958,2026-07-13 10:45:00,2026-07-13,10:45:00,7550,7548,7552,from_below,true,7541.25,7541.02,7550.19,7536.19,7549.99,0.01,true,0.49,7.87,-6.76,7.87,0.49,6.76,true,6.82,7.92,-0.07,7.92,6.82,0.07,true,6.82,7.92,-1.08,7.92,6.82,1.08,true,false,true,6.82,8.61,-6.84,8.61,6.82,6.84
1959,2026-07-13 10:50:00,2026-07-13,10:50:00,7550,7548,7552,continuation_in_zone,true,7549.99,7550.19,7550.49,7542.13,7543.24,,true,4.1,7.92,3.76,,,,true,6.82,7.92,-1.7,,,,true,6.82,7.92,0.63,,,,,,true,6.82,12.11,-7.78,,,
1960,2026-07-13 10:55:00,2026-07-13,10:55:00,7550,7548,7552,from_below,true,7543.24,7543.36,7554.1,7542.08,7553.76,-3.76,true,6.82,0.54,-0.07,0.54,6.82,0.07,true,6.82,4.73,-3.02,4.73,6.82,3.02,true,6.82,4.73,-0.16,4.73,6.82,0.16,false,false,true,6.82,12.73,-11.72,12.73,6.82,11.72
1961,2026-07-13 11:00:00,2026-07-13,11:00:00,7550,7548,7552,from_above,true,7553.76,7553.69,7556.82,7549.46,7549.93,-0.07,true,2.01,2.39,-1.7,2.01,2.39,-1.7,true,2.01,4.73,-1.08,2.01,4.73,-1.08,true,2.01,4.73,-1.87,2.01,4.73,-1.87,false,false,true,2.01,13.99,-12.89,2.01,13.99,-12.89
1962,2026-07-13 11:05:00,2026-07-13,11:05:00,7550,7548,7552,continuation_in_zone,true,7549.93,7549.95,7552.01,7547.61,7548.3,,true,1.78,4.73,-3.02,,,,true,1.78,4.73,0.63,,,,true,1.78,4.88,-2.71,,,,,,true,1.78,13.99,-9.12,,,
1963,2026-07-13 11:10:00,2026-07-13,11:10:00,7550,7548,7552,continuation_in_zone,true,7548.3,7548.39,7551.78,7545.27,7546.98,,true,0,4.63,-1.08,,,,true,1.63,4.63,-0.16,,,,true,1.63,6.57,-6.05,,,,,,true,1.63,13.99,-9.45,,,
1964,2026-07-13 11:15:00,2026-07-13,11:15:00,7550,7548,7552,from_below,true,7546.98,7546.98,7549.66,7545.37,7548.92,1.08,true,1.63,2.18,0.63,2.18,1.63,-0.63,true,1.63,4.23,-1.87,4.23,1.63,1.87,true,1.63,8.61,-6.84,8.61,1.63,6.84,true,false,true,1.63,17.31,-15.24,17.31,1.63,15.24
1965,2026-07-13 11:20:00,2026-07-13,11:20:00,7550,7548,7552,continuation_in_zone,true,7548.92,7548.74,7551.63,7547.82,7550.63,,true,1.12,4.23,-0.16,,,,true,1.51,4.88,-2.71,,,,true,1.51,12.11,-7.78,,,,,,true,1.51,18.06,-17.31,,,
1966,2026-07-13 11:25:00,2026-07-13,11:25:00,7550,7548,7552,continuation_in_zone,true,7550.63,7550.46,7551.12,7545.77,7549.84,,true,1.51,3.29,-1.87,,,,true,1.51,6.57,-6.05,,,,true,1.51,12.73,-11.72,,,,,,true,1.51,24.06,-21.31,,,
1967,2026-07-13 11:30:00,2026-07-13,11:30:00,7550,7548,7552,continuation_in_zone,true,7549.84,7550.09,7551.51,7546.71,7548.13,,true,0,4.88,-2.71,,,,true,0,8.61,-6.84,,,,true,0,13.99,-12.89,,,,,,true,0,28.2,-27.94,,,
1968,2026-07-13 11:35:00,2026-07-13,11:35:00,7550,7548,7552,continuation_in_zone,true,7548.13,7548.02,7548.96,7545.12,7547.29,,true,0,6.57,-6.05,,,,true,0,12.11,-7.78,,,,true,0,13.99,-9.12,,,,,,true,0,35.35,-24.99,,,
1969,2026-07-14 10:30:00,2026-07-14,10:30:00,7550,7548,7552,from_below,false,7533.85,7533.71,7557.43,7531.71,7547.05,2.95,true,0,7.58,-4.26,7.58,0,4.26,true,0,16.29,-15.52,16.29,0,15.52,true,4.73,18.94,0.52,18.94,4.73,-0.52,true,true,true,6.76,18.94,-3.38,18.94,6.76,3.38
1970,2026-07-14 10:40:00,2026-07-14,10:40:00,7550,7548,7552,from_below,false,7545.74,7545.72,7548.48,7536.56,7538.04,11.96,true,0,16.29,-15.52,16.29,0,15.52,true,0,18.94,-6.95,18.94,0,6.95,true,6.76,18.94,2.08,18.94,6.76,-2.08,true,true,true,6.76,18.94,-7.64,18.94,6.76,7.64
1971,2026-07-14 11:00:00,2026-07-14,11:00:00,7550,7548,7552,from_below,false,7543.05,7543.11,7554.73,7538.91,7550.52,-0.52,true,6.76,1.24,5.01,1.24,6.76,-5.01,true,6.76,5.95,-4,5.95,6.76,4,true,6.76,6.61,-3.38,6.61,6.76,3.38,false,false,true,6.76,22.94,-20.7,22.94,6.76,20.7
1972,2026-07-14 11:05:00,2026-07-14,11:05:00,7550,7548,7552,continuation_in_zone,true,7550.52,7550.22,7556.76,7548.76,7555.01,,true,5.91,0.09,2.08,,,,true,5.91,6.61,1.3,,,,true,5.91,7.6,-4.97,,,,,,true,5.91,23.18,-18.85,,,
1973,2026-07-14 11:10:00,2026-07-14,11:10:00,7550,7548,7552,from_above,true,7555.01,7554.84,7555.91,7549.91,7552.08,2.08,true,3.09,5.95,-4,3.09,5.95,-4,true,3.46,6.61,2.93,3.46,6.61,2.93,true,4.66,15.54,-7.64,4.66,15.54,-7.64,false,false,true,4.66,23.18,-18.26,4.66,23.18,-18.26
1974,2026-07-14 11:15:00,2026-07-14,11:15:00,7550,7548,7552,from_above,true,7552.08,7552.03,7553.09,7544.05,7546,-4,true,1.3,6.61,1.3,1.3,6.61,1.3,true,4.66,6.61,-3.38,4.66,6.61,-3.38,true,4.66,15.54,-7.13,4.66,15.54,-7.13,false,false,true,4.66,23.18,-19.26,4.66,23.18,-19.26
1975,2026-07-14 11:20:00,2026-07-14,11:20:00,7550,7548,7552,from_below,true,7546,7546.11,7551.3,7543.39,7551.3,-1.3,true,3.46,0.38,2.93,0.38,3.46,-2.93,true,4.66,7.6,-4.97,7.6,4.66,4.97,true,4.66,15.54,-13.24,15.54,4.66,13.24,true,true,true,4.66,23.18,-20.03,23.18,4.66,20.03
1976,2026-07-14 11:25:00,2026-07-14,11:25:00,7550,7548,7552,continuation_in_zone,true,7551.3,7551.43,7553.46,7549.62,7552.93,,true,4.66,4.2,-3.38,,,,true,4.66,15.54,-7.64,,,,true,4.66,16.99,-13.41,,,,,,true,4.66,23.18,-15.55,,,
1977,2026-07-14 11:30:00,2026-07-14,11:30:00,7550,7548,7552,from_above,true,7552.93,7553.07,7554.66,7545.8,7546.62,-3.38,true,0,7.6,-4.97,0,7.6,-4.97,true,0,15.54,-7.13,0,15.54,-7.13,true,0,22.94,-20.7,0,22.94,-20.7,false,false,true,0,23.18,-12.76,0,23.18,-12.76
1978,2026-07-14 13:10:00,2026-07-14,13:10:00,7550,7548,7552,from_below,false,7547.39,7547.41,7548.55,7544.77,7544.77,5.23,true,0,6.87,-2.78,6.87,0,2.78,true,1.94,6.87,-0.43,6.87,1.94,0.43,true,1.94,6.87,-3.32,6.87,1.94,3.32,true,false,true,2.57,6.87,2.32,6.87,2.57,-2.32
1979,2026-07-14 13:20:00,2026-07-14,13:20:00,7550,7548,7552,from_below,false,7547.22,7547.18,7551.94,7547.18,7550.98,-0.98,true,1.76,1.19,-0.43,1.19,1.76,0.43,true,1.76,5.41,-2.57,5.41,1.76,2.57,true,1.76,5.62,-1.42,5.62,1.76,1.42,true,false,true,4.16,5.62,0.53,5.62,4.16,-0.53
1980,2026-07-14 13:25:00,2026-07-14,13:25:00,7550,7548,7552,continuation_in_zone,true,7550.98,7550.92,7551.76,7548.81,7549.57,,true,1.37,3.08,-3.08,,,,true,1.37,5.41,-3.32,,,,true,1.37,5.62,-1.19,,,,,,true,4.16,5.62,1.17,,,
1981,2026-07-14 13:30:00,2026-07-14,13:30:00,7550,7548,7552,continuation_in_zone,true,7549.57,7549.53,7551.37,7546.92,7546.92,,true,0,5.41,-2.57,,,,true,0,5.62,-2.64,,,,true,0.77,5.62,0.74,,,,,,true,4.16,5.62,1.09,,,
1982,2026-07-14 13:45:00,2026-07-14,13:45:00,7550,7548,7552,from_below,false,7546.68,7546.84,7548.69,7544.38,7547.36,2.64,true,0,2.73,-1.42,2.73,0,1.42,true,0.77,4.3,0.74,4.3,0.77,-0.74,true,4.01,4.3,2.29,4.3,4.01,-2.29,true,false,true,4.16,4.91,-3.69,4.91,4.16,3.69
1983,2026-07-14 13:50:00,2026-07-14,13:50:00,7550,7548,7552,from_below,true,7547.36,7547.31,7549.29,7547.27,7548.58,1.42,true,0,2.29,-1.19,2.29,0,1.19,true,1.49,4.3,0.74,4.3,1.49,-0.74,true,4.16,4.3,0.53,4.3,4.16,-0.53,true,false,true,4.16,4.91,-0.91,4.91,4.16,0.91
1984,2026-07-14 13:55:00,2026-07-14,13:55:00,7550,7548,7552,continuation_in_zone,true,7548.58,7548.62,7549.35,7547.71,7548.81,,true,0.77,4.3,0.74,,,,true,2.57,4.3,2.32,,,,true,4.16,4.3,1.17,,,,,,true,4.16,4.91,-1.61,,,
1985,2026-07-14 14:00:00,2026-07-14,14:00:00,7550,7548,7552,continuation_in_zone,true,7548.81,7548.79,7550.77,7545.7,7550.74,,true,1.49,0.81,0.74,,,,true,4.01,0.81,2.29,,,,true,4.16,0.81,1.09,,,,,,true,4.16,4.91,-4.19,,,
1986,2026-07-14 14:05:00,2026-07-14,14:05:00,7550,7548,7552,continuation_in_zone,true,7550.74,7550.75,7551.49,7549.19,7550.74,,true,2.57,0.05,2.32,,,,true,4.16,0.05,0.53,,,,true,4.16,1.89,0.1,,,,,,true,4.16,5.22,-4.16,,,
1987,2026-07-14 14:10:00,2026-07-14,14:10:00,7550,7548,7552,continuation_in_zone,true,7550.74,7550.82,7552.57,7549.95,7552.32,,true,4.01,0,2.29,,,,true,4.16,0.54,1.17,,,,true,4.16,4.91,-3.19,,,,,,true,4.16,5.78,-2.83,,,
1988,2026-07-14 14:15:00,2026-07-14,14:15:00,7550,7548,7552,from_above,true,7552.32,7552.33,7554.01,7551.18,7552.29,2.29,true,4.16,0,0.53,4.16,0,0.53,true,4.16,0.54,1.09,4.16,0.54,1.09,true,4.16,4.91,-3.69,4.16,4.91,-3.69,false,false,true,4.16,5.78,-2.34,4.16,5.78,-2.34
1989,2026-07-14 14:20:00,2026-07-14,14:20:00,7550,7548,7552,from_above,true,7552.29,7552.34,7554.16,7550.25,7550.53,0.53,true,2.5,0.54,1.17,2.5,0.54,1.17,true,2.5,1.89,0.1,2.5,1.89,0.1,true,2.5,4.91,-0.91,2.5,4.91,-0.91,false,false,true,2.5,5.78,0.52,2.5,5.78,0.52
1990,2026-07-14 14:25:00,2026-07-14,14:25:00,7550,7548,7552,continuation_in_zone,true,7550.53,7550.57,7552.5,7549.46,7551.17,,true,1.72,0.15,1.09,,,,true,2.17,4.91,-3.19,,,,true,2.17,4.91,-1.61,,,,,,true,2.17,5.78,-2.33,,,
1991,2026-07-14 14:30:00,2026-07-14,14:30:00,7550,7548,7552,continuation_in_zone,true,7551.17,7551.16,7551.72,7549.85,7551.09,,true,2.17,1.89,0.1,,,,true,2.17,4.91,-3.69,,,,true,2.17,4.91,-4.19,,,,,,true,2.17,5.9,-3.49,,,
1992,2026-07-14 14:35:00,2026-07-14,14:35:00,7550,7548,7552,continuation_in_zone,true,7551.09,7551.2,7552.17,7548.11,7550.1,,true,0.1,4.91,-3.19,,,,true,0.1,4.91,-0.91,,,,true,0.1,5.22,-4.16,,,,,,true,1.04,5.9,-4.59,,,
1993,2026-07-14 14:40:00,2026-07-14,14:40:00,7550,7548,7552,continuation_in_zone,true,7550.1,7550.08,7550.08,7545.09,7546.81,,true,0,4.22,-3.69,,,,true,0,4.57,-1.61,,,,true,0,5.78,-2.83,,,,,,true,1.04,5.9,-1.19,,,
1994,2026-07-14 14:45:00,2026-07-14,14:45:00,7550,7548,7552,from_below,true,7546.81,7546.74,7548.36,7545.78,7546.31,3.69,true,0,4.57,-0.91,4.57,0,0.91,true,0,4.74,-4.19,4.74,0,4.19,true,0,5.78,-2.34,5.78,0,2.34,true,false,true,1.25,5.9,1.16,5.9,1.25,-1.16
1995,2026-07-14 14:50:00,2026-07-14,14:50:00,7550,7548,7552,from_below,true,7546.31,7546.28,7549.78,7545.43,7549.09,0.91,true,0,2.49,-1.61,2.49,0,1.61,true,0,5.22,-4.16,5.22,0,4.16,true,0.56,5.78,0.52,5.78,0.56,-0.52,true,false,true,1.25,5.9,-3.49,5.9,1.25,3.49
1996,2026-07-14 14:55:00,2026-07-14,14:55:00,7550,7548,7552,continuation_in_zone,true,7549.09,7549.13,7549.22,7547.51,7548.39,,true,0,4.74,-4.19,,,,true,0,5.78,-2.83,,,,true,1.04,5.78,-2.33,,,,,,true,1.25,6.64,-5.72,,,
1997,2026-07-14 15:00:00,2026-07-14,15:00:00,7550,7548,7552,continuation_in_zone,true,7548.39,7548.38,7548.89,7545.26,7545.81,,true,0,5.22,-4.16,,,,true,0,5.78,-2.34,,,,true,1.04,5.9,-3.49,,,,,,true,1.25,6.64,-6.26,,,
1998,2026-07-14 15:15:00,2026-07-14,15:15:00,7550,7548,7552,from_below,false,7547.17,7547.18,7548.8,7546.88,7547.66,2.34,true,0.56,2.73,0.52,2.73,0.56,-0.52,true,1.04,5.9,-3.49,5.9,1.04,3.49,true,1.25,5.9,1.16,5.9,1.25,-1.16,true,false,false,1.25,6.64,,6.64,1.25,
1999,2026-07-14 15:20:00,2026-07-14,15:20:00,7550,7548,7552,from_below,true,7547.66,7547.67,7550.56,7547.27,7550.52,-0.52,true,1.04,2.33,-2.33,2.33,1.04,2.33,true,1.04,5.9,-4.59,5.9,1.04,4.59,true,1.25,5.9,-3.49,5.9,1.25,3.49,true,false,false,1.25,6.64,,6.64,1.25,
2000,2026-07-14 15:25:00,2026-07-14,15:25:00,7550,7548,7552,continuation_in_zone,true,7550.52,7550.49,7551.04,7547.67,7547.67,,true,0,5.9,-3.49,,,,true,0,5.9,-1.19,,,,true,1.25,6.64,-5.72,,,,,,false,1.25,6.64,,,,
2001,2026-07-14 15:35:00,2026-07-14,15:35:00,7550,7548,7552,from_below,false,7546.51,7546.48,7549.01,7544.88,7545.41,4.59,true,0,5.13,-1.19,5.13,0,1.19,true,1.25,5.13,-3.49,5.13,1.25,3.49,true,1.25,6.64,-6.42,6.64,1.25,6.42,true,false,false,1.25,6.64,,6.64,1.25,
2002,2026-07-14 15:40:00,2026-07-14,15:40:00,7550,7548,7552,from_below,true,7545.41,7545.42,7549.27,7544.87,7548.81,1.19,true,1.25,1.64,1.16,1.64,1.25,-1.16,true,1.25,6.64,-5.72,6.64,1.25,5.72,false,1.25,6.64,,6.64,1.25,,,,false,1.25,6.64,,6.64,1.25,
2003,2026-07-14 15:45:00,2026-07-14,15:45:00,7550,7548,7552,continuation_in_zone,true,7548.81,7548.78,7551.25,7548.36,7551.16,,true,1.16,3.49,-3.49,,,,true,1.16,6.64,-6.26,,,,false,1.16,6.64,,,,,,,false,1.16,6.64,,,,
2004,2026-07-14 15:50:00,2026-07-14,15:50:00,7550,7548,7552,continuation_in_zone,true,7551.16,7551.08,7551.08,7546.51,7546.51,,true,0.34,6.64,-5.72,,,,true,0.34,6.64,-6.42,,,,false,0.34,6.64,,,,,,,false,0.34,6.64,,,,
2005,2026-07-14 15:55:00,2026-07-14,15:55:00,7550,7548,7552,from_below,true,7546.51,7546.45,7550.34,7543.36,7544.28,5.72,true,0,6.26,-6.26,6.26,0,6.26,false,0,6.42,,6.42,0,,false,0,6.42,,6.42,0,,,,false,0,6.42,,6.42,0,
2006,2026-07-15 11:15:00,2026-07-15,11:15:00,7550,7548,7552,from_above,false,7556.88,7556.84,7558.8,7548.08,7558.22,8.22,true,8.5,0,4,8.5,0,4,true,14.55,0,11.17,14.55,0,11.17,true,14.55,0,4,14.55,0,4,true,true,true,14.55,15.07,-14.91,14.55,15.07,-14.91
2007,2026-07-15 11:20:00,2026-07-15,11:20:00,7550,7548,7552,from_above,true,7558.22,7558.5,7558.5,7550.41,7554,4,true,11.98,0,11.98,11.98,0,11.98,true,14.55,0,11.94,14.55,0,11.94,true,14.55,0.92,2.12,14.55,0.92,2.12,true,true,true,14.55,20.55,-19.52,14.55,20.55,-19.52
2008,2026-07-15 11:50:00,2026-07-15,11:50:00,7550,7548,7552,from_above,false,7554,7554.06,7554.06,7549.08,7552.12,2.12,true,3.83,1.16,2.28,3.83,1.16,2.28,true,3.94,10.38,-5.06,3.94,10.38,-5.06,true,3.94,20.55,-19.52,3.94,20.55,-19.52,false,false,true,3.94,23.06,-9.99,3.94,23.06,-9.99
2009,2026-07-15 11:55:00,2026-07-15,11:55:00,7550,7548,7552,from_above,true,7552.12,7552.09,7553.83,7548.84,7552.28,2.28,true,3.94,6.48,-3.9,3.94,6.48,-3.9,true,3.94,13.01,-12.67,3.94,13.01,-12.67,true,3.94,20.55,-16.32,3.94,20.55,-16.32,false,false,true,3.94,23.06,-7.91,3.94,23.06,-7.91
2010,2026-07-15 12:00:00,2026-07-15,12:00:00,7550,7548,7552,from_above,true,7552.28,7552.39,7553.94,7543.52,7546.1,-3.9,true,0,10.38,-5.06,0,10.38,-5.06,true,0,15.07,-14.91,0,15.07,-14.91,true,0,20.61,-19.79,0,20.61,-19.79,false,false,true,0,23.06,-5.49,0,23.06,-5.49
2011,2026-07-15 13:05:00,2026-07-15,13:05:00,7550,7548,7552,from_below,false,7544.51,7544.48,7549.9,7543.91,7546.45,3.55,true,0,6.67,-6.61,6.67,0,6.61,true,1.45,6.85,0.47,6.85,1.45,-0.47,true,10.38,6.85,9.75,6.85,10.38,-9.75,false,false,true,22.16,6.85,21.12,6.85,22.16,-21.12
2012,2026-07-15 13:15:00,2026-07-15,13:15:00,7550,7548,7552,from_below,false,7543.39,7543.52,7550.07,7543.15,7549.48,0.52,true,1.45,2.48,0.47,2.48,1.45,-0.47,true,7.64,2.48,6.18,2.48,7.64,-6.18,true,16.56,2.48,16.08,2.48,16.56,-16.08,false,false,true,23.14,2.48,19.21,2.48,23.14,-19.21
2013,2026-07-15 13:20:00,2026-07-15,13:20:00,7550,7548,7552,continuation_in_zone,true,7549.48,7549.7,7551.45,7547.52,7550.47,,true,3.91,0.86,3.91,,,,true,10.38,0.86,9.75,,,,true,20.55,0.86,20.07,,,,,,true,24.12,0.86,22.99,,,
2014,2026-07-15 13:25:00,2026-07-15,13:25:00,7550,7548,7552,continuation_in_zone,true,7550.47,7550.3,7553.91,7549.14,7553.91,,true,7.64,0,6.18,,,,true,10.38,0,8.89,,,,true,20.55,0,17.56,,,,,,true,24.12,0,22.26,,,
2015,2026-07-16 09:30:00,2026-07-16,09:30:00,7550,7548,7552,from_above,false,7572.39,7558.79,7560.68,7544.67,7546.65,-3.35,true,0.82,9.29,-8.62,0.82,9.29,-8.62,true,0.82,18.27,-14.8,0.82,18.27,-14.8,true,4.52,18.27,2.97,4.52,18.27,2.97,false,false,true,20.73,18.27,18.06,20.73,18.27,18.06
2016,2026-07-16 09:35:00,2026-07-16,09:35:00,7550,7548,7552,from_below,true,7546.65,7546.25,7550.82,7540.71,7541.38,8.62,true,0,14.68,-12.65,14.68,0,12.65,true,0,18.27,-10.12,18.27,0,10.12,true,11.77,18.27,10.32,18.27,11.77,-10.32,true,true,true,20.73,18.27,14.7,18.27,20.73,-14.7
2017,2026-07-16 10:00:00,2026-07-16,10:00:00,7550,7548,7552,from_below,false,7545,7545.72,7554.52,7543.03,7552.97,-2.97,true,11.77,0,10.32,0,11.77,-10.32,true,15.17,0,14.65,0,15.17,-14.65,true,20.73,0,18.06,0,20.73,-18.06,false,false,true,20.73,0,12.14,0,20.73,-12.14
2018,2026-07-16 12:05:00,2026-07-16,12:05:00,7550,7548,7552,from_above,false,7553.61,7553.57,7555.87,7549.16,7555.04,5.04,true,5.04,4.71,-4.24,5.04,4.71,-4.24,true,5.04,9.17,-8.65,5.04,9.17,-8.65,true,5.04,10.26,-5.61,5.04,10.26,-5.61,false,false,true,5.24,10.26,2.38,5.24,10.26,2.38
2019,2026-07-16 12:10:00,2026-07-16,12:10:00,7550,7548,7552,from_above,true,7555.04,7554.76,7554.76,7545.29,7545.76,-4.24,true,0.79,5.69,-2.35,0.79,5.69,-2.35,true,0.79,10.26,-5.61,0.79,10.26,-5.61,true,0.83,10.26,-5.02,0.83,10.26,-5.02,false,false,true,5.24,10.26,-2.44,5.24,10.26,-2.44
2020,2026-07-16 12:15:00,2026-07-16,12:15:00,7550,7548,7552,from_below,true,7545.76,7545.61,7550.79,7544.31,7547.65,2.35,true,0,9.17,-8.65,9.17,0,8.65,true,0.83,10.26,-2.65,10.26,0.83,2.65,true,0.83,10.26,-4.3,10.26,0.83,4.3,true,true,true,5.24,10.26,-0.23,10.26,5.24,0.23
2021,2026-07-16 12:30:00,2026-07-16,12:30:00,7550,7548,7552,from_below,false,7544.39,7544.48,7550.83,7544.48,7547.35,2.65,true,0,5.65,-5.61,5.65,0,5.61,true,0,7.54,-4.3,7.54,0,4.3,true,5.24,7.54,1.96,7.54,5.24,-1.96,true,false,true,5.24,7.54,-3.28,7.54,5.24,3.28
2022,2026-07-16 12:35:00,2026-07-16,12:35:00,7550,7548,7552,from_below,true,7547.35,7547.21,7548.55,7544.35,7544.39,5.61,true,0,6.84,-5.02,6.84,0,5.02,true,1.89,7.54,1.87,7.54,1.89,-1.87,true,5.24,7.54,2.38,7.54,5.24,-2.38,true,false,true,5.24,8.61,-7.82,8.61,5.24,7.82
2023,2026-07-16 12:50:00,2026-07-16,12:50:00,7550,7548,7552,from_below,false,7545.7,7545.97,7551.89,7544.57,7551.87,-1.87,true,5.24,0,4.16,0,5.24,-4.16,true,5.24,2.1,2.38,2.1,5.24,-2.38,true,5.24,3.59,-3.01,3.59,5.24,3.01,false,false,true,5.24,14.01,-8.79,14.01,5.24,8.79
2024,2026-07-16 12:55:00,2026-07-16,12:55:00,7550,7548,7552,continuation_in_zone,true,7551.87,7551.79,7555.24,7551.44,7554.16,,true,4.52,2.09,1.96,,,,true,4.52,2.51,-2.44,,,,true,4.52,4.11,2.84,,,,,,true,4.52,14.29,-11.9,,,
2025,2026-07-16 13:00:00,2026-07-16,13:00:00,7550,7548,7552,from_above,true,7554.16,7554.2,7554.52,7547.91,7551.96,1.96,true,3.83,2.1,2.38,3.83,2.1,2.38,true,3.83,2.89,-0.23,3.83,2.89,-0.23,true,4.31,4.11,-3.28,4.31,4.11,-3.28,true,false,true,4.31,15.96,-15.84,4.31,15.96,-15.84
2026,2026-07-16 13:05:00,2026-07-16,13:05:00,7550,7548,7552,continuation_in_zone,true,7551.96,7551.81,7553.83,7547.9,7552.38,,true,3.17,2.51,-2.44,,,,true,3.17,3.59,-3.01,,,,true,4.31,8.61,-7.82,,,,,,true,4.31,20.36,-17.67,,,
2027,2026-07-16 13:10:00,2026-07-16,13:10:00,7550,7548,7552,from_above,true,7552.38,7552.49,7553.17,7547.49,7547.56,-2.44,true,0.6,2.89,-0.23,0.6,2.89,-0.23,true,4.31,4.11,2.84,4.31,4.11,2.84,true,4.31,13.12,-10.88,4.31,13.12,-10.88,false,false,true,4.31,20.36,-17.79,4.31,20.36,-17.79
2028,2026-07-16 13:15:00,2026-07-16,13:15:00,7550,7548,7552,from_below,true,7547.56,7547.81,7550.6,7547.11,7549.77,0.23,true,0.75,3.59,-3.01,3.59,0.75,3.01,true,4.31,4.11,-3.28,4.11,4.31,3.28,true,4.31,14.01,-7.93,14.01,4.31,7.93,true,true,true,4.31,20.36,-12.9,20.36,4.31,12.9
2029,2026-07-16 13:20:00,2026-07-16,13:20:00,7550,7548,7552,continuation_in_zone,true,7549.77,7549.92,7550.75,7546.41,7546.99,,true,4.31,4.11,2.84,,,,true,4.31,8.61,-7.82,,,,true,4.31,14.01,-8.79,,,,,,true,4.31,20.36,-12.14,,,
2030,2026-07-16 13:25:00,2026-07-16,13:25:00,7550,7548,7552,from_below,true,7546.99,7546.31,7554.31,7545.89,7552.84,-2.84,true,3.82,3.86,-3.28,3.86,3.82,3.28,true,3.82,13.12,-10.88,13.12,3.82,10.88,true,3.82,14.29,-11.9,14.29,3.82,11.9,true,true,true,3.82,20.36,-15.85,20.36,3.82,15.85
2031,2026-07-16 13:30:00,2026-07-16,13:30:00,7550,7548,7552,from_above,true,7552.84,7552.83,7553.82,7546.14,7546.72,-3.28,true,0,8.61,-7.82,0,8.61,-7.82,true,0,14.01,-7.93,0,14.01,-7.93,true,0,15.96,-15.84,0,15.96,-15.84,false,false,true,0,20.36,-17.71,0,20.36,-17.71
2032,2026-07-17 09:30:00,2026-07-17,09:30:00,7450,7448,7452,from_below,false,7533.76,7447.51,7448.47,7433.29,7433.62,16.38,true,0,18.73,-12.1,18.73,0,12.1,true,5.86,18.73,4.9,18.73,5.86,-4.9,true,32.47,18.73,27.55,18.73,32.47,-27.55,false,true,true,48.44,18.73,35.65,18.73,48.44,-35.65
2033,2026-07-17 09:40:00,2026-07-17,09:40:00,7450,7448,7452,from_below,false,7437.9,7438.21,7449.81,7432.99,7434.07,15.93,true,5.86,15.95,4.9,15.95,5.86,-4.9,true,23.68,15.95,23.1,15.95,23.68,-23.1,true,42.3,15.95,39.01,15.95,42.3,-39.01,false,true,true,48.44,15.95,34.18,15.95,48.44,-34.18
2034,2026-07-17 09:45:00,2026-07-17,09:45:00,7450,7448,7452,from_below,true,7434.07,7434.09,7455.86,7434.05,7454.9,-4.9,true,17.5,0,14.96,0,17.5,-14.96,true,32.47,0,27.55,0,32.47,-27.55,true,48.44,0,41.51,0,48.44,-41.51,false,false,true,48.44,0,32.5,0,48.44,-32.5
2035,2026-07-17 10:15:00,2026-07-17,10:15:00,7500,7498,7502,from_below,false,7489.01,7488.61,7498.44,7486.82,7491.51,8.49,true,0,12.6,-6.08,12.6,0,6.08,true,0,18.96,-14.35,18.96,0,14.35,true,0,21.15,-17.5,21.15,0,17.5,true,true,true,0,34.96,-29.85,34.96,0,29.85
2036,2026-07-17 12:50:00,2026-07-17,12:50:00,7500,7498,7502,from_below,false,7494.17,7494.12,7498.46,7492.08,7495.02,4.98,true,0,12.35,-11.2,12.35,0,11.2,true,0,12.35,-4.26,12.35,0,4.26,true,0,14.03,-11.33,14.03,0,11.33,true,true,true,0,26.59,-24.71,26.59,0,24.71
2037,2026-07-17 15:15:00,2026-07-17,15:15:00,7450,7448,7452,from_above,false,7452.45,7452.47,7454.46,7450.5,7454.25,4.25,true,4.25,1.36,-1.36,4.25,1.36,-1.36,true,11.26,3.73,5.35,11.26,3.73,5.35,true,15.53,3.73,15.42,15.53,3.73,15.42,true,true,false,18.99,3.73,,18.99,3.73,
2038,2026-07-17 15:20:00,2026-07-17,15:20:00,7450,7448,7452,from_above,true,7454.25,7454.19,7454.19,7448.64,7448.64,-1.36,true,8.31,3.73,6.62,8.31,3.73,6.62,true,11.26,3.73,3.85,11.26,3.73,3.85,true,17.85,3.73,15.58,17.85,3.73,15.58,true,true,false,18.99,3.73,,18.99,3.73,
2039,2026-07-17 15:25:00,2026-07-17,15:25:00,7450,7448,7452,continuation_in_zone,true,7448.64,7448.51,7458.31,7446.27,7456.62,,true,11.26,0,5.35,,,,true,11.49,0,10.36,,,,true,18.99,0,7.77,,,,,,false,18.99,0,,,,
2040,2026-07-17 15:40:00,2026-07-17,15:40:00,7450,7448,7452,from_above,false,7453.85,7453.84,7461.49,7451.92,7460.36,10.36,true,15.53,0,15.42,15.53,0,15.42,true,18.99,0,7.77,18.99,0,7.77,false,18.99,0,,18.99,0,,,,false,18.99,0,,18.99,0,
2041,2026-07-20 09:30:00,2026-07-20,09:30:00,7500,7498,7502,from_below,false,7457.68,7489.19,7506.18,7489.19,7505.59,-5.59,true,13.24,0,6.9,0,13.24,-6.9,true,13.24,0,2.2,0,13.24,-2.2,true,13.24,20.15,-15.18,20.15,13.24,15.18,true,true,true,13.24,31.4,-21.77,31.4,13.24,21.77
2042,2026-07-20 09:45:00,2026-07-20,09:45:00,7500,7498,7502,from_above,false,7512.13,7512.22,7513.04,7501.71,7502.2,2.2,true,3.52,11.15,-9.16,3.52,11.15,-9.16,true,3.52,20.15,-15.18,3.52,20.15,-15.18,true,3.52,28.21,-25.62,3.52,28.21,-25.62,false,false,true,3.52,31.4,-28.37,3.52,31.4,-28.37
2043,2026-07-20 09:50:00,2026-07-20,09:50:00,7500,7498,7502,continuation_in_zone,true,7502.2,7501.98,7503.52,7488.85,7490.84,,true,0,18.47,-16.6,,,,true,0,21.18,-20.21,,,,true,0,31.4,-24.09,,,,,,true,0,32.78,-31.43,,,
2044,2026-07-20 14:40:00,2026-07-20,14:40:00,7450,7448,7452,from_above,false,7460.31,7460.33,7460.69,7450.79,7450.79,0.79,true,5.24,0.45,2.94,5.24,0.45,2.94,true,6.96,0.45,2.86,6.96,0.45,2.86,true,7.01,7.18,-7.18,7.01,7.18,-7.18,false,false,true,8.52,9.46,4.68,8.52,9.46,4.68
2045,2026-07-20 14:45:00,2026-07-20,14:45:00,7450,7448,7452,continuation_in_zone,true,7450.79,7450.52,7455.24,7449.55,7452.94,,true,6.96,0,5.9,,,,true,7.01,0.21,1.28,,,,true,7.01,9.46,-5.71,,,,,,true,8.52,9.46,5.98,,,
2046,2026-07-20 14:50:00,2026-07-20,14:50:00,7450,7448,7452,from_above,true,7452.94,7452.09,7456.96,7451.14,7455.9,5.9,true,6.42,0,2.86,6.42,0,2.86,true,7.01,1.79,2.42,7.01,1.79,2.42,true,7.01,9.46,-1.64,7.01,9.46,-1.64,false,false,true,8.52,9.46,-3.27,8.52,9.46,-3.27
2047,2026-07-20 14:55:00,2026-07-20,14:55:00,7450,7448,7452,from_above,true,7455.9,7455.92,7456.42,7450.4,7452.86,2.86,true,7.01,0.21,1.28,7.01,0.21,1.28,true,7.01,7.18,-7.18,7.01,7.18,-7.18,true,7.01,9.46,2.13,7.01,9.46,2.13,false,false,true,8.52,9.46,-5.28,8.52,9.46,-5.28
2048,2026-07-20 15:00:00,2026-07-20,15:00:00,7450,7448,7452,from_above,true,7452.86,7452.72,7457.01,7449.79,7451.28,1.28,true,3.14,1.79,2.42,3.14,1.79,2.42,true,5.91,9.46,-5.71,5.91,9.46,-5.71,true,7.05,9.46,5.23,7.05,9.46,5.23,false,false,true,8.52,9.46,-6.7,8.52,9.46,-6.7
2049,2026-07-20 15:05:00,2026-07-20,15:05:00,7450,7448,7452,continuation_in_zone,true,7451.28,7451.15,7453.14,7448.21,7452.42,,true,5.91,7.18,-7.18,,,,true,5.91,9.46,-1.64,,,,true,7.05,9.46,4.24,,,,,,true,8.52,9.46,-6.73,,,
2050,2026-07-20 15:10:00,2026-07-20,15:10:00,7450,7448,7452,from_above,true,7452.42,7452.06,7455.91,7442.82,7442.82,-7.18,true,0,9.46,-5.71,0,9.46,-5.71,true,3.58,9.46,2.13,3.58,9.46,2.13,true,8.52,9.46,4.68,8.52,9.46,4.68,false,false,false,8.52,9.46,,8.52,9.46,
2051,2026-07-20 15:20:00,2026-07-20,15:20:00,7450,7448,7452,from_below,false,7444.29,7444.34,7449.27,7443.35,7448.36,1.64,true,3.58,6.29,2.13,6.29,3.58,-2.13,true,7.05,6.29,4.24,6.29,7.05,-4.24,true,8.52,6.29,-3.27,6.29,8.52,3.27,false,false,false,8.52,8.67,,8.67,8.52,
2052,2026-07-20 15:25:00,2026-07-20,15:25:00,7450,7448,7452,continuation_in_zone,true,7448.36,7448.43,7453.58,7443.71,7452.13,,true,7.05,0.71,5.23,,,,true,8.52,0.71,4.68,,,,true,8.52,8.67,-5.28,,,,,,false,8.52,8.67,,,,
2053,2026-07-20 15:30:00,2026-07-20,15:30:00,7450,7448,7452,from_above,true,7452.13,7452.43,7457.05,7449.29,7455.23,5.23,true,5.88,0,4.24,5.88,0,4.24,true,8.52,0,5.98,8.52,0,5.98,true,8.52,8.67,-6.7,8.52,8.67,-6.7,false,false,false,8.52,8.67,,8.52,8.67,
2054,2026-07-20 15:35:00,2026-07-20,15:35:00,7450,7448,7452,from_above,true,7455.23,7455.29,7455.88,7450.19,7454.24,4.24,true,8.52,0,4.68,8.52,0,4.68,true,8.52,5.77,-3.27,8.52,5.77,-3.27,true,8.52,8.67,-6.73,8.52,8.67,-6.73,false,false,false,8.52,8.67,,8.52,8.67,
2055,2026-07-20 15:45:00,2026-07-20,15:45:00,7450,7448,7452,from_above,false,7454.68,7454.71,7457.01,7451.73,7455.98,5.98,true,5.98,5.77,-3.27,5.98,5.77,-3.27,true,5.98,8.67,-6.7,5.98,8.67,-6.7,false,5.98,8.67,,5.98,8.67,,,,false,5.98,8.67,,5.98,8.67,
2056,2026-07-20 15:50:00,2026-07-20,15:50:00,7450,7448,7452,from_above,true,7455.98,7455.98,7455.98,7444.23,7446.73,-3.27,true,0,8.67,-5.28,0,8.67,-5.28,true,0,8.67,-6.73,0,8.67,-6.73,false,0,8.67,,0,8.67,,,,false,0,8.67,,0,8.67,
2057,2026-07-21 11:10:00,2026-07-21,11:10:00,7500,7498,7502,from_below,false,7495.58,7495.7,7500.33,7495.29,7497.48,2.52,true,0.64,3.05,-0.19,3.05,0.64,0.19,true,5.14,3.05,4.71,3.05,5.14,-4.71,true,5.14,3.05,1.24,3.05,5.14,-1.24,false,false,true,8.14,3.05,7.39,3.05,8.14,-7.39
2058,2026-07-21 11:15:00,2026-07-21,11:15:00,7500,7498,7502,from_below,true,7497.48,7497.37,7500.64,7496.95,7499.81,0.19,true,4.35,1.23,1.83,1.23,4.35,-1.83,true,5.14,1.23,3.32,1.23,5.14,-3.32,true,5.14,1.23,3.92,1.23,5.14,-3.92,false,false,true,10.07,1.23,9.95,1.23,10.07,-9.95
2059,2026-07-21 11:20:00,2026-07-21,11:20:00,7500,7498,7502,continuation_in_zone,true,7499.81,7499.54,7504.35,7498.77,7501.83,,true,5.14,0,4.71,,,,true,5.14,0.26,0.96,,,,true,5.14,0.26,1.95,,,,,,true,12.64,0.87,10.93,,,
2060,2026-07-21 11:25:00,2026-07-21,11:25:00,7500,7498,7502,continuation_in_zone,true,7501.83,7501.81,7505.14,7501.49,7504.71,,true,5.04,0.09,3.32,,,,true,5.04,0.26,1.24,,,,true,5.13,0.87,-0.49,,,,,,true,12.64,0.87,11.46,,,
2061,2026-07-21 11:30:00,2026-07-21,11:30:00,7500,7498,7502,from_above,true,7504.71,7504.83,7505.04,7499.91,7503.32,3.32,true,4.93,0.26,0.96,4.93,0.26,0.96,true,4.93,0.26,3.92,4.93,0.26,3.92,true,6.75,0.87,6.75,6.75,0.87,6.75,true,false,true,12.81,0.87,12.68,12.81,0.87,12.68
2062,2026-07-21 11:35:00,2026-07-21,11:35:00,7500,7498,7502,from_above,true,7503.32,7503.27,7504.93,7499.74,7500.96,0.96,true,3.65,0,1.24,3.65,0,1.24,true,5.13,0,1.95,5.13,0,1.95,true,8.14,0.87,6.45,8.14,0.87,6.45,true,false,true,12.81,0.87,12.22,12.81,0.87,12.22
2063,2026-07-21 11:40:00,2026-07-21,11:40:00,7500,7498,7502,continuation_in_zone,true,7500.96,7500.84,7503.65,7500.61,7501.24,,true,4.49,0,3.92,,,,true,5.13,0.87,-0.49,,,,true,8.14,0.87,7.39,,,,,,true,13.18,0.87,11.51,,,
2064,2026-07-21 11:45:00,2026-07-21,11:45:00,7500,7498,7502,continuation_in_zone,true,7501.24,7501.4,7504.49,7500.65,7503.92,,true,5.13,0,1.95,,,,true,6.75,0.87,6.75,,,,true,10.07,0.87,9.95,,,,,,true,13.18,0.87,10.29,,,
2065,2026-07-21 11:50:00,2026-07-21,11:50:00,7500,7498,7502,from_above,true,7503.92,7503.86,7505.13,7501.71,7501.95,1.95,true,4.08,0.87,-0.49,4.08,0.87,-0.49,true,8.14,0.87,6.45,8.14,0.87,6.45,true,12.64,0.87,10.93,12.64,0.87,10.93,true,true,true,14.79,0.87,14.79,14.79,0.87,14.79
2066,2026-07-21 11:55:00,2026-07-21,11:55:00,7500,7498,7502,from_above,true,7501.95,7502.08,7504.08,7499.13,7499.51,-0.49,true,6.75,0.76,6.75,6.75,0.76,6.75,true,8.14,0.76,7.39,8.14,0.76,7.39,true,12.64,0.76,11.46,12.64,0.76,11.46,true,true,true,15.3,0.76,11.77,15.3,0.76,11.77
2067,2026-07-21 12:00:00,2026-07-21,12:00:00,7500,7498,7502,continuation_in_zone,true,7499.51,7499.58,7506.75,7499.24,7506.75,,true,8.14,0,6.45,,,,true,10.07,0,9.95,,,,true,12.81,0,12.68,,,,,,true,15.3,0,11.22,,,
2068,2026-07-22 09:30:00,2026-07-22,09:30:00,7500,7498,7502,from_below,false,7509.19,7497.46,7500.81,7485.84,7497.79,2.21,true,0.52,4.57,-1.02,4.57,0.52,1.02,true,6.26,4.57,2.82,4.57,6.26,-2.82,true,15.3,4.57,15.22,4.57,15.3,-15.22,false,false,true,19.21,4.57,-2.53,4.57,19.21,2.53
2069,2026-07-22 09:35:00,2026-07-22,09:35:00,7500,7498,7502,from_below,true,7497.79,7497.87,7500.52,7495.43,7498.98,1.02,true,2.51,3.77,1.29,3.77,2.51,-1.29,true,6.95,3.77,6.95,3.77,6.95,-6.95,true,19.21,3.77,10.12,3.77,19.21,-10.12,false,false,true,19.21,3.77,-1.65,3.77,19.21,1.65
2070,2026-07-22 09:40:00,2026-07-22,09:40:00,7500,7498,7502,continuation_in_zone,true,7498.98,7499.21,7502.51,7496.23,7501.29,,true,6.26,0,2.82,,,,true,13.23,0.01,13.23,,,,true,19.21,0.01,7.78,,,,,,true,19.21,6.75,-6.68,,,
2071,2026-07-22 09:45:00,2026-07-22,09:45:00,7500,7498,7502,continuation_in_zone,true,7501.29,7501.26,7506.26,7501.26,7502.82,,true,6.95,0.01,6.95,,,,true,15.3,0.01,15.22,,,,true,19.21,0.01,6.65,,,,,,true,19.21,7.9,-1.46,,,
2072,2026-07-22 09:50:00,2026-07-22,09:50:00,7500,7498,7502,from_above,true,7502.82,7502.72,7506.95,7499.99,7506.95,6.95,true,13.23,0,13.23,13.23,0,13.23,true,19.21,0,10.12,19.21,0,10.12,true,19.21,0.47,1.36,19.21,0.47,1.36,true,true,true,19.21,7.9,-0.61,19.21,7.9,-0.61
2073,2026-07-22 10:20:00,2026-07-22,10:20:00,7500,7498,7502,from_above,false,7506.65,7506.81,7509.3,7499.53,7501.36,1.36,true,2.69,3.07,-1.01,2.69,3.07,-1.01,true,3.35,3.76,-1.65,3.35,3.76,-1.65,true,3.35,7.9,-0.61,3.35,7.9,-0.61,false,false,true,18.75,7.9,18.38,18.75,7.9,18.38
2074,2026-07-22 10:25:00,2026-07-22,10:25:00,7500,7498,7502,continuation_in_zone,true,7501.36,7501.58,7502.69,7496.93,7498.99,,true,3.35,2.71,-2.53,,,,true,3.35,6.75,-6.68,,,,true,5.51,7.9,5.09,,,,,,true,22.23,7.9,19.79,,,
2075,2026-07-22 10:30:00,2026-07-22,10:30:00,7500,7498,7502,continuation_in_zone,true,7498.99,7499.11,7503.35,7497.29,7497.47,,true,0,3.76,-1.65,,,,true,0,7.9,-1.46,,,,true,9.49,7.9,8.67,,,,,,true,22.23,7.9,15.4,,,
2076,2026-07-22 10:35:00,2026-07-22,10:35:00,7500,7498,7502,from_below,true,7497.47,7497.66,7499.75,7496.24,7498.35,1.65,true,0,6.75,-6.68,6.75,0,6.68,true,1.39,7.9,-0.61,7.9,1.39,0.61,true,13.08,7.9,11.79,7.9,13.08,-11.79,false,false,true,22.23,7.9,14.33,7.9,22.23,-14.33
2077,2026-07-22 10:40:00,2026-07-22,10:40:00,7500,7498,7502,continuation_in_zone,true,7498.35,7498.46,7499.75,7493.25,7493.32,,true,0,7.9,-1.46,,,,true,5.51,7.9,5.09,,,,true,15.68,7.9,14.82,,,,,,true,22.23,7.9,15.29,,,
2078,2026-07-22 10:45:00,2026-07-22,10:45:00,7500,7498,7502,from_below,true,7493.32,7493.35,7499.7,7492.1,7498.54,1.46,true,1.39,3.82,-0.61,3.82,1.39,0.61,true,9.49,3.82,8.67,3.82,9.49,-8.67,true,15.68,3.82,14.15,3.82,15.68,-14.15,false,false,true,22.23,3.82,19.05,3.82,22.23,-19.05
2079,2026-07-22 10:50:00,2026-07-22,10:50:00,7500,7498,7502,continuation_in_zone,true,7498.54,7498.52,7501.39,7496.18,7499.39,,true,5.51,3.2,5.09,,,,true,13.08,3.2,11.79,,,,true,18.75,3.2,18.38,,,,,,true,22.23,3.2,18.38,,,
2080,2026-07-22 10:55:00,2026-07-22,10:55:00,7500,7498,7502,continuation_in_zone,true,7499.39,7499.14,7505.51,7496.8,7505.09,,true,9.49,0,8.67,,,,true,15.68,0,14.82,,,,true,22.23,0,19.79,,,,,,true,23.04,0,22.99,,,
2081,2026-07-22 15:25:00,2026-07-22,15:25:00,7500,7498,7502,from_above,false,7503.58,7503.59,7505.88,7501.37,7504.83,4.83,true,5.04,0,1.67,5.04,0,1.67,true,5.04,1.72,2.38,5.04,1.72,2.38,true,7.2,1.72,-0.57,7.2,1.72,-0.57,true,false,false,7.2,1.72,,7.2,1.72,
2082,2026-07-22 15:30:00,2026-07-22,15:30:00,7500,7498,7502,from_above,true,7504.83,7504.98,7505.04,7501.49,7501.67,1.67,true,2.63,1.72,-1.06,2.63,1.72,-1.06,true,5.35,1.72,4.53,5.35,1.72,4.53,true,7.2,1.72,-1.06,7.2,1.72,-1.06,true,false,false,7.2,1.72,,7.2,1.72,
2083,2026-07-22 15:35:00,2026-07-22,15:35:00,7500,7498,7502,continuation_in_zone,true,7501.67,7501.89,7502.63,7498.28,7498.94,,true,3.87,1.06,2.38,,,,true,7.2,1.06,3.05,,,,true,7.2,1.51,-1.05,,,,,,false,7.2,1.51,,,,
2084,2026-07-22 15:40:00,2026-07-22,15:40:00,7500,7498,7502,continuation_in_zone,true,7498.94,7498.99,7503.87,7498.94,7502.38,,true,5.35,0,4.53,,,,true,7.2,0.67,-0.57,,,,false,7.2,1.51,,,,,,,false,7.2,1.51,,,,
2085,2026-07-22 15:50:00,2026-07-22,15:50:00,7500,7498,7502,from_above,false,7504.53,7504.55,7507.2,7501.42,7503.05,3.05,true,6.69,0.67,-0.57,6.69,0.67,-0.57,true,6.69,1.51,-1.05,6.69,1.51,-1.05,false,6.69,1.51,,6.69,1.51,,,,false,6.69,1.51,,6.69,1.51,
2086,2026-07-22 15:55:00,2026-07-22,15:55:00,7500,7498,7502,from_above,true,7503.05,7502.9,7506.69,7499.33,7499.43,-0.57,true,0,1.51,-1.06,0,1.51,-1.06,false,0,1.51,,0,1.51,,false,0,1.51,,0,1.51,,,,false,0,1.51,,0,1.51,
2087,2026-07-22 16:00:00,2026-07-22,16:00:00,7500,7498,7502,continuation_in_zone,true,7499.43,7498.49,7499.25,7498.49,7498.94,,true,0,1.06,-1.05,,,,false,0,1.06,,,,,false,0,1.06,,,,,,,false,0,1.06,,,,
2088,2026-07-22 16:05:00,2026-07-22,16:05:00,7500,7498,7502,continuation_in_zone,true,7498.94,7498.96,7498.97,7498.94,7498.95,,false,0,1.05,,,,,false,0,1.05,,,,,false,0,1.05,,,,,,,false,0,1.05,,,,
2089,2026-07-23 09:40:00,2026-07-23,09:40:00,7450,7448,7452,from_below,false,7439.08,7439.08,7450.11,7439.08,7443.62,6.38,true,0,22.69,-21.76,22.69,0,21.76,true,0,31.16,-28.6,31.16,0,28.6,true,0,35.94,-28.48,35.94,0,28.48,true,true,true,0,39.43,-37.06,39.43,0,37.06
2090,2026-07-23 11:00:00,2026-07-23,11:00:00,7400,7398,7402,from_above,false,7407.03,7407.02,7408.02,7398.77,7400.03,0.03,true,0.51,6.61,-4.37,0.51,6.61,-4.37,true,0.51,11.71,-4.08,0.51,11.71,-4.08,true,0.51,24.01,-13.23,0.51,24.01,-13.23,false,false,true,7.14,24.01,5.28,7.14,24.01,5.28
2091,2026-07-23 11:05:00,2026-07-23,11:05:00,7400,7398,7402,continuation_in_zone,true,7400.03,7400.27,7400.51,7393.39,7395.63,,true,0,11.71,-9.99,,,,true,0.45,16.09,-9.23,,,,true,0.45,24.01,-2.74,,,,,,true,8.44,24.01,8.35,,,
2092,2026-07-23 11:20:00,2026-07-23,11:20:00,7400,7398,7402,from_below,false,7395.92,7395.93,7400.45,7383.91,7390.77,9.23,true,0,17.99,-16.78,17.99,0,16.78,true,0,24.01,-2.74,24.01,0,2.74,true,0,24.01,-2.85,24.01,0,2.85,true,true,true,20.7,24.01,19.53,24.01,20.7,-19.53
2093,2026-07-23 11:40:00,2026-07-23,11:40:00,7400,7398,7402,from_below,false,7397.26,7397.31,7399.77,7390.32,7390.63,9.37,true,0,12.43,-7.43,12.43,0,7.43,true,2.34,12.43,2.03,12.43,2.34,-2.03,true,12.34,12.43,10.61,12.43,12.34,-10.61,true,true,true,21.32,12.43,14.68,12.43,21.32,-14.68
2094,2026-07-23 11:55:00,2026-07-23,11:55:00,7400,7398,7402,from_below,false,7397.15,7397.08,7402.34,7395.62,7402.03,-2.03,true,7.14,0,5.28,0,7.14,-5.28,true,12.34,0.05,10.61,0.05,12.34,-10.61,true,20.7,0.05,18.4,0.05,20.7,-18.4,false,false,true,21.32,0.05,10.6,0.05,21.32,-10.6
2095,2026-07-23 12:00:00,2026-07-23,12:00:00,7400,7398,7402,from_above,true,7402.03,7402.1,7407.14,7400.02,7405.28,5.28,true,8.44,0.05,8.35,8.44,0.05,8.35,true,12.46,0.05,10.09,12.46,0.05,10.09,true,20.7,0.05,15.76,20.7,0.05,15.76,true,true,true,21.32,0.05,7.19,21.32,0.05,7.19
2096,2026-07-23 12:05:00,2026-07-23,12:05:00,7400,7398,7402,from_above,true,7405.28,7405.16,7408.44,7399.95,7408.35,8.35,true,12.34,0,10.61,12.34,0,10.61,true,20.7,0,19.53,20.7,0,19.53,true,21.32,0,20.86,21.32,0,20.86,true,true,true,21.32,0,9.29,21.32,0,9.29
2097,2026-07-23 13:35:00,2026-07-23,13:35:00,7400,7398,7402,from_above,false,7405.77,7405.84,7405.96,7399.57,7400.19,0.19,true,2.55,2.61,1.8,2.55,2.61,1.8,true,6.97,2.61,2.14,6.97,2.61,2.14,true,6.97,7.91,-6.92,6.97,7.91,-6.92,false,false,true,6.97,7.91,-6.32,6.97,7.91,-6.32
2098,2026-07-23 13:40:00,2026-07-23,13:40:00,7400,7398,7402,continuation_in_zone,true,7400.19,7400.14,7402.55,7397.39,7401.8,,true,6.97,0.04,6.44,,,,true,6.97,4.09,-3.75,,,,true,6.97,7.91,-5.68,,,,,,true,6.97,9.73,-7.52,,,
2099,2026-07-23 13:45:00,2026-07-23,13:45:00,7400,7398,7402,continuation_in_zone,true,7401.8,7401.83,7406.97,7399.96,7406.44,,true,6.53,0,2.14,,,,true,6.53,6.67,-5.99,,,,true,6.53,7.91,-6.09,,,,,,true,6.53,9.73,-3.45,,,
2100,2026-07-23 13:55:00,2026-07-23,13:55:00,7400,7398,7402,from_above,false,7402.14,7401.92,7401.92,7395.91,7396.25,-3.75,true,0,6.67,-5.99,0,6.67,-5.99,true,0,7.91,-5.68,0,7.91,-5.68,true,0,7.91,-1.72,0,7.91,-1.72,false,false,true,0.66,9.73,-5.55,0.66,9.73,-5.55
2101,2026-07-23 14:20:00,2026-07-23,14:20:00,7400,7398,7402,from_below,false,7393.91,7393.88,7398.41,7393.81,7398.29,1.71,true,0,5.31,-1.72,5.31,0,1.72,true,0.66,7.04,-6.32,7.04,0.66,6.32,true,0.66,9.73,-9.01,9.73,0.66,9.01,true,false,true,0.66,11.09,-0.24,11.09,0.66,0.24
2102,2026-07-23 14:25:00,2026-07-23,14:25:00,7400,7398,7402,continuation_in_zone,true,7398.29,7398.39,7398.58,7394.69,7398.28,,true,0.56,2.15,0.03,,,,true,0.66,9.73,-7.52,,,,true,0.66,9.73,-5.55,,,,,,true,2.55,11.09,-1.16,,,
2103,2026-07-23 14:30:00,2026-07-23,14:30:00,7400,7398,7402,continuation_in_zone,true,7398.28,7398.2,7400.56,7397.85,7400.03,,true,0.66,7.04,-6.32,,,,true,0.66,9.73,-3.45,,,,true,0.66,9.73,-8.01,,,,,,true,2.55,11.09,-4.52,,,
2104,2026-07-23 14:35:00,2026-07-23,14:35:00,7400,7398,7402,continuation_in_zone,true,7400.03,7400.12,7400.66,7392.96,7393.68,,true,0,9.73,-7.52,,,,true,0,9.73,-9.01,,,,true,0,9.73,-8.46,,,,,,true,2.55,11.09,-6.78,,,
2105,2026-07-23 14:45:00,2026-07-23,14:45:00,7400,7398,7402,from_below,false,7392.48,7392.64,7398.31,7392.64,7396.55,3.45,true,0,9.01,-9.01,9.01,0,9.01,true,0,9.48,-8.01,9.48,0,8.01,true,0,11.09,-6.66,11.09,0,6.66,true,true,true,2.55,18.36,-16.51,18.36,2.55,16.51
2106,2026-07-23 15:20:00,2026-07-23,15:20:00,7400,7398,7402,from_below,false,7393.34,7393.47,7399.76,7393.45,7399.76,0.24,true,2.55,2.75,-1.16,2.75,2.55,1.16,true,2.55,9.3,-6.78,9.3,2.55,6.78,true,2.55,18.36,-9.63,18.36,2.55,9.63,true,true,false,10.05,18.36,,18.36,10.05,
2107,2026-07-23 15:25:00,2026-07-23,15:25:00,7400,7398,7402,continuation_in_zone,true,7399.76,7399.9,7402.55,7397.25,7398.84,,true,0.89,9.3,-4.52,,,,true,0.89,12.93,-12.93,,,,true,10.05,18.36,8.17,,,,,,false,10.05,18.36,,,,
2108,2026-07-23 15:30:00,2026-07-23,15:30:00,7400,7398,7402,continuation_in_zone,true,7398.84,7398.91,7400.89,7390.7,7395.48,,true,0,7.89,-6.78,,,,true,0,18.36,-16.51,,,,true,10.05,18.36,8.28,,,,,,false,10.05,18.36,,,,
2109,2026-07-23 15:55:00,2026-07-23,15:55:00,7400,7398,7402,from_below,false,7390.37,7390.59,7410.05,7390.59,7408.17,-8.17,true,8.3,0,8.28,0,8.3,-8.28,false,8.31,0,,0,8.31,,false,8.31,0,,0,8.31,,,,false,8.31,0,,0,8.31,
2110,2026-07-24 09:50:00,2026-07-24,09:50:00,7400,7398,7402,from_above,false,7421.85,7421.65,7421.65,7400.6,7401.27,1.27,true,5.81,2.14,-0.48,5.81,2.14,-0.48,true,17.85,2.43,17.45,17.85,2.43,17.45,true,22.16,2.43,18.43,22.16,2.43,18.43,true,true,true,22.16,2.43,13.16,22.16,2.43,13.16
2111,2026-07-24 09:55:00,2026-07-24,09:55:00,7400,7398,7402,continuation_in_zone,true,7401.27,7401.63,7405.81,7397.86,7399.52,,true,10.08,2.43,0.97,,,,true,21.92,2.43,19.08,,,,true,22.16,2.43,15.93,,,,,,true,30.01,2.43,29.68,,,
2112,2026-07-24 10:00:00,2026-07-24,10:00:00,7400,7398,7402,continuation_in_zone,true,7399.52,7399.4,7410.08,7397.57,7400.97,,true,17.85,0,17.45,,,,true,21.92,0,8.41,,,,true,22.16,0,7.49,,,,,,true,32.99,2.42,25.39,,,
2113,2026-07-24 10:05:00,2026-07-24,10:05:00,7400,7398,7402,continuation_in_zone,true,7400.97,7401.1,7417.85,7400.72,7417.45,,true,21.92,0,19.08,,,,true,22.16,0,18.43,,,,true,22.16,0,3.6,,,,,,true,32.99,2.42,20.44,,,
2114,2026-07-24 10:40:00,2026-07-24,10:40:00,7400,7398,7402,from_above,false,7403.6,7403.57,7406.34,7401.78,7402.21,2.21,true,8.48,2.42,8.15,8.48,2.42,8.15,true,30.01,2.42,29.68,30.01,2.42,29.68,true,44.58,2.42,42.8,44.58,2.42,42.8,true,true,true,56.57,2.42,46.62,56.57,2.42,46.62
2115,2026-07-24 10:45:00,2026-07-24,10:45:00,7400,7398,7402,from_above,true,7402.21,7402.56,7408.48,7397.58,7408.15,8.15,true,16.5,0,13.16,16.5,0,13.16,true,32.99,0,25.39,32.99,0,25.39,true,53.23,0,38.21,53.23,0,38.21,true,true,true,56.57,0,44.44,56.57,0,44.44
2116,2026-07-24 11:15:00,2026-07-24,11:15:00,7450,7448,7452,from_below,false,7442.8,7442.56,7453.23,7437.88,7438.21,11.79,true,0,12.21,-2.57,12.21,0,2.57,true,4.52,12.21,-5.25,12.21,4.52,5.25,true,6.57,12.21,-5.56,12.21,6.57,5.56,true,true,true,10.97,12.21,5.4,12.21,10.97,-5.4
2117,2026-07-24 11:20:00,2026-07-24,11:20:00,7450,7448,7452,from_below,true,7438.21,7438.2,7449.82,7437.79,7447.43,2.57,true,4.52,2.89,-1.05,2.89,4.52,1.05,true,5.17,5.5,4.65,5.5,5.17,-4.65,true,6.57,5.87,-0.94,5.87,6.57,0.94,false,false,true,10.97,5.87,7.29,5.87,10.97,-7.29
2118,2026-07-24 11:25:00,2026-07-24,11:25:00,7450,7448,7452,from_below,true,7447.43,7447.39,7454.52,7447.11,7448.95,1.05,true,2.57,5.25,-5.25,5.25,2.57,5.25,true,6.57,5.5,-3.38,5.5,6.57,3.38,true,6.57,5.87,3.64,5.87,6.57,-3.64,false,false,true,10.97,5.87,5.57,5.87,10.97,-5.57
2119,2026-07-24 11:30:00,2026-07-24,11:30:00,7450,7448,7452,continuation_in_zone,true,7448.95,7449.17,7452.57,7444.75,7444.75,,true,5.17,5.5,4.65,,,,true,6.57,5.87,-5.56,,,,true,6.71,5.87,6.51,,,,,,true,10.97,5.87,-0.87,,,
2120,2026-07-24 11:35:00,2026-07-24,11:35:00,7450,7448,7452,from_below,true,7444.75,7444.74,7455.17,7444.5,7454.65,-4.65,true,6.57,5.14,-3.38,5.14,6.57,3.38,true,6.57,5.87,-0.94,5.87,6.57,0.94,true,9.09,5.87,6.7,5.87,9.09,-6.7,false,false,true,10.97,5.87,-3.43,5.87,10.97,3.43
2121,2026-07-24 11:40:00,2026-07-24,11:40:00,7450,7448,7452,from_above,true,7454.65,7454.78,7456.57,7444.86,7446.62,-3.38,true,0,5.87,-5.56,0,5.87,-5.56,true,4.22,5.87,3.64,4.22,5.87,3.64,true,10.97,5.87,3.9,10.97,5.87,3.9,true,true,true,10.97,9.31,-9.31,10.97,9.31,-9.31
2122,2026-07-24 11:45:00,2026-07-24,11:45:00,7450,7448,7452,from_below,true,7446.62,7446.35,7449.51,7444.13,7444.44,5.56,true,1.32,5.56,-0.94,5.56,1.32,0.94,true,6.71,5.56,6.51,5.56,6.71,-6.51,true,10.97,5.56,5.4,5.56,10.97,-5.4,false,false,true,10.97,15.81,-14.18,15.81,10.97,14.18
2123,2026-07-24 11:50:00,2026-07-24,11:50:00,7450,7448,7452,from_below,true,7444.44,7444.6,7451.32,7444.6,7449.06,0.94,true,4.22,1.1,3.64,1.1,4.22,-3.64,true,9.09,1.1,6.7,1.1,9.09,-6.7,true,10.97,1.1,7.29,1.1,10.97,-7.29,false,false,true,10.97,18,-14.74,18,10.97,14.74
2124,2026-07-24 11:55:00,2026-07-24,11:55:00,7450,7448,7452,continuation_in_zone,true,7449.06,7449.11,7454.22,7448.9,7453.64,,true,6.71,0,6.51,,,,true,10.97,0,3.9,,,,true,10.97,0,5.57,,,,,,true,10.97,18,-10.95,,,
2125,2026-07-24 12:00:00,2026-07-24,12:00:00,7450,7448,7452,from_above,true,7453.64,7453.73,7456.71,7450.25,7456.51,6.51,true,9.09,0,6.7,9.09,0,6.7,true,10.97,0,5.4,10.97,0,5.4,true,10.97,1.83,-0.87,10.97,1.83,-0.87,true,true,true,10.97,18,-14.34,10.97,18,-14.34
2126,2026-07-24 12:30:00,2026-07-24,12:30:00,7450,7448,7452,from_above,false,7455.57,7455.55,7455.65,7448.17,7449.13,-0.87,true,1.14,3.62,-3.43,1.14,3.62,-3.43,true,1.14,15.81,-14.18,1.14,15.81,-14.18,true,1.14,18,-14.34,1.14,18,-14.34,false,false,true,1.14,22.94,-4.53,1.14,22.94,-4.53
2127,2026-07-24 12:35:00,2026-07-24,12:35:00,7450,7448,7452,continuation_in_zone,true,7449.13,7449.15,7451.14,7446.38,7446.57,,true,0,9.31,-9.31,,,,true,0,18,-14.74,,,,true,0,21.64,-21.11,,,,,,true,0,22.94,-10.94,,,
2128,2026-07-24 14:40:00,2026-07-24,14:40:00,7400,7398,7402,from_above,false,7406.27,7406.28,7406.28,7400.13,7402.12,2.12,true,10.29,0,6.59,10.29,0,6.59,true,10.29,0,7.45,10.29,0,7.45,true,12.02,1.6,-0.67,12.02,1.6,-0.67,true,true,true,12.02,3.48,5.76,12.02,3.48,5.76
2129,2026-07-24 14:45:00,2026-07-24,14:45:00,7400,7398,7402,from_above,true,7402.12,7402.07,7410.29,7401.37,7406.59,6.59,true,8.63,0,5.39,8.63,0,5.39,true,12.02,0,6.16,12.02,0,6.16,true,12.02,2.18,1.19,12.02,2.18,1.19,true,true,true,12.02,3.48,6.47,12.02,3.48,6.47
2130,2026-07-24 15:05:00,2026-07-24,15:05:00,7400,7398,7402,from_above,false,7406.16,7406.09,7409.8,7399.04,7399.56,-0.44,true,5.05,1.6,-0.67,5.05,1.6,-0.67,true,5.05,3.14,-2.39,5.05,3.14,-2.39,true,9.46,3.48,4.1,9.46,3.48,4.1,true,false,true,14.05,3.48,11.97,14.05,3.48,11.97
2131,2026-07-24 15:10:00,2026-07-24,15:10:00,7400,7398,7402,continuation_in_zone,true,7399.56,7399.57,7405.05,7398.4,7399.33,,true,1.19,2.18,1.19,,,,true,3.21,3.48,-0.02,,,,true,9.46,3.48,5.76,,,,,,false,14.05,3.48,,,,
2132,2026-07-24 15:15:00,2026-07-24,15:15:00,7400,7398,7402,continuation_in_zone,true,7399.33,7399.32,7401.19,7397.82,7401.19,,true,3.21,3.14,-2.39,,,,true,6.83,3.48,4.39,,,,true,9.46,3.48,6.47,,,,,,false,14.05,3.48,,,,
2133,2026-07-24 15:20:00,2026-07-24,15:20:00,7400,7398,7402,continuation_in_zone,true,7401.19,7401.36,7403.21,7396.86,7397.61,,true,1.58,3.48,-0.02,,,,true,9.46,3.48,4.1,,,,true,9.46,3.48,8.01,,,,,,false,14.05,3.48,,,,
2134,2026-07-24 15:25:00,2026-07-24,15:25:00,7400,7398,7402,from_below,true,7397.61,7397.56,7401.58,7396.52,7399.98,0.02,true,6.83,0.12,4.39,0.12,6.83,-4.39,true,9.46,0.12,5.76,0.12,9.46,-5.76,true,14.05,0.47,12.87,0.47,14.05,-12.87,false,false,false,14.05,0.47,,0.47,14.05,
2135,2026-07-24 15:30:00,2026-07-24,15:30:00,7400,7398,7402,continuation_in_zone,true,7399.98,7399.88,7406.83,7399.88,7404.39,,true,9.46,0,4.1,,,,true,9.46,0,6.47,,,,true,14.05,0.47,11.98,,,,,,false,14.05,0.47,,,,
2136,2026-07-24 15:40:00,2026-07-24,15:40:00,7400,7398,7402,from_above,false,7404.1,7404.3,7406.44,7401.45,7405.76,5.76,true,7.42,0,6.47,7.42,0,6.47,true,14.05,0.47,12.87,14.05,0.47,12.87,false,14.05,0.47,,14.05,0.47,,,,false,14.05,0.47,,14.05,0.47,
2137,2026-07-24 15:45:00,2026-07-24,15:45:00,7400,7398,7402,from_above,true,7405.76,7406.04,7407.42,7400.87,7406.47,6.47,true,8.65,0.47,8.01,8.65,0.47,8.01,true,14.05,0.47,11.98,14.05,0.47,11.98,false,14.05,0.47,,14.05,0.47,,,,false,14.05,0.47,,14.05,0.47,
2138,2026-07-24 15:50:00,2026-07-24,15:50:00,7400,7398,7402,from_above,true,7406.47,7406.25,7408.65,7399.53,7408.01,8.01,true,14.05,0,12.87,14.05,0,12.87,true,14.05,0,11.97,14.05,0,11.97,false,14.05,0,,14.05,0,,,,false,14.05,0,,14.05,0,
2139,2026-07-27 09:55:00,2026-07-27,09:55:00,7450,7448,7452,from_above,false,7459.49,7459.39,7459.51,7441.19,7441.19,-8.81,true,0,13.04,-9.11,0,13.04,-9.11,true,0,21.11,-16.51,0,21.11,-16.51,true,0,44.49,-43.86,0,44.49,-43.86,false,false,true,0,61.66,-34.04,0,61.66,-34.04
2140,2026-07-27 10:30:00,2026-07-27,10:30:00,7400,7398,7402,from_above,false,7406.14,7406.28,7408.56,7400.63,7403.24,3.24,true,6.26,4.91,3.83,6.26,4.91,3.83,true,6.26,11.66,3.54,6.26,11.66,3.54,false,16.28,11.66,,16.28,11.66,,,,false,16.28,11.66,,16.28,11.66,
2141,2026-07-27 10:35:00,2026-07-27,10:35:00,7400,7398,7402,from_above,true,7403.24,7402.56,7406.26,7395.09,7403.83,3.83,true,5.41,11.66,-9.36,5.41,11.66,-9.36,true,11.6,11.66,8.72,11.6,11.66,8.72,false,16.28,11.66,,16.28,11.66,,,,false,16.28,11.66,,16.28,11.66,
2142,2026-07-27 10:40:00,2026-07-27,10:40:00,7400,7398,7402,from_above,true,7403.83,7403.8,7405.41,7388.34,7390.64,-9.36,true,4.67,9.36,3.54,4.67,9.36,3.54,true,16.28,9.36,15.96,16.28,9.36,15.96,false,16.28,9.36,,16.28,9.36,,,,false,16.28,9.36,,16.28,9.36,
2143,2026-07-27 10:45:00,2026-07-27,10:45:00,7400,7398,7402,from_below,true,7390.64,7390.7,7404.67,7390.7,7403.54,-3.54,true,11.6,0,8.72,0,11.6,-8.72,false,16.28,0,,0,16.28,,false,16.28,0,,0,16.28,,,,false,16.28,0,,0,16.28,
