event_id,timestamp_et,session_date_et,session_time_et,level,zone_low,zone_high,approach,previous_close,touch_open,touch_high,touch_low,touch_close,touch_close_response_points,full_5m_window,favorable_5m_points,adverse_5m_points,close_move_5m_points,full_15m_window,favorable_15m_points,adverse_15m_points,close_move_15m_points,full_30m_window,favorable_30m_points,adverse_30m_points,close_move_30m_points,dominant_30m_reaction,heavy_10pt_30m_reaction,full_60m_window,favorable_60m_points,adverse_60m_points,close_move_60m_points
1,2026-02-02 09:40:00,2026-02-02,09:40:00,6950,6948,6952,from_below,6940.27,6940.52,6950.33,6937.14,6948.27,1.73,true,4.24,1.26,0.01,true,5.14,10.31,0.71,true,5.14,25.23,-24.71,false,false,true,5.14,30.82,-24.08
2,2026-02-03 10:00:00,2026-02-03,10:00:00,6950,6948,6952,from_above,6955.95,6955.91,6958.33,6943.03,6951.22,1.22,true,4.86,7.94,1.25,true,4.86,11.76,-4.23,true,4.86,19.35,-11.22,false,false,true,6.88,19.35,-4.96
3,2026-02-03 10:45:00,2026-02-03,10:45:00,6950,6948,6952,from_below,6935.74,6935.54,6949.02,6931.56,6949.02,0.98,true,7.16,4.6,-1.43,true,7.16,6.88,4.96,true,10.42,6.88,9.07,true,true,true,23.12,6.88,17.26
4,2026-02-03 12:35:00,2026-02-03,12:35:00,6900,6898,6902,from_above,6903.56,6903.32,6905.63,6901.18,6902.35,2.35,true,2.48,4.27,-2.1,true,8.96,4.27,0.21,true,8.96,4.27,1.53,true,false,true,8.96,21.15,-14.45
5,2026-02-03 15:25:00,2026-02-03,15:25:00,6900,6898,6902,from_below,6896.23,6896.42,6899.49,6896.37,6897.48,2.52,true,2.64,10.45,-10.07,true,2.64,13.55,-7.19,true,2.64,19.55,-19.55,false,false,false,2.64,19.55,
6,2026-02-04 09:55:00,2026-02-04,09:55:00,6900,6898,6902,from_above,6923.89,6924.13,6924.87,6899.69,6902.28,2.28,true,2.78,13.91,-6.03,true,16.89,13.91,11.33,true,30.01,13.91,21.17,true,true,true,30.01,13.91,6.47
7,2026-02-04 10:35:00,2026-02-04,10:35:00,6900,6898,6902,from_above,6905.16,6905.41,6922.44,6895.31,6911.52,11.52,true,24.71,0,17.35,true,24.71,0,9.96,true,24.71,12.79,-11.28,true,true,true,24.71,14.22,-10.28
8,2026-02-04 11:00:00,2026-02-04,11:00:00,6900,6898,6902,from_above,6906.47,6907.58,6909.98,6891.78,6891.78,-8.22,true,0,12.79,-11.28,true,4.59,12.79,-11.06,true,5.99,14.22,-6.72,false,false,true,5.99,35.17,-10.39
9,2026-02-04 11:10:00,2026-02-04,11:10:00,6900,6898,6902,from_below,6888.72,6889.26,6904.59,6887.57,6900.77,-0.77,true,12.6,3.76,11.06,true,14.22,5.99,-5.37,true,24.77,5.99,24.49,true,true,true,35.17,5.99,11.11
10,2026-02-04 12:35:00,2026-02-04,12:35:00,6850,6848,6852,from_above,6857.94,6857.97,6857.97,6845.78,6845.97,-4.03,true,2.43,8.35,1.99,true,3.48,11.2,2.01,true,11.32,11.2,-4.54,true,true,true,21.44,11.2,11.17
11,2026-02-04 13:00:00,2026-02-04,13:00:00,6850,6848,6852,from_above,6858.32,6858.37,6859.94,6848.2,6853.73,3.73,true,11.32,4.64,-4.54,true,11.32,4.97,-3.76,true,21.44,4.97,6.53,true,true,true,26.85,4.97,13.26
12,2026-02-04 14:45:00,2026-02-04,14:45:00,6900,6898,6902,from_below,6887.88,6887.97,6904.36,6886.1,6895.73,4.27,true,6.17,6.57,0.18,true,6.17,6.57,0.13,true,10.46,6.57,2.99,true,true,true,10.46,6.57,-4.11
13,2026-02-05 09:40:00,2026-02-05,09:40:00,6850,6848,6852,from_below,6845.67,6845.98,6855.45,6835.95,6852.85,-2.85,true,5.54,4.67,-0.16,true,26.5,7.85,22.68,true,60.81,7.85,60.81,true,true,true,69.54,7.85,49.87
14,2026-02-05 10:10:00,2026-02-05,10:10:00,6800,6798,6802,from_above,6809.95,6809.84,6812.52,6789.19,6789.19,-10.81,true,5.99,12.18,2.37,true,5.99,16.97,-12.86,true,5.99,19.54,0.13,false,false,true,5.99,19.87,-19.87
15,2026-02-05 10:35:00,2026-02-05,10:35:00,6800,6798,6802,from_below,6781.66,6781.78,6799.85,6781.11,6798.26,1.74,true,7.4,5.68,-0.13,true,17.53,5.68,11.15,true,18.42,5.68,17.67,true,true,true,19.87,28.86,-23.26
16,2026-02-05 11:15:00,2026-02-05,11:15:00,6800,6798,6802,from_below,6780.13,6780.64,6804.61,6780.64,6802.91,-2.91,true,0,14,-11.71,true,0,26.44,-25.91,true,0,28.86,-21.79,false,false,true,0,36.27,-19.09
17,2026-02-05 13:50:00,2026-02-05,13:50:00,6800,6798,6802,from_above,6806.28,6806.25,6806.25,6798.81,6801.12,1.12,true,7.14,1.52,4.44,true,17.89,1.52,16.98,true,35.65,1.52,33.51,true,true,true,35.65,1.52,8.66
18,2026-02-05 15:20:00,2026-02-05,15:20:00,6800,6798,6802,from_above,6808.36,6808.51,6809.38,6799.58,6801.09,1.09,true,1.69,2.15,-0.96,true,2.5,7.53,-2.24,true,4.71,16.34,-7.84,false,false,false,4.71,16.34,
19,2026-02-05 15:55:00,2026-02-05,15:55:00,6800,6798,6802,from_below,6792.16,6790.92,6801.34,6790.92,6799.98,0.02,true,2.34,0,1.61,false,2.34,0,,false,2.34,0,,,,false,2.34,0,
20,2026-02-06 09:30:00,2026-02-06,09:30:00,6850,6848,6852,from_below,6798.39,6833.32,6867.19,6830.55,6860.92,-10.92,true,0,22.69,-19.18,true,0,31.07,-27.61,true,0,37.13,-11.28,false,false,true,0,37.13,-33.74
21,2026-02-06 11:20:00,2026-02-06,11:20:00,6900,6898,6902,from_below,6892.1,6892.21,6898.91,6892.19,6895.17,4.83,true,11.62,0,7.25,true,11.62,1.35,0.32,true,11.62,2.12,-0.01,true,true,true,11.62,5.83,-1.81
22,2026-02-06 11:30:00,2026-02-06,11:30:00,6900,6898,6902,from_below,6892.75,6893.17,6898.3,6893.17,6898.3,1.7,true,1.7,1.35,0.32,true,3.61,2.12,-0.47,true,7.99,2.12,0.49,true,false,true,7.99,11.66,-9.52
23,2026-02-06 12:35:00,2026-02-06,12:35:00,6900,6898,6902,from_above,6909.52,6909.62,6909.62,6901.17,6902.35,2.35,true,7.05,0,6.92,true,16.85,0,13.54,true,17.64,0,12.88,true,true,true,17.64,0,14.81
24,2026-02-09 10:15:00,2026-02-09,10:15:00,6950,6948,6952,from_below,6939.38,6939.58,6948.52,6939.4,6948.33,1.67,true,5.52,0.81,4.36,true,11.11,4.69,-4.49,true,11.11,9.72,-9.68,true,true,true,11.11,18.23,-13.1
25,2026-02-09 10:30:00,2026-02-09,10:30:00,6950,6948,6952,from_below,6941.14,6941.17,6954.69,6941.17,6954.49,-4.49,true,0,9.49,-4.6,true,0,9.72,-9.68,true,0,18.23,-17.78,false,false,true,0,19.7,-17.72
26,2026-02-10 13:30:00,2026-02-10,13:30:00,6950,6948,6952,from_above,6955.48,6955.54,6957.14,6951.07,6953.2,3.2,true,9.21,0,7.91,true,9.21,0,1.85,true,9.35,0.36,5.79,true,false,true,12.01,0.36,8.44
27,2026-02-10 13:45:00,2026-02-10,13:45:00,6950,6948,6952,from_above,6956.84,6956.85,6956.85,6951.33,6951.85,1.85,true,3.67,0.36,-0.12,true,9.35,0.36,5.79,true,9.35,0.36,3.82,true,false,true,12.01,0.36,8.62
28,2026-02-10 15:25:00,2026-02-10,15:25:00,6950,6948,6952,from_above,6954.89,6954.92,6956.13,6951.83,6953.79,3.79,true,6.45,0,1.93,true,6.45,0.07,0.96,true,6.45,12.47,-5.98,false,false,false,6.45,12.47,
29,2026-02-11 10:05:00,2026-02-11,10:05:00,6950,6948,6952,from_above,6957.09,6957.22,6957.96,6947.31,6948.22,-1.78,true,0,21.21,-12.36,true,0,35.75,-34.44,true,0,38.03,-16.51,false,false,true,0,38.03,-14.28
30,2026-02-11 11:10:00,2026-02-11,11:10:00,6950,6948,6952,from_below,6935.72,6935.73,6949.34,6935.43,6949.12,0.88,true,5.5,0,1.25,true,10.56,5.34,10.56,true,13.37,5.34,-0.83,true,true,true,15.32,5.34,5.71
31,2026-02-11 11:40:00,2026-02-11,11:40:00,6950,6948,6952,from_below,6947.92,6948.03,6953.7,6948.03,6950.83,-0.83,true,4.16,3.05,2.77,true,9.28,3.05,8.86,true,15.32,3.05,5.71,true,true,true,15.32,8.87,-8
32,2026-02-11 12:15:00,2026-02-11,12:15:00,6950,6948,6952,from_below,6944.29,6944.29,6950.74,6941.97,6946.25,3.75,true,6.92,1.79,-1.48,true,6.92,8.57,-2.95,true,6.92,9.03,-8.43,false,false,true,15.04,10.27,8.25
33,2026-02-11 12:55:00,2026-02-11,12:55:00,6950,6948,6952,from_above,6956.06,6955.97,6956,6946.61,6948.19,-1.81,true,0,5.6,-2.87,true,0,13.96,-12.94,true,0,15.04,-1.13,false,false,true,0.9,15.04,-2.08
34,2026-02-11 13:25:00,2026-02-11,13:25:00,6950,6948,6952,from_below,6943.13,6943.09,6949.53,6941.7,6948.87,1.13,true,6.05,0.36,6.05,true,7.39,0.36,5.55,true,8.32,0.9,2.08,true,false,true,8.32,10.08,-8.59
35,2026-02-11 14:45:00,2026-02-11,14:45:00,6950,6948,6952,from_above,6957.91,6957.88,6957.96,6944.82,6952.52,2.52,true,3.46,0.31,1.21,true,3.46,1.54,1.16,true,3.46,2.72,-1.68,true,false,true,3.46,10.23,0.14
36,2026-02-11 15:40:00,2026-02-11,15:40:00,6950,6948,6952,from_below,6946.42,6946.82,6949.82,6945.13,6945.55,4.45,true,4.56,0.3,-0.14,true,8.83,0.3,8.83,false,9.8,0.3,,,,false,9.8,0.3,
37,2026-02-12 09:50:00,2026-02-12,09:50:00,6950,6948,6952,from_above,6956.7,6952.52,6959.16,6951.28,6957.3,7.3,true,7.3,7.36,-4.08,true,7.3,8.87,-6.85,true,7.3,8.87,0.32,false,false,true,7.3,34.59,-34.59
38,2026-02-12 11:00:00,2026-02-12,11:00:00,6900,6898,6902,from_above,6905.37,6905.41,6906.76,6899.27,6900.6,0.6,true,1.04,11.82,-10.62,true,1.04,29.32,-25.87,true,1.04,45.06,-36.7,false,false,true,1.04,45.62,-36.9
39,2026-02-12 12:55:00,2026-02-12,12:55:00,6850,6848,6852,from_above,6856.55,6856.42,6859.08,6849.38,6849.79,-0.21,true,5.06,5.74,0.01,true,10.48,5.74,2.21,true,10.48,7.55,1.2,true,true,true,23.14,7.55,16.82
40,2026-02-12 15:25:00,2026-02-12,15:25:00,6850,6848,6852,from_above,6856.94,6857.08,6857.2,6851.13,6851.87,1.87,true,3.28,4.72,-1.12,true,3.28,5.81,-4.14,true,3.28,25.96,-16.47,false,false,false,3.28,25.96,
41,2026-02-13 09:40:00,2026-02-13,09:40:00,6800,6798,6802,from_above,6817.25,6817.57,6823.2,6794.55,6822.42,22.42,true,46.67,0,33.24,true,46.67,0,16.56,true,47.17,0,33.14,true,true,true,64.25,0,35.01
42,2026-02-13 10:25:00,2026-02-13,10:25:00,6850,6848,6852,from_below,6831.59,6831.23,6851.65,6830.32,6848.52,1.48,true,1.48,13.47,-10.01,true,15.28,14.25,14.99,true,22.78,14.25,5.55,true,true,true,22.78,14.25,-5.4
43,2026-02-13 10:55:00,2026-02-13,10:55:00,6850,6848,6852,from_below,6845.11,6844.85,6849.96,6841.95,6844.45,5.55,true,6.09,2.91,-2.91,true,6.09,11.2,-2.49,true,11.76,11.2,-5.4,true,true,true,11.76,23.75,-16.84
44,2026-02-13 11:10:00,2026-02-13,11:10:00,6850,6848,6852,from_above,6859.12,6859.24,6859.28,6846.32,6852.49,2.49,true,9.16,0,0.67,true,9.16,11.76,5.4,true,15,11.76,14.87,true,true,true,29.6,11.76,29.26
45,2026-02-13 14:50:00,2026-02-13,14:50:00,6850,6848,6852,from_above,6857.19,6857.44,6858.09,6850.62,6851.48,1.48,true,4.15,7.59,-7.19,true,4.15,7.59,-0.23,true,4.15,13.81,-13.81,false,false,true,4.15,32.38,-15.72
46,2026-02-17 09:50:00,2026-02-17,09:50:00,6800,6798,6802,from_above,6819.75,6820.15,6822.33,6793.68,6794.94,-5.06,true,0,16.67,-16.13,true,2.54,19.52,-7.98,true,14.83,19.52,-3.84,false,true,true,14.83,24.5,-3.05
47,2026-02-17 10:00:00,2026-02-17,10:00:00,6800,6798,6802,from_below,6783.87,6783.57,6799.52,6780.48,6799.52,0.48,true,8.44,2.54,7.98,true,15.54,14.83,-14.01,true,24.16,14.83,22.11,true,true,true,24.5,15.85,-13.34
48,2026-02-17 10:15:00,2026-02-17,10:15:00,6800,6798,6802,from_below,6787.58,6787.62,6814.83,6786.66,6814.01,-14.01,true,4.71,14.41,3.84,true,24.16,14.41,22.11,true,24.5,14.41,5.59,true,true,true,24.5,46.6,-45.6
49,2026-02-17 10:45:00,2026-02-17,10:45:00,6800,6798,6802,from_below,6783.42,6783.39,6798.61,6782.78,6794.41,5.59,true,11.91,0,3.05,true,11.91,15.85,-13.34,true,11.91,46.6,-45.6,false,true,true,11.91,49.56,-34.73
50,2026-02-17 11:20:00,2026-02-17,11:20:00,6850,6848,6852,from_below,6845.6,6845.3,6849.56,6841.23,6848.5,1.5,true,16.27,0,15.9,true,23.09,0,7.54,true,23.09,0,7.64,true,true,true,26.75,0,21.22
51,2026-02-17 13:35:00,2026-02-17,13:35:00,6850,6848,6852,from_below,6845.29,6845.27,6851.4,6841.24,6851.4,-1.4,true,0,8.59,-4.27,true,0,11.96,-11.59,true,0,15.17,-7.83,false,false,true,0,16.73,-13.14
52,2026-02-17 15:05:00,2026-02-17,15:05:00,6850,6848,6852,from_above,6855.84,6855.91,6856.56,6851.6,6852.05,2.05,true,3.11,0,3.11,true,5.13,4.95,-3.87,true,5.13,11.61,-10.35,false,false,false,5.13,12.26,
53,2026-02-17 15:40:00,2026-02-17,15:40:00,6850,6848,6852,from_below,6839.65,6839.69,6850.52,6839.35,6848.36,1.64,true,6.22,0,3.89,true,12.26,0,5.01,false,12.26,0,,,,false,12.26,0,
54,2026-02-18 09:30:00,2026-02-18,09:30:00,6850,6848,6852,from_below,6843.21,6859.82,6862.33,6849.66,6853.39,-3.39,true,0,14.32,-10.87,true,0,22.69,-5.82,true,0,44.35,-44.21,false,false,true,0,52.99,-42.1
55,2026-02-18 10:05:00,2026-02-18,10:05:00,6900,6898,6902,from_below,6894.21,6894.31,6899.33,6890.88,6893.16,6.84,true,11.08,0,3.49,true,11.08,2.99,4.46,true,11.08,2.99,1.26,true,true,true,11.08,7.85,-2.08
56,2026-02-18 10:15:00,2026-02-18,10:15:00,6900,6898,6902,from_below,6896.51,6896.42,6902.99,6895.71,6897.64,2.36,true,4.65,0.09,4.46,true,8.05,0.09,7.9,true,8.17,4.54,-1.92,true,false,true,8.17,7.85,-0.32
57,2026-02-18 10:35:00,2026-02-18,10:35:00,6900,6898,6902,from_below,6892.1,6892.09,6899.09,6891.83,6898.74,1.26,true,1.94,3.11,-1.38,true,1.94,4.54,-2.9,true,1.94,7.85,-2.08,false,false,true,1.94,7.85,-3.78
58,2026-02-18 11:00:00,2026-02-18,11:00:00,6900,6898,6902,from_above,6903.88,6903.92,6904.39,6901.05,6904.06,4.06,true,7.85,0,2.08,true,7.85,0,0.32,true,7.85,1.24,2.87,true,false,true,7.85,7.32,-0.3
59,2026-02-18 12:00:00,2026-02-18,12:00:00,6900,6898,6902,from_below,6893.8,6893.92,6899.76,6892.68,6899.7,0.3,true,0.3,6.89,-2.84,true,1.64,6.89,-4.13,true,2.6,6.89,2.33,false,false,true,2.6,9.12,-5.87
60,2026-02-18 12:25:00,2026-02-18,12:25:00,6900,6898,6902,from_above,6903.11,6903.11,6903.11,6900.07,6900.51,0.51,true,2.2,2.6,-2.33,true,2.2,2.6,-1.18,true,5.84,2.6,2.73,true,false,true,9.12,6.29,-4.14
61,2026-02-18 13:20:00,2026-02-18,13:20:00,6900,6898,6902,from_above,6903.34,6903.43,6903.67,6899.35,6899.57,-0.43,true,0.63,6.29,-4.14,true,0.63,6.98,-5.1,true,0.63,20.67,-12.13,false,false,true,0.63,20.75,-15.18
62,2026-02-18 13:35:00,2026-02-18,13:35:00,6900,6898,6902,from_below,6895.81,6895.78,6898.29,6894.87,6894.9,5.1,true,14.97,0,11.26,true,20.67,0,12.13,true,20.67,0,14.59,true,true,true,33,0,29.85
63,2026-02-19 09:35:00,2026-02-19,09:35:00,6850,6848,6852,from_above,6857.14,6857.34,6857.75,6842.82,6854.08,4.08,true,15.22,2.49,14.32,true,19.88,2.49,16.17,true,29.12,2.49,11.52,true,true,true,29.12,2.49,21.56
64,2026-02-19 11:45:00,2026-02-19,11:45:00,6850,6848,6852,from_above,6853.47,6853.34,6856.79,6847.36,6848.68,-1.32,true,7.57,5.32,6.94,true,7.57,5.32,-2.58,true,8.82,5.52,8.05,true,false,true,14.04,8.83,-6.09
65,2026-02-19 12:35:00,2026-02-19,12:35:00,6850,6848,6852,from_above,6855.85,6855.79,6857.97,6851.92,6855.33,5.33,true,8.92,0,4.83,true,8.92,10.12,-7.33,true,8.92,11.83,-6.31,false,false,true,8.92,16.94,-7.92
66,2026-02-19 12:45:00,2026-02-19,12:45:00,6850,6848,6852,from_above,6854.83,6854.78,6854.97,6841.17,6843.91,-6.09,true,0,10.12,-7.33,true,0,11.83,-11.45,true,0.8,12.42,-12.09,false,false,true,1.09,16.94,0.43
67,2026-02-19 13:10:00,2026-02-19,13:10:00,6850,6848,6852,from_below,6843.69,6843.6,6850.8,6841.35,6849.92,0.08,true,12.42,0,12.09,true,16.94,0,8.93,true,16.94,0,5.84,true,true,true,16.94,7.2,-3.6
68,2026-02-19 13:45:00,2026-02-19,13:45:00,6850,6848,6852,from_below,6844.16,6844.08,6851.09,6844.07,6850.43,-0.43,true,2.82,2.03,-0.26,true,2.82,5.12,-2.55,true,2.82,7.2,-6.58,false,false,true,13.14,7.26,8.23
69,2026-02-19 14:25:00,2026-02-19,14:25:00,6850,6848,6852,from_above,6856.76,6856.77,6857.1,6847.9,6849.41,-0.59,true,2.09,1.11,0.48,true,2.09,13.14,-8.11,true,2.09,13.14,-7.43,false,false,true,2.09,13.14,-4.42
70,2026-02-19 15:00:00,2026-02-19,15:00:00,6850,6848,6852,from_below,6842.57,6842.57,6851.52,6842.45,6849.9,0.1,true,3.23,0,3.04,true,6.25,0,1.18,true,6.25,2.42,-0.05,true,false,true,6.25,11.95,-11.88
71,2026-02-19 15:30:00,2026-02-19,15:30:00,6850,6848,6852,from_below,6845.58,6845.56,6852.42,6845.25,6850.05,-0.05,true,2.23,1.19,0.87,true,3.47,6.68,-5.77,true,3.47,11.95,-11.88,false,false,false,3.47,11.95,
72,2026-02-20 09:30:00,2026-02-20,09:30:00,6850,6848,6852,from_above,6861.88,6841.74,6852.08,6836.33,6850.81,0.81,true,10.32,1.69,5.11,true,19.98,1.69,8.17,true,59.87,1.69,36.03,true,true,true,59.87,1.69,28.36
73,2026-02-20 09:50:00,2026-02-20,09:50:00,6850,6848,6852,from_above,6858.17,6857.96,6859.45,6851.77,6857.56,7.56,true,16.93,0,15.76,true,59.87,0,36.72,true,59.87,0,40.6,true,true,true,59.87,0,55.19
74,2026-02-20 10:00:00,2026-02-20,10:00:00,6900,6898,6902,from_below,6865.76,6865.15,6909.87,6865.15,6886.03,13.97,true,35.9,0,13.28,true,40.37,0,18.23,true,40.37,0,21.64,true,true,true,40.37,8.83,-6.06
75,2026-02-20 10:45:00,2026-02-20,10:45:00,6900,6898,6902,from_below,6897.99,6897.69,6903.49,6890.82,6898.81,1.19,true,6.17,7.07,-5.19,true,6.17,8.83,-6.06,true,12.66,8.83,7.31,true,true,true,23.65,8.83,-7.2
76,2026-02-20 11:00:00,2026-02-20,11:00:00,6900,6898,6902,from_above,6905.87,6905.84,6908.83,6901.17,6906.06,6.06,true,6.13,0,1.11,true,6.13,12.66,-7.31,true,6.13,23.65,-10.16,false,false,true,8.11,23.65,-3.66
77,2026-02-20 11:35:00,2026-02-20,11:35:00,6900,6898,6902,from_below,6889.84,6890.02,6898.03,6885.44,6897.87,2.13,true,4.15,5.41,-1.85,true,4.15,8.11,-6.6,true,12.15,8.11,12.15,true,true,true,41.48,8.11,23.54
78,2026-02-20 11:55:00,2026-02-20,11:55:00,6900,6898,6902,from_above,6906.6,6906.52,6907.31,6901.51,6902.04,2.04,true,4.7,3.7,-3.66,true,4.7,21.52,-21.14,true,4.7,41.48,-31.96,false,false,true,4.7,41.48,-8.53
79,2026-02-20 13:30:00,2026-02-20,13:30:00,6900,6898,6902,from_below,6883.13,6882.91,6903.91,6876.25,6894.74,5.26,true,17.93,0.38,6.18,true,17.93,15.86,-8.64,true,17.93,15.86,-11.41,true,true,true,17.93,15.86,-4.28
80,2026-02-20 13:50:00,2026-02-20,13:50:00,6900,6898,6902,from_above,6908.64,6908.52,6911.91,6901.7,6910.99,10.99,true,12.29,0,9.67,true,14.05,0,7.49,true,14.05,0.46,3.61,true,true,true,14.05,4.68,-1.84
81,2026-02-20 14:10:00,2026-02-20,14:10:00,6900,6898,6902,from_above,6907.49,6907.56,6907.96,6901.14,6901.56,1.56,true,2.26,0.46,0.28,true,6.23,0.69,2.13,true,7.46,3.07,-2.72,true,false,true,9.43,4.68,8.13
82,2026-02-20 14:35:00,2026-02-20,14:35:00,6900,6898,6902,from_above,6904.28,6904.48,6905.03,6900.83,6901.25,1.25,true,2.95,3.07,-2.72,true,2.95,4.68,-1.84,true,9.43,4.68,6.84,true,false,true,9.43,4.68,3.62
83,2026-02-20 15:20:00,2026-02-20,15:20:00,6900,6898,6902,from_above,6902.84,6902.58,6903.2,6899.53,6901.62,1.62,true,2.09,1.9,0.26,true,3.92,1.9,3.62,true,7.75,1.9,5.33,true,false,false,10.08,1.9,
84,2026-02-20 15:50:00,2026-02-20,15:50:00,6900,6898,6902,from_above,6904.53,6904.44,6906.53,6900.86,6905.33,5.33,true,9.87,0,9.86,false,10.08,0,,false,10.08,0,,,,false,10.08,0,
85,2026-02-23 09:30:00,2026-02-23,09:30:00,6900,6898,6902,from_above,6909.52,6893.51,6914.72,6893.51,6910.41,10.41,true,16.96,0,13.99,true,16.96,15.18,-14.12,true,16.96,31.19,-31.03,false,true,true,16.96,43.86,-43.75
86,2026-02-23 09:40:00,2026-02-23,09:40:00,6900,6898,6902,from_above,6913.99,6913.76,6913.76,6892.45,6892.82,-7.18,true,0,15.18,-14.12,true,0,19.8,-18.11,true,0,37.7,-36.33,false,false,true,0,49.25,-47.68
87,2026-02-23 09:50:00,2026-02-23,09:50:00,6900,6898,6902,from_below,6885.88,6885.95,6898.08,6885.45,6887.54,12.46,true,19.8,0,18.11,true,36.64,0,35.03,true,38.75,0,34.94,true,true,true,56.96,0,56.26
88,2026-02-23 10:40:00,2026-02-23,10:40:00,6850,6848,6852,from_above,6857.35,6857.38,6858.19,6850.75,6852.32,2.32,true,5.17,0.06,1.48,true,5.17,11.72,-11.16,true,5.17,28.11,-27.55,false,false,true,5.17,30.18,-8.93
89,2026-02-23 13:15:00,2026-02-23,13:15:00,6850,6848,6852,from_below,6847.53,6847.44,6850.03,6846.38,6847.6,2.4,true,2.58,4.4,-3.9,true,2.58,5.53,-3.69,true,5.32,5.54,1.11,false,false,true,17.49,5.54,15.89
90,2026-02-23 13:30:00,2026-02-23,13:30:00,6850,6848,6852,from_above,6854.24,6854.34,6854.54,6851.17,6853.69,3.69,true,5.54,0,0.59,true,5.54,5.32,-1.11,true,5.54,15.58,-15.12,false,false,true,5.54,21.98,-20.73
91,2026-02-24 09:40:00,2026-02-24,09:40:00,6850,6848,6852,from_below,6837.78,6838.09,6859.21,6838.06,6858.72,-8.72,true,0,20.29,-14.83,true,6.16,20.29,2.13,true,12.52,20.29,1.36,false,true,true,12.52,31.85,-29.68
92,2026-02-24 09:55:00,2026-02-24,09:55:00,6850,6848,6852,from_above,6856.99,6857.04,6857.04,6843.84,6847.87,-2.13,true,0,12.52,-7.36,true,7.48,12.52,-1.36,true,30.53,12.52,30.13,true,true,true,31.85,12.52,20.07
93,2026-02-24 15:50:00,2026-02-24,15:50:00,6900,6898,6902,from_below,6891.79,6891.74,6899.17,6890,6894.79,5.21,true,10.68,0,9.31,false,10.68,0,,false,10.68,0,,,,false,10.68,0,
94,2026-02-25 14:30:00,2026-02-25,14:30:00,6950,6948,6952,from_below,6945.23,6945.29,6948.3,6945.18,6948.3,1.7,true,2.18,0,0.9,true,2.78,0,1.23,true,2.78,0,2.32,true,false,true,5.61,0,4.52
95,2026-02-25 15:35:00,2026-02-25,15:35:00,6950,6948,6952,from_below,6945.48,6945.52,6948.4,6944.89,6947.98,2.02,true,2.87,0,2.23,true,2.87,2.51,-0.44,false,3.89,2.51,,,,false,3.89,2.51,
96,2026-02-26 10:10:00,2026-02-26,10:10:00,6900,6898,6902,from_above,6915.93,6916.15,6921.1,6901.75,6901.75,1.75,true,2.02,20.38,-19.86,true,2.02,36.16,-26.63,true,2.02,40.27,-14.37,false,false,true,2.02,40.27,1.83
97,2026-02-26 11:00:00,2026-02-26,11:00:00,6900,6898,6902,from_below,6893.26,6893.41,6898.17,6892.29,6896.92,3.08,true,8.69,0,2.29,true,8.69,6.45,0.37,true,8.69,6.69,-1.64,true,false,true,23.69,6.69,18.25
98,2026-02-26 14:05:00,2026-02-26,14:05:00,6900,6898,6902,from_below,6894.67,6894.72,6900.43,6894.21,6900.43,-0.43,true,0.45,3.28,-1.12,true,0.45,8.99,-8.24,true,0.45,9.08,-6.37,false,false,true,0.45,13.71,-7.3
99,2026-02-26 14:25:00,2026-02-26,14:25:00,6900,6898,6902,from_above,6908.24,6908.25,6908.25,6901.12,6902.26,2.26,true,8.59,0,7.97,true,9.08,0,7.7,true,12.58,0,6.4,true,true,true,13.71,0,2.46
100,2026-02-27 09:30:00,2026-02-27,09:30:00,6850,6848,6852,from_above,6908.87,6843.74,6856.82,6843.74,6852.51,2.51,true,7.04,5.2,6.49,true,7.04,18.26,0.4,true,9.37,18.26,4.32,false,false,true,20.59,18.26,10.39
101,2026-02-27 12:20:00,2026-02-27,12:20:00,6850,6848,6852,from_above,6857.24,6857.33,6857.82,6848.5,6855.26,5.26,true,9.67,0,6.28,true,15.89,0,8.73,true,15.89,0,5.4,true,true,true,15.89,2.63,-0.2
102,2026-02-27 12:45:00,2026-02-27,12:45:00,6850,6848,6852,from_above,6855.01,6854.91,6854.91,6850.57,6854.09,4.09,true,7.46,0,5.4,true,11.42,0,7.29,true,11.42,0,0.89,true,true,true,11.42,3.97,2.08
103,2026-02-27 13:15:00,2026-02-27,13:15:00,6850,6848,6852,from_above,6854.04,6853.99,6854.61,6850.46,6850.89,0.89,true,2.11,2.63,-0.2,true,4.38,3.97,2.04,true,7.48,3.97,2.08,true,false,true,15.27,3.97,4.61
104,2026-02-27 13:45:00,2026-02-27,13:45:00,6850,6848,6852,from_above,6853.39,6853.53,6855.13,6851.15,6852.08,2.08,true,5.48,0,3.58,true,12.48,0,11.96,true,15.27,0,4.61,true,true,true,15.27,4.39,-2.6
105,2026-02-27 14:10:00,2026-02-27,14:10:00,6850,6848,6852,from_above,6854.16,6854.32,6857.34,6851.82,6854.68,4.68,true,6.12,0,4.61,true,6.12,0,1.09,true,6.12,4.39,-1.59,true,false,true,17.18,4.39,16.93
106,2026-02-27 14:25:00,2026-02-27,14:25:00,6850,6848,6852,from_above,6852.55,6852.35,6855.23,6850.41,6851.09,1.09,true,1.12,2.44,-0.31,true,5.31,4.39,-1.59,true,5.31,4.39,-1.01,true,false,true,25.97,4.39,21.12
107,2026-03-02 09:30:00,2026-03-02,09:30:00,6800,6798,6802,from_above,6878.89,6800.78,6829.27,6796.85,6827.19,27.19,true,40.63,0,26.55,true,49.05,0,48.11,true,59.47,0,57.37,true,true,true,68.53,0,44.85
108,2026-03-02 09:45:00,2026-03-02,09:45:00,6850,6848,6852,from_below,6835.27,6835.72,6849.05,6832.98,6848.11,1.89,true,15.08,0,8.81,true,15.08,9.47,-7.37,true,15.08,18.53,-12.38,false,true,true,15.08,18.53,-6.75
109,2026-03-02 10:00:00,2026-03-02,10:00:00,6850,6848,6852,from_below,6845.46,6843.56,6859.47,6835.62,6857.37,-7.37,true,0,15.25,-8.8,true,0,18.53,-12.38,true,8.67,18.53,5.15,false,false,true,9.84,18.53,-11.5
110,2026-03-02 10:20:00,2026-03-02,10:20:00,6850,6848,6852,from_above,6862.38,6862.48,6863.9,6851.08,6857.18,7.18,true,9.07,3.86,-1.77,true,9.07,9.84,4.09,true,13.33,9.84,-0.72,true,true,true,21.6,9.84,12.02
111,2026-03-02 10:50:00,2026-03-02,10:50:00,6850,6848,6852,from_above,6856.75,6856.76,6860.33,6848.59,6849.28,-0.72,true,8.03,2.56,7.52,true,20.23,2.56,19.96,true,21.6,2.56,12.02,true,true,true,34.65,4.89,27.2
112,2026-03-02 11:25:00,2026-03-02,11:25:00,6850,6848,6852,from_above,6862.02,6861.72,6862.23,6845.26,6848.32,-1.68,true,3.94,4.89,3.58,true,30.25,4.89,29.38,true,34.65,4.89,28.14,true,true,true,37.01,4.89,30.17
113,2026-03-02 14:30:00,2026-03-02,14:30:00,6900,6898,6902,from_below,6896.79,6896.88,6899.91,6896.7,6899.23,0.77,true,1.91,1.01,1.53,true,5.08,1.01,2.13,true,5.82,1.01,4.28,true,false,true,35.23,1.01,24.4
114,2026-03-03 09:40:00,2026-03-03,09:40:00,6750,6748,6752,from_above,6773.22,6772.48,6773.52,6746.99,6747.97,-2.03,true,10.59,10.82,-10.61,true,10.59,16.28,-13.06,true,10.59,19.43,-9.36,false,true,true,10.59,39.58,-23.17
115,2026-03-03 10:00:00,2026-03-03,10:00:00,6750,6748,6752,from_below,6736.94,6736.83,6751.73,6731.09,6734.5,15.5,true,19.43,0,12.01,true,26.81,0,25.47,true,39.58,0,26.06,true,true,true,39.58,0,2.53
116,2026-03-03 10:10:00,2026-03-03,10:10:00,6750,6748,6752,from_below,6737.99,6737.92,6748.67,6731.58,6740.64,9.36,true,26.81,0,25.47,true,39.58,0,38.2,true,39.58,0,23.17,true,true,true,39.58,16.19,-15.04
117,2026-03-03 11:00:00,2026-03-03,11:00:00,6750,6748,6752,from_below,6733.09,6733.26,6748.04,6731.8,6747.47,2.53,true,2.53,12.77,-9.86,true,2.53,25.33,-17.44,true,2.53,29.77,-22.37,false,false,true,2.53,48.01,-38.73
118,2026-03-03 11:45:00,2026-03-03,11:45:00,6800,6798,6802,from_below,6781.32,6781.38,6798.01,6781.38,6789.34,10.66,true,12.57,0,7.35,true,16.38,0,11.27,true,21.21,0,10.03,true,true,true,23.54,0,2.59
119,2026-03-03 12:25:00,2026-03-03,12:25:00,6800,6798,6802,from_below,6796.32,6796.5,6799,6792.23,6798.03,1.97,true,22.02,0,20.74,true,23.54,0,3.01,true,23.54,0,11.36,true,true,true,23.54,18.48,-12.91
120,2026-03-03 12:45:00,2026-03-03,12:45:00,6800,6798,6802,from_below,6796.99,6797,6798.63,6792.26,6797.41,2.59,true,15.59,0,14.69,true,15.98,1.91,1.48,true,15.98,2.87,-1.49,true,true,true,15.98,32.79,-28.32
121,2026-03-03 13:00:00,2026-03-03,13:00:00,6800,6798,6802,from_below,6788.64,6788.74,6801.91,6788.74,6798.52,1.48,true,3.34,2.87,-2.53,true,8.73,2.87,-1.49,true,8.73,22.11,-20.3,false,false,true,8.73,32.92,-26.35
122,2026-03-04 09:30:00,2026-03-04,09:30:00,6850,6848,6852,from_below,6816.62,6830.67,6848.04,6830.67,6843.93,6.07,true,26.54,0,25.08,true,38.36,0,26.69,true,38.36,0,19.96,true,true,true,38.36,27.23,-18.74
123,2026-03-04 10:10:00,2026-03-04,10:10:00,6850,6848,6852,from_below,6845.92,6845.78,6851.33,6840.57,6846.52,3.48,true,3.54,8.96,-8.71,true,3.54,26.76,-25.44,true,3.54,27.23,-9.45,false,false,true,3.54,30.38,-10.22
124,2026-03-05 09:30:00,2026-03-05,09:30:00,6850,6848,6852,from_above,6869.49,6851.08,6856.62,6835.49,6856.62,6.62,true,9.7,2.56,1.78,true,9.7,12.44,-6.13,true,20.43,12.44,8.31,true,true,true,20.43,42.12,-33.18
125,2026-03-05 10:05:00,2026-03-05,10:05:00,6850,6848,6852,from_above,6858.31,6858.2,6858.45,6844.56,6850.69,0.69,true,8.3,3.66,8.3,true,8.3,24.1,-23.9,true,8.3,42.12,-24.52,false,false,true,8.3,42.12,-34.08
126,2026-03-05 12:30:00,2026-03-05,12:30:00,6800,6798,6802,from_above,6802.41,6799.77,6801.41,6786.66,6786.66,-13.34,true,0,15.06,-6.47,true,0,23.1,-22.39,true,0,25.69,-15.23,false,false,true,0,27.2,-22.3
127,2026-03-05 15:10:00,2026-03-05,15:10:00,6800,6798,6802,from_below,6796.33,6796.2,6804.36,6796.03,6802.01,-2.01,true,1.74,8.19,-5.14,true,1.74,17.88,-8.83,true,1.74,18.82,-13.95,false,false,false,1.74,31.76,
128,2026-03-06 09:30:00,2026-03-06,09:30:00,6750,6748,6752,from_above,6830.72,6748.54,6752.05,6734.37,6736.84,-13.16,true,0,33.27,-25.66,true,0,37.2,-30.63,true,0,38.44,-10.48,false,false,true,12.67,38.44,12.2
129,2026-03-06 10:20:00,2026-03-06,10:20:00,6750,6748,6752,from_below,6747.68,6747.65,6755.9,6745.58,6754.48,-4.48,true,0.56,5.75,-4.43,true,0.56,21.73,-19.22,true,11.1,21.73,3.99,false,true,true,11.1,23.42,-7.45
130,2026-03-06 10:45:00,2026-03-06,10:45:00,6750,6748,6752,from_above,6760.87,6760.94,6761.93,6749.32,6751.01,1.01,true,1.01,11.1,-3.99,true,22.9,11.1,22.1,true,23.42,11.1,11.86,true,true,true,23.42,11.1,17.41
131,2026-03-06 11:20:00,2026-03-06,11:20:00,6750,6748,6752,from_above,6761.86,6762.05,6763.17,6748.33,6757.45,7.45,true,9.41,0,6.7,true,14.51,2.23,13.04,true,22.59,2.23,9.61,true,true,true,22.59,2.23,8.68
132,2026-03-06 12:05:00,2026-03-06,12:05:00,6750,6748,6752,from_above,6766.92,6766.62,6766.7,6750.51,6753.73,3.73,true,6.44,0,2.54,true,14.01,1.56,8.68,true,14.01,10.24,-7.54,true,true,true,14.01,15.73,5.28
133,2026-03-06 12:25:00,2026-03-06,12:25:00,6750,6748,6752,from_above,6758.68,6758.54,6758.61,6747.5,6752.15,2.15,true,4.41,0,4.27,true,4.41,15.73,-9.87,true,4.41,15.73,-5.24,false,false,true,23.18,15.73,9.94
134,2026-03-06 12:50:00,2026-03-06,12:50:00,6750,6748,6752,from_below,6746.83,6746.75,6752.14,6744.12,6746.47,3.53,true,6.52,0.67,5.24,true,6.52,7.03,-5.28,true,6.52,23.18,-16.31,false,false,true,6.52,23.18,-2.58
135,2026-03-06 13:50:00,2026-03-06,13:50:00,6750,6748,6752,from_above,6760.43,6760.51,6760.53,6750.81,6752.58,2.58,true,6.55,0,3.69,true,9.65,0,8.67,true,16.53,0,6.45,true,true,true,18.5,0,11.72
136,2026-03-06 14:05:00,2026-03-06,14:05:00,6750,6748,6752,from_above,6752.57,6752.47,6759.65,6751.64,6758.67,8.67,true,16.53,0,14.82,true,16.53,0,6.45,true,16.53,0,10.45,true,true,true,22.01,0,12.77
137,2026-03-06 15:10:00,2026-03-06,15:10:00,6750,6748,6752,from_above,6762.77,6762.74,6763.77,6747.58,6752.38,2.38,true,6.92,1.83,2,true,6.92,17.41,-15.5,true,6.92,25.17,-12.31,false,false,false,6.92,25.17,
138,2026-03-09 09:40:00,2026-03-09,09:40:00,6650,6648,6652,from_above,6658.94,6659.15,6659.49,6648.38,6654.66,4.66,true,10.13,4.15,-1.68,true,10.13,11.41,2.35,true,21.37,13.96,-6.99,true,true,true,30.28,13.96,30.28
139,2026-03-09 10:15:00,2026-03-09,10:15:00,6650,6648,6652,from_below,6643.01,6643.14,6652.84,6641.09,6651.61,-1.61,true,6.85,17.31,-15.3,true,6.85,17.31,-11.82,true,6.85,39.55,-37.79,false,false,true,6.85,55.03,-50.37
140,2026-03-09 11:00:00,2026-03-09,11:00:00,6700,6698,6702,from_below,6688.2,6687.97,6698.08,6687.97,6696.94,3.06,true,8.6,0,8.1,true,8.6,5.03,-0.37,true,8.6,11.17,-1.01,false,false,true,8.6,13.29,-8.93
141,2026-03-09 11:30:00,2026-03-09,11:30:00,6700,6698,6702,from_above,6710.01,6710.1,6710.14,6699.86,6701.01,1.01,true,1.86,2.25,-0.68,true,6.31,3.19,3.49,true,13.29,3.19,8.93,true,true,true,27.23,3.19,20.04
142,2026-03-09 13:25:00,2026-03-09,13:25:00,6700,6698,6702,from_above,6702.54,6702.56,6702.84,6699.71,6700.94,0.94,true,3.09,1.25,0.54,true,3.09,6.74,-5.28,true,4.83,6.74,0.33,false,false,true,19.66,6.74,13.02
143,2026-03-09 15:20:00,2026-03-09,15:20:00,6750,6748,6752,from_below,6745.5,6743.87,6768.6,6742.62,6764.2,-14.2,true,0,36.48,-36.28,true,0,60.44,-58.75,true,0,60.44,-34.56,false,false,false,0,60.44,
144,2026-03-09 15:35:00,2026-03-09,15:35:00,6800,6798,6802,from_below,6796.17,6796.23,6810.44,6785.6,6808.75,-8.75,true,17.25,8.75,8.03,true,18.81,8.75,15.44,true,18.81,8.75,4.02,true,true,false,18.81,8.75,
145,2026-03-09 15:55:00,2026-03-09,15:55:00,6800,6798,6802,from_below,6784.56,6785.88,6799.54,6783.01,6796.23,3.77,true,4.11,0,4.05,false,4.11,0,,false,4.11,0,,,,false,4.11,0,
146,2026-03-10 09:30:00,2026-03-10,09:30:00,6800,6798,6802,from_below,6795.98,6794.82,6798.96,6785.65,6788.26,11.74,true,19.02,0,12.86,true,29.18,0,15.58,true,37.95,0,27.45,true,true,true,40.26,2.24,-0.73
147,2026-03-10 10:30:00,2026-03-10,10:30:00,6800,6798,6802,from_below,6787.78,6787.81,6802.24,6787.81,6800.73,-0.73,true,1.45,7.31,-7.31,true,1.45,14.51,-14.08,true,1.45,28.01,-26.03,false,false,true,1.45,28.01,-16.99
148,2026-03-10 14:10:00,2026-03-10,14:10:00,6800,6798,6802,from_above,6826.82,6826.87,6831.22,6799.36,6799.36,-0.64,true,8.92,10.41,-6.87,true,11.84,13.46,4.77,true,14.42,13.46,-0.27,true,true,true,14.42,13.46,0.96
149,2026-03-11 10:00:00,2026-03-11,10:00:00,6800,6798,6802,from_below,6790.54,6790.71,6811.15,6789.79,6795.85,4.15,true,12.73,1.53,8.08,true,18.06,1.53,10.47,true,36.37,1.53,34.24,true,true,true,36.37,1.53,10.81
150,2026-03-11 11:45:00,2026-03-11,11:45:00,6750,6748,6752,from_above,6754.54,6754.16,6754.4,6748.13,6751.78,1.78,true,10.65,0,10.41,true,10.84,2.52,-2.14,true,10.84,2.89,0.55,true,true,true,21.37,2.89,14.99
151,2026-03-11 12:00:00,2026-03-11,12:00:00,6750,6748,6752,from_above,6753.49,6753.49,6753.87,6747.48,6747.86,-2.14,true,1.34,2.89,-1.53,true,6.19,2.89,0.55,true,20.36,2.89,19.79,true,true,true,26.51,2.89,23.29
152,2026-03-11 13:35:00,2026-03-11,13:35:00,6750,6748,6752,from_above,6773.11,6773.22,6774.66,6745.59,6754.94,4.94,true,10.5,0,6.77,true,18.14,0,12.47,true,18.14,0,5.1,true,true,true,18.14,0.83,12.43
153,2026-03-11 14:10:00,2026-03-11,14:10:00,6750,6748,6752,from_above,6755.1,6755.15,6755.55,6749.17,6754.81,4.81,true,10.69,0,9.56,true,16.05,0,14.36,true,16.93,0,12.12,true,true,true,18.38,0,6.79
154,2026-03-12 09:45:00,2026-03-12,09:45:00,6700,6698,6702,from_above,6715.33,6715.08,6715.08,6698.9,6711.61,11.61,true,18.63,0,2,true,19.37,7.3,13.9,true,22.83,7.3,7.99,true,true,true,22.83,15.23,-4.56
155,2026-03-12 10:25:00,2026-03-12,10:25:00,6700,6698,6702,from_above,6704.65,6704.88,6709.78,6692.49,6692.65,-7.35,true,0,12.82,-9.93,true,1.01,15.23,-0.12,true,15.2,15.23,-4.37,false,true,true,15.2,19.9,-8.02
156,2026-03-12 10:40:00,2026-03-12,10:40:00,6700,6698,6702,from_below,6690.53,6690.51,6701.01,6686.98,6699.88,0.12,true,6.54,15.2,4.56,true,7.98,15.2,4.37,true,19.9,15.2,15.42,true,true,true,19.9,15.2,-9.68
157,2026-03-12 10:55:00,2026-03-12,10:55:00,6700,6698,6702,from_below,6695.35,6695.31,6699.42,6694.48,6695.63,4.37,true,11.76,0,7.04,true,19.9,0,15.42,true,19.9,0,8.02,true,true,true,19.9,12.93,-3.69
158,2026-03-12 11:35:00,2026-03-12,11:35:00,6700,6698,6702,from_below,6689.49,6689.25,6708.79,6683.11,6708.35,-8.35,true,1.6,12.93,-9.68,true,3.84,12.93,-6.08,true,11.94,13.32,10.56,false,true,true,11.94,22.89,-11.33
159,2026-03-12 12:05:00,2026-03-12,12:05:00,6700,6698,6702,from_above,6710.64,6710.71,6713.32,6688.06,6689.44,-10.56,true,0,11.37,-0.67,true,22.89,11.37,8.94,true,22.89,11.37,11.33,true,true,true,22.89,11.37,-0.12
160,2026-03-12 12:25:00,2026-03-12,12:25:00,6700,6698,6702,from_above,6708.94,6708.89,6708.89,6697.88,6698.21,-1.79,true,7.1,4.85,4.03,true,12.39,4.85,7.93,true,12.39,8,-1.04,true,true,true,13.04,8.49,-3.58
161,2026-03-12 12:45:00,2026-03-12,12:45:00,6700,6698,6702,from_above,6707.93,6707.9,6708.02,6692.11,6699.3,-0.7,true,2.89,8,-4.94,true,7.67,8,7.64,true,13.04,8,-7.51,true,true,true,13.04,9.61,-6.8
162,2026-03-12 14:00:00,2026-03-12,14:00:00,6700,6698,6702,from_below,6692.28,6692.23,6699.69,6692.23,6696.5,3.5,true,6.84,1.67,2.71,true,7.11,2.34,6.4,true,11.68,2.34,10.61,true,true,true,20.05,2.34,15.95
163,2026-03-13 09:35:00,2026-03-13,09:35:00,6700,6698,6702,from_above,6707.43,6707.14,6716.12,6700.3,6712.9,12.9,true,29.72,0,29.59,true,33.3,0,26.54,true,33.3,0,3.04,true,true,true,33.3,12.21,-0.42
164,2026-03-13 10:10:00,2026-03-13,10:10:00,6700,6698,6702,from_above,6703.04,6703.18,6704.33,6698.6,6700.1,0.1,true,0.22,12.21,-8.6,true,1.74,12.21,-0.99,true,11.72,16.88,-16.72,false,true,true,11.72,44.32,-22.19
165,2026-03-13 11:35:00,2026-03-13,11:35:00,6650,6648,6652,from_above,6660.79,6660.86,6662.35,6650.08,6656.97,6.97,true,7.26,6.82,-3.66,true,9.9,7.28,-1.54,true,9.9,8.48,4.1,true,false,true,11.47,8.48,4.36
166,2026-03-13 13:05:00,2026-03-13,13:05:00,6650,6648,6652,from_below,6644.52,6644.65,6650.44,6641.88,6649.34,0.66,true,5.87,6.19,-6.19,true,5.87,10.28,-4.13,true,5.87,10.28,-1.34,false,false,true,18.65,10.28,9.08
167,2026-03-13 13:20:00,2026-03-13,13:20:00,6650,6648,6652,from_above,6657.4,6657.38,6657.63,6648.21,6654.13,4.13,true,5.61,0.84,3.67,true,5.61,2.09,1.34,true,5.61,18.65,-13.76,false,false,true,5.61,18.65,-13.36
168,2026-03-13 14:30:00,2026-03-13,14:30:00,6650,6648,6652,from_below,6643.26,6643.16,6651.57,6641.28,6649.89,0.11,true,0.98,3.54,-1.21,true,0.98,6.15,-5.79,true,3.56,7.37,3.47,false,false,true,18.29,7.37,15.03
169,2026-03-13 14:55:00,2026-03-13,14:55:00,6650,6648,6652,from_above,6655.26,6655.19,6655.19,6650.1,6652.12,2.12,true,2.15,3.56,-3.47,true,2.15,7.33,-4.78,true,2.15,18.29,-16.42,false,false,true,2.15,26.08,-18.13
170,2026-03-13 15:10:00,2026-03-13,15:10:00,6650,6648,6652,from_below,6647.23,6647.05,6649.43,6644.6,6645.22,4.78,true,5.6,0,3.9,true,18.29,0,16.42,true,26.08,0,23.44,true,true,false,26.08,0,
171,2026-03-16 09:35:00,2026-03-16,09:35:00,6700,6698,6702,from_below,6694.85,6695.09,6699.69,6694.29,6698.18,1.82,true,3.93,6,-5.53,true,3.93,16.19,-7.86,true,3.93,19.51,-17.16,false,false,true,6.31,22.87,5.32
172,2026-03-16 10:30:00,2026-03-16,10:30:00,6700,6698,6702,from_above,6713.13,6712.97,6713.07,6699.39,6699.84,-0.16,true,5.77,6.31,-5.32,true,5.77,12.09,-9.72,true,7.85,14.45,0.27,false,false,true,15.3,14.45,13.65
173,2026-03-16 10:50:00,2026-03-16,10:50:00,6700,6698,6702,from_below,6690.28,6690.26,6701.12,6685.55,6700.85,-0.85,true,1.16,7.47,-7.47,true,3.98,7.85,-2.04,true,3.98,12.48,-11.43,false,false,true,3.98,15.44,-3.73
174,2026-03-16 11:50:00,2026-03-16,11:50:00,6700,6698,6702,from_above,6710.88,6710.86,6710.86,6700.91,6703.73,3.73,true,5.31,5.21,-5.21,true,5.31,8.03,-3.28,true,5.31,16.11,-15.87,false,false,true,5.31,18.52,-4.81
175,2026-03-16 12:05:00,2026-03-16,12:05:00,6700,6698,6702,from_below,6692.4,6692.38,6700.25,6691.97,6696.72,3.28,true,4.76,0.68,1.97,true,16.11,0.68,15.87,true,18.52,0.68,9.17,true,true,true,18.52,3.7,1.34
176,2026-03-16 12:50:00,2026-03-16,12:50:00,6700,6698,6702,from_below,6695.05,6694.93,6699.37,6693.72,6695.19,4.81,true,7.29,0,6.58,true,7.29,3.7,1.34,true,7.29,6.21,-4.36,true,false,true,10.47,6.24,4.41
177,2026-03-16 13:00:00,2026-03-16,13:00:00,6700,6698,6702,from_below,6693.42,6693.54,6703.7,6693.52,6696.46,3.54,true,4.39,0.77,1.34,true,4.39,5.27,-2.2,true,4.39,6.24,-0.29,false,false,true,10.47,6.24,-0.73
178,2026-03-16 13:25:00,2026-03-16,13:25:00,6700,6698,6702,from_above,6704.36,6704.39,6706.24,6701.07,6701.69,1.69,true,4.66,1.13,0.29,true,4.66,4.03,-3.65,true,4.66,10.47,-3.05,false,false,true,9.85,10.47,7.26
179,2026-03-16 13:55:00,2026-03-16,13:55:00,6700,6698,6702,from_below,6695.59,6695.65,6698.82,6694.43,6696.95,3.05,true,3.71,0.73,-0.73,true,3.71,6.52,-4.07,true,3.71,9.85,-7.26,false,false,true,3.71,12.47,-5.65
180,2026-03-16 15:20:00,2026-03-16,15:20:00,6700,6698,6702,from_above,6703.96,6703.94,6706.22,6699.13,6701.14,1.14,true,3.2,3.72,0.98,true,3.2,3.72,-0.84,true,3.2,6.42,-4.6,false,false,false,3.2,6.42,
181,2026-03-16 15:50:00,2026-03-16,15:50:00,6700,6698,6702,from_below,6696.64,6696.6,6699.17,6693.86,6695.4,4.6,true,4.9,1.1,-0.18,false,4.9,1.1,,false,4.9,1.1,,,,false,4.9,1.1,
182,2026-03-17 09:40:00,2026-03-17,09:40:00,6750,6748,6752,from_below,6747.25,6747.92,6749,6744.69,6745.25,4.75,true,6.01,4.3,-2.9,true,6.01,4.3,1.39,true,15.88,4.3,15.77,true,true,true,24.46,4.3,7.54
183,2026-03-18 09:30:00,2026-03-18,09:30:00,6700,6698,6702,from_above,6716.08,6691.46,6699.13,6688.97,6696.88,-3.12,true,1.83,3.53,0.02,true,5.18,6.88,0.54,true,5.18,10.4,-5.73,false,false,true,5.18,32.68,-28.69
184,2026-03-18 14:50:00,2026-03-18,14:50:00,6650,6648,6652,from_above,6655.84,6655.97,6655.97,6644.09,6644.94,-5.06,true,0,6.99,-6.66,true,5.78,7.66,3.4,true,5.78,13.45,-13.14,false,false,true,5.78,24.88,-20.67
185,2026-03-19 10:00:00,2026-03-19,10:00:00,6600,6598,6602,from_below,6593.61,6594.15,6598.94,6590.75,6590.81,9.19,true,10.74,0,10.14,true,18.8,2.72,15.56,true,30.65,2.72,7.23,true,true,true,30.65,2.72,6.85
186,2026-03-19 10:10:00,2026-03-19,10:10:00,6600,6598,6602,from_below,6589.86,6590.53,6602.72,6588.59,6589.96,10.04,true,18.8,0,15.56,true,30.65,0,28.37,true,30.65,0,16.74,true,true,true,30.65,4.93,-1.47
187,2026-03-19 10:35:00,2026-03-19,10:35:00,6600,6598,6602,from_below,6592.77,6592.68,6598.01,6579.92,6582.47,17.53,true,18.42,0,16.74,true,20.05,0,14.46,true,20.05,4.93,3.23,true,true,true,27.85,4.93,24.32
188,2026-03-19 11:05:00,2026-03-19,11:05:00,6600,6598,6602,from_below,6593.15,6593.39,6604.93,6592.42,6596.77,3.23,true,4.57,1.77,-1.47,true,16.64,4.41,16.44,true,27.85,4.41,24.32,true,true,true,29.26,4.41,6.81
189,2026-03-19 12:05:00,2026-03-19,12:05:00,6600,6598,6602,from_below,6591.66,6591.77,6598.18,6590.83,6593.19,6.81,true,14.9,0,14.12,true,19.81,0,16.66,true,19.81,0,11.68,true,true,true,34.48,0,33.61
190,2026-03-19 15:00:00,2026-03-19,15:00:00,6600,6598,6602,from_below,6592.54,6592.82,6614.46,6592.63,6611.93,-11.93,true,0,36.74,-26.8,true,0,36.74,-27.72,true,0,36.74,-8.47,false,false,true,0.67,36.74,-6.48
191,2026-03-19 15:35:00,2026-03-19,15:35:00,6600,6598,6602,from_above,6608.47,6608.14,6611.57,6599.33,6611.57,11.57,true,14.14,0,11.06,true,14.14,0,5.6,false,14.14,0,,,,false,14.14,0,
192,2026-03-20 10:10:00,2026-03-20,10:10:00,6550,6548,6552,from_above,6555.35,6555.11,6558.6,6540.82,6542.91,-7.09,true,1.03,7.89,-2.11,true,1.03,8.26,-4.51,true,10.73,8.26,0.75,true,true,true,10.73,11.55,7.17
193,2026-03-20 12:30:00,2026-03-20,12:30:00,6550,6548,6552,from_above,6557.27,6557.07,6557.19,6546.3,6552.19,2.19,true,4.06,1.88,0.66,true,4.06,3.07,0.17,true,9.12,4.05,7.5,true,false,true,9.12,10.3,-9.42
194,2026-03-20 13:05:00,2026-03-20,13:05:00,6550,6548,6552,from_above,6557.5,6557.36,6557.96,6544.73,6554.43,4.43,true,6.27,0.81,-0.36,true,6.27,3.06,-0.06,true,6.27,16.94,-9.52,false,false,true,6.27,17.86,-15.18
195,2026-03-20 15:10:00,2026-03-20,15:10:00,6500,6498,6502,from_above,6505.26,6505.22,6505.39,6499.32,6503.61,3.61,true,5.68,0,5.68,true,5.73,5.97,-3.33,true,5.73,26.48,-5.33,false,false,false,8.86,26.48,
196,2026-03-20 15:50:00,2026-03-20,15:50:00,6500,6498,6502,from_below,6485.57,6485.74,6504.72,6485.02,6504.51,-4.51,true,0,8.86,-6.39,false,0,8.86,,false,0,8.86,,,,false,0,8.86,
197,2026-03-23 09:30:00,2026-03-23,09:30:00,6600,6598,6602,from_below,6506.49,6602.39,6603.58,6590.89,6592.16,7.84,true,12.06,6.47,-6.47,true,12.06,19.52,-14.47,true,12.06,32.76,-18.6,false,true,true,12.06,48.28,-34.18
198,2026-03-23 10:20:00,2026-03-23,10:20:00,6650,6648,6652,from_below,6637.19,6637.41,6648.28,6634.39,6644.99,5.01,true,17.74,0,13.94,true,21.79,0,19.27,true,23.93,0,15.95,true,true,true,23.93,1.62,3.82
199,2026-03-23 11:00:00,2026-03-23,11:00:00,6650,6648,6652,from_below,6636.41,6636.53,6651.62,6634.59,6649.99,0.01,true,4.27,0.67,1.29,true,9.77,1.26,9.54,true,18.67,1.26,17.66,true,true,true,65.64,1.26,59.49
200,2026-03-23 11:50:00,2026-03-23,11:50:00,6600,6598,6602,from_above,6612.72,6612.82,6614.92,6599.05,6599.4,-0.6,true,0,15.64,-14.32,true,0,15.64,-3.96,true,1.1,19.37,-17.27,false,false,true,1.1,34.45,-16.2
201,2026-03-23 12:05:00,2026-03-23,12:05:00,6600,6598,6602,from_below,6590.51,6590.55,6599.32,6588.04,6596.04,3.96,true,7.56,1.1,3.27,true,19.37,1.1,17.27,true,34.45,1.1,19.4,true,true,true,34.45,1.1,13.2
202,2026-03-23 13:35:00,2026-03-23,13:35:00,6600,6598,6602,from_below,6596.87,6596.95,6607.45,6596.95,6603.81,-3.81,true,8.44,3.94,5.68,true,10.15,3.94,-0.23,true,10.15,8.24,0.04,true,true,true,10.15,21.91,-15.49
203,2026-03-23 13:50:00,2026-03-23,13:50:00,6600,6598,6602,from_below,6593.4,6593.52,6600.23,6592.54,6600.23,-0.23,true,1.73,7.38,-6.96,true,7.78,8.24,0.04,true,7.78,8.24,-1.34,false,false,true,7.78,21.91,-14.41
204,2026-03-23 14:05:00,2026-03-23,14:05:00,6600,6598,6602,from_above,6607.12,6607.21,6607.56,6592.22,6599.96,-0.04,true,6,0.04,3.3,true,6,2.29,1.34,true,21.91,2.29,15.49,true,true,true,21.91,2.29,13.38
205,2026-03-23 15:15:00,2026-03-23,15:15:00,6600,6598,6602,from_above,6607.42,6607.4,6608.63,6601.84,6604.41,4.41,true,4.95,0.03,1.5,true,4.95,3.09,-0.88,true,8.64,3.09,3.65,true,false,false,8.64,19.74,
206,2026-03-24 09:30:00,2026-03-24,09:30:00,6550,6548,6552,from_above,6580.99,6540.45,6553.39,6534.26,6553.23,3.23,true,5.06,12.25,-11.37,true,5.06,24.48,-22.56,true,5.06,24.89,-1.51,false,false,true,10.95,24.89,8.78
207,2026-03-24 10:00:00,2026-03-24,10:00:00,6550,6548,6552,from_below,6540.38,6540.51,6548.56,6538.55,6548.49,1.51,true,7.83,9.99,-9.16,true,8.54,10.95,-1.07,true,8.54,10.95,-8.78,false,false,true,8.54,32.61,-25.51
208,2026-03-24 10:50:00,2026-03-24,10:50:00,6550,6548,6552,from_above,6554.46,6554.04,6582.61,6548.64,6571.8,21.8,true,30.82,0,14.61,true,30.82,0,24.96,true,40.51,0,40.39,true,true,true,45.75,0,40.83
209,2026-03-24 13:40:00,2026-03-24,13:40:00,6550,6548,6552,from_above,6559.41,6559.54,6562.84,6550.93,6551.8,1.8,true,6.15,0,4.71,true,17.8,0,17.18,true,24.37,0,14.2,true,true,true,40.66,0,29.15
210,2026-03-24 15:55:00,2026-03-24,15:55:00,6550,6548,6552,from_above,6554.63,6554.46,6557.04,6551.45,6557.04,7.04,true,7.2,0,6.36,false,7.2,0,,false,7.2,0,,,,false,7.2,0,
211,2026-03-25 09:50:00,2026-03-25,09:50:00,6600,6598,6602,from_above,6604.09,6604.36,6604.57,6593.05,6593.35,-6.65,true,0.75,9.13,-8.81,true,0.75,16.92,-3.28,true,10.72,16.92,-1.37,false,true,true,17.83,16.92,13.3
212,2026-03-25 11:05:00,2026-03-25,11:05:00,6600,6598,6602,from_above,6613.48,6613.61,6614.26,6597.91,6598.01,-1.99,true,0.59,9.35,-8.91,true,0.59,31.59,-4.78,true,7.59,31.59,-6.45,false,false,true,7.59,31.59,-7.44
213,2026-03-25 11:20:00,2026-03-25,11:20:00,6600,6598,6602,from_below,6575.95,6575.71,6598.02,6575.51,6595.22,4.78,true,6.53,3.79,-3.79,true,7.28,7.59,6.45,true,12.62,7.59,7.02,true,true,true,13.5,7.59,4.93
214,2026-03-25 11:35:00,2026-03-25,11:35:00,6600,6598,6602,from_above,6605.16,6605.22,6605.37,6592.72,6593.55,-6.45,true,0,12.62,-7.49,true,0,12.62,-7.02,true,0,13.5,-7.44,false,false,true,8.49,13.5,6.51
215,2026-03-25 11:55:00,2026-03-25,11:55:00,6600,6598,6602,from_below,6592.98,6592.98,6598.98,6590.66,6596.45,3.55,true,9.57,0,9.28,true,13.5,0,8.5,true,13.5,5.4,0.51,true,true,true,13.5,8.49,-3
216,2026-03-25 12:25:00,2026-03-25,12:25:00,6600,6598,6602,from_below,6595.07,6599.5,6605.4,6598.66,6599.49,0.51,true,3.02,8.49,-6.56,true,3.02,8.49,-6.08,true,3.02,8.49,-3,false,false,true,4.55,8.49,-6.45
217,2026-03-25 12:45:00,2026-03-25,12:45:00,6600,6598,6602,from_above,6606.08,6605.86,6606.32,6600.96,6601.96,1.96,true,6.54,2.32,6.16,true,7.54,2.32,1.67,true,7.54,4.55,-1.35,true,false,true,18.53,4.55,7.06
218,2026-03-25 13:30:00,2026-03-25,13:30:00,6600,6598,6602,from_above,6606.45,6606.42,6607.82,6601.97,6607.55,7.55,true,12.55,0,12.22,true,18.53,0,7.06,true,18.53,0.35,4.15,true,true,true,18.53,0.35,2.48
219,2026-03-25 13:50:00,2026-03-25,13:50:00,6600,6598,6602,from_above,6607.06,6607,6609.27,6599.86,6600.57,0.57,true,12.19,0.35,4.94,true,12.19,0.35,3.96,true,12.19,0.35,5.61,true,true,true,12.19,4.2,-2.59
220,2026-03-25 14:05:00,2026-03-25,14:05:00,6600,6598,6602,from_above,6604.15,6604.15,6607.7,6601.48,6603.96,3.96,true,6.5,0,5.22,true,10.17,0,5.61,true,10.17,0,1.82,true,true,true,10.17,18.15,-13.68
221,2026-03-25 14:25:00,2026-03-25,14:25:00,6600,6598,6602,from_above,6605.61,6605.69,6606.18,6600.43,6600.67,0.67,true,3.64,0,2.48,true,3.64,2.84,-0.4,true,3.64,16.51,-9.17,false,false,true,3.64,18.15,-8.68
222,2026-03-25 15:20:00,2026-03-25,15:20:00,6600,6598,6602,from_below,6594.24,6594.18,6598.72,6593.68,6595.83,4.17,true,8.88,0,8.68,true,16.32,0,13.12,true,16.32,0,7.76,true,true,false,16.32,0,
223,2026-03-26 09:30:00,2026-03-26,09:30:00,6550,6548,6552,from_above,6591.89,6555.86,6555.86,6536.76,6541.27,-8.73,true,0,16.82,-16.82,true,15.9,16.89,9.74,true,21.34,16.89,15.61,true,true,true,23.22,16.89,19.26
224,2026-03-26 09:40:00,2026-03-26,09:40:00,6550,6548,6552,from_below,6533.18,6533.11,6554.66,6533.11,6554.66,-4.66,true,0,15.9,-9.74,true,0,21.1,-20.24,true,0,22.13,-19.4,false,false,true,0,23.22,-2.83
225,2026-03-26 10:40:00,2026-03-26,10:40:00,6550,6548,6552,from_above,6562.62,6562.97,6573.1,6550.05,6552.83,2.83,true,5.96,1.87,0.22,true,5.96,16.44,-2.65,true,5.96,16.44,-1.43,false,false,true,5.96,16.44,-12.66
226,2026-03-26 13:45:00,2026-03-26,13:45:00,6500,6498,6502,from_above,6504.6,6504.42,6505.58,6500.78,6500.85,0.85,true,0.85,4.52,-4.18,true,0.85,10.2,-4.04,true,0.85,10.2,-6.37,false,false,true,0.85,10.2,-0.39
227,2026-03-26 14:00:00,2026-03-26,14:00:00,6500,6498,6502,from_below,6491.1,6491.15,6500.2,6491.15,6495.96,4.04,true,5.71,0,2.18,true,7.32,0,6.37,true,9.91,0,3.68,true,false,true,9.91,0.97,7.89
228,2026-03-26 14:35:00,2026-03-26,14:35:00,6500,6498,6502,from_below,6496.32,6496.25,6499.05,6494.78,6498.78,1.22,true,6.5,0.25,3.8,true,6.5,0.97,-0.25,true,14.31,0.97,12.42,true,true,true,20.65,0.97,16.82
229,2026-03-27 09:30:00,2026-03-27,09:30:00,6450,6448,6452,from_above,6477.17,6453.89,6453.89,6429.16,6430.48,-19.52,true,0,26.67,-14.89,true,0,26.67,-6.35,true,0,39.37,-31.05,false,false,true,0,39.37,-29.21
230,2026-03-27 09:45:00,2026-03-27,09:45:00,6450,6448,6452,from_below,6435.58,6435.49,6448.99,6435.49,6443.65,6.35,true,25.99,0,25.99,true,39.37,0,31.05,true,39.37,0,20.77,true,true,true,41.05,0,24.12
231,2026-03-27 13:20:00,2026-03-27,13:20:00,6400,6398,6402,from_above,6403.7,6403.73,6403.73,6398.96,6400.09,0.09,true,0.12,9.13,-8.96,true,0.12,9.17,-6.11,true,0.12,12.99,-11.75,false,false,true,0.12,23.85,-18.93
232,2026-03-30 09:35:00,2026-03-30,09:35:00,6400,6398,6402,from_above,6413.79,6413.69,6413.97,6401.73,6403.13,3.13,true,3.13,7.83,-3.61,true,3.13,18.93,-18.93,true,3.13,29.12,-15,false,false,true,3.13,29.12,-17.14
233,2026-03-30 10:55:00,2026-03-30,10:55:00,6400,6398,6402,from_below,6386.44,6386.55,6399.76,6383.29,6399.57,0.43,true,0.43,7.88,-7.57,true,11.05,11.55,10.47,true,20.76,11.55,11.18,true,true,true,20.76,11.55,1.85
234,2026-03-30 11:30:00,2026-03-30,11:30:00,6400,6398,6402,from_below,6388.82,6388.79,6400.32,6385.52,6399.93,0.07,true,1.98,5.42,0.76,true,2.55,5.42,-2.26,true,13.51,8.47,12.97,true,true,true,23.86,8.47,19.9
235,2026-03-30 13:35:00,2026-03-30,13:35:00,6350,6348,6352,from_above,6352.87,6352.9,6360.14,6351.39,6359.8,9.8,true,16.92,0,16.55,true,18.19,0,8.93,true,18.19,0,3.15,true,true,true,18.19,3.08,-0.43
236,2026-03-30 14:25:00,2026-03-30,14:25:00,6350,6348,6352,from_above,6354.46,6354.55,6354.58,6347.06,6347.06,-2.94,true,0.91,3.08,-0.06,true,5.79,3.08,-1.1,true,5.79,11.18,-7.99,false,false,true,5.79,33.09,-30.14
237,2026-03-30 15:55:00,2026-03-30,15:55:00,6350,6348,6352,from_below,6344.38,6343.99,6349.94,6339.8,6344.22,5.78,true,6.66,0,6.27,false,6.66,0,,false,6.66,0,,,,false,6.66,0,
238,2026-03-31 09:50:00,2026-03-31,09:50:00,6450,6448,6452,from_below,6442.31,6442.79,6449.08,6438.11,6448.78,1.22,true,10.75,1,-1,true,14.64,3.73,13.91,true,16.14,3.73,3.87,true,true,true,40.69,3.73,38.61
239,2026-03-31 10:25:00,2026-03-31,10:25:00,6450,6448,6452,from_below,6446.13,6446.1,6450.42,6443.07,6448.94,1.06,true,6.71,0.33,2.47,true,26.04,0.33,23.62,true,45.45,0.33,38.72,true,true,true,45.45,0.33,18.04
240,2026-03-31 12:25:00,2026-03-31,12:25:00,6450,6448,6452,from_below,6447.04,6447.83,6449.78,6444.17,6445.65,4.35,true,8.53,0,6.18,true,8.95,67.52,-46.99,true,8.95,67.52,-41.02,false,false,true,8.95,67.52,-44.45
241,2026-03-31 12:35:00,2026-03-31,12:35:00,6450,6448,6452,from_below,6443.82,6443.71,6472.03,6441.05,6472.03,-22.03,true,0,67.52,-46.99,true,0,67.52,-37.95,true,0,67.52,-38.4,false,false,true,0,67.52,-42.29
242,2026-03-31 12:40:00,2026-03-31,12:40:00,6500,6498,6502,from_below,6472.03,6473.2,6517.52,6473.2,6496.99,3.01,true,25.23,2.43,11.98,true,25.23,2.43,8.98,true,25.23,9.09,1.08,true,true,true,25.23,9.09,8.51
243,2026-03-31 13:00:00,2026-03-31,13:00:00,6500,6498,6502,from_below,6491.02,6490.79,6509.09,6490.58,6505.81,-5.81,true,12.53,5.87,11.6,true,12.53,8.59,-7.63,true,12.53,8.59,-6.13,true,true,true,13,8.59,5
244,2026-03-31 14:00:00,2026-03-31,14:00:00,6500,6498,6502,from_below,6488.9,6488.89,6499.7,6488.89,6495,5,true,5.08,2.64,-1.61,true,6.36,5.28,-2.49,true,6.36,5.69,-0.6,true,false,true,6.36,16.22,-13.97
245,2026-04-01 11:45:00,2026-04-01,11:45:00,6600,6598,6602,from_below,6597.51,6597.6,6599.22,6595.44,6597.38,2.62,true,4.21,0.91,-0.09,true,4.21,5.87,-3.73,true,4.21,6,-3.22,false,false,true,6.23,6,-2.44
246,2026-04-01 12:10:00,2026-04-01,12:10:00,6600,6598,6602,from_above,6605.12,6605.1,6605.35,6600.06,6600.77,0.77,true,4.29,0.48,3.22,true,4.29,3.52,-3.19,true,4.29,6.23,3.67,false,false,true,9.67,6.23,8.57
247,2026-04-01 12:55:00,2026-04-01,12:55:00,6600,6598,6602,from_above,6603.48,6603.56,6604.58,6601.82,6603.14,3.14,true,8.14,0,8.08,true,9.67,0,8.57,true,9.67,0,7.82,true,false,true,9.67,7,-7
248,2026-04-01 13:45:00,2026-04-01,13:45:00,6600,6598,6602,from_above,6603.18,6603.29,6605.02,6600.63,6601.05,1.05,true,2.28,0.53,0.37,true,2.28,18.19,-15.71,true,2.28,29.48,-26.62,false,false,true,2.28,38.63,-28.71
249,2026-04-02 09:30:00,2026-04-02,09:30:00,6500,6498,6502,from_above,6575.33,6496.17,6500.55,6487.29,6493.93,-6.07,true,0,23.14,-23.14,true,0,25.06,-5.93,true,23.98,25.06,14.68,false,true,true,46.69,25.06,46.19
250,2026-04-02 09:50:00,2026-04-02,09:50:00,6500,6498,6502,from_below,6494.07,6494.05,6512.29,6492.76,6511.16,-11.16,true,0,22.24,-20.61,true,0,26.03,-23.08,true,0,33.95,-31.4,false,false,true,0,101.91,-71.1
251,2026-04-02 10:35:00,2026-04-02,10:35:00,6550,6548,6552,from_below,6546.19,6546.29,6601.91,6546.29,6589.62,-39.62,true,0,39.62,-34.81,true,0,39.62,-21.1,true,0,39.62,-22.07,false,false,true,0,39.62,-26.11
252,2026-04-02 10:35:00,2026-04-02,10:35:00,6600,6598,6602,from_below,6546.19,6546.29,6601.91,6546.29,6589.62,10.38,true,31.27,0,15.19,true,41.36,0,28.9,true,41.36,0,27.93,true,true,true,41.36,0,23.89
253,2026-04-02 12:15:00,2026-04-02,12:15:00,6550,6548,6552,from_above,6558.36,6558.41,6560.23,6549.46,6549.57,-0.43,true,4.29,3.68,0.04,true,13.56,3.68,10.29,true,22.22,3.68,16.42,true,true,true,22.22,3.68,19.43
254,2026-04-02 13:45:00,2026-04-02,13:45:00,6550,6548,6552,from_above,6566.14,6566.14,6566.73,6551.68,6551.84,1.84,true,6.25,0,6.11,true,12.72,0,12.72,true,17.49,0,14.04,true,true,true,20.1,0,19.03
255,2026-04-06 09:35:00,2026-04-06,09:35:00,6600,6598,6602,from_below,6596.95,6597.28,6602.17,6579.95,6589.71,10.29,true,16.11,0,7.94,true,16.11,2.74,-0.08,true,16.16,18.13,5.26,false,true,true,16.16,18.13,5.58
256,2026-04-06 09:45:00,2026-04-06,09:45:00,6600,6598,6602,from_below,6592.06,6591.91,6601.9,6591.64,6594.9,5.1,true,6.85,2.74,-0.08,true,12.27,18.13,12.21,true,16.16,18.13,-6.76,false,true,true,16.16,18.13,9.47
257,2026-04-06 10:10:00,2026-04-06,10:10:00,6600,6598,6602,from_below,6594.74,6594.87,6604.16,6588.34,6603.61,-3.61,true,0.21,8,-6.76,true,0.21,12.69,-7.25,true,7.98,13.23,-0.29,false,false,true,10.02,13.23,1.77
258,2026-04-06 10:35:00,2026-04-06,10:35:00,6600,6598,6602,from_above,6608.04,6607.99,6611.13,6592.02,6594.42,-5.58,true,5.73,5.82,0.29,true,5.73,10.02,-3.38,true,5.73,10.02,0.41,false,false,true,5.73,12.56,-6.87
259,2026-04-06 11:45:00,2026-04-06,11:45:00,6600,6598,6602,from_below,6594.84,6594.78,6598.92,6593.37,6597.82,2.18,true,3.12,2.93,-1.91,true,3.12,3.67,1.54,true,3.83,3.67,0.62,true,false,true,3.83,8.18,-7.27
260,2026-04-06 12:55:00,2026-04-06,12:55:00,6600,6598,6602,from_above,6603.93,6603.9,6604.28,6600.61,6602.89,2.89,true,3.42,7.75,-2.96,true,3.42,20.28,-16.31,true,3.42,20.28,-2.14,false,false,true,3.42,20.28,-11.11
261,2026-04-06 13:25:00,2026-04-06,13:25:00,6600,6598,6602,from_below,6595.71,6595.79,6598.61,6594.14,6597.86,2.14,true,3.92,2.43,1.32,true,7.58,2.43,5.1,true,11.69,2.43,11.11,true,true,true,13.48,9.41,-6.43
262,2026-04-06 14:10:00,2026-04-06,14:10:00,6600,6598,6602,from_below,6591.15,6591.08,6601.61,6591.08,6596.71,3.29,true,3.36,4.14,-3.64,true,3.36,9.41,-6.43,true,3.36,9.41,-2.82,false,false,true,3.36,9.41,-4.96
263,2026-04-06 14:30:00,2026-04-06,14:30:00,6600,6598,6602,from_above,6606.43,6606.4,6608.72,6601.72,6603.18,3.18,true,5.5,0,2.9,true,5.93,0,5.03,true,7.57,0,7.44,true,false,true,7.81,0,4.81
264,2026-04-06 14:40:00,2026-04-06,14:40:00,6600,6598,6602,from_above,6602.9,6602.84,6603.24,6601.56,6602.82,2.82,true,5.93,0,5.03,true,7.57,0,7.03,true,7.81,0,4.96,true,false,true,7.81,0,6.3
265,2026-04-07 09:30:00,2026-04-07,09:30:00,6600,6598,6602,from_above,6611.82,6601.93,6601.93,6581.91,6582.5,-17.5,true,0,24.01,-22.51,true,0,33.99,-30.77,true,0,43.43,-42.36,false,false,true,0,56.84,-29.52
266,2026-04-07 10:05:00,2026-04-07,10:05:00,6550,6548,6552,from_above,6557.64,6558.07,6558.07,6543.16,6546.57,-3.43,true,1.75,3.43,1.34,true,20.09,3.43,18.97,true,25.59,3.43,16.59,true,true,true,25.59,15.45,-13.06
267,2026-04-07 10:55:00,2026-04-07,10:55:00,6550,6548,6552,from_above,6561.52,6561.63,6561.63,6549.67,6549.67,-0.33,true,0,8.09,-7.71,true,0,15.45,-6.93,true,10.28,15.45,5.48,false,true,true,15.11,15.45,11.32
268,2026-04-07 11:15:00,2026-04-07,11:15:00,6550,6548,6552,from_below,6543.07,6543.72,6560.28,6542.15,6553.53,-3.53,true,1.76,3.75,1.64,true,1.76,8.01,-6.87,true,1.76,10.27,-3.36,false,false,true,1.76,42.34,-25.95
269,2026-04-07 11:40:00,2026-04-07,11:40:00,6550,6548,6552,from_above,6553.95,6553.88,6554.78,6550.05,6550.46,0.46,true,5.05,0,3.36,true,15.11,0,11.32,true,42.34,0,25.65,true,true,true,42.34,0,33.86
270,2026-04-07 13:35:00,2026-04-07,13:35:00,6600,6598,6602,from_below,6591.11,6591.18,6606.32,6591.18,6598.83,1.17,true,8.96,0,8.38,true,11.67,0,6.62,true,14.51,0,12.77,true,true,true,18.16,0,17.34
271,2026-04-07 15:20:00,2026-04-07,15:20:00,6600,6598,6602,from_below,6595.63,6595.28,6603.97,6584.86,6589.62,10.38,true,16.13,0,9.74,true,16.88,0,16.41,true,17.43,13.09,-7.77,true,true,false,17.43,18.26,
272,2026-04-07 15:45:00,2026-04-07,15:45:00,6600,6598,6602,from_below,6591.4,6591.26,6613.09,6588.38,6600.23,-0.23,true,0,10.77,-7.77,true,0,18.26,-16.84,false,0,18.26,,,,false,0,18.26,
273,2026-04-08 10:45:00,2026-04-08,10:45:00,6750,6748,6752,from_above,6757.89,6757.88,6759.73,6751.69,6758.33,8.33,true,8.73,0,4.95,true,13.1,9.72,10.85,true,13.1,9.72,8.4,true,true,true,22.66,9.72,22.36
274,2026-04-08 11:05:00,2026-04-08,11:05:00,6750,6748,6752,from_above,6760.85,6760.68,6761.36,6750.88,6751.1,1.1,true,7.01,0.95,5.69,true,9.38,0.95,9.35,true,17.07,0.95,16.14,true,true,true,30.66,0.95,26.23
275,2026-04-09 11:30:00,2026-04-09,11:30:00,6800,6798,6802,from_below,6783.82,6783.76,6803.63,6781.81,6798.61,1.39,true,7.49,2.61,3.67,true,7.49,8.14,-4.85,true,7.49,30.93,-24.43,false,false,true,7.49,30.93,-21.41
276,2026-04-13 09:30:00,2026-04-13,09:30:00,6800,6798,6802,from_above,6816.9,6800.98,6803.76,6794.68,6798.43,-1.57,true,0,9.58,-3.95,true,11.7,9.98,11.41,true,23.15,9.98,17.63,true,true,true,23.15,9.98,21.8
277,2026-04-13 09:45:00,2026-04-13,09:45:00,6800,6798,6802,from_below,6793.03,6793.04,6811.7,6790.02,6811.41,-11.41,true,0,16.54,-10.59,true,0,23.15,-17.63,true,0,23.15,-13.13,false,false,true,0,24.61,-20.08
278,2026-04-13 12:50:00,2026-04-13,12:50:00,6850,6848,6852,from_below,6844.65,6844.69,6851.79,6844.26,6845.29,4.71,true,6.97,0,2.95,true,6.97,0,3.64,true,6.97,1.29,2.9,true,false,true,7.41,1.29,4.05
279,2026-04-13 13:00:00,2026-04-13,13:00:00,6850,6848,6852,from_below,6847.05,6847.12,6849.25,6846.07,6848.55,1.45,true,5.15,0,3.64,true,5.15,1.29,0.06,true,5.15,1.29,2.43,true,false,true,7.41,1.29,1.99
280,2026-04-13 13:15:00,2026-04-13,13:15:00,6850,6848,6852,from_below,6847.03,6846.99,6851.29,6846.65,6849.94,0.06,true,2.99,0.07,2.9,true,3.04,0.64,2.43,true,5.91,0.64,5.38,true,false,true,7.41,0.64,1.38
281,2026-04-13 14:00:00,2026-04-13,14:00:00,6850,6848,6852,from_below,6845.27,6845.27,6849.22,6845.27,6848.01,1.99,true,2.83,0,1,true,2.83,0.13,1.38,true,3.66,0.13,1.18,true,false,true,3.66,9.5,-7.6
282,2026-04-14 11:25:00,2026-04-14,11:25:00,6950,6948,6952,from_below,6943.58,6943.56,6948.55,6943.54,6946.45,3.55,true,3.67,0.58,0.78,true,3.67,4.52,-2.61,true,3.67,7.49,-2.94,false,false,true,3.67,11.51,-10.29
283,2026-04-14 14:20:00,2026-04-14,14:20:00,6950,6948,6952,from_above,6953.65,6953.74,6954.94,6946.64,6946.89,-3.11,true,2.07,4.2,-0.05,true,4.05,4.2,4.01,true,5.59,4.2,0.38,true,false,true,14.85,4.2,14.64
284,2026-04-15 11:15:00,2026-04-15,11:15:00,7000,6998,7002,from_below,6996.71,6996.87,6998.26,6995.97,6997.68,2.32,true,3.45,0,2.43,true,7.39,0,7,true,7.45,0,1.72,true,false,true,7.79,0,0.3
285,2026-04-15 11:40:00,2026-04-15,11:40:00,7000,6998,7002,from_below,6994.96,6995.01,6999.45,6995.01,6998.41,1.59,true,2.59,0,1.72,true,7.22,0,5.05,true,7.79,0,2.1,true,false,true,13.44,1.92,13.43
286,2026-04-15 12:05:00,2026-04-15,12:05:00,7000,6998,7002,from_below,6994.74,6994.69,6998.26,6993.25,6998.14,1.86,true,3.74,0,2.1,true,3.74,1.92,-1.51,true,5.47,1.92,4.25,true,false,true,20.05,1.92,4.49
287,2026-04-15 12:35:00,2026-04-15,12:35:00,7000,6998,7002,from_below,6996.11,6996.04,6998.74,6995.7,6995.75,4.25,true,13.44,0,13.43,true,16.73,0,15.59,true,20.05,0,4.49,true,true,true,20.05,3.82,-0.31
288,2026-04-15 13:15:00,2026-04-15,13:15:00,7000,6998,7002,from_below,6995.36,6995.34,6998.24,6995.15,6996.8,3.2,true,5.43,0,3.48,true,5.43,1.66,-1.56,true,5.43,3.82,0.44,true,false,true,5.43,9.86,-7.44
289,2026-04-15 13:25:00,2026-04-15,13:25:00,7000,6998,7002,from_below,6996.52,6996.5,6999.52,6996.33,6998.15,1.85,true,2.34,1.66,-1.56,true,3.39,3.82,2.12,true,3.39,3.82,1.79,false,false,true,4.29,9.86,-8.5
290,2026-04-16 12:00:00,2026-04-16,12:00:00,7050,7048,7052,from_below,7046.61,7046.59,7048.79,7046.08,7048.31,1.69,true,4.91,0,3.03,true,4.91,1.23,-0.8,true,23.48,1.23,16.72,true,true,true,23.48,1.23,20.47
291,2026-04-17 09:35:00,2026-04-17,09:35:00,7100,7098,7102,from_below,7093.64,7093.8,7100.12,7093.35,7095.2,4.8,true,8.94,0,4.39,true,17.29,2.61,-1.38,true,17.29,15.48,-15.21,true,true,true,17.29,27.16,-27.16
292,2026-04-17 09:45:00,2026-04-17,09:45:00,7100,7098,7102,from_below,7095.61,7095.83,7099.13,7082.71,7094.78,5.22,true,5.94,2.61,-1.38,true,5.94,13.04,-12.2,true,5.94,17.82,-14.7,false,false,true,5.94,36.86,-36.55
293,2026-04-20 10:50:00,2026-04-20,10:50:00,7100,7098,7102,from_above,7110.1,7110.14,7110.88,7089.67,7100.83,0.83,true,1.11,7.19,-4.95,true,1.11,15.59,-11.24,true,3.95,15.59,0.47,false,false,true,7.36,15.59,-1.28
294,2026-04-20 11:20:00,2026-04-20,11:20:00,7100,7098,7102,from_below,7093.44,7093.43,7103.95,7091.94,7100.47,-0.47,true,0.25,7.36,-7.36,true,3.34,7.36,-0.38,true,4.81,7.36,1.28,false,false,true,5.87,7.36,-0.21
295,2026-04-20 13:30:00,2026-04-20,13:30:00,7100,7098,7102,from_above,7103.28,7103.34,7103.53,7100.04,7100.58,0.58,true,3.17,0,2.82,true,5.62,0,3.71,true,5.62,0.66,1.18,true,false,true,9.98,0.66,7.05
296,2026-04-20 13:55:00,2026-04-20,13:55:00,7100,7098,7102,from_above,7104.07,7104.04,7104.17,7100.69,7101.01,1.01,true,1.54,0.66,1.18,true,6.01,0.66,5.87,true,9.98,0.66,7.2,true,false,true,9.98,0.66,6.6
297,2026-04-20 15:30:00,2026-04-20,15:30:00,7100,7098,7102,from_above,7104.27,7104.32,7105.45,7101.96,7102.04,2.04,true,3.81,0,3.04,true,3.84,0.28,2.63,true,10.37,0.28,9.13,true,true,false,10.37,0.28,
298,2026-04-21 10:55:00,2026-04-21,10:55:00,7100,7098,7102,from_above,7114.03,7114.11,7114.11,7098.31,7099.03,-0.97,true,1.68,13.49,-9.44,true,4.13,14.62,2.85,true,5.21,14.62,-9.66,false,false,true,5.21,15.7,-8.94
299,2026-04-21 12:00:00,2026-04-21,12:00:00,7100,7098,7102,from_below,7091.06,7090.97,7101.03,7090.97,7096.06,3.94,true,6.37,0,2.19,true,9.88,0,5.58,true,13.43,0,7.07,true,true,true,20.56,0,16.16
300,2026-04-21 15:20:00,2026-04-21,15:20:00,7100,7098,7102,from_below,7090.57,7090.56,7099.73,7090.56,7099.49,0.51,true,1.54,1.35,-1.09,true,18.56,2.46,14.42,true,49.8,2.46,40.07,true,true,false,49.8,2.46,
301,2026-04-21 15:40:00,2026-04-21,15:40:00,7050,7048,7052,from_above,7085.58,7085.64,7086.2,7050.2,7054.1,4.1,true,17.22,0,13.32,true,18.98,0,14.06,false,18.98,0,,,,false,18.98,0,
302,2026-04-23 13:10:00,2026-04-23,13:10:00,7100,7098,7102,from_above,7103.51,7103.28,7104.51,7097.4,7100.6,0.6,true,0.76,14.12,-11.69,true,0.76,16.57,-15.66,true,0.76,42.91,-39.81,false,false,true,4.54,53.45,1.39
303,2026-04-23 13:35:00,2026-04-23,13:35:00,7100,7098,7102,from_below,7096.56,7096.51,7099.7,7080.23,7080.74,19.26,true,42.91,0,39.81,true,53.45,0,19.2,true,53.45,2.81,2.42,true,true,true,53.45,18.46,-12.9
304,2026-04-23 13:45:00,2026-04-23,13:45:00,7050,7048,7052,from_above,7060.19,7060.07,7064,7046.55,7058.07,8.07,true,37.83,0,30.8,true,51.16,0,46.25,true,56.15,0,55.13,true,true,true,68.46,0,54.68
305,2026-04-23 14:00:00,2026-04-23,14:00:00,7100,7098,7102,from_below,7090.53,7090.58,7101.16,7087.08,7096.25,3.75,true,6.67,2.81,2.42,true,6.67,6.15,-5.13,true,6.67,15.3,-14.82,false,false,true,8.23,18.46,4.45
306,2026-04-23 14:50:00,2026-04-23,14:50:00,7100,7098,7102,from_above,7104.68,7104.35,7107.38,7100.89,7105.01,5.01,true,5.58,7.85,-5.24,true,5.58,8.23,3.1,true,9.8,8.23,7.29,true,false,true,12.18,8.39,4.12
307,2026-04-23 15:05:00,2026-04-23,15:05:00,7100,7098,7102,from_below,7095.55,7095.53,7104.25,7095.53,7103.1,-3.1,true,0,5.46,-5.38,true,0,9.8,-7.29,true,4.52,12.18,1.14,false,false,false,8.39,12.18,
308,2026-04-23 15:35:00,2026-04-23,15:35:00,7100,7098,7102,from_above,7102.99,7103.05,7103.05,7095.48,7098.86,-1.14,true,3.8,3.14,-2.86,true,5.61,8.39,4.12,false,12.13,8.39,,,,false,12.13,8.39,
309,2026-04-24 11:40:00,2026-04-24,11:40:00,7150,7148,7152,from_below,7140.69,7140.76,7157.91,7140.26,7156.17,-6.17,true,0,13.73,-6.74,true,0,14.45,-11.89,true,0,14.45,-7.71,false,false,true,0,14.45,-4.82
310,2026-04-24 13:20:00,2026-04-24,13:20:00,7150,7148,7152,from_above,7154.77,7154.88,7155.35,7150.39,7154.97,4.97,true,6.59,0,3.87,true,9.08,0,5.67,true,17.23,0,13.01,true,true,true,17.23,0,6
311,2026-04-24 13:30:00,2026-04-24,13:30:00,7150,7148,7152,from_above,7153.87,7153.85,7155.16,7151.48,7154.62,4.62,true,9.08,0,5.67,true,10,0,8.34,true,17.23,0,9.6,true,true,true,17.23,0,8.24
312,2026-04-27 09:30:00,2026-04-27,09:30:00,7150,7148,7152,from_above,7165.07,7153.99,7165.63,7151.84,7160.85,10.85,true,16.96,0,16.74,true,17.7,0.05,0.72,true,17.7,1.58,12.54,true,true,true,17.7,1.58,7.5
313,2026-04-27 09:45:00,2026-04-27,09:45:00,7150,7148,7152,from_above,7160.24,7160.4,7161.01,7149.95,7150.72,0.72,true,14.45,1.58,14.45,true,16.7,1.58,12.54,true,16.7,1.58,7.64,true,true,true,16.7,1.58,11.06
314,2026-04-27 11:05:00,2026-04-27,11:05:00,7150,7148,7152,from_above,7152.31,7152.45,7155.6,7151.18,7153.85,3.85,true,5.28,0,2.15,true,5.56,3.28,-1.47,true,5.56,3.28,3.93,true,false,true,11.99,3.28,10.89
315,2026-04-28 09:40:00,2026-04-28,09:40:00,7150,7148,7152,from_below,7144.1,7143.53,7152.52,7142.55,7147.58,2.42,true,5.47,0,4.56,true,17.47,0,10.56,true,17.47,0,10.08,true,true,true,31.03,0,22.4
316,2026-04-30 09:30:00,2026-04-30,09:30:00,7150,7148,7152,from_below,7135.96,7170.05,7170.52,7151.53,7152.19,-2.19,true,8.29,4.42,8.14,true,13.49,4.94,1.04,true,19.67,4.94,9.58,true,true,true,23.85,4.94,10.64
317,2026-04-30 10:30:00,2026-04-30,10:30:00,7150,7148,7152,from_below,7142.47,7142.19,7150.31,7137.6,7139.36,10.64,true,15.75,0,15,true,15.75,3.73,-0.6,true,15.75,17.95,-13.1,false,true,true,15.75,22.37,-17.85
318,2026-04-30 10:45:00,2026-04-30,10:45:00,7150,7148,7152,from_below,7144.88,7144.81,7153.73,7144.81,7150.6,-0.6,true,0.92,11.98,-10.46,true,0.92,17.95,-13.1,true,0.92,18.76,-14.74,false,false,true,0.92,22.37,-13.5
319,2026-04-30 14:00:00,2026-04-30,14:00:00,7200,7198,7202,from_below,7194.05,7194.09,7202.23,7193.61,7200.9,-0.9,true,1.82,1.68,1.35,true,2.07,4.77,-2,true,2.07,5.51,-4.46,false,false,true,2.07,11.11,-10.94
320,2026-05-01 09:30:00,2026-05-01,09:30:00,7250,7248,7252,from_below,7209.02,7237.7,7248.38,7232.75,7247.69,2.31,true,5.57,1.01,4.93,true,7.16,1.01,3.33,true,8.23,19.97,-17.14,false,false,true,8.23,22.52,-5.34
321,2026-05-01 10:35:00,2026-05-01,10:35:00,7250,7248,7252,from_above,7255.34,7255.55,7256.39,7246.03,7251.47,1.47,true,6.5,1.84,2.71,true,7.48,1.84,2.65,true,7.48,5.51,-0.47,true,false,true,13.63,5.51,11.48
322,2026-05-01 12:05:00,2026-05-01,12:05:00,7250,7248,7252,from_above,7256.75,7256.89,7257.33,7248.15,7248.61,-1.39,true,0.8,2.69,-1.7,true,5.24,4.28,-0.86,true,5.24,9.68,-4.44,false,false,true,5.24,12.1,-4.95
323,2026-05-01 13:15:00,2026-05-01,13:15:00,7250,7248,7252,from_below,7247.86,7247.81,7250.12,7247.08,7250.03,-0.03,true,0.15,2.11,-0.63,true,0.15,4.29,-3.04,true,0.49,4.29,-1.78,false,false,true,11.66,5.13,8.24
324,2026-05-01 13:35:00,2026-05-01,13:35:00,7250,7248,7252,from_above,7253.04,7252.91,7253.25,7249.51,7251.24,1.24,true,3.66,0,2.1,true,5.13,0,3.04,true,5.13,4.95,-1.9,true,false,true,5.13,14.04,-13.56
325,2026-05-01 15:25:00,2026-05-01,15:25:00,7250,7248,7252,from_below,7245.63,7245.64,7248.96,7245.51,7247.54,2.46,true,6.72,0,4.41,true,6.72,0,5.61,true,18.7,0,18.63,true,true,false,20.68,0,
326,2026-05-04 11:20:00,2026-05-04,11:20:00,7200,7198,7202,from_above,7211.02,7210.33,7210.33,7197.79,7199.34,-0.66,true,9.85,1.01,6.76,true,9.85,3.38,1.34,true,9.85,6.96,2.96,true,false,true,9.85,25.88,-2.72
327,2026-05-04 12:20:00,2026-05-04,12:20:00,7200,7198,7202,from_below,7194.13,7194.58,7199.95,7193.99,7197.28,2.72,true,8.35,0,7.48,true,10.6,0,8.93,true,13.21,0,11.29,true,true,true,13.21,8.7,-7.54
328,2026-05-04 13:10:00,2026-05-04,13:10:00,7200,7198,7202,from_below,7196.84,7196.95,7198.75,7194.56,7197.45,2.55,true,4.19,6.81,-5.69,true,4.19,8.7,-7.87,true,4.19,8.7,-4.99,false,false,true,4.19,12.79,-7.24
329,2026-05-04 13:35:00,2026-05-04,13:35:00,7200,7198,7202,from_above,7204.02,7204.07,7204.27,7199.44,7203.32,3.32,true,5.69,0,4.99,true,9.09,0,6.59,true,12.79,0,9.66,true,true,true,12.79,4.59,-2.27
330,2026-05-04 14:20:00,2026-05-04,14:20:00,7200,7198,7202,from_above,7205.17,7205.16,7205.21,7198.89,7200.13,0.13,true,0.95,4.59,0.6,true,1.22,4.59,-2.27,true,1.22,8.85,-6.15,false,false,true,4.82,8.85,1.62
331,2026-05-04 14:50:00,2026-05-04,14:50:00,7200,7198,7202,from_below,7197.39,7197.57,7198.64,7193.74,7193.85,6.15,true,6.15,0,1.94,true,6.15,4.13,-2.55,true,6.15,4.82,-1.62,true,false,true,6.15,5.29,2.19
332,2026-05-04 15:20:00,2026-05-04,15:20:00,7200,7198,7202,from_above,7202.66,7202.61,7202.92,7200.35,7201.62,1.62,true,3.12,1.51,0.36,true,5.29,1.51,2.55,true,5.29,3.78,-2.19,true,false,false,5.29,3.78,
333,2026-05-04 15:40:00,2026-05-04,15:40:00,7200,7198,7202,from_above,7202.55,7202.52,7202.99,7199.92,7200.95,0.95,true,4.14,0.89,4,true,4.14,3.78,1.4,false,4.14,3.78,,,,false,4.14,3.78,
334,2026-05-05 09:35:00,2026-05-05,09:35:00,7250,7248,7252,from_below,7246.23,7246.36,7249.51,7242.44,7245.73,4.27,true,7.92,0,4.91,true,7.92,2.04,2.88,true,7.92,4.96,-4.96,true,false,true,8.22,9.54,-0.37
335,2026-05-05 10:35:00,2026-05-05,10:35:00,7250,7248,7252,from_above,7253.85,7253.69,7254.8,7249.15,7250.37,0.37,true,4.74,0.47,0.62,true,4.74,1.81,2.84,true,9.53,1.81,7.04,true,false,true,9.92,1.81,3.53
336,2026-05-06 09:30:00,2026-05-06,09:30:00,7300,7298,7302,from_below,7259.21,7294.14,7315.7,7294.14,7315.19,-15.19,true,0,19.35,-14.94,true,0,19.41,-14.3,true,0,23.5,-17.19,false,false,true,0,33.73,-33.35
337,2026-05-06 11:00:00,2026-05-06,11:00:00,7350,7348,7352,from_below,7344.97,7344.89,7348,7344.32,7346.51,3.49,true,8.49,0,8.38,true,12.88,0,4.67,true,12.88,0,5.59,true,true,true,16.58,0,8.34
338,2026-05-06 14:05:00,2026-05-06,14:05:00,7350,7348,7352,from_below,7345.17,7345.2,7348.47,7345.2,7348.2,1.8,true,3.73,0,1.83,true,3.73,4.92,-4.13,true,3.73,7.56,-5.12,false,false,true,3.73,10.18,-8.7
339,2026-05-06 14:30:00,2026-05-06,14:30:00,7350,7348,7352,from_above,7353.79,7353.84,7355.11,7351.92,7355.11,5.11,true,7.56,0,5.12,true,7.56,0,2.06,true,7.56,0,6.42,true,false,true,13.4,0,9.49
340,2026-05-06 14:45:00,2026-05-06,14:45:00,7350,7348,7352,from_above,7353.75,7353.51,7354.55,7350.54,7352.06,2.06,true,3.95,0,3.81,true,7.28,0,6.42,true,11.56,0,10.94,true,true,true,13.45,0,9.97
341,2026-05-07 12:10:00,2026-05-07,12:10:00,7350,7348,7352,from_above,7356.66,7356.63,7356.63,7348.66,7350.15,0.15,true,0.21,9.67,-8.38,true,7.44,10.17,7.07,true,11.82,10.17,0.88,true,true,true,11.82,10.72,-6.93
342,2026-05-07 12:35:00,2026-05-07,12:35:00,7350,7348,7352,from_above,7359.69,7359.66,7359.8,7350.51,7350.79,0.79,true,4.74,1.5,0.88,true,4.74,6.77,-2.96,true,4.74,10.72,-5.64,false,false,true,4.74,28.34,-12.99
343,2026-05-07 13:05:00,2026-05-07,13:05:00,7350,7348,7352,from_below,7343.56,7343.51,7349.47,7341.33,7344.36,5.64,true,10.27,0,6.93,true,15.6,0,5.44,true,28.34,0,12.99,true,true,true,28.34,0,14.39
344,2026-05-08 12:25:00,2026-05-08,12:25:00,7400,7398,7402,from_below,7396.73,7396.85,7400.09,7396.14,7397.55,2.45,true,4.74,0,3.14,true,9.78,0,9.75,true,9.78,0,8.51,true,false,true,9.78,0.98,0.44
345,2026-05-08 13:05:00,2026-05-08,13:05:00,7400,7398,7402,from_below,7397.04,7396.99,7398.09,7393.94,7396.71,3.29,true,5.79,0,5.37,true,5.79,0.3,0.85,true,5.79,1.01,3.31,true,false,true,7.06,1.5,4.02
346,2026-05-08 13:20:00,2026-05-08,13:20:00,7400,7398,7402,from_below,7397.6,7397.44,7400.3,7396.46,7399.15,0.85,true,1.37,0.98,0.44,true,3.43,1.01,3.31,true,7.06,1.01,3.73,true,false,true,7.06,1.5,-0.08
347,2026-05-08 13:45:00,2026-05-08,13:45:00,7400,7398,7402,from_below,7395.13,7395.16,7398.03,7394.55,7395.38,4.62,true,7.06,0,3.73,true,7.06,1.5,2.02,true,7.06,1.5,-0.12,true,false,true,8.86,1.5,8.31
348,2026-05-08 14:00:00,2026-05-08,14:00:00,7400,7398,7402,from_below,7394.3,7394.18,7401.5,7393.95,7397.98,2.02,true,4.48,0,4.02,true,4.48,1.34,-0.12,true,4.48,1.4,1.31,true,false,true,15.91,1.4,11.07
349,2026-05-08 15:50:00,2026-05-08,15:50:00,7400,7398,7402,from_below,7395.11,7395.08,7398.06,7394.21,7398.06,1.94,true,5.56,0,2.58,false,5.56,0,,false,5.56,0,,,,false,5.56,0,
350,2026-05-11 09:30:00,2026-05-11,09:30:00,7400,7398,7402,indeterminate,7398.92,7388.85,7401.05,7384.2,7401.05,,false,,,,false,,,,false,,,,,,false,,,
351,2026-05-11 10:30:00,2026-05-11,10:30:00,7400,7398,7402,from_above,7405.77,7405.82,7408.67,7397.65,7405.41,5.41,true,9.2,0,7.67,true,12.86,0,12.68,true,21.11,0,17.5,true,true,true,23.59,0,21.47
352,2026-05-12 11:15:00,2026-05-12,11:15:00,7350,7348,7352,from_above,7352.84,7352.69,7353,7346.69,7350.2,0.2,true,0.85,9.92,-9.01,true,0.85,11.46,-0.03,true,8.05,11.46,4.14,false,false,true,8.05,11.46,0.66
353,2026-05-12 11:30:00,2026-05-12,11:30:00,7350,7348,7352,from_below,7343.48,7343.51,7350.85,7342.12,7349.97,0.03,true,4.11,3.97,-1.86,true,4.11,8.05,-4.14,true,8.36,8.05,-2.67,true,false,true,8.36,8.05,3.77
354,2026-05-12 11:50:00,2026-05-12,11:50:00,7350,7348,7352,from_above,7354.14,7354.12,7355.52,7351,7352.49,2.49,true,2.82,5.86,-4.27,true,3.93,8.36,-1.62,true,5.37,8.36,-1.06,false,false,true,5.37,11.26,-9.64
355,2026-05-12 13:00:00,2026-05-12,13:00:00,7350,7348,7352,from_below,7341.31,7341.56,7350.22,7340.82,7349.19,0.81,true,1.04,4.41,-0.53,true,1.04,11.4,-11.29,true,1.04,20.64,-19.77,false,false,true,1.04,23.51,-22.61
356,2026-05-12 15:30:00,2026-05-12,15:30:00,7400,7398,7402,from_below,7391.85,7391.75,7401.61,7391.75,7400.08,-0.08,true,2.18,0.32,0.76,true,2.75,3,-1.64,true,2.75,9.57,-0.97,false,false,false,2.75,9.57,
357,2026-05-13 09:30:00,2026-05-13,09:30:00,7400,7398,7402,indeterminate,7400.97,7409.12,7409.12,7393.95,7398.12,,false,,,,false,,,,false,,,,,,false,,,
358,2026-05-13 10:10:00,2026-05-13,10:10:00,7400,7398,7402,from_below,7393.23,7393.26,7398.12,7390.65,7397.35,2.65,true,7.23,0,6.6,true,7.23,9.17,-4.38,true,7.23,9.17,-4.96,false,false,true,7.23,15.53,-10.51
359,2026-05-13 10:35:00,2026-05-13,10:35:00,7400,7398,7402,from_above,7407.91,7408.21,7408.79,7398.61,7400.67,0.67,true,7,0.9,4.96,true,11.36,0.9,10.58,true,15.53,0.9,12.39,true,true,true,19.76,0.9,19.02
360,2026-05-13 13:05:00,2026-05-13,13:05:00,7450,7448,7452,from_below,7445.74,7445.66,7450.68,7445.66,7449.02,0.98,true,2.52,0.94,0.94,true,4.92,0.94,4.86,true,6.9,0.94,5.03,true,false,true,7.98,0.94,0.09
361,2026-05-13 13:45:00,2026-05-13,13:45:00,7450,7448,7452,from_below,7447.55,7447.63,7448.72,7446.58,7446.75,3.25,true,3.49,0,3.49,true,7.98,0,1.18,true,7.98,9.29,-7.55,false,false,true,7.98,10.04,-1.58
362,2026-05-13 14:00:00,2026-05-13,14:00:00,7450,7448,7452,from_below,7442.12,7442.27,7449.22,7442.02,7448.82,1.18,true,2.07,0.62,0.09,true,2.07,9.29,-7.55,true,2.07,10.04,-4.41,false,false,true,3.16,10.04,-1.96
363,2026-05-13 14:35:00,2026-05-13,14:35:00,7450,7448,7452,from_above,7454.41,7454.56,7454.56,7449.46,7451.8,1.8,true,3.61,0.47,-0.47,true,3.85,0.47,2.98,true,4.73,3.16,4.6,true,false,true,8.21,3.16,5
364,2026-05-13 15:20:00,2026-05-13,15:20:00,7450,7448,7452,from_above,7457.41,7457.32,7458.07,7451.87,7452.19,2.19,true,6.21,0,6.21,true,6.56,0,5,true,7.11,6,-4.42,true,false,false,7.11,6.33,
365,2026-05-13 15:35:00,2026-05-13,15:35:00,7450,7448,7452,from_above,7453.12,7453.33,7455.57,7451.36,7455,5,true,6.01,0,5.86,true,7.11,6,-4.42,false,7.11,6.33,,,,false,7.11,6.33,
366,2026-05-13 15:50:00,2026-05-13,15:50:00,7450,7448,7452,from_above,7455.07,7454.95,7454.95,7444,7445.58,-4.42,true,0,6.33,-5.13,false,0,6.33,,false,0,6.33,,,,false,0,6.33,
367,2026-05-14 11:00:00,2026-05-14,11:00:00,7500,7498,7502,from_below,7493.83,7494.03,7500.14,7492.35,7497.81,2.19,true,2.98,0.62,0.17,true,2.98,7.25,-6.4,true,2.98,10.29,-8.21,false,false,true,2.98,16.5,-15.79
368,2026-05-14 12:25:00,2026-05-14,12:25:00,7500,7498,7502,from_above,7508.79,7508.57,7509.18,7500.29,7501.84,1.84,true,4.14,3.89,-2.01,true,5.31,3.89,0.74,true,5.31,6.91,-0.52,false,false,true,5.31,15.65,-9.45
369,2026-05-14 13:35:00,2026-05-14,13:35:00,7500,7498,7502,from_below,7492.28,7492.29,7499.35,7492.11,7498.74,1.26,true,4.09,0.77,1.2,true,4.09,4.37,-0.82,true,11.98,4.37,5.94,true,true,true,11.98,4.37,1.14
370,2026-05-14 14:10:00,2026-05-14,14:10:00,7500,7498,7502,from_below,7494.06,7494.17,7499.04,7493.2,7499.04,0.96,true,1.09,3.89,-3.63,true,4.64,4.01,3.19,true,4.9,4.01,1.15,true,false,true,4.9,8.06,-5.18
371,2026-05-14 15:25:00,2026-05-14,15:25:00,7500,7498,7502,from_above,7504.99,7505.24,7505.96,7501.73,7501.73,1.73,true,6.48,0,4.53,true,7.96,0,6.23,true,7.96,0.92,1.47,true,false,false,7.96,0.92,
372,2026-05-14 15:50:00,2026-05-14,15:50:00,7500,7498,7502,from_above,7504.52,7504.53,7505.3,7499.44,7502.72,2.72,true,2.72,0.92,1.47,false,2.72,0.92,,false,2.72,0.92,,,,false,2.72,0.92,
373,2026-05-15 09:45:00,2026-05-15,09:45:00,7400,7398,7402,from_above,7405.91,7405.71,7416.34,7397.5,7416.34,16.34,true,27.2,0,24.27,true,29.87,0,14.59,true,42.07,0,39.44,true,true,true,47.25,0,30.57
374,2026-05-15 13:25:00,2026-05-15,13:25:00,7450,7448,7452,from_below,7445.2,7445.09,7449.06,7445.05,7445.69,4.31,true,4.88,0,1.42,true,8.94,0,5.16,true,8.94,0.21,0.09,true,false,true,14.63,4.85,13.13
375,2026-05-15 13:55:00,2026-05-15,13:55:00,7450,7448,7452,from_below,7446.82,7446.97,7450.21,7445.69,7449.91,0.09,true,0.17,1.91,-0.97,true,0.48,4.85,0.01,true,14.63,4.85,13.13,true,true,true,24.87,4.85,14.05
376,2026-05-18 09:35:00,2026-05-18,09:35:00,7400,7398,7402,from_above,7403.08,7404.13,7408.85,7400.93,7406.38,6.38,true,10.84,1.55,-1.08,true,28.88,5.89,27.61,true,34.06,5.89,22.88,true,true,true,34.06,16.69,-1.75
377,2026-05-18 10:30:00,2026-05-18,10:30:00,7400,7398,7402,from_above,7413.84,7413.69,7417.23,7390.47,7392.93,-7.07,true,0,16.69,-1.75,true,6.86,16.69,-6.38,true,9.6,16.69,-8.62,false,false,true,9.6,28.25,-16.08
378,2026-05-18 15:45:00,2026-05-18,15:45:00,7400,7398,7402,from_below,7395.95,7396.06,7403.06,7394.3,7400.98,-0.98,true,2.43,6.03,-3.41,true,3.29,6.03,-3.04,false,3.29,6.03,,,,false,3.29,6.03,
379,2026-05-19 09:45:00,2026-05-19,09:45:00,7350,7348,7352,from_above,7353.77,7353.99,7371.45,7349.5,7364.94,14.94,true,28.81,0,27.15,true,31.64,0,19.01,true,31.64,8.34,-6.95,true,true,true,31.64,16.32,-12.41
380,2026-05-19 10:05:00,2026-05-19,10:05:00,7350,7348,7352,from_above,7369.01,7368.41,7369.64,7346.46,7351.38,1.38,true,6.81,3.74,-2.44,true,6.81,14.95,-5.08,true,6.81,14.95,-1.89,false,false,true,6.81,16.32,0.51
381,2026-05-19 10:25:00,2026-05-19,10:25:00,7350,7348,7352,from_below,7344.92,7345.05,7348.73,7339.28,7341.47,8.53,true,11.52,0,9.77,true,11.52,2.22,4.81,true,16.32,2.22,0.69,true,true,true,16.32,8.1,8.55
382,2026-05-19 10:55:00,2026-05-19,10:55:00,7350,7348,7352,from_below,7337.42,7337.47,7349.47,7336.8,7349.31,0.69,true,3.78,3.88,-2.36,true,5.16,5.47,-3.84,true,14.16,8.1,8.55,true,true,true,14.16,8.1,2.32
383,2026-05-19 11:30:00,2026-05-19,11:30:00,7350,7348,7352,from_below,7341.45,7341.11,7350.84,7339.5,7346.19,3.81,true,6.89,4.01,-2.68,true,6.89,7.26,-6.99,true,6.89,7.9,-4.75,false,false,true,8.25,19.78,-17.65
384,2026-05-19 12:15:00,2026-05-19,12:15:00,7350,7348,7352,from_below,7346.19,7346.23,7356.07,7346.23,7355.28,-5.28,true,0,9.11,-9.05,true,0,19.78,-17.65,true,0,24.94,-23.9,false,false,true,0,43.43,-41.6
385,2026-05-19 15:50:00,2026-05-19,15:50:00,7350,7348,7352,from_above,7355.67,7355.82,7356.63,7345.71,7346.22,-3.78,true,6.54,5.9,4.95,false,6.54,5.9,,false,6.54,5.9,,,,false,6.54,5.9,
386,2026-05-20 10:15:00,2026-05-20,10:15:00,7400,7398,7402,from_below,7370.21,7370.79,7402.18,7370.71,7391.66,8.34,true,13.91,0.04,12.67,true,15.44,8.46,-0.54,true,15.44,8.46,1.4,true,true,true,15.44,35.69,-21.9
387,2026-05-21 09:30:00,2026-05-21,09:30:00,7400,7398,7402,from_above,7432.96,7406.07,7406.07,7394.68,7404.38,4.38,true,4.71,6.93,-4.64,true,4.71,7.97,-7.17,true,24.43,7.97,18.61,true,true,true,24.43,7.98,1.84
388,2026-05-21 10:15:00,2026-05-21,10:15:00,7400,7398,7402,from_above,7411.53,7411.66,7412.53,7399.52,7399.52,-0.48,true,1.33,7.98,-4.17,true,9.45,7.98,1.84,true,9.45,7.98,-1.77,true,false,true,9.93,10.52,7.86
389,2026-05-21 11:05:00,2026-05-21,11:05:00,7400,7398,7402,from_above,7402.37,7402.46,7403.05,7390.28,7393.27,-6.73,true,9.43,10.52,7.03,true,10.94,10.52,6.17,true,10.94,10.52,6.78,true,true,true,17.02,10.52,16.78
390,2026-05-21 11:30:00,2026-05-21,11:30:00,7400,7398,7402,from_above,7405.45,7405.41,7406.99,7396.34,7397.41,-2.59,true,6.83,3.59,6.78,true,14.29,3.59,14.18,true,16.17,3.59,14.93,true,true,true,17.02,3.59,7.87
391,2026-05-21 12:20:00,2026-05-21,12:20:00,7400,7398,7402,from_above,7409.47,7409.43,7410.92,7401.97,7405.92,5.92,true,6.62,0,5.61,true,9.15,0,4.39,true,9.15,1.17,3.69,true,false,true,47.29,1.17,37.06
392,2026-05-21 12:35:00,2026-05-21,12:35:00,7400,7398,7402,from_above,7407.87,7407.63,7409.15,7401.49,7404.39,4.39,true,7.23,0,6.41,true,8.81,1.17,3.69,true,11.18,1.17,8.76,true,true,true,47.29,1.17,45.3
393,2026-05-21 12:45:00,2026-05-21,12:45:00,7400,7398,7402,from_above,7406.41,7406.49,7408.81,7401.09,7402.5,2.5,true,4.8,1.17,3.69,true,11.18,1.17,8.43,true,40.75,1.17,35,true,true,true,55.77,1.17,55.61
394,2026-05-21 13:40:00,2026-05-21,13:40:00,7450,7448,7452,from_below,7445.3,7445.34,7453.48,7445.34,7452.94,-2.94,true,0,5.77,-5.61,true,0,15.96,-4.27,true,3.63,15.96,3.42,false,false,true,5.8,15.96,-2.7
395,2026-05-21 14:00:00,2026-05-21,14:00:00,7450,7448,7452,from_above,7454.27,7454.17,7458.63,7447.34,7447.8,-2.2,true,4.22,3.61,2.49,true,4.22,5.8,-0.07,true,4.22,5.8,0.29,false,false,true,4.22,29.96,-13.83
396,2026-05-21 15:55:00,2026-05-21,15:55:00,7450,7448,7452,from_below,7440.89,7440.81,7448.86,7437.82,7444.86,5.14,true,5.14,0,4.27,false,5.14,0,,false,5.14,0,,,,false,5.14,0,
397,2026-05-22 09:40:00,2026-05-22,09:40:00,7500,7498,7502,from_below,7496.03,7496.37,7499.46,7489.03,7491.99,8.01,true,10.83,0,8.01,true,14.8,0,6.73,true,28.18,0,26,true,true,true,36.71,0,18.25
398,2026-05-22 13:25:00,2026-05-22,13:25:00,7500,7498,7502,from_below,7490.8,7491.41,7505.27,7490.87,7505.21,-5.21,true,3.31,6.32,3,true,4.17,6.32,2.29,true,10.53,6.32,9.18,true,true,true,12.77,6.32,9.27
399,2026-05-26 11:55:00,2026-05-26,11:55:00,7500,7498,7502,from_above,7503.7,7503.5,7507.22,7501.1,7506.41,6.41,true,12.42,0,10,true,12.42,0,6.12,true,15.46,0,15.29,true,true,true,17.57,0,7.55
400,2026-05-27 11:45:00,2026-05-27,11:45:00,7500,7498,7502,from_above,7503.7,7503.7,7507.52,7500.86,7503.55,3.55,true,9.53,0,7.38,true,10.05,0,4.95,true,15.21,0,11.18,true,true,true,22.95,0,22.84
401,2026-05-27 13:05:00,2026-05-27,13:05:00,7500,7498,7502,from_above,7512.65,7512.6,7513.68,7499.72,7499.8,-0.2,true,5.38,0.2,5.25,true,11.5,0.2,11.24,true,16.33,0.2,13.7,true,true,true,17.45,0.2,15.5
402,2026-05-28 10:10:00,2026-05-28,10:10:00,7550,7548,7552,from_below,7523.61,7523.51,7554.73,7518.19,7547.97,2.03,true,10.53,1.65,2.81,true,13.73,1.65,5.69,true,15.4,1.65,7.95,true,true,true,15.4,6.52,-0.7
403,2026-05-28 11:00:00,2026-05-28,11:00:00,7550,7548,7552,from_below,7545.65,7545.71,7554.78,7544.84,7554.43,-4.43,true,0,6.52,-2.97,true,1.05,6.52,-1.86,true,1.05,8.64,-7.74,false,false,true,1.05,10.19,-6.47
404,2026-05-29 10:00:00,2026-05-29,10:00:00,7600,7598,7602,from_below,7596.38,7597.62,7599.38,7593.74,7595.24,4.76,true,9.8,0,9.35,true,17.66,0,14.68,true,25,0,12.87,true,true,true,36.45,0,19.24
405,2026-06-01 13:25:00,2026-06-01,13:25:00,7600,7598,7602,from_below,7593.25,7593.26,7600.36,7591.99,7600.36,-0.36,true,4.46,3.44,2.91,true,4.46,17.66,-11.49,true,4.46,17.66,-12.89,false,false,true,4.46,17.66,-15.69
406,2026-06-01 15:50:00,2026-06-01,15:50:00,7600,7598,7602,from_above,7602.73,7602.79,7602.79,7598.14,7598.75,-1.25,true,0.84,2.56,-0.7,false,0.84,2.56,,false,0.84,2.56,,,,false,0.84,2.56,
407,2026-06-02 10:10:00,2026-06-02,10:10:00,7600,7598,7602,from_below,7596.87,7596.64,7601.21,7595.73,7599.14,0.86,true,3.15,0.96,-0.21,true,7.44,2.24,5.44,true,7.44,6.56,-5.94,true,false,true,7.44,19.07,-16.72
408,2026-06-03 09:30:00,2026-06-03,09:30:00,7600,7598,7602,from_above,7609.77,7598.74,7605.35,7597.64,7598.94,-1.06,true,0,8.88,-6.09,true,0,36.81,-34,true,0,37.55,-19.28,false,false,true,0,37.55,-17.86
409,2026-06-03 12:40:00,2026-06-03,12:40:00,7550,7548,7552,from_above,7554.97,7554.97,7556.1,7551.22,7555.99,5.99,true,11.8,0,11.63,true,17.23,0,17.09,true,17.23,0,8.28,true,true,true,20.06,0,18.5
410,2026-06-04 09:35:00,2026-06-04,09:35:00,7550,7548,7552,from_below,7543.43,7542.74,7549.29,7538.9,7543.84,6.16,true,16.32,0,15.51,true,19.85,0,7.3,true,19.85,1.24,8.45,true,true,true,19.85,7.73,-1.56
411,2026-06-04 09:55:00,2026-06-04,09:55:00,7550,7548,7552,from_below,7542.7,7542.49,7551.24,7540.71,7545.64,4.36,true,9.67,0,9.56,true,13.77,1.44,1.42,true,13.77,7.73,-4.48,true,true,true,13.77,7.73,-6.72
412,2026-06-04 10:10:00,2026-06-04,10:10:00,7550,7548,7552,from_below,7541.55,7541.3,7551.44,7541.08,7548.58,1.42,true,3.23,1.44,2.62,true,4.56,7.73,-4.48,true,4.56,7.73,-3.02,false,false,true,4.56,21.25,-20.77
413,2026-06-04 10:30:00,2026-06-04,10:30:00,7550,7548,7552,from_above,7554.48,7554.45,7555.93,7550.5,7554.43,4.43,true,4.55,0,1.56,true,7.38,1.3,1.57,true,11.62,1.3,9.9,true,true,true,24.71,1.3,21.12
414,2026-06-04 15:30:00,2026-06-04,15:30:00,7600,7598,7602,from_below,7597.77,7597.91,7598.19,7595.86,7596.32,3.68,true,4.73,0,3.37,true,8.98,0,6.73,true,15.68,0,15.68,true,true,false,15.68,0,
415,2026-06-05 09:55:00,2026-06-05,09:55:00,7500,7498,7502,from_above,7512.29,7512.32,7513.67,7498.82,7498.82,-1.18,true,8.99,5.22,1.81,true,15.16,5.22,13.8,true,22.92,5.22,5.17,true,true,true,22.92,5.22,12.14
416,2026-06-05 11:05:00,2026-06-05,11:05:00,7500,7498,7502,from_above,7508.44,7508.56,7509.1,7500.99,7503.14,3.14,true,5.07,3.66,-3.54,true,5.07,11.21,-8.66,true,5.07,19.8,-18.88,false,false,true,5.07,36.79,-35.4
417,2026-06-05 12:30:00,2026-06-05,12:30:00,7450,7448,7452,from_above,7460.04,7460.24,7461.12,7451.16,7454.95,4.95,true,7.7,0,4.29,true,7.7,12.73,-2.59,true,8.66,12.73,0.77,false,false,true,8.66,12.73,4.62
418,2026-06-05 12:50:00,2026-06-05,12:50:00,7450,7448,7452,from_below,7447.41,7447.65,7458.66,7445.31,7458.32,-8.32,true,0,8.32,-8.02,true,4.07,8.32,3.2,true,9.41,8.32,-3.06,true,false,true,9.41,15.54,-3.84
419,2026-06-05 13:00:00,2026-06-05,13:00:00,7450,7448,7452,from_above,7458.02,7458,7458,7445.99,7450.77,0.77,true,1.1,4.07,-3.2,true,1.1,9.23,-4.83,true,5.01,9.41,4.62,false,false,true,15.54,9.41,-3.04
420,2026-06-05 13:20:00,2026-06-05,13:20:00,7450,7448,7452,from_below,7445.17,7445.07,7453.59,7440.59,7453.06,-3.06,true,3.32,3.3,-2.63,true,3.32,12.4,-12.01,true,3.32,15.54,-3.84,false,false,true,24.27,15.54,21.78
421,2026-06-05 13:40:00,2026-06-05,13:40:00,7450,7448,7452,from_above,7462.01,7462.17,7465.54,7449.56,7450.42,0.42,true,5.71,0.15,2.04,true,9.64,0.15,9.21,true,10.42,15.98,-15.48,false,true,true,10.42,39.76,-36.25
422,2026-06-05 14:00:00,2026-06-05,14:00:00,7450,7448,7452,from_above,7459.21,7459.28,7460.42,7446.91,7446.96,-3.04,true,0,5.87,-4.73,true,0,24.27,-23.62,true,0,32.96,-30.82,false,false,true,0,52.84,-46.35
423,2026-06-05 14:45:00,2026-06-05,14:45:00,7400,7398,7402,from_above,7413.75,7413.55,7413.55,7398.8,7408.89,8.89,true,10.89,1.47,2.82,true,13.75,2.84,3.65,true,13.75,31.37,-24.23,false,true,true,13.75,31.37,0.62
424,2026-06-05 15:35:00,2026-06-05,15:35:00,7400,7398,7402,from_below,7391.22,7391.53,7400.43,7390.5,7399.65,0.35,true,16.99,0,9.12,true,16.99,10.17,-4.01,false,16.99,10.17,,,,false,16.99,10.17,
425,2026-06-08 09:30:00,2026-06-08,09:30:00,7450,7448,7452,from_below,7383.73,7442.39,7458.57,7434.21,7434.21,15.79,true,20.19,0,19.84,true,21.55,0,9.84,true,29.8,0.86,24,true,true,true,29.8,0.86,7.4
426,2026-06-08 09:45:00,2026-06-08,09:45:00,7450,7448,7452,from_below,7439.57,7440.78,7448.89,7435.36,7440.16,9.84,true,16.91,0.86,4.98,true,29.8,0.86,24,true,29.8,0.86,21.25,true,true,true,29.8,5.65,-0.35
427,2026-06-08 10:35:00,2026-06-08,10:35:00,7450,7448,7452,from_below,7442.6,7442.51,7449.81,7440.89,7446.19,3.81,true,15.76,0,10.49,true,15.76,7.06,-5.2,true,15.76,16.81,-14.62,false,true,true,17.18,16.81,1.04
428,2026-06-08 11:25:00,2026-06-08,11:25:00,7450,7448,7452,from_above,7463.34,7463.27,7463.27,7445.54,7446.16,-3.84,true,0,17.18,-14.06,true,2.13,17.18,-0.29,true,6.67,17.18,-9.54,false,false,true,6.67,17.18,-14.44
429,2026-06-08 11:35:00,2026-06-08,11:35:00,7450,7448,7452,from_below,7435.94,7435.76,7449.29,7433.73,7448.96,1.04,true,3.82,2.13,0.29,true,3.82,6.67,0.98,true,14,6.67,9.64,true,true,true,20.7,6.67,18.33
430,2026-06-08 12:15:00,2026-06-08,12:15:00,7450,7448,7452,from_below,7444.01,7444.16,7450.73,7443.93,7450.37,-0.37,true,7.41,3.18,6.27,true,16.76,3.18,16.76,true,20.7,3.18,11.36,true,true,true,34.93,3.18,32.65
431,2026-06-08 15:20:00,2026-06-08,15:20:00,7400,7398,7402,from_above,7404.89,7405.37,7409.61,7397.8,7398.2,-1.8,true,4.84,4.87,4.2,true,14.26,4.87,7.04,true,14.26,4.87,4.41,true,true,false,14.26,4.87,
432,2026-06-08 15:50:00,2026-06-08,15:50:00,7400,7398,7402,from_above,7405.65,7405.58,7411.85,7401.11,7404.41,4.41,true,7.71,0,5.8,false,7.71,0,,false,7.71,0,,,,false,7.71,0,
433,2026-06-09 09:30:00,2026-06-09,09:30:00,7450,7448,7452,from_below,7405.72,7446.48,7453.86,7442.82,7450.56,-0.56,true,0.76,13.1,-7.55,true,0.76,33.15,-31.18,true,0.76,33.15,-4.45,false,false,true,42.33,33.15,24.48
434,2026-06-09 10:00:00,2026-06-09,10:00:00,7450,7448,7452,from_above,7457.19,7457.35,7462.73,7451.93,7454.45,4.45,true,9.78,0,3.68,true,9.78,42.33,-36.31,true,9.78,42.33,-24.48,false,false,true,9.78,89.9,-67.28
435,2026-06-09 10:10:00,2026-06-09,10:10:00,7450,7448,7452,from_above,7453.68,7453.56,7453.56,7428.41,7429.21,-20.79,true,0,42.33,-36.31,true,0,42.33,-25.28,true,0,52.84,-50.95,false,false,true,0,89.9,-61.94
436,2026-06-09 10:40:00,2026-06-09,10:40:00,7400,7398,7402,from_above,7421.98,7422.19,7425.09,7397.16,7399.05,-0.95,true,1.39,36.75,-35.85,true,1.39,39.9,-9.72,true,1.39,39.9,-11.94,false,false,true,1.39,82.46,-70.1
437,2026-06-09 11:25:00,2026-06-09,11:25:00,7350,7348,7352,from_above,7353.52,7353.36,7353.36,7319.99,7321.47,-28.53,true,0,32.46,-26.23,true,0,32.46,-20.1,true,0,48.12,-47.23,false,false,true,0,84.94,-64.52
438,2026-06-09 11:55:00,2026-06-09,11:55:00,7300,7298,7302,from_above,7323.49,7323.45,7324.24,7301.88,7302.77,2.77,true,16.49,0,7.63,true,16.49,10.81,-4.17,true,16.49,34.94,-14.52,false,true,true,16.49,62.15,-22.53
439,2026-06-09 12:35:00,2026-06-09,12:35:00,7250,7248,7252,from_above,7284.92,7284.72,7294.75,7241.54,7244.75,-5.25,true,10.18,12.15,7.98,true,18.39,12.15,-1.34,true,49.88,12.15,44.97,true,true,true,87.79,12.15,83.92
440,2026-06-09 12:50:00,2026-06-09,12:50:00,7250,7248,7252,from_above,7260.4,7260.31,7265.08,7248.36,7248.66,-1.34,true,28.16,2.27,27.47,true,49.88,2.27,44.97,true,74.33,2.27,66.66,true,true,true,101.29,2.27,86.42
441,2026-06-09 13:00:00,2026-06-09,13:00:00,7300,7298,7302,from_below,7277.47,7277.41,7298.87,7276.5,7297.18,2.82,true,11.71,0,5.03,true,15.41,12.22,-11.85,true,15.41,29.2,-29.08,false,true,true,15.41,51.29,-38.34
442,2026-06-09 13:40:00,2026-06-09,13:40:00,7350,7348,7352,from_below,7333.92,7333.9,7351.29,7332.27,7343.26,6.74,true,27.38,0,25.64,true,27.38,0,11.46,true,27.38,0,4.49,true,true,true,27.38,24.8,-7.21
443,2026-06-09 14:05:00,2026-06-09,14:05:00,7350,7348,7352,from_below,7338.34,7338.52,7348.61,7336.77,7347.61,2.39,true,11.37,0,4.49,true,11.37,13.68,-12.61,true,11.37,24.8,-22.52,false,true,true,11.37,39.09,-27.62
444,2026-06-09 14:15:00,2026-06-09,14:15:00,7350,7348,7352,from_below,7345.51,7345.24,7357.42,7339.32,7357.24,-7.24,true,0,13.68,-12.61,true,0,23.93,-18.8,true,0,24.8,-16.59,false,false,true,1.63,39.09,0.69
445,2026-06-09 15:15:00,2026-06-09,15:15:00,7350,7348,7352,from_above,7365.32,7365.47,7366.28,7348.37,7349.31,-0.69,true,5.04,4.88,2.04,true,12.47,4.88,7.95,true,12.47,11.62,-5.65,true,true,false,36.66,11.62,
446,2026-06-09 15:35:00,2026-06-09,15:35:00,7350,7348,7352,from_above,7357.95,7358.37,7358.88,7348.55,7348.71,-1.29,true,0.83,11.22,-3.4,true,24.59,11.62,24.46,false,36.66,11.62,,,,false,36.66,11.62,
447,2026-06-10 09:30:00,2026-06-10,09:30:00,7350,7348,7352,from_above,7386.66,7353.27,7355.29,7330.83,7330.83,-19.17,true,15.26,21.58,8.8,true,32.39,21.58,29.66,true,34.65,21.58,28.17,true,true,true,46.56,21.58,40.78
448,2026-06-10 10:55:00,2026-06-10,10:55:00,7350,7348,7352,from_above,7358.21,7358.7,7360.93,7334.77,7341.63,-8.37,true,5.98,18.16,-6.88,true,5.98,30.79,-30.45,true,5.98,42.35,-22.33,false,false,true,5.98,52.21,-18.6
449,2026-06-10 11:50:00,2026-06-10,11:50:00,7300,7298,7302,from_above,7312.49,7312.27,7327.18,7297.79,7321.9,21.9,true,32.35,0,31.4,true,36.8,0,19.67,true,36.8,0,13.12,true,true,true,36.8,0,14.86
450,2026-06-10 13:10:00,2026-06-10,13:10:00,7300,7298,7302,from_above,7309.44,7309.03,7309.21,7299.73,7301.74,1.74,true,5.54,0.83,1.63,true,9.84,0.83,8.07,true,9.84,8.77,-8.42,true,false,true,29.15,8.77,19.31
451,2026-06-10 13:30:00,2026-06-10,13:30:00,7300,7298,7302,from_above,7308.07,7308.26,7308.79,7297.09,7300.58,0.58,true,0.91,6.7,-6.52,true,17.94,8.77,14.99,true,28.92,8.77,28.92,true,true,true,29.15,8.77,2.55
452,2026-06-10 13:45:00,2026-06-10,13:45:00,7300,7298,7302,from_below,7291.58,7291.59,7317.94,7291.37,7314.99,-14.99,true,0,16.4,-11.06,true,0,28.92,-28.92,true,0,29.15,-9.93,false,false,true,8.48,29.15,8.48
453,2026-06-10 14:30:00,2026-06-10,14:30:00,7300,7298,7302,from_above,7307.73,7307.74,7307.74,7301.45,7302.55,2.55,true,2.59,5.93,-2.77,true,2.59,8.48,-8.48,true,2.59,18.91,-14.19,false,false,true,2.59,32.65,-19.01
454,2026-06-11 09:30:00,2026-06-11,09:30:00,7300,7298,7302,from_below,7267,7287.67,7303.4,7283.36,7284.12,15.88,true,19.59,0,15.64,true,23.08,9.71,0.52,true,23.08,27.9,-24.3,false,true,true,23.08,27.9,6
455,2026-06-11 09:45:00,2026-06-11,09:45:00,7300,7298,7302,from_below,7285.25,7284.94,7309.71,7281.46,7299.48,0.52,true,0.52,27.86,-23.13,true,0.52,27.9,-24.3,true,18.39,27.9,16.81,false,true,true,18.39,27.9,6.48
456,2026-06-11 10:10:00,2026-06-11,10:10:00,7300,7298,7302,from_above,7313.78,7313.51,7314.52,7290.8,7291.04,-8.96,true,0,18.39,-16.81,true,9.34,18.39,0.93,true,12.71,18.39,-0.96,false,true,true,12.71,42.67,-13.05
457,2026-06-11 10:20:00,2026-06-11,10:20:00,7300,7298,7302,from_below,7283.19,7283.39,7308,7282.65,7305.02,-5.02,true,10.51,9.34,-0.93,true,10.51,12.71,-4.55,true,16.29,12.71,13.53,true,true,true,42.67,12.71,4.77
458,2026-06-11 11:20:00,2026-06-11,11:20:00,7300,7298,7302,from_below,7285.32,7285.32,7299.09,7284.4,7295.23,4.77,true,15.18,0,13.89,true,20.14,0.7,2.7,true,20.14,5.32,15.43,true,true,true,20.14,14.29,1.78
459,2026-06-11 11:35:00,2026-06-11,11:35:00,7300,7298,7302,from_below,7287.48,7287.76,7300.7,7287.54,7297.3,2.7,true,12.37,5.32,9.14,true,17.03,5.32,15.43,true,18.91,5.32,-2.57,true,true,true,18.91,14.29,0.77
460,2026-06-11 12:00:00,2026-06-11,12:00:00,7300,7298,7302,from_below,7293.53,7293.37,7301.99,7288.84,7291.6,8.4,true,9.54,4.26,-2.57,true,9.54,14.29,-9.18,true,12.53,14.29,-5.65,false,true,true,31.39,14.29,29.2
461,2026-06-11 12:20:00,2026-06-11,12:20:00,7300,7298,7302,from_above,7309.18,7309.89,7312.06,7298.18,7298.22,-1.78,true,0,8.89,-8.64,true,10.98,12.53,-0.77,true,10.98,16.35,-16.35,false,true,true,10.98,35,-27.43
462,2026-06-11 13:25:00,2026-06-11,13:25:00,7300,7298,7302,from_below,7272.57,7272.57,7337.15,7272.02,7337.15,-37.15,true,0,60.16,-52.7,true,0,77.88,-75.55,true,0,77.88,-62.39,false,false,true,0,77.88,-56.83
463,2026-06-11 13:30:00,2026-06-11,13:30:00,7350,7348,7352,from_below,7337.15,7336.97,7360.16,7335.7,7352.7,-2.7,true,5.13,6.67,-4.06,true,5.13,27.88,-9.72,true,8.72,27.88,4.99,false,false,true,11.65,27.88,-7.93
464,2026-06-11 13:50:00,2026-06-11,13:50:00,7350,7348,7352,from_above,7359.72,7360.02,7361.07,7347.21,7356.01,6.01,true,13.43,0,12.39,true,17.89,11.65,-6.13,true,20.05,11.65,8.16,true,true,true,24.83,11.65,20.32
465,2026-06-11 14:20:00,2026-06-11,14:20:00,7350,7348,7352,from_above,7368.7,7368.78,7368.78,7351.56,7358.16,8.16,true,11.44,0,6.83,true,15.83,0,5.57,true,24.83,0,20.32,true,true,true,38.67,0,36.42
466,2026-06-11 15:30:00,2026-06-11,15:30:00,7400,7398,7402,from_below,7392,7391.99,7410.63,7391.99,7409.15,-9.15,true,0,12.68,-2.63,true,6.98,12.68,6.27,true,13.06,12.68,5.69,true,true,false,13.06,12.68,
467,2026-06-12 09:30:00,2026-06-12,09:30:00,7400,7398,7402,from_below,7394.31,7410.85,7417.38,7392.51,7395.97,4.03,true,4.24,17.38,-3.9,true,36.99,17.38,31.74,true,36.99,17.38,0.72,true,true,true,36.99,22.67,-10.43
468,2026-06-12 10:00:00,2026-06-12,10:00:00,7400,7398,7402,from_below,7379.21,7380.86,7402.9,7377.86,7399.28,0.72,true,4.5,14.35,-14.35,true,4.5,22.67,-15.96,true,4.5,22.67,-10.43,false,false,true,15.56,42.05,-34.12
469,2026-06-12 10:20:00,2026-06-12,10:20:00,7400,7398,7402,from_above,7415.96,7415.89,7420.61,7401.95,7404.24,4.24,true,13.84,0,8.56,true,22.71,0,16.59,true,27.83,15.56,27.83,true,true,true,56.01,15.56,54.51
470,2026-06-12 10:40:00,2026-06-12,10:40:00,7400,7398,7402,from_above,7416.59,7416.59,7416.61,7391.92,7391.97,-8.03,true,0,15.56,-13.38,true,37.15,15.56,36.25,true,45.27,15.56,43.26,true,true,true,56.4,15.56,22.03
471,2026-06-12 11:15:00,2026-06-12,11:15:00,7450,7448,7452,from_below,7443.26,7443.45,7449.26,7438.49,7449.01,0.99,true,4.82,6.01,-4.51,true,10.37,6.4,10.37,true,43.02,6.4,42.29,true,true,true,55.39,6.4,31.41
472,2026-06-12 11:55:00,2026-06-12,11:55:00,7400,7398,7402,from_above,7420.14,7421,7421.73,7396.69,7401.24,1.24,true,6.53,5.39,2.49,true,30.85,5.39,22.89,true,34,5.39,18.98,true,true,true,34,5.39,27.54
473,2026-06-15 09:45:00,2026-06-15,09:45:00,7550,7548,7552,from_below,7539.71,7539.89,7550.59,7539.89,7550.1,-0.1,true,2.33,2.67,1.04,true,8.25,2.67,2.2,true,14.15,2.67,6.14,true,true,true,14.15,2.67,3.59
474,2026-06-15 10:25:00,2026-06-15,10:25:00,7550,7548,7552,from_below,7541.38,7541.43,7548.96,7540.95,7548.05,1.95,true,9.12,0,6.89,true,9.12,0,6.09,true,9.12,4.99,-2.88,true,false,true,9.12,13.75,-12.7
475,2026-06-15 10:45:00,2026-06-15,10:45:00,7550,7548,7552,from_below,7543.91,7543.99,7549.4,7543.99,7546.41,3.59,true,3.92,1.38,-0.11,true,3.92,8.99,-8.14,true,3.92,9.64,-7.75,false,false,true,3.92,21.96,-21.76
476,2026-06-15 15:50:00,2026-06-15,15:50:00,7550,7548,7552,from_above,7558.26,7558.21,7558.21,7548.75,7549.89,-0.11,true,5.25,4.33,5.25,false,6.04,4.33,,false,6.04,4.33,,,,false,6.04,4.33,
477,2026-06-16 09:30:00,2026-06-16,09:30:00,7550,7548,7552,from_above,7554.28,7548.78,7562.72,7548.78,7561.44,11.44,true,14.42,0,7.79,true,14.96,0,11.53,true,14.96,0.02,7.65,true,true,true,14.96,16.97,-14.37
478,2026-06-16 09:55:00,2026-06-16,09:55:00,7550,7548,7552,from_above,7559.59,7559.99,7560.94,7549.98,7550.55,0.55,true,8.09,0,7.65,true,13.01,0,8.19,true,13.01,8.34,-8.2,true,true,true,13.01,16.97,-10.41
479,2026-06-16 10:15:00,2026-06-16,10:15:00,7550,7548,7552,from_above,7558.19,7558.45,7560.7,7549.62,7550.73,0.73,true,4.14,7.87,-4.07,true,4.14,16.97,-14.37,true,4.14,16.97,-8.13,false,false,true,4.14,16.97,-9.07
480,2026-06-16 10:40:00,2026-06-16,10:40:00,7550,7548,7552,from_below,7546.15,7546.44,7550.93,7544.06,7544.36,5.64,true,9.48,0,8.13,true,14.35,0,10.41,true,14.35,0,5.31,true,true,true,16.68,0,15.2
481,2026-06-16 12:10:00,2026-06-16,12:10:00,7550,7548,7552,from_below,7545.19,7545.02,7549.64,7544.06,7547.13,2.87,true,6.38,0,3.4,true,7.8,0,5.94,true,15.81,0,9.25,true,true,true,17.51,0,13.85
482,2026-06-17 10:45:00,2026-06-17,10:45:00,7500,7498,7502,from_above,7513.3,7513.49,7517,7489.94,7504.31,4.31,true,12.86,0,12.04,true,12.86,0,2.52,true,12.86,2.89,8.97,true,true,true,18.68,2.89,17.7
483,2026-06-17 10:55:00,2026-06-17,10:55:00,7500,7498,7502,from_above,7512.04,7511.89,7511.89,7500.63,7501.5,1.5,true,5.12,0,2.52,true,8.45,2.89,7.12,true,12.73,2.89,10.63,true,true,true,19.23,2.89,17.34
484,2026-06-17 13:05:00,2026-06-17,13:05:00,7500,7498,7502,from_above,7505.89,7505.95,7507.3,7499.64,7504.74,4.74,true,7.09,0,4.2,true,7.43,0,4.52,true,8.31,0,6.73,true,false,true,18.45,54.47,-21.79
485,2026-06-17 13:15:00,2026-06-17,13:15:00,7500,7498,7502,from_above,7504.2,7504,7504.77,7501.01,7504.75,4.75,true,7.43,0,4.52,true,8.31,0,2.42,true,8.31,0,7.05,true,false,true,18.45,54.47,-11.72
486,2026-06-17 13:30:00,2026-06-17,13:30:00,7500,7498,7502,from_above,7507.21,7507.18,7507.18,7501.97,7502.42,2.42,true,7.87,0,6.73,true,7.87,0,7.05,true,18.45,37.18,-37.18,false,true,true,18.45,54.47,-30.31
487,2026-06-17 14:00:00,2026-06-17,14:00:00,7500,7498,7502,from_above,7517.48,7518.45,7518.45,7462.82,7462.82,-37.18,true,0,54.47,-21.79,true,0,54.47,-11.72,true,0,54.47,-30.31,false,false,true,13.37,54.47,-28.04
488,2026-06-17 14:05:00,2026-06-17,14:05:00,7450,7448,7452,from_above,7462.82,7462.74,7478.97,7445.53,7478.21,28.21,true,31.88,0,26.54,true,39.55,0,22.06,true,48.62,0,42.1,true,true,true,63.37,0,17.93
489,2026-06-17 14:35:00,2026-06-17,14:35:00,7500,7498,7502,from_below,7469.69,7469.19,7498.62,7469.19,7492.1,7.9,true,10.56,13.37,-10.97,true,10.56,13.37,4.99,true,37.23,13.37,32.07,true,true,true,97.39,13.37,94.91
490,2026-06-17 15:20:00,2026-06-17,15:20:00,7450,7448,7452,from_above,7452.95,7452.49,7452.49,7429.3,7429.3,-20.7,true,0,20.8,-18.04,true,0,47.39,-44.91,true,0,47.39,-40.26,false,false,false,0,47.39,
491,2026-06-18 09:30:00,2026-06-18,09:30:00,7500,7498,7502,from_below,7420.11,7501.8,7509.44,7489.04,7489.04,10.96,true,26.46,0,24.17,true,31.68,0,18.72,true,31.68,0,21.84,true,true,true,31.68,0,12.08
492,2026-06-18 10:45:00,2026-06-18,10:45:00,7500,7498,7502,from_below,7491.26,7491.22,7502.75,7490.94,7500.78,-0.78,true,7.39,0.84,4.12,true,10.4,1.67,5.56,true,13.73,1.67,13.28,true,true,true,26.84,1.67,18.03
493,2026-06-18 11:10:00,2026-06-18,11:10:00,7500,7498,7502,from_below,7493.69,7493.34,7500.24,7491.71,7491.79,8.21,true,13.73,0,13.28,true,18.37,0,17.24,true,26.84,0,21.54,true,true,true,26.84,0,8.39
494,2026-06-18 12:20:00,2026-06-18,12:20:00,7500,7498,7502,from_below,7491.64,7491.6,7498.2,7491.6,7494.41,5.59,true,6.67,0,3.82,true,6.73,2,-1.23,true,6.78,2,5.88,true,false,true,7.78,11.07,-5.39
495,2026-06-18 12:35:00,2026-06-18,12:35:00,7500,7498,7502,from_below,7495.22,7495.28,7502,7493.88,7501.23,-1.23,true,0.99,1.69,0.38,true,6.78,1.69,5.88,true,7.78,6.45,-4.98,true,false,true,7.78,11.07,-3.65
496,2026-06-18 13:00:00,2026-06-18,13:00:00,7500,7498,7502,from_below,7496.11,7496.27,7502.38,7494.21,7502.04,-2.04,true,0,6.45,-4.98,true,0,11.07,-9.69,true,0,11.07,-7.74,false,false,true,4.51,11.07,3.54
497,2026-06-18 13:45:00,2026-06-18,13:45:00,7500,7498,7502,from_above,7503.92,7503.47,7504.6,7501.6,7502.67,2.67,true,4.82,0,2.58,true,4.82,4.51,-3.54,true,4.82,5.93,-3.76,false,false,true,4.82,8.47,-2.23
498,2026-06-18 14:20:00,2026-06-18,14:20:00,7500,7498,7502,from_below,7496.24,7496.23,7499.13,7495.16,7496.92,3.08,true,5.12,0,5.08,true,8.41,0,7.78,true,8.47,0,3.18,true,false,true,17.62,0,10.75
499,2026-06-18 14:50:00,2026-06-18,14:50:00,7500,7498,7502,from_below,7497.77,7497.75,7499.19,7495.53,7496.82,3.18,true,6.95,0,6.27,true,11.41,0,10.97,true,17.62,0,10.75,true,true,true,17.62,7.75,-3.53
500,2026-06-18 15:35:00,2026-06-18,15:35:00,7500,7498,7502,from_below,7491.39,7491.35,7498.86,7491.34,7498.8,1.2,true,1.8,2.76,-2.23,true,3.76,7.75,-3.53,true,3.76,10.18,-0.57,false,false,false,3.76,10.18,
501,2026-06-22 09:30:00,2026-06-22,09:30:00,7500,7498,7502,indeterminate,7500.57,7500.44,7519.68,7500.44,7508.93,,false,,,,false,,,,false,,,,,,false,,,
502,2026-06-22 10:25:00,2026-06-22,10:25:00,7500,7498,7502,from_above,7504.35,7504.7,7506.85,7494.93,7495.24,-4.76,true,0,20.11,-15.21,true,0,26.17,-25.58,true,0,38.96,-24.18,false,false,true,0,38.96,-27.75
503,2026-06-23 09:30:00,2026-06-23,09:30:00,7350,7348,7352,from_above,7472.78,7366.51,7366.51,7347.6,7365.2,15.2,true,22.09,0,21.55,true,46.74,0,41.15,true,60.55,0,57.81,true,true,true,74.17,0,60.23
504,2026-06-23 09:50:00,2026-06-23,09:50:00,7400,7398,7402,from_below,7391.15,7391.47,7398.96,7391.47,7394.59,5.41,true,10.54,0,0.55,true,10.54,13.21,-11.5,true,10.54,24.17,-16.72,false,true,true,10.54,24.17,0.43
505,2026-06-23 10:40:00,2026-06-23,10:40:00,7400,7398,7402,from_above,7404.75,7404.46,7409.29,7400.25,7401.19,1.19,true,3.45,4.72,0.92,true,7.42,6.22,-2.54,true,7.42,15.4,-11.3,false,false,true,7.42,29.51,-22.52
506,2026-06-23 12:05:00,2026-06-23,12:05:00,7400,7398,7402,from_below,7395.02,7395.13,7400.19,7393.88,7399.8,0.2,true,0.36,4.85,-2.67,true,5.86,4.85,-1.88,true,5.86,4.85,-3.17,true,false,true,6.62,7.57,2.7
507,2026-06-23 12:45:00,2026-06-23,12:45:00,7400,7398,7402,from_above,7406.52,7406.65,7407.24,7399.33,7401.81,1.81,true,2,2.4,1.09,true,4.26,5.59,-4.69,true,5.13,6.62,-0.95,false,false,true,8.59,6.62,0.54
508,2026-06-23 13:10:00,2026-06-23,13:10:00,7400,7398,7402,from_below,7397.3,7397.36,7405.13,7397.12,7401.67,-1.67,true,2.39,3.44,0.95,true,2.39,8.59,-3.64,true,2.39,8.59,0.14,false,false,true,17.57,8.59,13.56
509,2026-06-23 13:30:00,2026-06-23,13:30:00,7400,7398,7402,from_above,7403.64,7403.47,7405.16,7399.97,7405.06,5.06,true,8.34,0,3.54,true,8.34,1.22,0.54,true,8.34,14.35,-11.36,false,false,true,8.34,20.93,-20.68
510,2026-06-23 13:40:00,2026-06-23,13:40:00,7400,7398,7402,from_above,7403.54,7403.6,7404.38,7399.18,7399.86,-0.14,true,2.44,1.22,0.54,true,2.44,14.11,-13.65,true,2.44,17.57,-13.56,false,false,true,2.44,34.14,-34.02
511,2026-06-24 09:30:00,2026-06-24,09:30:00,7400,7398,7402,from_below,7365.45,7372.07,7398.62,7370.45,7397.36,2.64,true,9.99,1.85,7.43,true,28.59,1.85,16.23,true,28.59,5.05,16.99,true,true,true,31,5.05,1.98
512,2026-06-24 09:50:00,2026-06-24,09:50:00,7400,7398,7402,from_below,7383.77,7383.36,7405.05,7383.36,7401.2,-1.2,true,13.27,1.28,12.14,true,19.24,1.28,14.87,true,31,1.28,8.44,true,true,true,31,18.61,-12.7
513,2026-06-24 10:30:00,2026-06-24,10:30:00,7400,7398,7402,from_below,7393.14,7393.56,7400.73,7393.4,7398.02,1.98,true,9.32,0,9.32,true,9.46,17.36,-11.06,true,9.46,27.4,-21.61,false,false,true,9.46,28.06,-21.21
514,2026-06-24 12:35:00,2026-06-24,12:35:00,7400,7398,7402,from_above,7404.82,7404.75,7407.79,7393.75,7393.84,-6.16,true,0,11.75,-8.46,true,0,13.25,-13.25,true,0,24.75,-22.12,false,false,true,0,58.29,-46.66
515,2026-06-24 13:25:00,2026-06-24,13:25:00,7350,7348,7352,from_above,7359.77,7359.72,7360.39,7349.53,7350.27,0.27,true,4.63,8.29,1.62,true,7.38,8.29,-2.35,true,8.98,8.29,-3.12,true,false,true,24.25,8.29,21.23
516,2026-06-24 14:45:00,2026-06-24,14:45:00,7350,7348,7352,from_above,7360.38,7360.42,7360.42,7342.85,7345.92,-4.08,true,0,9.16,-1.18,true,6.6,9.16,3.99,true,6.6,13.18,-6.18,false,false,true,6.6,13.18,-1.17
517,2026-06-24 15:25:00,2026-06-24,15:25:00,7350,7348,7352,from_below,7346.62,7346.66,7351,7346.36,7348.05,1.95,true,6.3,0.11,5.03,true,12.32,0.11,6.82,true,12.32,8.75,-7.61,true,true,false,12.32,8.75,
518,2026-06-24 15:40:00,2026-06-24,15:40:00,7350,7348,7352,from_below,7345.65,7346.1,7348.95,7337.68,7343.18,6.82,true,7.35,0.07,1.17,true,7.35,8.75,-7.61,false,7.35,8.75,,,,false,7.35,8.75,
519,2026-06-25 09:30:00,2026-06-25,09:30:00,7400,7398,7402,from_below,7358.21,7413.6,7419.08,7396.25,7399.21,0.79,true,3.81,7.2,3.72,true,56.15,7.2,43.26,true,76.5,7.2,40.42,true,true,true,76.5,7.2,8.32
520,2026-06-25 09:45:00,2026-06-25,09:45:00,7350,7348,7352,from_above,7370.56,7370.34,7375.79,7343.85,7356.74,6.74,true,13.73,17.78,-15.98,true,13.73,26.5,9.58,true,36.25,26.5,33.03,true,true,true,48.92,26.5,40.98
521,2026-06-25 10:00:00,2026-06-25,10:00:00,7350,7348,7352,from_below,7325.83,7325.63,7362.89,7325.63,7359.58,-9.58,true,0,28.09,-26.42,true,0,36.25,-33.03,true,0,48.92,-41.68,false,false,true,0,56.16,-39.85
522,2026-06-25 10:30:00,2026-06-25,10:30:00,7400,7398,7402,from_below,7382.92,7382.79,7398.92,7381.94,7391.68,8.32,true,15.8,0,5.4,true,24.3,0,9.02,true,24.3,6.16,10.15,true,true,true,53.23,6.16,29.42
523,2026-06-25 10:50:00,2026-06-25,10:50:00,7400,7398,7402,from_below,7390.98,7390.37,7406.16,7388.73,7405.82,-5.82,true,20.43,5.87,20.09,true,26.43,5.87,24.12,true,53.23,5.87,26.68,true,true,true,53.23,5.87,26.08
524,2026-06-25 11:15:00,2026-06-25,11:15:00,7350,7348,7352,from_above,7357.34,7357.56,7366.2,7346.77,7364.66,14.66,true,25.9,0,23.32,true,32.33,0,20.58,true,35.75,0,23,true,true,true,39.95,0,32.99
525,2026-06-25 12:40:00,2026-06-25,12:40:00,7350,7348,7352,from_above,7356.08,7356.01,7357,7349.17,7350.2,0.2,true,7.06,6.71,6.11,true,8.29,6.71,3.3,true,15.11,6.71,10.48,true,true,true,19.82,6.71,4.17
526,2026-06-25 13:05:00,2026-06-25,13:05:00,7350,7348,7352,from_above,7353.56,7353.42,7356.09,7350.01,7354.9,4.9,true,15.11,0,10.48,true,19.82,0,7.65,true,19.82,0,10.87,true,true,true,19.82,7.1,12.23
527,2026-06-25 13:20:00,2026-06-25,13:20:00,7350,7348,7352,from_above,7353.94,7353.8,7358.6,7350.07,7357.65,7.65,true,14.42,0,10.65,true,14.42,0,10.87,true,15.07,5.3,3.65,true,true,true,31.1,7.1,27.96
528,2026-06-25 13:45:00,2026-06-25,13:45:00,7350,7348,7352,from_above,7354.17,7354.2,7354.34,7344.97,7346.66,-3.34,true,5.63,5.3,3.65,true,13.39,7.1,-2.29,true,31.1,7.1,26.72,true,true,true,38.27,7.1,13.91
529,2026-06-25 15:10:00,2026-06-25,15:10:00,7350,7348,7352,from_above,7358.9,7358.78,7359.71,7351.25,7352.29,2.29,true,3.82,3.15,0.31,true,6.62,3.15,2.53,true,6.62,5.18,-2.4,true,false,false,9.94,8.32,
530,2026-06-25 15:50:00,2026-06-25,15:50:00,7350,7348,7352,from_below,7344.71,7345.02,7354.09,7341.84,7353.14,-3.14,true,2.66,7.16,-7.16,false,2.66,9.94,,false,2.66,9.94,,,,false,2.66,9.94,
531,2026-06-26 09:30:00,2026-06-26,09:30:00,7300,7298,7302,from_above,7357.48,7312.74,7320.55,7294.18,7303.88,3.88,true,17.11,0,8.62,true,24.93,0,14.79,true,50.36,0,48.94,true,true,true,69.91,0,61.09
532,2026-06-26 10:00:00,2026-06-26,10:00:00,7350,7348,7352,from_below,7335.26,7336.07,7350.36,7334.5,7348.94,1.06,true,1.21,8.82,-7.73,true,1.21,13.04,-3.58,true,1.21,19.91,-11.09,false,false,true,6.32,19.91,-4.76
533,2026-06-26 10:35:00,2026-06-26,10:35:00,7350,7348,7352,from_above,7361.09,7361.24,7361.63,7348.49,7349.06,-0.94,true,7.86,6.32,-1.33,true,11.55,6.32,2.05,true,11.55,6.32,7.97,true,true,true,36.85,6.32,35.55
534,2026-06-26 11:05:00,2026-06-26,11:05:00,7350,7348,7352,from_above,7354.76,7355.01,7358.79,7350.16,7357.97,7.97,true,9.06,2.76,-1.81,true,15.73,6.05,15.37,true,36.85,6.05,35.55,true,true,true,42.95,6.05,20.17
535,2026-06-26 14:45:00,2026-06-26,14:45:00,7350,7348,7352,from_above,7356.37,7356.21,7356.21,7345.28,7348.05,-1.95,true,0,5.99,-4.59,true,0,9.92,-7.27,true,7.32,9.92,5.55,false,false,true,16.01,9.92,8.19
536,2026-06-26 15:20:00,2026-06-26,15:20:00,7350,7348,7352,from_above,7355.55,7355.48,7356.53,7345.48,7350.24,0.24,true,2.45,1.21,-0.6,true,5.98,4.18,0.57,true,16.01,4.18,9.63,true,true,false,16.01,10.08,
537,2026-06-26 15:55:00,2026-06-26,15:55:00,7350,7348,7352,from_above,7359.63,7359.32,7363.97,7348.16,7349.59,-0.41,true,3.51,10.08,3.38,false,4.03,10.08,,false,4.03,10.08,,,,false,4.03,10.08,
538,2026-06-29 09:30:00,2026-06-29,09:30:00,7400,7398,7402,from_below,7354.03,7391.81,7417.32,7384.81,7416.36,-16.36,true,1.48,16.41,-9.23,true,1.48,27.2,-17.63,true,12.76,27.8,10.46,false,true,true,51.12,27.8,-4.17
539,2026-06-29 09:55:00,2026-06-29,09:55:00,7400,7398,7402,from_above,7418.65,7418.18,7419.24,7393.54,7397.31,-2.69,true,0,12.76,-10.46,true,0,44.56,-44.56,true,0,51.12,-9.39,false,false,true,12.13,51.12,7.83
540,2026-06-29 10:15:00,2026-06-29,10:15:00,7350,7348,7352,from_above,7355.44,7355.06,7366.78,7348.88,7365.27,15.27,true,24.11,0,20.45,true,55.65,0,54.17,true,56.78,0,46.46,true,true,true,62.13,0,48.98
541,2026-06-29 10:30:00,2026-06-29,10:30:00,7400,7398,7402,from_below,7390.61,7389.54,7405.65,7389.19,7404.17,-4.17,true,1.27,6.44,-0.34,true,11.59,6.78,3.54,true,11.59,12.13,-2.2,false,true,true,11.59,12.13,-5.58
542,2026-06-29 11:35:00,2026-06-29,11:35:00,7400,7398,7402,from_above,7405.58,7405.28,7409.51,7400.78,7408.54,8.54,true,12.88,0,12.71,true,12.88,0,9.18,true,19.63,0,16.24,true,true,true,19.63,0,12.98
543,2026-06-30 09:30:00,2026-06-30,09:30:00,7450,7448,7452,from_below,7440.44,7441.92,7449.74,7438.04,7442.05,7.95,true,9.07,0,7.32,true,9.73,0.97,1.18,true,9.73,23.07,-23.07,false,false,true,9.73,30.2,-30.2
544,2026-06-30 12:50:00,2026-06-30,12:50:00,7500,7498,7502,from_below,7496.48,7496.55,7498.87,7495.04,7498.1,1.9,true,5.3,0,4.06,true,5.3,0,2.72,true,6.33,0,4.64,true,false,true,10.28,0,7.19
545,2026-06-30 14:20:00,2026-06-30,14:20:00,7500,7498,7502,from_below,7497.71,7497.77,7499.12,7496.86,7496.93,3.07,true,5.23,0,4.24,true,6.13,0,4.88,true,6.13,2.65,0.85,true,false,true,6.13,8.29,-4.71
546,2026-06-30 14:40:00,2026-06-30,14:40:00,7500,7498,7502,from_below,7495.12,7495.2,7498.91,7495.16,7498.2,1.8,true,3.24,1.38,-1.26,true,3.24,2.65,0.16,true,3.24,5.56,-5.33,false,false,true,3.85,8.29,0.45
547,2026-06-30 15:25:00,2026-06-30,15:25:00,7500,7498,7502,from_above,7504.71,7504.7,7505.32,7501.91,7502.51,2.51,true,2.97,0.27,-0.22,true,2.97,3.85,-0.45,true,7.66,4.81,-3.7,true,false,false,7.66,4.81,
548,2026-07-01 09:30:00,2026-07-01,09:30:00,7450,7448,7452,from_above,7499.35,7477.24,7477.24,7450.13,7450.8,0.8,true,9.3,0.37,7.55,true,17.4,0.37,13.94,true,33.67,0.37,31.54,true,true,true,48.21,0.37,40.55
549,2026-07-01 10:25:00,2026-07-01,10:25:00,7500,7498,7502,from_below,7495.66,7495.73,7498.21,7494.62,7496.11,3.89,true,11.98,0,9.45,true,12.31,0,6.15,true,15.58,0,2.94,true,true,true,15.58,21.11,-20.63
550,2026-07-01 10:50:00,2026-07-01,10:50:00,7500,7498,7502,from_below,7491.9,7491.98,7498.67,7491.52,7495.28,4.72,true,9.28,0,2.94,true,9.28,7.76,-3.93,true,9.28,18.19,-15.96,false,false,true,9.28,21.11,-12.2
551,2026-07-01 11:00:00,2026-07-01,11:00:00,7500,7498,7502,from_below,7497.06,7496.49,7506.68,7496.37,7505.17,-5.17,true,0,7.76,-3.93,true,0,13.16,-12.37,true,0,21.11,-13.97,false,false,true,0,21.11,-15.57
552,2026-07-01 12:55:00,2026-07-01,12:55:00,7500,7498,7502,from_above,7509.04,7508.97,7509.34,7501.93,7503.23,3.23,true,7.02,0,2.44,true,7.02,1.7,5.65,true,11.81,1.7,6.7,true,true,true,11.81,1.7,-0.75
553,2026-07-01 13:45:00,2026-07-01,13:45:00,7500,7498,7502,from_above,7502.6,7502.39,7503.84,7500.41,7501.63,1.63,true,4.62,0,3.33,true,4.63,0.98,4.63,true,4.63,5.36,-0.45,false,false,true,4.63,5.53,-3.41
554,2026-07-01 15:00:00,2026-07-01,15:00:00,7500,7498,7502,from_below,7495.91,7495.94,7500.97,7495.54,7500.74,-0.74,true,0,4.82,-4.51,true,0.15,4.82,-1.84,true,3.34,4.82,0.52,false,false,true,20.7,4.82,16.75
555,2026-07-02 09:30:00,2026-07-02,09:30:00,7500,7498,7502,from_below,7483.22,7495.13,7515.52,7495.13,7514.34,-14.34,true,0,20.02,-14.36,true,0,35.89,-33.54,true,0,40.45,-35.74,false,false,true,0,40.75,-10
556,2026-07-02 10:40:00,2026-07-02,10:40:00,7500,7498,7502,from_above,7511.88,7511.89,7513.16,7490.89,7495.34,-4.66,true,4.04,9.74,-0.61,true,4.04,12.63,3.84,true,5.37,31.02,-12.17,false,false,true,5.37,31.02,-19.09
557,2026-07-02 12:35:00,2026-07-02,12:35:00,7450,7448,7452,from_above,7455.17,7455.16,7457.61,7448.81,7453.27,3.27,true,10.2,0,9.7,true,10.48,0,5.47,true,10.48,18.3,-8,false,true,true,10.48,18.3,-15.88
558,2026-07-02 12:55:00,2026-07-02,12:55:00,7450,7448,7452,from_above,7455.47,7455.44,7455.47,7445.26,7448.7,-1.3,true,0,16.65,-14.15,true,0,18.3,-5.8,true,0,18.3,-7.29,false,false,true,0,22.44,-20.69
559,2026-07-02 13:15:00,2026-07-02,13:15:00,7450,7448,7452,from_below,7444.2,7444.36,7448.54,7441.21,7441.38,8.62,true,9.95,0,9.32,true,11.14,0,8.54,true,20.78,0,16.78,true,true,true,22.45,5.78,5.95
560,2026-07-02 14:05:00,2026-07-02,14:05:00,7450,7448,7452,from_below,7436.37,7436.38,7451.6,7436.25,7451.6,-1.6,true,1.55,5.78,0.43,true,8.52,5.78,1.37,true,8.52,11.09,-8.35,false,false,true,9.28,12.57,4.04
561,2026-07-02 15:00:00,2026-07-02,15:00:00,7450,7448,7452,from_above,7456.81,7456.74,7458.47,7443.18,7443.34,-6.66,true,0,9.28,-4.04,true,0,9.28,-3.94,true,6.72,9.28,6.33,false,false,true,33.55,9.28,33.23
562,2026-07-02 15:10:00,2026-07-02,15:10:00,7450,7448,7452,from_below,7445.96,7445.81,7449.45,7442.83,7447.67,2.33,true,7.36,0,3.94,true,8.18,3.91,-0.42,true,8.18,10.98,-9.94,false,false,false,8.18,33.55,
563,2026-07-02 15:25:00,2026-07-02,15:25:00,7450,7448,7452,from_below,7443.35,7443.19,7453.91,7441.82,7450.42,-0.42,true,0.59,6.72,-6.33,true,0.59,10.98,-9.94,true,0.59,33.55,-27.62,false,false,false,0.59,33.55,
564,2026-07-06 09:35:00,2026-07-06,09:35:00,7500,7498,7502,from_above,7519.79,7519.57,7519.57,7500.97,7510.3,10.3,true,12.94,0,12.87,true,22.15,0,16.84,true,22.15,0,15.54,true,true,true,29.17,0,23.78
565,2026-07-06 15:00:00,2026-07-06,15:00:00,7550,7548,7552,from_below,7546.67,7546.8,7549,7544.53,7546.63,3.37,true,5.21,0,4.12,true,5.45,0,0.93,true,5.45,1.31,2.42,true,false,true,14.3,1.31,12.58
566,2026-07-06 15:15:00,2026-07-06,15:15:00,7550,7548,7552,from_below,7545.8,7545.78,7549.37,7544.55,7549.07,0.93,true,1.92,1.31,-0.84,true,3.12,1.31,2.42,true,5.02,1.31,3.42,true,false,false,14.3,1.31,
567,2026-07-06 15:45:00,2026-07-06,15:45:00,7550,7548,7552,from_below,7547.68,7547.68,7549.7,7546.5,7546.58,3.42,true,11.16,0,11.02,true,14.3,0,12.58,false,14.3,0,,,,false,14.3,0,
568,2026-07-07 10:10:00,2026-07-07,10:10:00,7500,7498,7502,from_above,7508.66,7508.94,7508.94,7497.04,7497.04,-2.96,true,1.32,8.92,0.79,true,3.02,13.29,-7.01,true,3.02,21.37,-16.6,false,false,true,3.02,21.37,-12.94
569,2026-07-07 11:45:00,2026-07-07,11:45:00,7500,7498,7502,from_below,7490.52,7490.74,7498.64,7490.74,7493.68,6.32,true,6.66,0,2.86,true,6.66,5.08,-3.34,true,6.66,8.63,-7.73,false,false,true,6.66,18.47,-18.29
570,2026-07-07 14:55:00,2026-07-07,14:55:00,7500,7498,7502,from_above,7503.7,7504.04,7505.94,7501.25,7501.69,1.69,true,2.94,4.61,-1.59,true,2.94,8.14,-5.53,true,2.94,13.02,-6.75,false,false,true,6.02,13.02,3.35
571,2026-07-07 15:30:00,2026-07-07,15:30:00,7500,7498,7502,from_below,7493.25,7493.48,7499.45,7493.48,7499.19,0.81,true,7.01,0,6.12,true,9.53,0,3.65,true,9.53,6.02,-3.84,true,false,false,9.53,6.02,
572,2026-07-07 15:50:00,2026-07-07,15:50:00,7500,7498,7502,from_below,7496.35,7496.49,7503.75,7496.49,7503.75,-3.75,true,0.89,6.02,-3.35,true,0.89,6.02,-3.84,false,0.89,6.02,,,,false,0.89,6.02,
573,2026-07-08 10:35:00,2026-07-08,10:35:00,7450,7448,7452,from_above,7459.64,7459.52,7459.52,7448.54,7448.54,-1.46,true,3.18,3.99,1.33,true,4.97,14.36,-1.33,true,4.97,14.36,-9.07,false,false,true,4.97,28.18,-17.53
574,2026-07-08 12:10:00,2026-07-08,12:10:00,7450,7448,7452,from_below,7443.01,7443.04,7449.85,7443.04,7449,1,true,3.54,3.14,-2.36,true,3.54,9.99,-7.81,true,3.54,17.93,-16.51,false,false,true,3.54,24.58,-19.8
575,2026-07-08 12:35:00,2026-07-08,12:35:00,7450,7448,7452,from_above,7457.47,7457.43,7461.63,7451.86,7458.65,8.65,true,17.93,0,16.51,true,22.98,0,21.02,true,24.58,0,20.02,true,true,true,37.42,0,30.21
576,2026-07-09 09:30:00,2026-07-09,09:30:00,7500,7498,7502,from_below,7482.7,7491.59,7500.84,7483.3,7500.34,-0.34,true,0.83,10.01,-7.75,true,0.83,14.89,-7.72,true,0.83,19.5,-13.8,false,false,true,18.26,19.5,-2.55
577,2026-07-09 10:10:00,2026-07-09,10:10:00,7500,7498,7502,from_above,7507.29,7506.97,7506.97,7499.79,7502.84,2.84,true,2.98,13.86,-11.65,true,8.36,18.26,6.33,true,11.18,18.26,5.77,false,true,true,22.87,18.26,19.22
578,2026-07-09 10:25:00,2026-07-09,10:25:00,7500,7498,7502,from_below,7495.23,7495.47,7508.36,7493.77,7506.33,-6.33,true,2.27,6.98,-2.55,true,2.27,11.18,-5.77,true,2.27,15.45,-13.7,false,false,true,2.27,26.81,-25.01
579,2026-07-09 10:50:00,2026-07-09,10:50:00,7500,7498,7502,from_above,7506.69,7506.71,7506.71,7499.38,7506.31,6.31,true,15.45,0,13.7,true,22.69,0,21.94,true,26.4,0,26.03,true,true,true,29.35,0,26.25
580,2026-07-10 09:30:00,2026-07-10,09:30:00,7550,7548,7552,from_below,7543.63,7547.63,7556.63,7547.31,7553.29,-3.29,true,0,9.33,-1.83,true,6.65,9.33,-6.86,true,6.65,9.95,-7.59,false,false,true,41.83,9.95,15.35
581,2026-07-10 10:05:00,2026-07-10,10:05:00,7550,7548,7552,from_above,7557.59,7557.76,7558.68,7551.57,7557.49,7.49,true,8.03,0,3.47,true,8.03,2.8,1.37,true,8.03,41.83,-7.01,false,false,true,8.03,41.83,-7.09
582,2026-07-10 10:15:00,2026-07-10,10:15:00,7550,7548,7552,from_above,7553.47,7553.21,7555.76,7549.85,7552.1,2.1,true,3.69,2.8,1.37,true,6.97,41.83,-15.35,true,6.97,41.83,-0.24,false,false,true,7.4,41.83,3.25
583,2026-07-10 10:40:00,2026-07-10,10:40:00,7550,7548,7552,from_below,7542.99,7543.22,7548.2,7539.9,7547.44,2.56,true,6.95,0.05,0.24,true,13.19,1.55,11.88,true,17.62,1.55,5.19,true,true,true,17.62,10.4,3.46
584,2026-07-10 11:15:00,2026-07-10,11:15:00,7550,7548,7552,from_below,7544.81,7544.85,7557.4,7544.85,7553.25,-3.25,true,0,6.69,-6.69,true,0,10.4,-6.4,true,9.39,10.4,-1.11,false,false,true,9.39,13.43,-12.02
585,2026-07-10 11:35:00,2026-07-10,11:35:00,7550,7548,7552,from_above,7556.4,7556.65,7556.85,7549.88,7550.19,0.19,true,1.3,9.39,-3.46,true,5.5,9.39,4.45,true,9.14,9.39,5.77,false,false,true,13.43,9.39,9.16
586,2026-07-13 09:30:00,2026-07-13,09:30:00,7550,7548,7552,from_above,7575.38,7547.52,7565.38,7547.52,7559.79,9.79,true,13.38,0,8.06,true,13.38,1.85,4.53,true,14.91,5.81,3.23,true,true,true,14.91,20.66,1.91
587,2026-07-13 09:40:00,2026-07-13,09:40:00,7550,7548,7552,from_above,7558.06,7557.89,7557.89,7550.25,7555.59,5.59,true,6.42,1.85,4.53,true,12.96,5.81,11.75,true,14.91,5.81,8.89,true,true,true,14.91,20.66,-8.75
588,2026-07-13 10:05:00,2026-07-13,10:05:00,7550,7548,7552,from_above,7553.23,7553.23,7555.29,7548.65,7553.42,3.42,true,9.65,0,8.89,true,9.82,20.66,3.7,true,9.82,20.66,-1.56,false,false,true,9.82,20.66,-1.7
589,2026-07-13 10:15:00,2026-07-13,10:15:00,7550,7548,7552,from_above,7558.89,7558.98,7559.82,7529.34,7543.81,-6.19,true,4.28,8.77,3.7,true,8.57,8.77,1.91,true,8.57,13.81,-0.01,false,false,true,8.57,13.81,-1.08
590,2026-07-14 10:30:00,2026-07-14,10:30:00,7550,7548,7552,from_below,7533.85,7533.71,7557.43,7531.71,7547.05,2.95,true,7.58,0,4.26,true,16.29,0,15.52,true,18.94,4.73,-0.52,true,true,true,18.94,6.76,3.38
591,2026-07-14 10:40:00,2026-07-14,10:40:00,7550,7548,7552,from_below,7545.74,7545.72,7548.48,7536.56,7538.04,11.96,true,16.29,0,15.52,true,18.94,0,6.95,true,18.94,6.76,-2.08,true,true,true,18.94,6.76,7.64
592,2026-07-14 11:00:00,2026-07-14,11:00:00,7550,7548,7552,from_below,7543.05,7543.11,7554.73,7538.91,7550.52,-0.52,true,1.24,6.76,-5.01,true,5.95,6.76,4,true,6.61,6.76,3.38,false,false,true,22.94,6.76,20.7
593,2026-07-14 13:10:00,2026-07-14,13:10:00,7550,7548,7552,from_below,7547.39,7547.41,7548.55,7544.77,7544.77,5.23,true,6.87,0,2.78,true,6.87,1.94,0.43,true,6.87,1.94,3.32,true,false,true,6.87,2.57,-2.32
594,2026-07-14 13:20:00,2026-07-14,13:20:00,7550,7548,7552,from_below,7547.22,7547.18,7551.94,7547.18,7550.98,-0.98,true,1.19,1.76,0.43,true,5.41,1.76,2.57,true,5.62,1.76,1.42,true,false,true,5.62,4.16,-0.53
595,2026-07-14 13:45:00,2026-07-14,13:45:00,7550,7548,7552,from_below,7546.68,7546.84,7548.69,7544.38,7547.36,2.64,true,2.73,0,1.42,true,4.3,0.77,-0.74,true,4.3,4.01,-2.29,true,false,true,4.91,4.16,3.69
596,2026-07-14 15:15:00,2026-07-14,15:15:00,7550,7548,7552,from_below,7547.17,7547.18,7548.8,7546.88,7547.66,2.34,true,2.73,0.56,-0.52,true,5.9,1.04,3.49,true,5.9,1.25,-1.16,true,false,false,6.64,1.25,
597,2026-07-14 15:35:00,2026-07-14,15:35:00,7550,7548,7552,from_below,7546.51,7546.48,7549.01,7544.88,7545.41,4.59,true,5.13,0,1.19,true,5.13,1.25,3.49,true,6.64,1.25,6.42,true,false,false,6.64,1.25,
598,2026-07-15 11:15:00,2026-07-15,11:15:00,7550,7548,7552,from_above,7556.88,7556.84,7558.8,7548.08,7558.22,8.22,true,8.5,0,4,true,14.55,0,11.17,true,14.55,0,4,true,true,true,14.55,15.07,-14.91
599,2026-07-15 11:50:00,2026-07-15,11:50:00,7550,7548,7552,from_above,7554,7554.06,7554.06,7549.08,7552.12,2.12,true,3.83,1.16,2.28,true,3.94,10.38,-5.06,true,3.94,20.55,-19.52,false,false,true,3.94,23.06,-9.99
600,2026-07-15 13:05:00,2026-07-15,13:05:00,7550,7548,7552,from_below,7544.51,7544.48,7549.9,7543.91,7546.45,3.55,true,6.67,0,6.61,true,6.85,1.45,-0.47,true,6.85,10.38,-9.75,false,false,true,6.85,22.16,-21.12
601,2026-07-15 13:15:00,2026-07-15,13:15:00,7550,7548,7552,from_below,7543.39,7543.52,7550.07,7543.15,7549.48,0.52,true,2.48,1.45,-0.47,true,2.48,7.64,-6.18,true,2.48,16.56,-16.08,false,false,true,2.48,23.14,-19.21
602,2026-07-16 09:30:00,2026-07-16,09:30:00,7550,7548,7552,from_above,7572.39,7558.79,7560.68,7544.67,7546.65,-3.35,true,0.82,9.29,-8.62,true,0.82,18.27,-14.8,true,4.52,18.27,2.97,false,false,true,20.73,18.27,18.06
603,2026-07-16 10:00:00,2026-07-16,10:00:00,7550,7548,7552,from_below,7545,7545.72,7554.52,7543.03,7552.97,-2.97,true,0,11.77,-10.32,true,0,15.17,-14.65,true,0,20.73,-18.06,false,false,true,0,20.73,-12.14
604,2026-07-16 12:05:00,2026-07-16,12:05:00,7550,7548,7552,from_above,7553.61,7553.57,7555.87,7549.16,7555.04,5.04,true,5.04,4.71,-4.24,true,5.04,9.17,-8.65,true,5.04,10.26,-5.61,false,false,true,5.24,10.26,2.38
605,2026-07-16 12:30:00,2026-07-16,12:30:00,7550,7548,7552,from_below,7544.39,7544.48,7550.83,7544.48,7547.35,2.65,true,5.65,0,5.61,true,7.54,0,4.3,true,7.54,5.24,-1.96,true,false,true,7.54,5.24,3.28
606,2026-07-16 12:50:00,2026-07-16,12:50:00,7550,7548,7552,from_below,7545.7,7545.97,7551.89,7544.57,7551.87,-1.87,true,0,5.24,-4.16,true,2.1,5.24,-2.38,true,3.59,5.24,3.01,false,false,true,14.01,5.24,8.79
607,2026-07-17 09:30:00,2026-07-17,09:30:00,7450,7448,7452,from_above,7533.76,7447.51,7448.47,7433.29,7433.62,-16.38,true,0,18.73,-12.1,true,5.86,18.73,4.9,true,32.47,18.73,27.55,true,true,true,48.44,18.73,35.65
608,2026-07-17 09:40:00,2026-07-17,09:40:00,7450,7448,7452,from_below,7437.9,7438.21,7449.81,7432.99,7434.07,15.93,true,15.95,5.86,-4.9,true,15.95,23.68,-23.1,true,15.95,42.3,-39.01,false,true,true,15.95,48.44,-34.18
609,2026-07-17 10:15:00,2026-07-17,10:15:00,7500,7498,7502,from_below,7489.01,7488.61,7498.44,7486.82,7491.51,8.49,true,12.6,0,6.08,true,18.96,0,14.35,true,21.15,0,17.5,true,true,true,34.96,0,29.85
610,2026-07-17 12:50:00,2026-07-17,12:50:00,7500,7498,7502,from_below,7494.17,7494.12,7498.46,7492.08,7495.02,4.98,true,12.35,0,11.2,true,12.35,0,4.26,true,14.03,0,11.33,true,true,true,26.59,0,24.71
611,2026-07-17 15:15:00,2026-07-17,15:15:00,7450,7448,7452,from_above,7452.45,7452.47,7454.46,7450.5,7454.25,4.25,true,4.25,1.36,-1.36,true,11.26,3.73,5.35,true,15.53,3.73,15.42,true,true,false,18.99,3.73,
612,2026-07-17 15:40:00,2026-07-17,15:40:00,7450,7448,7452,from_above,7453.85,7453.84,7461.49,7451.92,7460.36,10.36,true,15.53,0,15.42,true,18.99,0,7.77,false,18.99,0,,,,false,18.99,0,
613,2026-07-20 09:30:00,2026-07-20,09:30:00,7500,7498,7502,from_below,7457.68,7489.19,7506.18,7489.19,7505.59,-5.59,true,0,13.24,-6.9,true,0,13.24,-2.2,true,20.15,13.24,15.18,true,true,true,31.4,13.24,21.77
614,2026-07-20 09:45:00,2026-07-20,09:45:00,7500,7498,7502,from_above,7512.13,7512.22,7513.04,7501.71,7502.2,2.2,true,3.52,11.15,-9.16,true,3.52,20.15,-15.18,true,3.52,28.21,-25.62,false,false,true,3.52,31.4,-28.37
615,2026-07-20 14:40:00,2026-07-20,14:40:00,7450,7448,7452,from_above,7460.31,7460.33,7460.69,7450.79,7450.79,0.79,true,5.24,0.45,2.94,true,6.96,0.45,2.86,true,7.01,7.18,-7.18,false,false,true,8.52,9.46,4.68
616,2026-07-20 15:20:00,2026-07-20,15:20:00,7450,7448,7452,from_below,7444.29,7444.34,7449.27,7443.35,7448.36,1.64,true,6.29,3.58,-2.13,true,6.29,7.05,-4.24,true,6.29,8.52,3.27,false,false,false,8.67,8.52,
617,2026-07-20 15:45:00,2026-07-20,15:45:00,7450,7448,7452,from_above,7454.68,7454.71,7457.01,7451.73,7455.98,5.98,true,5.98,5.77,-3.27,true,5.98,8.67,-6.7,false,5.98,8.67,,,,false,5.98,8.67,
618,2026-07-21 11:10:00,2026-07-21,11:10:00,7500,7498,7502,from_below,7495.58,7495.7,7500.33,7495.29,7497.48,2.52,true,3.05,0.64,0.19,true,3.05,5.14,-4.71,true,3.05,5.14,-1.24,false,false,true,3.05,8.14,-7.39
619,2026-07-22 09:30:00,2026-07-22,09:30:00,7500,7498,7502,from_above,7509.19,7497.46,7500.81,7485.84,7497.79,-2.21,true,0.52,4.57,-1.02,true,6.26,4.57,2.82,true,15.3,4.57,15.22,true,true,true,19.21,4.57,-2.53
620,2026-07-22 10:20:00,2026-07-22,10:20:00,7500,7498,7502,from_above,7506.65,7506.81,7509.3,7499.53,7501.36,1.36,true,2.69,3.07,-1.01,true,3.35,3.76,-1.65,true,3.35,7.9,-0.61,false,false,true,18.75,7.9,18.38
621,2026-07-22 15:25:00,2026-07-22,15:25:00,7500,7498,7502,from_above,7503.58,7503.59,7505.88,7501.37,7504.83,4.83,true,5.04,0,1.67,true,5.04,1.72,2.38,true,7.2,1.72,-0.57,true,false,false,7.2,1.72,
622,2026-07-22 15:50:00,2026-07-22,15:50:00,7500,7498,7502,from_above,7504.53,7504.55,7507.2,7501.42,7503.05,3.05,true,6.69,0.67,-0.57,true,6.69,1.51,-1.05,false,6.69,1.51,,,,false,6.69,1.51,
623,2026-07-23 09:40:00,2026-07-23,09:40:00,7450,7448,7452,from_below,7439.08,7439.08,7450.11,7439.08,7443.62,6.38,true,22.69,0,21.76,true,31.16,0,28.6,true,35.94,0,28.48,true,true,true,39.43,0,37.06
624,2026-07-23 11:00:00,2026-07-23,11:00:00,7400,7398,7402,from_above,7407.03,7407.02,7408.02,7398.77,7400.03,0.03,true,0.51,6.61,-4.37,true,0.51,11.71,-4.08,true,0.51,24.01,-13.23,false,false,true,7.14,24.01,5.28
625,2026-07-23 11:20:00,2026-07-23,11:20:00,7400,7398,7402,from_below,7395.92,7395.93,7400.45,7383.91,7390.77,9.23,true,17.99,0,16.78,true,24.01,0,2.74,true,24.01,0,2.85,true,true,true,24.01,20.7,-19.53
626,2026-07-23 11:40:00,2026-07-23,11:40:00,7400,7398,7402,from_below,7397.26,7397.31,7399.77,7390.32,7390.63,9.37,true,12.43,0,7.43,true,12.43,2.34,-2.03,true,12.43,12.34,-10.61,true,true,true,12.43,21.32,-14.68
627,2026-07-23 11:55:00,2026-07-23,11:55:00,7400,7398,7402,from_below,7397.15,7397.08,7402.34,7395.62,7402.03,-2.03,true,0,7.14,-5.28,true,0.05,12.34,-10.61,true,0.05,20.7,-18.4,false,false,true,0.05,21.32,-10.6
628,2026-07-23 13:35:00,2026-07-23,13:35:00,7400,7398,7402,from_above,7405.77,7405.84,7405.96,7399.57,7400.19,0.19,true,2.55,2.61,1.8,true,6.97,2.61,2.14,true,6.97,7.91,-6.92,false,false,true,6.97,7.91,-6.32
629,2026-07-23 13:55:00,2026-07-23,13:55:00,7400,7398,7402,from_above,7402.14,7401.92,7401.92,7395.91,7396.25,-3.75,true,0,6.67,-5.99,true,0,7.91,-5.68,true,0,7.91,-1.72,false,false,true,0.66,9.73,-5.55
630,2026-07-23 14:20:00,2026-07-23,14:20:00,7400,7398,7402,from_below,7393.91,7393.88,7398.41,7393.81,7398.29,1.71,true,5.31,0,1.72,true,7.04,0.66,6.32,true,9.73,0.66,9.01,true,false,true,11.09,0.66,0.24
631,2026-07-23 14:45:00,2026-07-23,14:45:00,7400,7398,7402,from_below,7392.48,7392.64,7398.31,7392.64,7396.55,3.45,true,9.01,0,9.01,true,9.48,0,8.01,true,11.09,0,6.66,true,true,true,18.36,2.55,16.51
632,2026-07-23 15:20:00,2026-07-23,15:20:00,7400,7398,7402,from_below,7393.34,7393.47,7399.76,7393.45,7399.76,0.24,true,2.75,2.55,1.16,true,9.3,2.55,6.78,true,18.36,2.55,9.63,true,true,false,18.36,10.05,
633,2026-07-23 15:55:00,2026-07-23,15:55:00,7400,7398,7402,from_below,7390.37,7390.59,7410.05,7390.59,7408.17,-8.17,true,0,8.3,-8.28,false,0,8.31,,false,0,8.31,,,,false,0,8.31,
634,2026-07-24 09:50:00,2026-07-24,09:50:00,7400,7398,7402,from_above,7421.85,7421.65,7421.65,7400.6,7401.27,1.27,true,5.81,2.14,-0.48,true,17.85,2.43,17.45,true,22.16,2.43,18.43,true,true,true,22.16,2.43,13.16
635,2026-07-24 10:40:00,2026-07-24,10:40:00,7400,7398,7402,from_above,7403.6,7403.57,7406.34,7401.78,7402.21,2.21,true,8.48,2.42,8.15,true,30.01,2.42,29.68,true,44.58,2.42,42.8,true,true,true,56.57,2.42,46.62
636,2026-07-24 11:15:00,2026-07-24,11:15:00,7450,7448,7452,from_below,7442.8,7442.56,7453.23,7437.88,7438.21,11.79,true,12.21,0,2.57,true,12.21,4.52,5.25,true,12.21,6.57,5.56,true,true,true,12.21,10.97,-5.4
637,2026-07-24 12:30:00,2026-07-24,12:30:00,7450,7448,7452,from_above,7455.57,7455.55,7455.65,7448.17,7449.13,-0.87,true,1.14,3.62,-3.43,true,1.14,15.81,-14.18,true,1.14,18,-14.34,false,false,true,1.14,22.94,-4.53
638,2026-07-24 14:40:00,2026-07-24,14:40:00,7400,7398,7402,from_above,7406.27,7406.28,7406.28,7400.13,7402.12,2.12,true,10.29,0,6.59,true,10.29,0,7.45,true,12.02,1.6,-0.67,true,true,true,12.02,3.48,5.76
639,2026-07-24 15:05:00,2026-07-24,15:05:00,7400,7398,7402,from_above,7406.16,7406.09,7409.8,7399.04,7399.56,-0.44,true,5.05,1.6,-0.67,true,5.05,3.14,-2.39,true,9.46,3.48,4.1,true,false,true,14.05,3.48,11.97
640,2026-07-24 15:40:00,2026-07-24,15:40:00,7400,7398,7402,from_above,7404.1,7404.3,7406.44,7401.45,7405.76,5.76,true,7.42,0,6.47,true,14.05,0.47,12.87,false,14.05,0.47,,,,false,14.05,0.47,
641,2026-07-27 09:55:00,2026-07-27,09:55:00,7450,7448,7452,from_above,7459.49,7459.39,7459.51,7441.19,7441.19,-8.81,true,0,13.04,-9.11,true,0,21.11,-16.51,true,0,44.49,-43.86,false,false,true,0,61.66,-34.04
642,2026-07-27 10:30:00,2026-07-27,10:30:00,7400,7398,7402,from_above,7406.14,7406.28,7408.56,7400.63,7403.24,3.24,true,6.26,4.91,3.83,true,6.26,11.66,3.54,false,16.28,11.66,,,,false,16.28,11.66,
