timestamp_et,session_date_et,session_time_et,open,high,low,close,volume,touched_dynamite_zone,touched_levels,first_touch_event,first_touch_levels,approach_directions
2026-02-02 09:30:00,2026-02-02,09:30:00,6916.64,6934.36,6916.64,6932.99,131433941,false,,false,,
2026-02-02 09:35:00,2026-02-02,09:35:00,6933.24,6944.05,6930.52,6940.27,71162389,false,,false,,
2026-02-02 09:40:00,2026-02-02,09:40:00,6940.52,6950.33,6937.14,6948.27,56788080,true,6950,true,6950,6950:from_below
2026-02-02 09:45:00,2026-02-02,09:45:00,6948.54,6951.26,6945.76,6949.99,54416630,true,6950,false,,
2026-02-02 09:50:00,2026-02-02,09:50:00,6950.28,6960.31,6950.28,6956.41,46653300,true,6950,false,,
2026-02-02 09:55:00,2026-02-02,09:55:00,6956.38,6958.08,6944.86,6949.29,45352100,true,6950,false,,
2026-02-02 10:00:00,2026-02-02,10:00:00,6948.76,6959.46,6946.7,6959.45,48456570,true,6950,false,,
2026-02-02 10:05:00,2026-02-02,10:05:00,6960.22,6968.6,6959.86,6968.18,46928010,false,,false,,
2026-02-02 10:10:00,2026-02-02,10:10:00,6968.28,6975.23,6966.12,6974.71,44150230,false,,false,,
2026-02-02 10:15:00,2026-02-02,10:15:00,6974.79,6978.58,6971.03,6978.06,46079570,false,,false,,
2026-02-02 10:20:00,2026-02-02,10:20:00,6978.1,6979.6,6974.25,6975.21,40354130,false,,false,,
2026-02-02 10:25:00,2026-02-02,10:25:00,6975.32,6976.83,6968.96,6970.37,41212340,false,,false,,
2026-02-02 10:30:00,2026-02-02,10:30:00,6970.32,6974.89,6967.99,6974.07,38403540,false,,false,,
2026-02-02 10:35:00,2026-02-02,10:35:00,6974.3,6980.82,6973.74,6980.25,37073930,false,,false,,
2026-02-02 10:40:00,2026-02-02,10:40:00,6980.28,6980.58,6971.75,6974.08,38220390,false,,false,,
2026-02-02 10:45:00,2026-02-02,10:45:00,6973.95,6974.07,6970.07,6970.18,32929130,false,,false,,
2026-02-02 10:50:00,2026-02-02,10:50:00,6969.89,6974.88,6968.02,6972.82,35386340,false,,false,,
2026-02-02 10:55:00,2026-02-02,10:55:00,6972.72,6973.11,6966.03,6969.78,36667890,false,,false,,
2026-02-02 11:00:00,2026-02-02,11:00:00,6969.87,6970.66,6964.53,6965.07,33125080,false,,false,,
2026-02-02 11:05:00,2026-02-02,11:05:00,6965.16,6970.52,6962.1,6970.16,31596740,false,,false,,
2026-02-02 11:10:00,2026-02-02,11:10:00,6970.29,6973.54,6969.7,6973.18,29526250,false,,false,,
2026-02-02 11:15:00,2026-02-02,11:15:00,6973.22,6977.1,6972.18,6975.51,31357250,false,,false,,
2026-02-02 11:20:00,2026-02-02,11:20:00,6975.43,6978.9,6974.54,6977.26,32383410,false,,false,,
2026-02-02 11:25:00,2026-02-02,11:25:00,6977.23,6978.47,6973.38,6978.24,36955980,false,,false,,
2026-02-02 11:30:00,2026-02-02,11:30:00,6978.15,6978.15,6973.67,6977.2,31292180,false,,false,,
2026-02-02 11:35:00,2026-02-02,11:35:00,6977.17,6978.34,6974.94,6975.08,26532470,false,,false,,
2026-02-02 11:40:00,2026-02-02,11:40:00,6975.14,6975.33,6971.63,6973.73,26036390,false,,false,,
2026-02-02 11:45:00,2026-02-02,11:45:00,6973.81,6973.94,6967.84,6971.44,23930920,false,,false,,
2026-02-02 11:50:00,2026-02-02,11:50:00,6971.51,6975.48,6970.01,6975.21,25315180,false,,false,,
2026-02-02 11:55:00,2026-02-02,11:55:00,6975.13,6980.57,6975.01,6979.78,25611750,false,,false,,
2026-02-02 12:00:00,2026-02-02,12:00:00,6979.83,6985.82,6979.01,6985.82,27491640,false,,false,,
2026-02-02 12:05:00,2026-02-02,12:05:00,6985.74,6986.22,6983.21,6986.15,26298610,false,,false,,
2026-02-02 12:10:00,2026-02-02,12:10:00,6986.18,6987.82,6984.85,6984.93,23897290,false,,false,,
2026-02-02 12:15:00,2026-02-02,12:15:00,6984.96,6986.59,6983.38,6986.37,25083230,false,,false,,
2026-02-02 12:20:00,2026-02-02,12:20:00,6986.19,6986.26,6982.36,6984.23,25335320,false,,false,,
2026-02-02 12:25:00,2026-02-02,12:25:00,6984.28,6985.4,6983,6985.26,22888570,false,,false,,
2026-02-02 12:30:00,2026-02-02,12:30:00,6985.31,6988.1,6984.77,6987.2,25293130,false,,false,,
2026-02-02 12:35:00,2026-02-02,12:35:00,6987.21,6988.61,6984.73,6986.36,23218720,false,,false,,
2026-02-02 12:40:00,2026-02-02,12:40:00,6986.45,6986.59,6983.39,6985.77,20588090,false,,false,,
2026-02-02 12:45:00,2026-02-02,12:45:00,6985.69,6986.98,6985.29,6986.87,21981680,false,,false,,
2026-02-02 12:50:00,2026-02-02,12:50:00,6986.92,6990.28,6985.6,6989.95,21043720,false,,false,,
2026-02-02 12:55:00,2026-02-02,12:55:00,6989.92,6991.92,6986.68,6986.92,22695190,false,,false,,
2026-02-02 13:00:00,2026-02-02,13:00:00,6986.96,6990.1,6986.96,6989.21,21916660,false,,false,,
2026-02-02 13:05:00,2026-02-02,13:05:00,6989.3,6989.52,6987.07,6987.91,23949640,false,,false,,
2026-02-02 13:10:00,2026-02-02,13:10:00,6988,6988.22,6985.09,6985.25,21702690,false,,false,,
2026-02-02 13:15:00,2026-02-02,13:15:00,6985.23,6985.52,6982.63,6983.42,24195980,false,,false,,
2026-02-02 13:20:00,2026-02-02,13:20:00,6983.37,6984.1,6979.86,6983.81,24032890,false,,false,,
2026-02-02 13:25:00,2026-02-02,13:25:00,6983.63,6984.88,6982.48,6983.62,21543070,false,,false,,
2026-02-02 13:30:00,2026-02-02,13:30:00,6983.52,6984.72,6983.08,6983.6,21647610,false,,false,,
2026-02-02 13:35:00,2026-02-02,13:35:00,6983.52,6985.77,6983.42,6983.62,22483920,false,,false,,
2026-02-02 13:40:00,2026-02-02,13:40:00,6983.72,6987.61,6983.3,6987.09,23857240,false,,false,,
2026-02-02 13:45:00,2026-02-02,13:45:00,6987.03,6989.89,6987.01,6989.33,24492080,false,,false,,
2026-02-02 13:50:00,2026-02-02,13:50:00,6989.27,6989.28,6987.57,6988.12,24440380,false,,false,,
2026-02-02 13:55:00,2026-02-02,13:55:00,6988.16,6989.37,6987.09,6987.55,25887570,false,,false,,
2026-02-02 14:00:00,2026-02-02,14:00:00,6987.37,6989.77,6986.08,6989.63,33086870,false,,false,,
2026-02-02 14:05:00,2026-02-02,14:05:00,6989.35,6990.38,6988.96,6989.78,24885720,false,,false,,
2026-02-02 14:10:00,2026-02-02,14:10:00,6989.91,6991.54,6989.84,6990.55,22020320,false,,false,,
2026-02-02 14:15:00,2026-02-02,14:15:00,6990.43,6991.37,6989.48,6990.13,24384390,false,,false,,
2026-02-02 14:20:00,2026-02-02,14:20:00,6990.2,6991.21,6989.19,6990.3,21436700,false,,false,,
2026-02-02 14:25:00,2026-02-02,14:25:00,6990.3,6991.15,6988.89,6990.75,29010730,false,,false,,
2026-02-02 14:30:00,2026-02-02,14:30:00,6990.72,6990.72,6985.74,6987.49,34230460,false,,false,,
2026-02-02 14:35:00,2026-02-02,14:35:00,6987.54,6987.61,6985.09,6985.21,25379830,false,,false,,
2026-02-02 14:40:00,2026-02-02,14:40:00,6985.22,6987.92,6984.49,6987.71,24565510,false,,false,,
2026-02-02 14:45:00,2026-02-02,14:45:00,6987.87,6989.43,6986.14,6986.14,30069600,false,,false,,
2026-02-02 14:50:00,2026-02-02,14:50:00,6986.21,6986.68,6983.89,6985.27,26626830,false,,false,,
2026-02-02 14:55:00,2026-02-02,14:55:00,6985.32,6990.19,6975.65,6975.81,51954080,false,,false,,
2026-02-02 15:00:00,2026-02-02,15:00:00,6976.7,6984.81,6972.7,6983.01,53048380,false,,false,,
2026-02-02 15:05:00,2026-02-02,15:05:00,6982.82,6987.03,6982.39,6985.53,34125060,false,,false,,
2026-02-02 15:10:00,2026-02-02,15:10:00,6985.48,6987.08,6980.44,6980.44,32902980,false,,false,,
2026-02-02 15:15:00,2026-02-02,15:15:00,6980.36,6982.83,6977.49,6981.32,32895780,false,,false,,
2026-02-02 15:20:00,2026-02-02,15:20:00,6981.24,6984.63,6980.88,6984.37,34419430,false,,false,,
2026-02-02 15:25:00,2026-02-02,15:25:00,6984.47,6984.47,6979.22,6980.07,37864960,false,,false,,
2026-02-02 15:30:00,2026-02-02,15:30:00,6979.58,6981.73,6978.91,6978.93,44342790,false,,false,,
2026-02-02 15:35:00,2026-02-02,15:35:00,6978.94,6979.46,6976.32,6976.98,42975120,false,,false,,
2026-02-02 15:40:00,2026-02-02,15:40:00,6976.97,6977.82,6974.53,6975.69,48400980,false,,false,,
2026-02-02 15:45:00,2026-02-02,15:45:00,6975.56,6980,6974.93,6978.37,55775670,false,,false,,
2026-02-02 15:50:00,2026-02-02,15:50:00,6978.7,6979.4,6973.31,6976.3,97043410,false,,false,,
2026-02-02 15:55:00,2026-02-02,15:55:00,6976.3,6979.27,6976.19,6976.29,211746900,false,,false,,
2026-02-02 16:00:00,2026-02-02,16:00:00,6976.79,6976.9,6976.45,6976.45,561063100,false,,false,,
2026-02-03 09:30:00,2026-02-03,09:30:00,6985.58,6993.08,6978.83,6983.79,116662432,false,,false,,
2026-02-03 09:35:00,2026-02-03,09:35:00,6983.78,6987,6976.17,6978.97,82576330,false,,false,,
2026-02-03 09:40:00,2026-02-03,09:40:00,6979.09,6984.48,6970.73,6973.99,79674120,false,,false,,
2026-02-03 09:45:00,2026-02-03,09:45:00,6973.76,6983.03,6972.64,6982.36,66589400,false,,false,,
2026-02-03 09:50:00,2026-02-03,09:50:00,6982.82,6982.82,6972.25,6972.25,59349820,false,,false,,
2026-02-03 09:55:00,2026-02-03,09:55:00,6971.37,6972.07,6954.71,6955.95,68702710,false,,false,,
2026-02-03 10:00:00,2026-02-03,10:00:00,6955.91,6958.33,6943.03,6951.22,67691270,true,6950,true,6950,6950:from_above
2026-02-03 10:05:00,2026-02-03,10:05:00,6950.69,6954.86,6942.06,6951.25,61563770,true,6950,false,,
2026-02-03 10:10:00,2026-02-03,10:10:00,6951.59,6952.04,6938.24,6941.09,58435220,true,6950,false,,
2026-02-03 10:15:00,2026-02-03,10:15:00,6941.36,6949.62,6940.21,6945.77,56279180,true,6950,false,,
2026-02-03 10:20:00,2026-02-03,10:20:00,6945.75,6950.71,6931.3,6931.49,60302750,true,6950,false,,
2026-02-03 10:25:00,2026-02-03,10:25:00,6931.43,6946.99,6930.65,6944.17,57620340,false,,false,,
2026-02-03 10:30:00,2026-02-03,10:30:00,6944.27,6947.55,6937.63,6938.78,53986730,false,,false,,
2026-02-03 10:35:00,2026-02-03,10:35:00,6938.38,6942.27,6932.51,6942.22,45141690,false,,false,,
2026-02-03 10:40:00,2026-02-03,10:40:00,6942.29,6943.81,6935.46,6935.74,41743080,false,,false,,
2026-02-03 10:45:00,2026-02-03,10:45:00,6935.54,6949.02,6931.56,6949.02,46457580,true,6950,true,6950,6950:from_below
2026-02-03 10:50:00,2026-02-03,10:50:00,6949.28,6954.6,6942.84,6951.43,47162770,true,6950,false,,
2026-02-03 10:55:00,2026-02-03,10:55:00,6951.13,6956.88,6950.93,6953.46,47235990,true,6950,false,,
2026-02-03 11:00:00,2026-02-03,11:00:00,6953.39,6953.64,6944.92,6945.04,44100160,true,6950,false,,
2026-02-03 11:05:00,2026-02-03,11:05:00,6944.98,6948.51,6943.5,6943.56,41457090,true,6950,false,,
2026-02-03 11:10:00,2026-02-03,11:10:00,6943.73,6948.55,6940.83,6942.62,42259270,true,6950,false,,
2026-02-03 11:15:00,2026-02-03,11:15:00,6942.6,6945.82,6939.58,6940.93,37806430,false,,false,,
2026-02-03 11:20:00,2026-02-03,11:20:00,6941.04,6942.09,6930.44,6931.18,39659260,false,,false,,
2026-02-03 11:25:00,2026-02-03,11:25:00,6931.18,6938.15,6929.47,6929.94,38690190,false,,false,,
2026-02-03 11:30:00,2026-02-03,11:30:00,6930.29,6933.61,6926.88,6933.2,43866770,false,,false,,
2026-02-03 11:35:00,2026-02-03,11:35:00,6933.12,6936.2,6928.33,6930.55,37397160,false,,false,,
2026-02-03 11:40:00,2026-02-03,11:40:00,6931.14,6933.39,6929.32,6931.85,34950410,false,,false,,
2026-02-03 11:45:00,2026-02-03,11:45:00,6931.83,6936.13,6928.58,6932.74,35532790,false,,false,,
2026-02-03 11:50:00,2026-02-03,11:50:00,6933.14,6933.14,6924.76,6929.55,36756530,false,,false,,
2026-02-03 11:55:00,2026-02-03,11:55:00,6929.51,6931.84,6927.85,6928.04,32531040,false,,false,,
2026-02-03 12:00:00,2026-02-03,12:00:00,6928.13,6928.87,6925.19,6926.82,34614710,false,,false,,
2026-02-03 12:05:00,2026-02-03,12:05:00,6926.74,6927.26,6922.2,6927.11,30500380,false,,false,,
2026-02-03 12:10:00,2026-02-03,12:10:00,6927.18,6928.41,6909.1,6913.54,50063910,false,,false,,
2026-02-03 12:15:00,2026-02-03,12:15:00,6913.47,6920.45,6912.12,6915.39,38733080,false,,false,,
2026-02-03 12:20:00,2026-02-03,12:20:00,6915.25,6921.07,6911.97,6919.85,39747350,false,,false,,
2026-02-03 12:25:00,2026-02-03,12:25:00,6919.91,6922.75,6910.24,6910.26,35199730,false,,false,,
2026-02-03 12:30:00,2026-02-03,12:30:00,6910.25,6910.83,6903.44,6903.56,35633760,false,,false,,
2026-02-03 12:35:00,2026-02-03,12:35:00,6903.32,6905.63,6901.18,6902.35,37897630,true,6900,true,6900,6900:from_above
2026-02-03 12:40:00,2026-02-03,12:40:00,6902.48,6902.48,6895.73,6897.9,36448510,true,6900,false,,
2026-02-03 12:45:00,2026-02-03,12:45:00,6897.97,6904.32,6896.12,6902.79,37248230,true,6900,false,,
2026-02-03 12:50:00,2026-02-03,12:50:00,6902.61,6908.96,6896.95,6900.21,38282360,true,6900,false,,
2026-02-03 12:55:00,2026-02-03,12:55:00,6900.51,6902.38,6898.19,6898.31,37694280,true,6900,false,,
2026-02-03 13:00:00,2026-02-03,13:00:00,6898.64,6901.85,6896.31,6896.46,40000590,true,6900,false,,
2026-02-03 13:05:00,2026-02-03,13:05:00,6896.57,6906.67,6895.81,6901.53,40051810,true,6900,false,,
2026-02-03 13:10:00,2026-02-03,13:10:00,6901.64,6901.64,6886.15,6889.14,40672810,true,6900,false,,
2026-02-03 13:15:00,2026-02-03,13:15:00,6889.05,6893.87,6887.43,6893.87,35296770,false,,false,,
2026-02-03 13:20:00,2026-02-03,13:20:00,6893.99,6894.77,6888.47,6888.87,31008210,false,,false,,
2026-02-03 13:25:00,2026-02-03,13:25:00,6888.69,6889.6,6884.14,6885.55,39921730,false,,false,,
2026-02-03 13:30:00,2026-02-03,13:30:00,6885.65,6885.69,6878.85,6881.94,37152100,false,,false,,
2026-02-03 13:35:00,2026-02-03,13:35:00,6881.85,6885.55,6879.87,6885.55,31169510,false,,false,,
2026-02-03 13:40:00,2026-02-03,13:40:00,6885.66,6885.66,6878.94,6879.66,29489890,false,,false,,
2026-02-03 13:45:00,2026-02-03,13:45:00,6879.6,6880.18,6875.73,6878.8,33162790,false,,false,,
2026-02-03 13:50:00,2026-02-03,13:50:00,6878.79,6878.79,6875.35,6875.74,29889320,false,,false,,
2026-02-03 13:55:00,2026-02-03,13:55:00,6875.85,6881.47,6869.9,6869.98,45105510,false,,false,,
2026-02-03 14:00:00,2026-02-03,14:00:00,6869.76,6873.5,6865.3,6866.78,42265740,false,,false,,
2026-02-03 14:05:00,2026-02-03,14:05:00,6867.03,6868.97,6862.05,6863.84,33200860,false,,false,,
2026-02-03 14:10:00,2026-02-03,14:10:00,6863.83,6885.98,6863.57,6885.98,41326120,false,,false,,
2026-02-03 14:15:00,2026-02-03,14:15:00,6885.97,6891.26,6883.98,6889.92,38913300,false,,false,,
2026-02-03 14:20:00,2026-02-03,14:20:00,6889.79,6893.97,6888.66,6888.83,38484800,false,,false,,
2026-02-03 14:25:00,2026-02-03,14:25:00,6888.91,6890.25,6879.63,6882.82,49154000,false,,false,,
2026-02-03 14:30:00,2026-02-03,14:30:00,6883.38,6889.15,6879.78,6881.17,44635100,false,,false,,
2026-02-03 14:35:00,2026-02-03,14:35:00,6881.14,6886.88,6880.52,6885.17,31776100,false,,false,,
2026-02-03 14:40:00,2026-02-03,14:40:00,6885.29,6888.87,6882.2,6882.96,35679600,false,,false,,
2026-02-03 14:45:00,2026-02-03,14:45:00,6883.01,6883.64,6877.47,6877.69,33787600,false,,false,,
2026-02-03 14:50:00,2026-02-03,14:50:00,6877.5,6881.99,6873.62,6881.66,42218400,false,,false,,
2026-02-03 14:55:00,2026-02-03,14:55:00,6881.73,6892.14,6881.73,6890.68,35734000,false,,false,,
2026-02-03 15:00:00,2026-02-03,15:00:00,6890.53,6891.9,6885.33,6885.71,34074400,false,,false,,
2026-02-03 15:05:00,2026-02-03,15:05:00,6885.58,6888.88,6884.89,6888.74,35603800,false,,false,,
2026-02-03 15:10:00,2026-02-03,15:10:00,6888.87,6892.37,6885.78,6892.37,38162200,false,,false,,
2026-02-03 15:15:00,2026-02-03,15:15:00,6892.53,6897.72,6888.3,6894.74,44534500,false,,false,,
2026-02-03 15:20:00,2026-02-03,15:20:00,6894.61,6896.5,6889.7,6896.23,42494100,false,,false,,
2026-02-03 15:25:00,2026-02-03,15:25:00,6896.42,6899.49,6896.37,6897.48,47137600,true,6900,true,6900,6900:from_below
2026-02-03 15:30:00,2026-02-03,15:30:00,6897.36,6910.45,6897.36,6910.07,52760600,true,6900,false,,
2026-02-03 15:35:00,2026-02-03,15:35:00,6910.12,6913.55,6907.88,6912.78,56721900,false,,false,,
2026-02-03 15:40:00,2026-02-03,15:40:00,6912.69,6912.69,6904.07,6907.19,56061500,false,,false,,
2026-02-03 15:45:00,2026-02-03,15:45:00,6907.32,6910.57,6906.25,6909.75,69705800,false,,false,,
2026-02-03 15:50:00,2026-02-03,15:50:00,6910.24,6915.86,6910.24,6915.19,110520600,false,,false,,
2026-02-03 15:55:00,2026-02-03,15:55:00,6915.48,6919.55,6914.7,6919.55,249998600,false,,false,,
2026-02-03 16:00:00,2026-02-03,16:00:00,6917.39,6917.82,6917.39,6917.82,522192700,false,,false,,
2026-02-04 09:30:00,2026-02-04,09:30:00,6924.5,6929.12,6911,6917.07,219115739,false,,false,,
2026-02-04 09:35:00,2026-02-04,09:35:00,6917.31,6932.7,6913.11,6928.66,95016041,false,,false,,
2026-02-04 09:40:00,2026-02-04,09:40:00,6928.89,6934.4,6920.95,6929.01,77732500,false,,false,,
2026-02-04 09:45:00,2026-02-04,09:45:00,6928.54,6936.09,6922.52,6932.89,78006090,false,,false,,
2026-02-04 09:50:00,2026-02-04,09:50:00,6932.6,6933.41,6911.43,6923.89,75287540,false,,false,,
2026-02-04 09:55:00,2026-02-04,09:55:00,6924.13,6924.87,6899.69,6902.28,67787220,true,6900,true,6900,6900:from_above
2026-02-04 10:00:00,2026-02-04,10:00:00,6902.78,6902.78,6886.09,6893.97,78944050,true,6900,false,,
2026-02-04 10:05:00,2026-02-04,10:05:00,6893.73,6913.28,6893.73,6911.91,79948090,true,6900,false,,
2026-02-04 10:10:00,2026-02-04,10:10:00,6911.82,6916.89,6906.19,6911.33,75334620,false,,false,,
2026-02-04 10:15:00,2026-02-04,10:15:00,6910.82,6914.72,6905.34,6907.75,71136920,false,,false,,
2026-02-04 10:20:00,2026-02-04,10:20:00,6908.08,6924.59,6907.82,6922.62,71247220,false,,false,,
2026-02-04 10:25:00,2026-02-04,10:25:00,6922.32,6930.01,6916.75,6921.17,59072420,false,,false,,
2026-02-04 10:30:00,2026-02-04,10:30:00,6921.27,6922.17,6904.33,6905.16,82269680,false,,false,,
2026-02-04 10:35:00,2026-02-04,10:35:00,6905.41,6922.44,6895.31,6911.52,74172960,true,6900,true,6900,6900:from_above
2026-02-04 10:40:00,2026-02-04,10:40:00,6910.99,6924.71,6908.51,6917.35,61334880,false,,false,,
2026-02-04 10:45:00,2026-02-04,10:45:00,6917.12,6918.94,6907.67,6908.9,49616100,false,,false,,
2026-02-04 10:50:00,2026-02-04,10:50:00,6909.01,6912.99,6905.73,6909.96,48184220,false,,false,,
2026-02-04 10:55:00,2026-02-04,10:55:00,6909.91,6914.12,6904.54,6906.47,52047500,false,,false,,
2026-02-04 11:00:00,2026-02-04,11:00:00,6907.58,6909.98,6891.78,6891.78,56201070,true,6900,true,6900,6900:from_above
2026-02-04 11:05:00,2026-02-04,11:05:00,6891.81,6897.82,6887.21,6888.72,51840450,false,,false,,
2026-02-04 11:10:00,2026-02-04,11:10:00,6889.26,6904.59,6887.57,6900.77,48348250,true,6900,true,6900,6900:from_below
2026-02-04 11:15:00,2026-02-04,11:15:00,6900.81,6903.76,6887.4,6888.94,48241130,true,6900,false,,
2026-02-04 11:20:00,2026-02-04,11:20:00,6889.22,6899.7,6885.78,6899.19,44470480,true,6900,false,,
2026-02-04 11:25:00,2026-02-04,11:25:00,6899.44,6905.99,6896.66,6905.37,44591130,true,6900,false,,
2026-02-04 11:30:00,2026-02-04,11:30:00,6904.9,6905.55,6893.07,6893.28,42677660,true,6900,false,,
2026-02-04 11:35:00,2026-02-04,11:35:00,6893.28,6896.29,6889.43,6889.72,43012980,false,,false,,
2026-02-04 11:40:00,2026-02-04,11:40:00,6889.71,6890.43,6875.23,6875.51,43462900,false,,false,,
2026-02-04 11:45:00,2026-02-04,11:45:00,6875.44,6876.13,6866.32,6869.09,48955070,false,,false,,
2026-02-04 11:50:00,2026-02-04,11:50:00,6869.22,6874.2,6864.83,6874.2,48614800,false,,false,,
2026-02-04 11:55:00,2026-02-04,11:55:00,6875.22,6888.85,6875.22,6887.7,43920430,false,,false,,
2026-02-04 12:00:00,2026-02-04,12:00:00,6887.59,6891.99,6884.69,6889.61,39007160,false,,false,,
2026-02-04 12:05:00,2026-02-04,12:05:00,6889.37,6891.49,6884.41,6886.02,35097800,false,,false,,
2026-02-04 12:10:00,2026-02-04,12:10:00,6885.96,6890.12,6880.34,6888.89,39858500,false,,false,,
2026-02-04 12:15:00,2026-02-04,12:15:00,6889.05,6890.71,6879,6879.13,36119350,false,,false,,
2026-02-04 12:20:00,2026-02-04,12:20:00,6879.14,6881.4,6875.48,6877,38919100,false,,false,,
2026-02-04 12:25:00,2026-02-04,12:25:00,6876.88,6877.48,6855.17,6857.91,60344560,false,,false,,
2026-02-04 12:30:00,2026-02-04,12:30:00,6858.03,6868.44,6854.68,6857.94,45637870,false,,false,,
2026-02-04 12:35:00,2026-02-04,12:35:00,6857.97,6857.97,6845.78,6845.97,41090870,true,6850,true,6850,6850:from_above
2026-02-04 12:40:00,2026-02-04,12:40:00,6845.56,6852.43,6841.65,6851.99,39470410,true,6850,false,,
2026-02-04 12:45:00,2026-02-04,12:45:00,6851.9,6853.46,6842.39,6844.11,43980430,true,6850,false,,
2026-02-04 12:50:00,2026-02-04,12:50:00,6844.37,6853.48,6838.8,6852.01,44040970,true,6850,false,,
2026-02-04 12:55:00,2026-02-04,12:55:00,6852.5,6859.85,6852.5,6858.32,40290570,false,,false,,
2026-02-04 13:00:00,2026-02-04,13:00:00,6858.37,6859.94,6848.2,6853.73,39852330,true,6850,true,6850,6850:from_above
2026-02-04 13:05:00,2026-02-04,13:05:00,6854.16,6861.32,6845.36,6845.46,41945920,true,6850,false,,
2026-02-04 13:10:00,2026-02-04,13:10:00,6845.19,6852.81,6845.07,6850.58,37410810,true,6850,false,,
2026-02-04 13:15:00,2026-02-04,13:15:00,6850.4,6852.7,6845.03,6846.24,35690180,true,6850,false,,
2026-02-04 13:20:00,2026-02-04,13:20:00,6846.25,6856.42,6845.4,6856.42,37325500,true,6850,false,,
2026-02-04 13:25:00,2026-02-04,13:25:00,6856.39,6871.44,6856.39,6870.47,38953800,false,,false,,
2026-02-04 13:30:00,2026-02-04,13:30:00,6870.32,6870.32,6853.24,6856.53,39241400,false,,false,,
2026-02-04 13:35:00,2026-02-04,13:35:00,6857.03,6862.74,6856.46,6861.17,33890800,false,,false,,
2026-02-04 13:40:00,2026-02-04,13:40:00,6861.3,6871.18,6859.99,6862.96,36208100,false,,false,,
2026-02-04 13:45:00,2026-02-04,13:45:00,6862.75,6865.18,6859.3,6860.59,32749800,false,,false,,
2026-02-04 13:50:00,2026-02-04,13:50:00,6860.53,6867.63,6853.76,6866.56,38264700,false,,false,,
2026-02-04 13:55:00,2026-02-04,13:55:00,6866.64,6876.85,6866.35,6867.93,40554100,false,,false,,
2026-02-04 14:00:00,2026-02-04,14:00:00,6868.06,6870.39,6862.83,6863.26,43462400,false,,false,,
2026-02-04 14:05:00,2026-02-04,14:05:00,6863.04,6866.11,6856.5,6864.97,39990600,false,,false,,
2026-02-04 14:10:00,2026-02-04,14:10:00,6864.95,6868.44,6863.86,6865.17,34105100,false,,false,,
2026-02-04 14:15:00,2026-02-04,14:15:00,6865.2,6874.71,6864.71,6870.35,35760400,false,,false,,
2026-02-04 14:20:00,2026-02-04,14:20:00,6870.35,6873.4,6864.3,6870.33,37473300,false,,false,,
2026-02-04 14:25:00,2026-02-04,14:25:00,6869.95,6875.93,6867.86,6875.25,34366700,false,,false,,
2026-02-04 14:30:00,2026-02-04,14:30:00,6875.74,6885.77,6875.74,6884.83,46949600,false,,false,,
2026-02-04 14:35:00,2026-02-04,14:35:00,6884.71,6886.38,6880.71,6882.81,39215900,false,,false,,
2026-02-04 14:40:00,2026-02-04,14:40:00,6882.76,6891.67,6882.49,6887.88,41381200,false,,false,,
2026-02-04 14:45:00,2026-02-04,14:45:00,6887.97,6904.36,6886.1,6895.73,57647100,true,6900,true,6900,6900:from_below
2026-02-04 14:50:00,2026-02-04,14:50:00,6895.68,6906.57,6893.83,6899.82,47413200,true,6900,false,,
2026-02-04 14:55:00,2026-02-04,14:55:00,6899.76,6905.58,6898.18,6904.84,49129100,true,6900,false,,
2026-02-04 15:00:00,2026-02-04,15:00:00,6905.01,6906.41,6896.55,6899.87,48982600,true,6900,false,,
2026-02-04 15:05:00,2026-02-04,15:05:00,6900.04,6902.32,6899.39,6902.02,44042200,true,6900,false,,
2026-02-04 15:10:00,2026-02-04,15:10:00,6902,6902.91,6889.54,6896.16,48977900,true,6900,false,,
2026-02-04 15:15:00,2026-02-04,15:15:00,6896.41,6899.3,6893.69,6897.01,45336100,true,6900,false,,
2026-02-04 15:20:00,2026-02-04,15:20:00,6896.86,6901.75,6893.61,6899.94,46928200,true,6900,false,,
2026-02-04 15:25:00,2026-02-04,15:25:00,6900.09,6903.62,6896.81,6897.41,48581000,true,6900,false,,
2026-02-04 15:30:00,2026-02-04,15:30:00,6897.44,6902.75,6895.21,6900.8,56836700,true,6900,false,,
2026-02-04 15:35:00,2026-02-04,15:35:00,6900.53,6904.67,6898.4,6903.71,54387800,true,6900,false,,
2026-02-04 15:40:00,2026-02-04,15:40:00,6903.99,6904.91,6899.73,6900.17,60179900,true,6900,false,,
2026-02-04 15:45:00,2026-02-04,15:45:00,6900.09,6904.74,6897.02,6904.11,71333300,true,6900,false,,
2026-02-04 15:50:00,2026-02-04,15:50:00,6904.11,6904.11,6886.38,6886.98,118018800,true,6900,false,,
2026-02-04 15:55:00,2026-02-04,15:55:00,6886.99,6887.17,6878.92,6882.75,267920900,false,,false,,
2026-02-04 16:00:00,2026-02-04,16:00:00,6882.6,6882.76,6882.6,6882.71,696976500,false,,false,,
2026-02-05 09:30:00,2026-02-05,09:30:00,6826.16,6827.75,6806.92,6826.37,110106227,false,,false,,
2026-02-05 09:35:00,2026-02-05,09:35:00,6827.71,6847.77,6821.23,6845.67,88077314,false,,false,,
2026-02-05 09:40:00,2026-02-05,09:40:00,6845.98,6855.45,6835.95,6852.85,75989050,true,6850,true,6850,6850:from_below
2026-02-05 09:45:00,2026-02-05,09:45:00,6851.74,6854.67,6844.46,6850.16,73137500,true,6850,false,,
2026-02-05 09:50:00,2026-02-05,09:50:00,6850.56,6857.85,6837.59,6838.64,63073250,true,6850,false,,
2026-02-05 09:55:00,2026-02-05,09:55:00,6839.69,6842.36,6823.5,6827.32,64577200,false,,false,,
2026-02-05 10:00:00,2026-02-05,10:00:00,6823.84,6830.52,6810.63,6814.74,69092480,false,,false,,
2026-02-05 10:05:00,2026-02-05,10:05:00,6814.54,6815.8,6804.82,6809.95,62619730,false,,false,,
2026-02-05 10:10:00,2026-02-05,10:10:00,6809.84,6812.52,6789.19,6789.19,64480190,true,6800,true,6800,6800:from_above
2026-02-05 10:15:00,2026-02-05,10:15:00,6789.23,6805.99,6787.82,6802.37,66435670,true,6800,false,,
2026-02-05 10:20:00,2026-02-05,10:20:00,6802.25,6802.89,6789.87,6793.07,54568310,true,6800,false,,
2026-02-05 10:25:00,2026-02-05,10:25:00,6793.45,6803.45,6783.03,6787.14,53930950,true,6800,false,,
2026-02-05 10:30:00,2026-02-05,10:30:00,6786.87,6794.24,6780.46,6781.66,56705760,false,,false,,
2026-02-05 10:35:00,2026-02-05,10:35:00,6781.78,6799.85,6781.11,6798.26,57507040,true,6800,true,6800,6800:from_below
2026-02-05 10:40:00,2026-02-05,10:40:00,6798.51,6805.68,6792.6,6800.13,50195930,true,6800,false,,
2026-02-05 10:45:00,2026-02-05,10:45:00,6800.52,6802.81,6782.47,6784.37,43461960,true,6800,false,,
2026-02-05 10:50:00,2026-02-05,10:50:00,6784.54,6796.94,6784.54,6788.85,43329730,false,,false,,
2026-02-05 10:55:00,2026-02-05,10:55:00,6788.59,6794.02,6781.75,6793.33,41475980,false,,false,,
2026-02-05 11:00:00,2026-02-05,11:00:00,6793.82,6797.25,6787.03,6787.16,42917650,false,,false,,
2026-02-05 11:05:00,2026-02-05,11:05:00,6787.14,6789.37,6781.58,6782.33,40702140,false,,false,,
2026-02-05 11:10:00,2026-02-05,11:10:00,6782.05,6791.46,6780.13,6780.13,38647750,false,,false,,
2026-02-05 11:15:00,2026-02-05,11:15:00,6780.64,6804.61,6780.64,6802.91,44487300,true,6800,true,6800,6800:from_below
2026-02-05 11:20:00,2026-02-05,11:20:00,6802.94,6814,6802.94,6811.71,41542770,false,,false,,
2026-02-05 11:25:00,2026-02-05,11:25:00,6812.29,6819.48,6809.19,6817.04,46235820,false,,false,,
2026-02-05 11:30:00,2026-02-05,11:30:00,6821.22,6826.44,6817.15,6825.91,52683910,false,,false,,
2026-02-05 11:35:00,2026-02-05,11:35:00,6825.83,6828.86,6822.17,6823.26,39519360,false,,false,,
2026-02-05 11:40:00,2026-02-05,11:40:00,6823.1,6827.4,6818.95,6820.69,41833070,false,,false,,
2026-02-05 11:45:00,2026-02-05,11:45:00,6821.35,6821.89,6811.55,6821.79,35350370,false,,false,,
2026-02-05 11:50:00,2026-02-05,11:50:00,6821.9,6833.74,6821.9,6832.15,37890940,false,,false,,
2026-02-05 11:55:00,2026-02-05,11:55:00,6832.33,6836.27,6825.85,6834.68,32251830,false,,false,,
2026-02-05 12:00:00,2026-02-05,12:00:00,6834.56,6834.56,6817.84,6820.96,31018760,false,,false,,
2026-02-05 12:05:00,2026-02-05,12:05:00,6821.17,6826.71,6819.97,6821.85,31702390,false,,false,,
2026-02-05 12:10:00,2026-02-05,12:10:00,6821.71,6823.77,6815.32,6822.9,28297980,false,,false,,
2026-02-05 12:15:00,2026-02-05,12:15:00,6822.42,6823,6818.68,6819.09,24913070,false,,false,,
2026-02-05 12:20:00,2026-02-05,12:20:00,6819.08,6831.46,6811.91,6831.32,33416180,false,,false,,
2026-02-05 12:25:00,2026-02-05,12:25:00,6831.82,6840.7,6831.82,6837.08,34058810,false,,false,,
2026-02-05 12:30:00,2026-02-05,12:30:00,6837.05,6840.34,6830.28,6830.37,33029300,false,,false,,
2026-02-05 12:35:00,2026-02-05,12:35:00,6830.54,6837.96,6829.28,6835.96,30692010,false,,false,,
2026-02-05 12:40:00,2026-02-05,12:40:00,6835.89,6844.19,6834.96,6838.17,30716070,false,,false,,
2026-02-05 12:45:00,2026-02-05,12:45:00,6838.59,6847.56,6831.97,6833.12,36129460,false,,false,,
2026-02-05 12:50:00,2026-02-05,12:50:00,6832.78,6837.98,6828.71,6830.72,34326780,false,,false,,
2026-02-05 12:55:00,2026-02-05,12:55:00,6830.63,6830.73,6823.91,6826.29,29087320,false,,false,,
2026-02-05 13:00:00,2026-02-05,13:00:00,6826.12,6834.18,6825.96,6828.78,41453630,false,,false,,
2026-02-05 13:05:00,2026-02-05,13:05:00,6828.74,6828.74,6822.7,6823.83,29302800,false,,false,,
2026-02-05 13:10:00,2026-02-05,13:10:00,6823.72,6826.88,6819.93,6823.49,31200900,false,,false,,
2026-02-05 13:15:00,2026-02-05,13:15:00,6823.4,6824.77,6818.46,6819.54,27574420,false,,false,,
2026-02-05 13:20:00,2026-02-05,13:20:00,6819.41,6820.62,6810.5,6813.59,32953020,false,,false,,
2026-02-05 13:25:00,2026-02-05,13:25:00,6813.21,6816.71,6811.08,6812.67,27496450,false,,false,,
2026-02-05 13:30:00,2026-02-05,13:30:00,6812.74,6820.89,6812.2,6815.36,33357050,false,,false,,
2026-02-05 13:35:00,2026-02-05,13:35:00,6815.61,6815.61,6809.73,6811.08,30547690,false,,false,,
2026-02-05 13:40:00,2026-02-05,13:40:00,6811.06,6813.41,6806.81,6811.63,28173710,false,,false,,
2026-02-05 13:45:00,2026-02-05,13:45:00,6811.51,6813.45,6805.23,6806.28,29207350,false,,false,,
2026-02-05 13:50:00,2026-02-05,13:50:00,6806.25,6806.25,6798.81,6801.12,33293130,true,6800,true,6800,6800:from_above
2026-02-05 13:55:00,2026-02-05,13:55:00,6801.17,6807.14,6798.48,6804.44,32776640,true,6800,false,,
2026-02-05 14:00:00,2026-02-05,14:00:00,6804.37,6814.65,6801.64,6811.69,35658430,true,6800,false,,
2026-02-05 14:05:00,2026-02-05,14:05:00,6811.56,6817.89,6811.06,6816.98,30489570,false,,false,,
2026-02-05 14:10:00,2026-02-05,14:10:00,6817.16,6829.52,6817.16,6827.44,33599820,false,,false,,
2026-02-05 14:15:00,2026-02-05,14:15:00,6827.39,6832.83,6825.82,6832.27,33517880,false,,false,,
2026-02-05 14:20:00,2026-02-05,14:20:00,6832.54,6835.65,6831.13,6833.51,31107590,false,,false,,
2026-02-05 14:25:00,2026-02-05,14:25:00,6833.61,6833.61,6822.77,6823.41,34087650,false,,false,,
2026-02-05 14:30:00,2026-02-05,14:30:00,6823.54,6823.54,6807.1,6815.37,40398500,false,,false,,
2026-02-05 14:35:00,2026-02-05,14:35:00,6815.63,6817.67,6810.74,6812.25,31280100,false,,false,,
2026-02-05 14:40:00,2026-02-05,14:40:00,6811.98,6813.45,6807.47,6810.15,29204300,false,,false,,
2026-02-05 14:45:00,2026-02-05,14:45:00,6810.14,6813.09,6807.81,6810.12,30916500,false,,false,,
2026-02-05 14:50:00,2026-02-05,14:50:00,6810.15,6811.32,6805.57,6808.66,35307000,false,,false,,
2026-02-05 14:55:00,2026-02-05,14:55:00,6809.03,6813.19,6808.53,6812.43,36056700,false,,false,,
2026-02-05 15:00:00,2026-02-05,15:00:00,6812.6,6817.35,6809.46,6816.34,37213000,false,,false,,
2026-02-05 15:05:00,2026-02-05,15:05:00,6816.19,6829,6814.55,6828.05,41941200,false,,false,,
2026-02-05 15:10:00,2026-02-05,15:10:00,6827.84,6830.14,6818.92,6820.03,40353500,false,,false,,
2026-02-05 15:15:00,2026-02-05,15:15:00,6819.95,6820.01,6808.12,6808.36,42189200,false,,false,,
2026-02-05 15:20:00,2026-02-05,15:20:00,6808.51,6809.38,6799.58,6801.09,42086100,true,6800,true,6800,6800:from_above
2026-02-05 15:25:00,2026-02-05,15:25:00,6801.03,6801.69,6797.85,6799.04,43806700,true,6800,false,,
2026-02-05 15:30:00,2026-02-05,15:30:00,6798.82,6802.5,6793.78,6794.4,49955000,true,6800,false,,
2026-02-05 15:35:00,2026-02-05,15:35:00,6794.39,6798.5,6792.47,6797.76,49819100,true,6800,false,,
2026-02-05 15:40:00,2026-02-05,15:40:00,6798.11,6804.71,6790.4,6792.51,60686100,true,6800,false,,
2026-02-05 15:45:00,2026-02-05,15:45:00,6792.33,6793.76,6786.61,6791.31,67326900,false,,false,,
2026-02-05 15:50:00,2026-02-05,15:50:00,6791.25,6794.19,6783.66,6792.16,109527500,false,,false,,
2026-02-05 15:55:00,2026-02-05,15:55:00,6790.92,6801.34,6790.92,6799.98,245801500,true,6800,true,6800,6800:from_below
2026-02-05 16:00:00,2026-02-05,16:00:00,6797.66,6798.39,6797.66,6798.39,557036400,true,6800,false,,
2026-02-06 09:30:00,2026-02-06,09:30:00,6833.32,6867.19,6830.55,6860.92,96873280,true,6850,true,6850,6850:from_below
2026-02-06 09:35:00,2026-02-06,09:35:00,6861.53,6872.69,6857.78,6869.18,81293117,false,,false,,
2026-02-06 09:40:00,2026-02-06,09:40:00,6870.17,6877.71,6863.15,6877.44,72986860,false,,false,,
2026-02-06 09:45:00,2026-02-06,09:45:00,6878.13,6881.07,6873.31,6877.61,73584860,false,,false,,
2026-02-06 09:50:00,2026-02-06,09:50:00,6878.31,6887.13,6875.88,6876.13,62280490,false,,false,,
2026-02-06 09:55:00,2026-02-06,09:55:00,6875.86,6875.86,6867.51,6868.98,59183500,false,,false,,
2026-02-06 10:00:00,2026-02-06,10:00:00,6868.14,6871.58,6858.74,6861.28,59291250,false,,false,,
2026-02-06 10:05:00,2026-02-06,10:05:00,6861.67,6870.47,6855.25,6861.54,55033540,false,,false,,
2026-02-06 10:10:00,2026-02-06,10:10:00,6861.26,6875.5,6858.01,6859.26,56782510,false,,false,,
2026-02-06 10:15:00,2026-02-06,10:15:00,6859.22,6871.85,6853.61,6869.66,48345260,false,,false,,
2026-02-06 10:20:00,2026-02-06,10:20:00,6869.65,6879.16,6861.72,6864.94,50199150,false,,false,,
2026-02-06 10:25:00,2026-02-06,10:25:00,6865.21,6879.89,6863.65,6878.17,42381380,false,,false,,
2026-02-06 10:30:00,2026-02-06,10:30:00,6878.03,6885.47,6872.38,6883.74,46943030,false,,false,,
2026-02-06 10:35:00,2026-02-06,10:35:00,6883.84,6884.75,6879.8,6882.67,38518860,false,,false,,
2026-02-06 10:40:00,2026-02-06,10:40:00,6882.71,6888.77,6881.54,6885.16,38122360,false,,false,,
2026-02-06 10:45:00,2026-02-06,10:45:00,6885.55,6891.68,6881.1,6881.36,38206660,false,,false,,
2026-02-06 10:50:00,2026-02-06,10:50:00,6881.33,6881.33,6866.19,6868.1,37901800,false,,false,,
2026-02-06 10:55:00,2026-02-06,10:55:00,6867.52,6880.57,6865.99,6879.38,42208390,false,,false,,
2026-02-06 11:00:00,2026-02-06,11:00:00,6879.44,6889.88,6876.99,6889.88,39090310,false,,false,,
2026-02-06 11:05:00,2026-02-06,11:05:00,6890.16,6894.98,6888.1,6893.44,40783570,false,,false,,
2026-02-06 11:10:00,2026-02-06,11:10:00,6893.45,6895.62,6892.15,6895.62,45315600,false,,false,,
2026-02-06 11:15:00,2026-02-06,11:15:00,6895.71,6896.93,6890.88,6892.1,36633960,false,,false,,
2026-02-06 11:20:00,2026-02-06,11:20:00,6892.21,6898.91,6892.19,6895.17,33145090,true,6900,true,6900,6900:from_below
2026-02-06 11:25:00,2026-02-06,11:25:00,6895.06,6895.16,6888.38,6892.75,34500950,false,,false,,
2026-02-06 11:30:00,2026-02-06,11:30:00,6893.17,6898.3,6893.17,6898.3,35959570,true,6900,true,6900,6900:from_below
2026-02-06 11:35:00,2026-02-06,11:35:00,6898.51,6901.35,6898.3,6899.68,36514020,true,6900,false,,
2026-02-06 11:40:00,2026-02-06,11:40:00,6899.71,6902.12,6896.39,6898.54,35287410,true,6900,false,,
2026-02-06 11:45:00,2026-02-06,11:45:00,6898.53,6901.53,6898.07,6900.47,32069630,true,6900,false,,
2026-02-06 11:50:00,2026-02-06,11:50:00,6900.43,6902.08,6899.23,6900.01,29984460,true,6900,false,,
2026-02-06 11:55:00,2026-02-06,11:55:00,6899.95,6899.95,6892.01,6896.33,40104430,true,6900,false,,
2026-02-06 12:00:00,2026-02-06,12:00:00,6896.39,6899.51,6893.95,6899.51,36248130,true,6900,false,,
2026-02-06 12:05:00,2026-02-06,12:05:00,6899.7,6905.29,6899.7,6903.41,29800030,true,6900,false,,
2026-02-06 12:10:00,2026-02-06,12:10:00,6903.58,6905.83,6899.49,6901.4,34704880,true,6900,false,,
2026-02-06 12:15:00,2026-02-06,12:15:00,6901.44,6904.35,6898.33,6902.14,31324720,true,6900,false,,
2026-02-06 12:20:00,2026-02-06,12:20:00,6902.18,6902.29,6899.88,6901.81,26120930,true,6900,false,,
2026-02-06 12:25:00,2026-02-06,12:25:00,6901.98,6907.41,6901.95,6906.74,29451770,true,6900,false,,
2026-02-06 12:30:00,2026-02-06,12:30:00,6906.85,6911.66,6906.85,6909.52,36812200,false,,false,,
2026-02-06 12:35:00,2026-02-06,12:35:00,6909.62,6909.62,6901.17,6902.35,28764360,true,6900,true,6900,6900:from_above
2026-02-06 12:40:00,2026-02-06,12:40:00,6902.5,6907.05,6901.96,6906.92,26297180,true,6900,false,,
2026-02-06 12:45:00,2026-02-06,12:45:00,6906.95,6911.54,6906.95,6911.21,29277350,false,,false,,
2026-02-06 12:50:00,2026-02-06,12:50:00,6911.4,6916.85,6909.92,6913.54,30795040,false,,false,,
2026-02-06 12:55:00,2026-02-06,12:55:00,6913.43,6914.23,6911.54,6911.54,28575420,false,,false,,
2026-02-06 13:00:00,2026-02-06,13:00:00,6911.84,6917.64,6911.84,6917.2,29381780,false,,false,,
2026-02-06 13:05:00,2026-02-06,13:05:00,6917.15,6917.36,6911.17,6912.88,28818890,false,,false,,
2026-02-06 13:10:00,2026-02-06,13:10:00,6912.98,6915.83,6911.81,6912.59,27798220,false,,false,,
2026-02-06 13:15:00,2026-02-06,13:15:00,6912.57,6914.32,6908.87,6913.75,28589170,false,,false,,
2026-02-06 13:20:00,2026-02-06,13:20:00,6913.69,6916.11,6910.82,6910.82,24989680,false,,false,,
2026-02-06 13:25:00,2026-02-06,13:25:00,6910.97,6911.66,6908.3,6911.3,26829470,false,,false,,
2026-02-06 13:30:00,2026-02-06,13:30:00,6911.31,6913.97,6911.22,6911.48,25758710,false,,false,,
2026-02-06 13:35:00,2026-02-06,13:35:00,6911.48,6916.03,6911.44,6914.81,25428640,false,,false,,
2026-02-06 13:40:00,2026-02-06,13:40:00,6914.82,6916.6,6914.31,6915.09,22916730,false,,false,,
2026-02-06 13:45:00,2026-02-06,13:45:00,6915.08,6917.44,6914.99,6917.24,23751270,false,,false,,
2026-02-06 13:50:00,2026-02-06,13:50:00,6917.42,6918.15,6915.75,6915.87,23202040,false,,false,,
2026-02-06 13:55:00,2026-02-06,13:55:00,6915.87,6916.19,6911.56,6911.75,24524090,false,,false,,
2026-02-06 14:00:00,2026-02-06,14:00:00,6911.88,6915.7,6911.31,6915.07,27959790,false,,false,,
2026-02-06 14:05:00,2026-02-06,14:05:00,6914.99,6915.59,6913.05,6914.57,26882710,false,,false,,
2026-02-06 14:10:00,2026-02-06,14:10:00,6914.46,6915.1,6911.37,6911.37,27105580,false,,false,,
2026-02-06 14:15:00,2026-02-06,14:15:00,6911.34,6912.56,6909.44,6911.12,24494400,false,,false,,
2026-02-06 14:20:00,2026-02-06,14:20:00,6911.13,6916.77,6910.98,6915.93,25127990,false,,false,,
2026-02-06 14:25:00,2026-02-06,14:25:00,6916,6916.94,6914.41,6916.94,24832290,false,,false,,
2026-02-06 14:30:00,2026-02-06,14:30:00,6916.98,6917.21,6914.02,6914.12,30255010,false,,false,,
2026-02-06 14:35:00,2026-02-06,14:35:00,6914.12,6915.66,6913.82,6913.99,26384500,false,,false,,
2026-02-06 14:40:00,2026-02-06,14:40:00,6914.14,6914.14,6911.45,6911.86,27684300,false,,false,,
2026-02-06 14:45:00,2026-02-06,14:45:00,6911.92,6919.64,6911.87,6918.6,31185310,false,,false,,
2026-02-06 14:50:00,2026-02-06,14:50:00,6918.54,6919.04,6916.25,6917.37,28897710,false,,false,,
2026-02-06 14:55:00,2026-02-06,14:55:00,6917.49,6917.74,6914.9,6915.4,29487790,false,,false,,
2026-02-06 15:00:00,2026-02-06,15:00:00,6915.43,6918.47,6913.15,6917.56,33925660,false,,false,,
2026-02-06 15:05:00,2026-02-06,15:05:00,6917.67,6920.25,6917.18,6918.07,31321950,false,,false,,
2026-02-06 15:10:00,2026-02-06,15:10:00,6918.16,6918.83,6916.69,6916.69,33705700,false,,false,,
2026-02-06 15:15:00,2026-02-06,15:15:00,6916.76,6920.08,6916.69,6919.9,34859860,false,,false,,
2026-02-06 15:20:00,2026-02-06,15:20:00,6919.88,6923.76,6919.46,6922.39,40578500,false,,false,,
2026-02-06 15:25:00,2026-02-06,15:25:00,6922.37,6923.24,6919.57,6919.8,40867200,false,,false,,
2026-02-06 15:30:00,2026-02-06,15:30:00,6919.95,6922.79,6918.52,6921.32,42928400,false,,false,,
2026-02-06 15:35:00,2026-02-06,15:35:00,6921.21,6922.54,6919.5,6922.23,43512300,false,,false,,
2026-02-06 15:40:00,2026-02-06,15:40:00,6922.36,6929.12,6922.18,6929.12,52419800,false,,false,,
2026-02-06 15:45:00,2026-02-06,15:45:00,6929.49,6933.27,6929.39,6932.62,61100700,false,,false,,
2026-02-06 15:50:00,2026-02-06,15:50:00,6932.76,6944.89,6932.54,6941.29,110098400,false,,false,,
2026-02-06 15:55:00,2026-02-06,15:55:00,6941.57,6941.57,6930.26,6930.26,235544100,false,,false,,
2026-02-06 16:00:00,2026-02-06,16:00:00,6931.79,6932.31,6931.79,6932.31,456586800,false,,false,,
2026-02-09 09:30:00,2026-02-09,09:30:00,6917.26,6924.59,6905.87,6921.1,171213326,false,,false,,
2026-02-09 09:35:00,2026-02-09,09:35:00,6921.14,6934.06,6916.69,6933.53,70287825,false,,false,,
2026-02-09 09:40:00,2026-02-09,09:40:00,6933.92,6938.3,6930.1,6934.57,62170659,false,,false,,
2026-02-09 09:45:00,2026-02-09,09:45:00,6934.25,6938.54,6928.82,6934.95,70392180,false,,false,,
2026-02-09 09:50:00,2026-02-09,09:50:00,6935.08,6935.08,6920.38,6925.31,52232690,false,,false,,
2026-02-09 09:55:00,2026-02-09,09:55:00,6925.56,6930.57,6925.26,6926.96,47516860,false,,false,,
2026-02-09 10:00:00,2026-02-09,10:00:00,6924.95,6934.31,6924.56,6934.31,47799470,false,,false,,
2026-02-09 10:05:00,2026-02-09,10:05:00,6934.22,6941.59,6934.22,6938.5,43293230,false,,false,,
2026-02-09 10:10:00,2026-02-09,10:10:00,6938.18,6939.58,6933.56,6939.38,42203850,false,,false,,
2026-02-09 10:15:00,2026-02-09,10:15:00,6939.58,6948.52,6939.4,6948.33,40729170,true,6950,true,6950,6950:from_below
2026-02-09 10:20:00,2026-02-09,10:20:00,6948.63,6950.81,6944.48,6945.64,37813370,true,6950,false,,
2026-02-09 10:25:00,2026-02-09,10:25:00,6945.73,6945.82,6938.89,6941.14,35005340,false,,false,,
2026-02-09 10:30:00,2026-02-09,10:30:00,6941.17,6954.69,6941.17,6954.49,38039960,true,6950,true,6950,6950:from_below
2026-02-09 10:35:00,2026-02-09,10:35:00,6954.33,6959.49,6953.52,6954.6,38163950,false,,false,,
2026-02-09 10:40:00,2026-02-09,10:40:00,6954.76,6957.9,6954.65,6957.51,33236100,false,,false,,
2026-02-09 10:45:00,2026-02-09,10:45:00,6957.61,6959.72,6954.73,6959.68,33363810,false,,false,,
2026-02-09 10:50:00,2026-02-09,10:50:00,6959.75,6962.09,6957.95,6960.58,31310130,false,,false,,
2026-02-09 10:55:00,2026-02-09,10:55:00,6960.64,6966.86,6960.31,6964.67,36439220,false,,false,,
2026-02-09 11:00:00,2026-02-09,11:00:00,6964.65,6968.23,6964.48,6967.78,32688700,false,,false,,
2026-02-09 11:05:00,2026-02-09,11:05:00,6967.73,6967.9,6963.51,6964.18,31371080,false,,false,,
2026-02-09 11:10:00,2026-02-09,11:10:00,6964.35,6966.52,6962.94,6965.14,30319350,false,,false,,
2026-02-09 11:15:00,2026-02-09,11:15:00,6965.56,6967.01,6962.91,6963.1,30865530,false,,false,,
2026-02-09 11:20:00,2026-02-09,11:20:00,6963.19,6967.36,6962.82,6967.36,28519410,false,,false,,
2026-02-09 11:25:00,2026-02-09,11:25:00,6967.28,6969.7,6965.78,6969.18,27582420,false,,false,,
2026-02-09 11:30:00,2026-02-09,11:30:00,6969.12,6969.27,6966.99,6967.72,28897460,false,,false,,
2026-02-09 11:35:00,2026-02-09,11:35:00,6967.71,6967.86,6964.72,6967.03,27114710,false,,false,,
2026-02-09 11:40:00,2026-02-09,11:40:00,6967.06,6971.71,6967.06,6971.61,27565590,false,,false,,
2026-02-09 11:45:00,2026-02-09,11:45:00,6971.66,6975.24,6971.54,6973.96,27437270,false,,false,,
2026-02-09 11:50:00,2026-02-09,11:50:00,6974.08,6977.23,6973.18,6975.68,27521160,false,,false,,
2026-02-09 11:55:00,2026-02-09,11:55:00,6975.66,6978.17,6975.32,6975.55,26411200,false,,false,,
2026-02-09 12:00:00,2026-02-09,12:00:00,6975.69,6978.31,6973.5,6976.51,29107850,false,,false,,
2026-02-09 12:05:00,2026-02-09,12:05:00,6976.77,6977.31,6975.1,6975.86,27391890,false,,false,,
2026-02-09 12:10:00,2026-02-09,12:10:00,6975.76,6978.61,6975.46,6976.46,28366330,false,,false,,
2026-02-09 12:15:00,2026-02-09,12:15:00,6976.57,6978.22,6976.21,6977.26,31448180,false,,false,,
2026-02-09 12:20:00,2026-02-09,12:20:00,6977.17,6977.22,6974.3,6974.73,25820140,false,,false,,
2026-02-09 12:25:00,2026-02-09,12:25:00,6974.77,6975.35,6973.18,6973.31,24416310,false,,false,,
2026-02-09 12:30:00,2026-02-09,12:30:00,6973.24,6974.67,6971.84,6973.32,22645780,false,,false,,
2026-02-09 12:35:00,2026-02-09,12:35:00,6973.29,6976.57,6972.52,6972.94,25985210,false,,false,,
2026-02-09 12:40:00,2026-02-09,12:40:00,6973.04,6973.04,6970.27,6970.83,22333760,false,,false,,
2026-02-09 12:45:00,2026-02-09,12:45:00,6970.94,6971.93,6969.22,6971.54,21939990,false,,false,,
2026-02-09 12:50:00,2026-02-09,12:50:00,6971.64,6971.64,6969.73,6970.57,20333490,false,,false,,
2026-02-09 12:55:00,2026-02-09,12:55:00,6970.51,6970.53,6967.19,6967.57,22128150,false,,false,,
2026-02-09 13:00:00,2026-02-09,13:00:00,6967.68,6971.46,6965.77,6969.35,25321210,false,,false,,
2026-02-09 13:05:00,2026-02-09,13:05:00,6969.45,6970.79,6967.23,6970.02,22322480,false,,false,,
2026-02-09 13:10:00,2026-02-09,13:10:00,6970.08,6971,6968.37,6969.86,23046700,false,,false,,
2026-02-09 13:15:00,2026-02-09,13:15:00,6969.94,6970.62,6968.4,6970.02,23667960,false,,false,,
2026-02-09 13:20:00,2026-02-09,13:20:00,6969.94,6971.22,6959.29,6967.27,33622730,false,,false,,
2026-02-09 13:25:00,2026-02-09,13:25:00,6967.17,6967.18,6963.17,6964.19,19844200,false,,false,,
2026-02-09 13:30:00,2026-02-09,13:30:00,6964.22,6969.66,6962.44,6968.02,24585760,false,,false,,
2026-02-09 13:35:00,2026-02-09,13:35:00,6968.15,6970.1,6967.32,6969.67,20536010,false,,false,,
2026-02-09 13:40:00,2026-02-09,13:40:00,6969.73,6973.06,6969.23,6972.08,21000530,false,,false,,
2026-02-09 13:45:00,2026-02-09,13:45:00,6972.13,6973.8,6969.78,6969.82,22015280,false,,false,,
2026-02-09 13:50:00,2026-02-09,13:50:00,6969.72,6971.04,6968.65,6969.23,22731900,false,,false,,
2026-02-09 13:55:00,2026-02-09,13:55:00,6969.29,6970.72,6967.14,6968.67,23198150,false,,false,,
2026-02-09 14:00:00,2026-02-09,14:00:00,6968.64,6972.56,6966.92,6972.26,25586770,false,,false,,
2026-02-09 14:05:00,2026-02-09,14:05:00,6972.27,6972.37,6968.91,6969.75,26249270,false,,false,,
2026-02-09 14:10:00,2026-02-09,14:10:00,6969.69,6974.69,6969.69,6974.49,25178610,false,,false,,
2026-02-09 14:15:00,2026-02-09,14:15:00,6974.6,6975.59,6973.82,6974.99,21626940,false,,false,,
2026-02-09 14:20:00,2026-02-09,14:20:00,6975.11,6979.04,6974.77,6978.87,26979120,false,,false,,
2026-02-09 14:25:00,2026-02-09,14:25:00,6978.83,6980.1,6977.96,6979.13,21502290,false,,false,,
2026-02-09 14:30:00,2026-02-09,14:30:00,6979.26,6980.06,6977.9,6978.43,24337710,false,,false,,
2026-02-09 14:35:00,2026-02-09,14:35:00,6978.39,6979.23,6977.68,6978.57,21847220,false,,false,,
2026-02-09 14:40:00,2026-02-09,14:40:00,6978.66,6978.66,6976.79,6977.65,23275830,false,,false,,
2026-02-09 14:45:00,2026-02-09,14:45:00,6977.62,6978.6,6976.67,6978.03,24140670,false,,false,,
2026-02-09 14:50:00,2026-02-09,14:50:00,6978.03,6978.59,6976.09,6977.24,23776900,false,,false,,
2026-02-09 14:55:00,2026-02-09,14:55:00,6977.29,6977.63,6975.48,6975.76,26138130,false,,false,,
2026-02-09 15:00:00,2026-02-09,15:00:00,6975.8,6978.47,6974.77,6976.65,30037030,false,,false,,
2026-02-09 15:05:00,2026-02-09,15:05:00,6976.72,6978.84,6976.56,6976.71,30387890,false,,false,,
2026-02-09 15:10:00,2026-02-09,15:10:00,6976.75,6978.05,6976.03,6976.03,30642880,false,,false,,
2026-02-09 15:15:00,2026-02-09,15:15:00,6975.94,6975.96,6972.21,6973.06,32480010,false,,false,,
2026-02-09 15:20:00,2026-02-09,15:20:00,6972.86,6973.18,6969.9,6971.01,36890110,false,,false,,
2026-02-09 15:25:00,2026-02-09,15:25:00,6970.97,6971.02,6965.41,6967.25,35057270,false,,false,,
2026-02-09 15:30:00,2026-02-09,15:30:00,6967.62,6967.62,6963.34,6963.34,40876640,false,,false,,
2026-02-09 15:35:00,2026-02-09,15:35:00,6963.25,6967.21,6960.9,6967.18,38194730,false,,false,,
2026-02-09 15:40:00,2026-02-09,15:40:00,6967.17,6969.79,6964.91,6967.73,44068290,false,,false,,
2026-02-09 15:45:00,2026-02-09,15:45:00,6967.81,6970.17,6967.65,6970.17,52385620,false,,false,,
2026-02-09 15:50:00,2026-02-09,15:50:00,6970.17,6971.49,6962.42,6964.74,90458950,false,,false,,
2026-02-09 15:55:00,2026-02-09,15:55:00,6965.07,6969.54,6963.72,6963.72,192813510,false,,false,,
2026-02-09 16:00:00,2026-02-09,16:00:00,6962.7,6964.81,6962.7,6964.81,505709500,false,,false,,
2026-02-10 09:30:00,2026-02-10,09:30:00,6972.99,6977.63,6970.95,6972.61,150986168,false,,false,,
2026-02-10 09:35:00,2026-02-10,09:35:00,6973.2,6974.74,6960.66,6965.83,61636479,false,,false,,
2026-02-10 09:40:00,2026-02-10,09:40:00,6965.41,6965.99,6956.78,6961.26,53007043,false,,false,,
2026-02-10 09:45:00,2026-02-10,09:45:00,6961.14,6963.55,6957.97,6960.37,52972450,false,,false,,
2026-02-10 09:50:00,2026-02-10,09:50:00,6960.76,6975.21,6960.76,6974.8,48545920,false,,false,,
2026-02-10 09:55:00,2026-02-10,09:55:00,6975.17,6981.59,6974.39,6978.77,47315250,false,,false,,
2026-02-10 10:00:00,2026-02-10,10:00:00,6978.19,6979.88,6976.71,6979.07,47697750,false,,false,,
2026-02-10 10:05:00,2026-02-10,10:05:00,6979.29,6985.45,6977.19,6983.89,44318720,false,,false,,
2026-02-10 10:10:00,2026-02-10,10:10:00,6984,6985.77,6969.32,6975.07,43774850,false,,false,,
2026-02-10 10:15:00,2026-02-10,10:15:00,6975.58,6981.25,6971.14,6980.96,39951600,false,,false,,
2026-02-10 10:20:00,2026-02-10,10:20:00,6981.28,6985.11,6976.19,6976.69,37396250,false,,false,,
2026-02-10 10:25:00,2026-02-10,10:25:00,6976.54,6981.84,6975.28,6980.26,33288330,false,,false,,
2026-02-10 10:30:00,2026-02-10,10:30:00,6980.41,6986.83,6979.05,6980.82,40718880,false,,false,,
2026-02-10 10:35:00,2026-02-10,10:35:00,6980.67,6980.88,6975.31,6977.77,37848490,false,,false,,
2026-02-10 10:40:00,2026-02-10,10:40:00,6977.53,6982.73,6977.23,6981.84,35853250,false,,false,,
2026-02-10 10:45:00,2026-02-10,10:45:00,6981.95,6983.46,6976.38,6978.25,34674960,false,,false,,
2026-02-10 10:50:00,2026-02-10,10:50:00,6978.17,6979.34,6974.44,6977.63,37032180,false,,false,,
2026-02-10 10:55:00,2026-02-10,10:55:00,6977.83,6978.56,6970.94,6975.38,36506960,false,,false,,
2026-02-10 11:00:00,2026-02-10,11:00:00,6975.34,6977.79,6973.44,6975.17,33662630,false,,false,,
2026-02-10 11:05:00,2026-02-10,11:05:00,6975.26,6975.37,6968.23,6968.23,36829100,false,,false,,
2026-02-10 11:10:00,2026-02-10,11:10:00,6967.9,6972.15,6967.9,6970.06,38937580,false,,false,,
2026-02-10 11:15:00,2026-02-10,11:15:00,6970.22,6973.48,6966.01,6970.71,41729060,false,,false,,
2026-02-10 11:20:00,2026-02-10,11:20:00,6970.72,6971.11,6962.19,6965.72,36778090,false,,false,,
2026-02-10 11:25:00,2026-02-10,11:25:00,6965.95,6971.7,6965.15,6968.99,36834270,false,,false,,
2026-02-10 11:30:00,2026-02-10,11:30:00,6968.99,6969.68,6966.13,6966.45,38410570,false,,false,,
2026-02-10 11:35:00,2026-02-10,11:35:00,6966.57,6969.91,6966.39,6968.94,39063610,false,,false,,
2026-02-10 11:40:00,2026-02-10,11:40:00,6969.06,6971.34,6967.45,6967.66,30205160,false,,false,,
2026-02-10 11:45:00,2026-02-10,11:45:00,6967.5,6974.38,6967.16,6967.39,29184570,false,,false,,
2026-02-10 11:50:00,2026-02-10,11:50:00,6967.4,6969.67,6964.32,6969.54,28318360,false,,false,,
2026-02-10 11:55:00,2026-02-10,11:55:00,6969.47,6971.66,6967.85,6968.31,27210180,false,,false,,
2026-02-10 12:00:00,2026-02-10,12:00:00,6968.41,6969.11,6963.2,6965.35,27320730,false,,false,,
2026-02-10 12:05:00,2026-02-10,12:05:00,6965.47,6972.65,6965.47,6972.59,24911680,false,,false,,
2026-02-10 12:10:00,2026-02-10,12:10:00,6972.6,6976.16,6972.53,6975.69,24986250,false,,false,,
2026-02-10 12:15:00,2026-02-10,12:15:00,6975.82,6977.76,6974.82,6977.14,25973630,false,,false,,
2026-02-10 12:20:00,2026-02-10,12:20:00,6977.19,6977.52,6970.91,6972.31,27081600,false,,false,,
2026-02-10 12:25:00,2026-02-10,12:25:00,6972.37,6974.81,6971.65,6973.37,23872610,false,,false,,
2026-02-10 12:30:00,2026-02-10,12:30:00,6973.37,6974.44,6971.35,6972.73,23033590,false,,false,,
2026-02-10 12:35:00,2026-02-10,12:35:00,6972.66,6973.51,6969.62,6972.07,24096780,false,,false,,
2026-02-10 12:40:00,2026-02-10,12:40:00,6972.11,6976.74,6972.11,6975.97,23204650,false,,false,,
2026-02-10 12:45:00,2026-02-10,12:45:00,6976.08,6979.07,6976.08,6976.66,24356660,false,,false,,
2026-02-10 12:50:00,2026-02-10,12:50:00,6976.69,6978.32,6975.48,6976.23,25772640,false,,false,,
2026-02-10 12:55:00,2026-02-10,12:55:00,6976.27,6976.53,6974.35,6975.05,24624390,false,,false,,
2026-02-10 13:00:00,2026-02-10,13:00:00,6975.09,6975.24,6971.95,6973.21,22450470,false,,false,,
2026-02-10 13:05:00,2026-02-10,13:05:00,6973.19,6973.19,6969,6969.56,22270620,false,,false,,
2026-02-10 13:10:00,2026-02-10,13:10:00,6969.6,6970.41,6966.98,6967.22,22281160,false,,false,,
2026-02-10 13:15:00,2026-02-10,13:15:00,6967.28,6967.68,6960.42,6961.75,25704890,false,,false,,
2026-02-10 13:20:00,2026-02-10,13:20:00,6961.91,6965.18,6957.92,6962.82,28801020,false,,false,,
2026-02-10 13:25:00,2026-02-10,13:25:00,6962.9,6963.04,6955.1,6955.48,27199470,false,,false,,
2026-02-10 13:30:00,2026-02-10,13:30:00,6955.54,6957.14,6951.07,6953.2,26996830,true,6950,true,6950,6950:from_above
2026-02-10 13:35:00,2026-02-10,13:35:00,6953.29,6959.21,6952.74,6957.91,27909990,false,,false,,
2026-02-10 13:40:00,2026-02-10,13:40:00,6957.88,6958.86,6956.47,6956.84,21046690,false,,false,,
2026-02-10 13:45:00,2026-02-10,13:45:00,6956.85,6956.85,6951.33,6951.85,24184910,true,6950,true,6950,6950:from_above
2026-02-10 13:50:00,2026-02-10,13:50:00,6951.89,6953.67,6949.64,6949.88,23906350,true,6950,false,,
2026-02-10 13:55:00,2026-02-10,13:55:00,6949.91,6958.7,6949.69,6957.58,26181260,true,6950,false,,
2026-02-10 14:00:00,2026-02-10,14:00:00,6957.64,6959.35,6955.1,6955.79,28818640,false,,false,,
2026-02-10 14:05:00,2026-02-10,14:05:00,6955.47,6957.44,6953.44,6955.42,23300430,false,,false,,
2026-02-10 14:10:00,2026-02-10,14:10:00,6955.42,6958.17,6954.46,6957.7,21701300,false,,false,,
2026-02-10 14:15:00,2026-02-10,14:15:00,6957.57,6957.57,6952.62,6953.82,23356820,false,,false,,
2026-02-10 14:20:00,2026-02-10,14:20:00,6953.86,6958.76,6953.79,6958.67,22368320,false,,false,,
2026-02-10 14:25:00,2026-02-10,14:25:00,6958.65,6959.59,6956.33,6959.45,21945820,false,,false,,
2026-02-10 14:30:00,2026-02-10,14:30:00,6959.52,6962.01,6958.26,6958.44,29295610,false,,false,,
2026-02-10 14:35:00,2026-02-10,14:35:00,6958.37,6960.42,6958.26,6959.66,22916710,false,,false,,
2026-02-10 14:40:00,2026-02-10,14:40:00,6959.65,6960.87,6955,6955.89,27584580,false,,false,,
2026-02-10 14:45:00,2026-02-10,14:45:00,6956,6958.83,6955.83,6958.62,26827870,false,,false,,
2026-02-10 14:50:00,2026-02-10,14:50:00,6958.65,6958.65,6955.05,6955.65,24190480,false,,false,,
2026-02-10 14:55:00,2026-02-10,14:55:00,6955.65,6960.03,6955.57,6958.44,29152680,false,,false,,
2026-02-10 15:00:00,2026-02-10,15:00:00,6958.55,6960.56,6955.37,6955.55,32190550,false,,false,,
2026-02-10 15:05:00,2026-02-10,15:05:00,6955.59,6956.82,6953.72,6955.47,29013170,false,,false,,
2026-02-10 15:10:00,2026-02-10,15:10:00,6955.62,6955.93,6952.28,6953.04,31432200,false,,false,,
2026-02-10 15:15:00,2026-02-10,15:15:00,6953.18,6958.23,6953.05,6957.55,33027330,false,,false,,
2026-02-10 15:20:00,2026-02-10,15:20:00,6957.38,6959.05,6954.89,6954.89,35633180,false,,false,,
2026-02-10 15:25:00,2026-02-10,15:25:00,6954.92,6956.13,6951.83,6953.79,34416420,true,6950,true,6950,6950:from_above
2026-02-10 15:30:00,2026-02-10,15:30:00,6953.86,6956.45,6951.38,6951.93,40139450,true,6950,false,,
2026-02-10 15:35:00,2026-02-10,15:35:00,6952.04,6953.22,6950.02,6950.02,41429460,true,6950,false,,
2026-02-10 15:40:00,2026-02-10,15:40:00,6950.16,6952.7,6949.93,6950.96,44855990,true,6950,false,,
2026-02-10 15:45:00,2026-02-10,15:45:00,6951.15,6954.71,6950.57,6954.28,53289720,true,6950,false,,
2026-02-10 15:50:00,2026-02-10,15:50:00,6954.45,6954.45,6942.87,6943.89,94684630,true,6950,false,,
2026-02-10 15:55:00,2026-02-10,15:55:00,6944.05,6944.82,6937.53,6944.02,201727360,false,,false,,
2026-02-10 16:00:00,2026-02-10,16:00:00,6941.32,6941.82,6941.32,6941.82,587596200,false,,false,,
2026-02-11 09:30:00,2026-02-11,09:30:00,6982.9,6993.48,6982.34,6982.74,180537510,false,,false,,
2026-02-11 09:35:00,2026-02-11,09:35:00,6982.92,6983.78,6972.76,6973.97,71970940,false,,false,,
2026-02-11 09:40:00,2026-02-11,09:40:00,6974.03,6979.32,6972.34,6975.91,66055420,false,,false,,
2026-02-11 09:45:00,2026-02-11,09:45:00,6975.64,6984.91,6975.04,6977.41,60321190,false,,false,,
2026-02-11 09:50:00,2026-02-11,09:50:00,6977.72,6979.25,6969.68,6971.55,55759700,false,,false,,
2026-02-11 09:55:00,2026-02-11,09:55:00,6972,6974.87,6959.36,6961.29,51741830,false,,false,,
2026-02-11 10:00:00,2026-02-11,10:00:00,6961.27,6967.45,6955.16,6957.09,54602260,false,,false,,
2026-02-11 10:05:00,2026-02-11,10:05:00,6957.22,6957.96,6947.31,6948.22,45706870,true,6950,true,6950,6950:from_above
2026-02-11 10:10:00,2026-02-11,10:10:00,6947.71,6947.81,6928.79,6937.64,54740250,false,,false,,
2026-02-11 10:15:00,2026-02-11,10:15:00,6937.48,6939.19,6927.11,6927.11,51621040,false,,false,,
2026-02-11 10:20:00,2026-02-11,10:20:00,6927.41,6928.28,6914.25,6915.56,50395380,false,,false,,
2026-02-11 10:25:00,2026-02-11,10:25:00,6915.8,6924.14,6911.97,6917.71,54605050,false,,false,,
2026-02-11 10:30:00,2026-02-11,10:30:00,6917.5,6927.84,6916.78,6927.23,44708410,false,,false,,
2026-02-11 10:35:00,2026-02-11,10:35:00,6927.42,6933.79,6923.11,6933.49,45581280,false,,false,,
2026-02-11 10:40:00,2026-02-11,10:40:00,6933.44,6937.57,6928.78,6933.13,38656580,false,,false,,
2026-02-11 10:45:00,2026-02-11,10:45:00,6932.67,6937.02,6924.32,6925.79,38955750,false,,false,,
2026-02-11 10:50:00,2026-02-11,10:50:00,6925.76,6945.96,6923.13,6945.57,41671230,false,,false,,
2026-02-11 10:55:00,2026-02-11,10:55:00,6945.54,6946.69,6942.63,6943.83,38136170,false,,false,,
2026-02-11 11:00:00,2026-02-11,11:00:00,6944.2,6946.62,6937.19,6938.65,39361530,false,,false,,
2026-02-11 11:05:00,2026-02-11,11:05:00,6938.55,6939.81,6935.07,6935.72,33292150,false,,false,,
2026-02-11 11:10:00,2026-02-11,11:10:00,6935.73,6949.34,6935.43,6949.12,34716300,true,6950,true,6950,6950:from_below
2026-02-11 11:15:00,2026-02-11,11:15:00,6949.02,6949.94,6944.5,6948.75,33985730,true,6950,false,,
2026-02-11 11:20:00,2026-02-11,11:20:00,6948.73,6955.34,6948.51,6953.93,35172270,true,6950,false,,
2026-02-11 11:25:00,2026-02-11,11:25:00,6953.98,6954.78,6939.44,6939.44,34201870,true,6950,false,,
2026-02-11 11:30:00,2026-02-11,11:30:00,6939.38,6946.97,6936.63,6944.14,38395210,false,,false,,
2026-02-11 11:35:00,2026-02-11,11:35:00,6944.18,6947.93,6940.23,6947.92,33477320,false,,false,,
2026-02-11 11:40:00,2026-02-11,11:40:00,6948.03,6953.7,6948.03,6950.83,30791050,true,6950,true,6950,6950:from_below
2026-02-11 11:45:00,2026-02-11,11:45:00,6950.68,6953.05,6945.84,6947.23,29719790,true,6950,false,,
2026-02-11 11:50:00,2026-02-11,11:50:00,6947.27,6950.39,6945.26,6947.96,27489130,true,6950,false,,
2026-02-11 11:55:00,2026-02-11,11:55:00,6947.96,6948.09,6940.72,6941.14,28135130,true,6950,false,,
2026-02-11 12:00:00,2026-02-11,12:00:00,6941.13,6941.13,6934.68,6936.3,30453560,false,,false,,
2026-02-11 12:05:00,2026-02-11,12:05:00,6936.11,6944.15,6935.59,6944.11,28913980,false,,false,,
2026-02-11 12:10:00,2026-02-11,12:10:00,6944.1,6946.67,6940.96,6944.29,26675110,false,,false,,
2026-02-11 12:15:00,2026-02-11,12:15:00,6944.29,6950.74,6941.97,6946.25,28542080,true,6950,true,6950,6950:from_below
2026-02-11 12:20:00,2026-02-11,12:20:00,6946.44,6951.79,6943.08,6951.48,27954510,true,6950,false,,
2026-02-11 12:25:00,2026-02-11,12:25:00,6951.48,6958.57,6951.48,6955.87,31127150,true,6950,false,,
2026-02-11 12:30:00,2026-02-11,12:30:00,6956.24,6956.81,6951.87,6952.95,33150260,true,6950,false,,
2026-02-11 12:35:00,2026-02-11,12:35:00,6953.01,6954.69,6950.93,6952.94,24440310,true,6950,false,,
2026-02-11 12:40:00,2026-02-11,12:40:00,6952.94,6958.87,6952.94,6958,22545410,false,,false,,
2026-02-11 12:45:00,2026-02-11,12:45:00,6957.92,6959.03,6954.5,6958.43,24003530,false,,false,,
2026-02-11 12:50:00,2026-02-11,12:50:00,6957.99,6960.27,6954.46,6956.06,28683560,false,,false,,
2026-02-11 12:55:00,2026-02-11,12:55:00,6955.97,6956,6946.61,6948.19,25400060,true,6950,true,6950,6950:from_above
2026-02-11 13:00:00,2026-02-11,13:00:00,6948.2,6949.94,6944.4,6947.13,26891170,true,6950,false,,
2026-02-11 13:05:00,2026-02-11,13:05:00,6947.11,6947.29,6941.13,6941.13,23406890,false,,false,,
2026-02-11 13:10:00,2026-02-11,13:10:00,6941.11,6941.11,6936.04,6937.06,27329570,false,,false,,
2026-02-11 13:15:00,2026-02-11,13:15:00,6937.07,6945.28,6934.96,6941.75,30990170,false,,false,,
2026-02-11 13:20:00,2026-02-11,13:20:00,6941.81,6944.33,6939.96,6943.13,23341040,false,,false,,
2026-02-11 13:25:00,2026-02-11,13:25:00,6943.09,6949.53,6941.7,6948.87,27232010,true,6950,true,6950,6950:from_below
2026-02-11 13:30:00,2026-02-11,13:30:00,6948.74,6950.36,6943.95,6943.95,28481370,true,6950,false,,
2026-02-11 13:35:00,2026-02-11,13:35:00,6943.76,6948.9,6943.28,6948.31,27204500,true,6950,false,,
2026-02-11 13:40:00,2026-02-11,13:40:00,6948.21,6948.21,6942.61,6944.45,24671270,true,6950,false,,
2026-02-11 13:45:00,2026-02-11,13:45:00,6944.53,6949.09,6944.35,6948.91,26182290,true,6950,false,,
2026-02-11 13:50:00,2026-02-11,13:50:00,6949.24,6950.15,6941.68,6949.61,33116280,true,6950,false,,
2026-02-11 13:55:00,2026-02-11,13:55:00,6949.64,6950.9,6947.29,6947.92,28764110,true,6950,false,,
2026-02-11 14:00:00,2026-02-11,14:00:00,6947.89,6948.6,6945.4,6948.6,29014320,true,6950,false,,
2026-02-11 14:05:00,2026-02-11,14:05:00,6948.71,6949.59,6943.74,6946.58,34586650,true,6950,false,,
2026-02-11 14:10:00,2026-02-11,14:10:00,6946.66,6954.59,6945.93,6953.38,24925430,true,6950,false,,
2026-02-11 14:15:00,2026-02-11,14:15:00,6953.41,6955.33,6953.1,6953.96,26802730,false,,false,,
2026-02-11 14:20:00,2026-02-11,14:20:00,6953.89,6957.86,6953.77,6957.31,25073940,false,,false,,
2026-02-11 14:25:00,2026-02-11,14:25:00,6957.43,6960.08,6956.87,6958.59,28601020,false,,false,,
2026-02-11 14:30:00,2026-02-11,14:30:00,6958.4,6958.4,6954,6957.2,26647330,false,,false,,
2026-02-11 14:35:00,2026-02-11,14:35:00,6957.15,6959.34,6956.6,6956.6,26898630,false,,false,,
2026-02-11 14:40:00,2026-02-11,14:40:00,6956.57,6957.91,6955.37,6957.91,25165520,false,,false,,
2026-02-11 14:45:00,2026-02-11,14:45:00,6957.88,6957.96,6944.82,6952.52,37689830,true,6950,true,6950,6950:from_above
2026-02-11 14:50:00,2026-02-11,14:50:00,6952.47,6953.46,6949.69,6951.21,31132280,true,6950,false,,
2026-02-11 14:55:00,2026-02-11,14:55:00,6951.27,6952.39,6948.94,6949.93,28720110,true,6950,false,,
2026-02-11 15:00:00,2026-02-11,15:00:00,6949.79,6951.91,6948.46,6951.16,33192890,true,6950,false,,
2026-02-11 15:05:00,2026-02-11,15:05:00,6951.22,6951.55,6948.1,6948.65,31005650,true,6950,false,,
2026-02-11 15:10:00,2026-02-11,15:10:00,6948.54,6949.93,6947.89,6948.5,34165200,true,6950,false,,
2026-02-11 15:15:00,2026-02-11,15:15:00,6948.61,6951.22,6947.28,6948.32,36075490,true,6950,false,,
2026-02-11 15:20:00,2026-02-11,15:20:00,6948.14,6948.16,6944.26,6946.81,37076970,true,6950,false,,
2026-02-11 15:25:00,2026-02-11,15:25:00,6947,6947.89,6943.37,6943.43,38960890,false,,false,,
2026-02-11 15:30:00,2026-02-11,15:30:00,6943.46,6944.34,6939.77,6940.59,44278090,false,,false,,
2026-02-11 15:35:00,2026-02-11,15:35:00,6940.64,6946.48,6940.29,6946.42,47368500,false,,false,,
2026-02-11 15:40:00,2026-02-11,15:40:00,6946.82,6949.82,6945.13,6945.55,52342700,true,6950,true,6950,6950:from_below
2026-02-11 15:45:00,2026-02-11,15:45:00,6945.68,6950.3,6945.44,6950.14,62199200,true,6950,false,,
2026-02-11 15:50:00,2026-02-11,15:50:00,6950.13,6950.13,6942.92,6947.93,102041000,true,6950,false,,
2026-02-11 15:55:00,2026-02-11,15:55:00,6947.79,6947.79,6941.17,6941.17,217386100,false,,false,,
2026-02-11 16:00:00,2026-02-11,16:00:00,6940.2,6941.48,6940.2,6941.46,532230600,false,,false,,
2026-02-12 09:30:00,2026-02-12,09:30:00,6957.54,6971.8,6957.54,6969.42,167020442,false,,false,,
2026-02-12 09:35:00,2026-02-12,09:35:00,6969.15,6970.67,6964.56,6968.54,75348240,false,,false,,
2026-02-12 09:40:00,2026-02-12,09:40:00,6968.95,6973.22,6959.42,6960.61,64552488,false,,false,,
2026-02-12 09:45:00,2026-02-12,09:45:00,6960.54,6963.38,6953.14,6956.7,67674070,false,,false,,
2026-02-12 09:50:00,2026-02-12,09:50:00,6952.52,6959.16,6951.28,6957.3,60217010,true,6950,true,6950,6950:from_above
2026-02-12 09:55:00,2026-02-12,09:55:00,6957.27,6957.27,6942.64,6945.92,54402030,true,6950,false,,
2026-02-12 10:00:00,2026-02-12,10:00:00,6949.48,6955.84,6943.15,6946.3,61786010,true,6950,false,,
2026-02-12 10:05:00,2026-02-12,10:05:00,6946.57,6951.96,6941.13,6943.15,57980080,true,6950,false,,
2026-02-12 10:10:00,2026-02-12,10:10:00,6943.24,6953.87,6941.72,6953.86,51204710,true,6950,false,,
2026-02-12 10:15:00,2026-02-12,10:15:00,6953.95,6955.79,6948.46,6948.66,45395770,true,6950,false,,
2026-02-12 10:20:00,2026-02-12,10:20:00,6948.05,6956.9,6944.93,6950.32,42606360,true,6950,false,,
2026-02-12 10:25:00,2026-02-12,10:25:00,6950.3,6952.83,6947.5,6950.65,44375560,true,6950,false,,
2026-02-12 10:30:00,2026-02-12,10:30:00,6950.69,6954.25,6939.09,6939.09,44246890,true,6950,false,,
2026-02-12 10:35:00,2026-02-12,10:35:00,6939.11,6940.66,6929.53,6930.42,48771050,false,,false,,
2026-02-12 10:40:00,2026-02-12,10:40:00,6930.62,6931.93,6922.93,6923.02,55930000,false,,false,,
2026-02-12 10:45:00,2026-02-12,10:45:00,6923.28,6927.81,6921.56,6924.08,54921470,false,,false,,
2026-02-12 10:50:00,2026-02-12,10:50:00,6923.99,6926.85,6915.41,6915.41,54052690,false,,false,,
2026-02-12 10:55:00,2026-02-12,10:55:00,6914.57,6915.46,6904.98,6905.37,51185980,false,,false,,
2026-02-12 11:00:00,2026-02-12,11:00:00,6905.41,6906.76,6899.27,6900.6,55592590,true,6900,true,6900,6900:from_above
2026-02-12 11:05:00,2026-02-12,11:05:00,6900.28,6901.04,6888.18,6889.38,54024580,true,6900,false,,
2026-02-12 11:10:00,2026-02-12,11:10:00,6889.46,6890.42,6879.8,6882.32,51565860,false,,false,,
2026-02-12 11:15:00,2026-02-12,11:15:00,6882.1,6883.48,6870.68,6874.13,56159760,false,,false,,
2026-02-12 11:20:00,2026-02-12,11:20:00,6874.05,6875.51,6864,6869.72,58758970,false,,false,,
2026-02-12 11:25:00,2026-02-12,11:25:00,6869.52,6869.52,6854.94,6855.38,56014210,false,,false,,
2026-02-12 11:30:00,2026-02-12,11:30:00,6855.32,6869.23,6855.04,6863.3,58953220,false,,false,,
2026-02-12 11:35:00,2026-02-12,11:35:00,6863.74,6877.17,6863.58,6874.79,56663330,false,,false,,
2026-02-12 11:40:00,2026-02-12,11:40:00,6874.69,6877.37,6867.2,6869,46758130,false,,false,,
2026-02-12 11:45:00,2026-02-12,11:45:00,6868.73,6872.49,6860.16,6864.73,45229540,false,,false,,
2026-02-12 11:50:00,2026-02-12,11:50:00,6864.63,6867.22,6858.74,6861.13,48245220,false,,false,,
2026-02-12 11:55:00,2026-02-12,11:55:00,6861.05,6866.35,6861.05,6866.35,40804090,false,,false,,
2026-02-12 12:00:00,2026-02-12,12:00:00,6866.03,6866.03,6854.38,6863.1,43090870,false,,false,,
2026-02-12 12:05:00,2026-02-12,12:05:00,6863.24,6869.58,6855.8,6868.16,41011400,false,,false,,
2026-02-12 12:10:00,2026-02-12,12:10:00,6868.17,6868.17,6855.9,6857.42,33025460,false,,false,,
2026-02-12 12:15:00,2026-02-12,12:15:00,6857.54,6860.35,6854.38,6855.68,36405860,false,,false,,
2026-02-12 12:20:00,2026-02-12,12:20:00,6855.44,6869.42,6855.23,6868.62,37466460,false,,false,,
2026-02-12 12:25:00,2026-02-12,12:25:00,6868.51,6871.5,6858.48,6860.54,48461210,false,,false,,
2026-02-12 12:30:00,2026-02-12,12:30:00,6860.69,6867.4,6858.8,6867.4,37904100,false,,false,,
2026-02-12 12:35:00,2026-02-12,12:35:00,6867.23,6875.35,6867.23,6868.68,36983610,false,,false,,
2026-02-12 12:40:00,2026-02-12,12:40:00,6868.23,6873.4,6866,6870.3,31673560,false,,false,,
2026-02-12 12:45:00,2026-02-12,12:45:00,6870.68,6873.37,6860.96,6863.49,30414780,false,,false,,
2026-02-12 12:50:00,2026-02-12,12:50:00,6863.57,6867.91,6855.46,6856.55,33430030,false,,false,,
2026-02-12 12:55:00,2026-02-12,12:55:00,6856.42,6859.08,6849.38,6849.79,35179880,true,6850,true,6850,6850:from_above
2026-02-12 13:00:00,2026-02-12,13:00:00,6849.62,6855.06,6844.26,6850.01,43688020,true,6850,false,,
2026-02-12 13:05:00,2026-02-12,13:05:00,6850.24,6860.48,6850.24,6852.83,34486370,true,6850,false,,
2026-02-12 13:10:00,2026-02-12,13:10:00,6852.95,6854.62,6850.42,6852.21,30267590,true,6850,false,,
2026-02-12 13:15:00,2026-02-12,13:15:00,6852.35,6852.49,6844.63,6845.69,30051260,true,6850,false,,
2026-02-12 13:20:00,2026-02-12,13:20:00,6845.56,6856.48,6845.56,6854.33,32685370,true,6850,false,,
2026-02-12 13:25:00,2026-02-12,13:25:00,6854.59,6856.51,6842.45,6851.2,70994330,true,6850,false,,
2026-02-12 13:30:00,2026-02-12,13:30:00,6851.3,6854.75,6847.89,6853.3,33171650,true,6850,false,,
2026-02-12 13:35:00,2026-02-12,13:35:00,6853.33,6861.96,6852.36,6861.96,30258540,false,,false,,
2026-02-12 13:40:00,2026-02-12,13:40:00,6862.15,6868.83,6859.57,6868.64,28016390,false,,false,,
2026-02-12 13:45:00,2026-02-12,13:45:00,6868.6,6870.52,6865.68,6866.09,32160030,false,,false,,
2026-02-12 13:50:00,2026-02-12,13:50:00,6865.9,6873.14,6864.31,6869.85,29104250,false,,false,,
2026-02-12 13:55:00,2026-02-12,13:55:00,6870.04,6872.36,6862.45,6866.82,52299670,false,,false,,
2026-02-12 14:00:00,2026-02-12,14:00:00,6866.97,6870.28,6863.03,6864.05,31203030,false,,false,,
2026-02-12 14:05:00,2026-02-12,14:05:00,6864.17,6868.46,6864.17,6865.35,27783950,false,,false,,
2026-02-12 14:10:00,2026-02-12,14:10:00,6865.22,6865.83,6856.34,6861.18,32426480,false,,false,,
2026-02-12 14:15:00,2026-02-12,14:15:00,6861.26,6871.36,6861.23,6870.67,30307000,false,,false,,
2026-02-12 14:20:00,2026-02-12,14:20:00,6870.97,6874.16,6869.45,6872.24,30914300,false,,false,,
2026-02-12 14:25:00,2026-02-12,14:25:00,6872.12,6872.79,6860.17,6861.19,38473900,false,,false,,
2026-02-12 14:30:00,2026-02-12,14:30:00,6861.29,6870,6861.29,6867.68,35679700,false,,false,,
2026-02-12 14:35:00,2026-02-12,14:35:00,6867.66,6873.19,6867.25,6873.07,30823200,false,,false,,
2026-02-12 14:40:00,2026-02-12,14:40:00,6873.13,6874.71,6867.48,6869.84,33041300,false,,false,,
2026-02-12 14:45:00,2026-02-12,14:45:00,6869.85,6876.79,6869.85,6876.7,31646900,false,,false,,
2026-02-12 14:50:00,2026-02-12,14:50:00,6876.87,6879.12,6873.16,6873.51,32279400,false,,false,,
2026-02-12 14:55:00,2026-02-12,14:55:00,6873.52,6877.7,6867.81,6870.79,45174700,false,,false,,
2026-02-12 15:00:00,2026-02-12,15:00:00,6871.05,6874.19,6869.93,6873.68,35045400,false,,false,,
2026-02-12 15:05:00,2026-02-12,15:05:00,6874,6874.63,6866.69,6866.92,34799900,false,,false,,
2026-02-12 15:10:00,2026-02-12,15:10:00,6867,6868.8,6862.11,6868.28,35679100,false,,false,,
2026-02-12 15:15:00,2026-02-12,15:15:00,6868.44,6868.57,6861.01,6861.17,35412300,false,,false,,
2026-02-12 15:20:00,2026-02-12,15:20:00,6861.12,6861.24,6855.55,6856.94,40599000,false,,false,,
2026-02-12 15:25:00,2026-02-12,15:25:00,6857.08,6857.2,6851.13,6851.87,38740500,true,6850,true,6850,6850:from_above
2026-02-12 15:30:00,2026-02-12,15:30:00,6851.65,6853.28,6845.28,6848.88,48013500,true,6850,false,,
2026-02-12 15:35:00,2026-02-12,15:35:00,6848.86,6851.01,6847.15,6848.86,50354500,true,6850,false,,
2026-02-12 15:40:00,2026-02-12,15:40:00,6848.93,6853.05,6844.19,6845.86,56392000,true,6850,false,,
2026-02-12 15:45:00,2026-02-12,15:45:00,6846.04,6846.7,6836.23,6838.56,69638900,false,,false,,
2026-02-12 15:50:00,2026-02-12,15:50:00,6838.46,6838.46,6824.04,6836.75,116049200,false,,false,,
2026-02-12 15:55:00,2026-02-12,15:55:00,6837.22,6837.89,6829.74,6833.53,247635900,false,,false,,
2026-02-12 16:00:00,2026-02-12,16:00:00,6832.65,6832.77,6832.65,6832.77,598809000,false,,false,,
2026-02-13 09:30:00,2026-02-13,09:30:00,6832.34,6845.3,6827.58,6830.98,168528792,false,,false,,
2026-02-13 09:35:00,2026-02-13,09:35:00,6831.54,6831.96,6817.25,6817.25,66772518,false,,false,,
2026-02-13 09:40:00,2026-02-13,09:40:00,6817.57,6823.2,6794.55,6822.42,71550690,true,6800,true,6800,6800:from_above
2026-02-13 09:45:00,2026-02-13,09:45:00,6822.68,6846.67,6822.68,6833.24,67278300,false,,false,,
2026-02-13 09:50:00,2026-02-13,09:50:00,6833.35,6833.84,6818.27,6824.97,59869690,false,,false,,
2026-02-13 09:55:00,2026-02-13,09:55:00,6824.39,6838.99,6815.05,6816.56,51960270,false,,false,,
2026-02-13 10:00:00,2026-02-13,10:00:00,6817.7,6834.87,6817.7,6829.63,55026080,false,,false,,
2026-02-13 10:05:00,2026-02-13,10:05:00,6829.33,6842.63,6819.83,6842.63,49075410,false,,false,,
2026-02-13 10:10:00,2026-02-13,10:10:00,6842.5,6847.17,6832.65,6833.14,47473140,false,,false,,
2026-02-13 10:15:00,2026-02-13,10:15:00,6832.75,6840.82,6824.51,6829.23,41642550,false,,false,,
2026-02-13 10:20:00,2026-02-13,10:20:00,6828.83,6840.36,6824.54,6831.59,40084060,false,,false,,
2026-02-13 10:25:00,2026-02-13,10:25:00,6831.23,6851.65,6830.32,6848.52,41590430,true,6850,true,6850,6850:from_below
2026-02-13 10:30:00,2026-02-13,10:30:00,6848.56,6863.47,6848.53,6860.01,41734240,true,6850,false,,
2026-02-13 10:35:00,2026-02-13,10:35:00,6860.07,6864.25,6847.99,6848.03,44170340,true,6850,false,,
2026-02-13 10:40:00,2026-02-13,10:40:00,6848.31,6850.01,6834.72,6835.01,38626330,true,6850,false,,
2026-02-13 10:45:00,2026-02-13,10:45:00,6835.26,6840.55,6827.22,6829.29,41330280,false,,false,,
2026-02-13 10:50:00,2026-02-13,10:50:00,6829.84,6846.53,6829.58,6845.11,36312850,false,,false,,
2026-02-13 10:55:00,2026-02-13,10:55:00,6844.85,6849.96,6841.95,6844.45,33601940,true,6850,true,6850,6850:from_below
2026-02-13 11:00:00,2026-02-13,11:00:00,6843.91,6852.91,6843.91,6852.91,31188760,true,6850,false,,
2026-02-13 11:05:00,2026-02-13,11:05:00,6852.91,6861.2,6852.23,6859.12,32070170,false,,false,,
2026-02-13 11:10:00,2026-02-13,11:10:00,6859.24,6859.28,6846.32,6852.49,33895180,true,6850,true,6850,6850:from_above
2026-02-13 11:15:00,2026-02-13,11:15:00,6852.75,6859.16,6850.67,6850.67,29415150,true,6850,false,,
2026-02-13 11:20:00,2026-02-13,11:20:00,6850.65,6852.89,6838.24,6842.29,29017070,true,6850,false,,
2026-02-13 11:25:00,2026-02-13,11:25:00,6842.43,6857.3,6841.9,6855.4,29980390,true,6850,false,,
2026-02-13 11:30:00,2026-02-13,11:30:00,6856.39,6860.03,6849.32,6857.08,32233390,true,6850,false,,
2026-02-13 11:35:00,2026-02-13,11:35:00,6857.46,6862.26,6852.69,6862.26,29155850,false,,false,,
2026-02-13 11:40:00,2026-02-13,11:40:00,6862.59,6865,6859.2,6864.87,27099480,false,,false,,
2026-02-13 11:45:00,2026-02-13,11:45:00,6864.78,6868.57,6863.04,6863.68,27565290,false,,false,,
2026-02-13 11:50:00,2026-02-13,11:50:00,6863.82,6868.56,6862.11,6868.34,24311790,false,,false,,
2026-02-13 11:55:00,2026-02-13,11:55:00,6868.4,6873.75,6866.84,6866.84,26993450,false,,false,,
2026-02-13 12:00:00,2026-02-13,12:00:00,6866.46,6873.64,6864.5,6872.18,26836660,false,,false,,
2026-02-13 12:05:00,2026-02-13,12:05:00,6872.21,6875.82,6870.4,6871.84,26907720,false,,false,,
2026-02-13 12:10:00,2026-02-13,12:10:00,6871.8,6879.6,6871.68,6879.26,24475910,false,,false,,
2026-02-13 12:15:00,2026-02-13,12:15:00,6879.24,6879.38,6868.32,6869.53,23917530,false,,false,,
2026-02-13 12:20:00,2026-02-13,12:20:00,6869.93,6879.43,6869.78,6877.06,24530140,false,,false,,
2026-02-13 12:25:00,2026-02-13,12:25:00,6877.42,6877.83,6872.72,6872.9,24778980,false,,false,,
2026-02-13 12:30:00,2026-02-13,12:30:00,6872.88,6880.07,6872.25,6878.08,23371700,false,,false,,
2026-02-13 12:35:00,2026-02-13,12:35:00,6878.04,6879.64,6875.69,6878.46,21505330,false,,false,,
2026-02-13 12:40:00,2026-02-13,12:40:00,6878.71,6881.96,6876.49,6876.58,22475590,false,,false,,
2026-02-13 12:45:00,2026-02-13,12:45:00,6876.69,6879.12,6873.91,6879.08,23013910,false,,false,,
2026-02-13 12:50:00,2026-02-13,12:50:00,6879.14,6879.14,6872.68,6873.95,21619490,false,,false,,
2026-02-13 12:55:00,2026-02-13,12:55:00,6874.09,6874.81,6868.15,6869.74,24616130,false,,false,,
2026-02-13 13:00:00,2026-02-13,13:00:00,6869.83,6872.43,6862.92,6864.04,24135720,false,,false,,
2026-02-13 13:05:00,2026-02-13,13:05:00,6864.05,6868.23,6860.67,6866.89,21731000,false,,false,,
2026-02-13 13:10:00,2026-02-13,13:10:00,6866.73,6873.1,6866.73,6871.8,21173420,false,,false,,
2026-02-13 13:15:00,2026-02-13,13:15:00,6871.91,6876.84,6869.64,6872.44,23685080,false,,false,,
2026-02-13 13:20:00,2026-02-13,13:20:00,6872.37,6880.95,6872.04,6878.07,21655260,false,,false,,
2026-02-13 13:25:00,2026-02-13,13:25:00,6878.01,6880.11,6869.61,6871.81,38275960,false,,false,,
2026-02-13 13:30:00,2026-02-13,13:30:00,6872.13,6877.37,6870.71,6876.61,19844350,false,,false,,
2026-02-13 13:35:00,2026-02-13,13:35:00,6876.67,6879.06,6872.33,6876.62,20691620,false,,false,,
2026-02-13 13:40:00,2026-02-13,13:40:00,6876.61,6877.19,6868.36,6868.83,18848980,false,,false,,
2026-02-13 13:45:00,2026-02-13,13:45:00,6868.82,6875.96,6868.82,6871.29,19812740,false,,false,,
2026-02-13 13:50:00,2026-02-13,13:50:00,6871.43,6871.43,6863.8,6868.15,20179160,false,,false,,
2026-02-13 13:55:00,2026-02-13,13:55:00,6868.16,6869.47,6863.41,6866.62,31486950,false,,false,,
2026-02-13 14:00:00,2026-02-13,14:00:00,6866.5,6869.27,6864.15,6864.46,22764960,false,,false,,
2026-02-13 14:05:00,2026-02-13,14:05:00,6864.55,6870.87,6864.52,6870.38,22335470,false,,false,,
2026-02-13 14:10:00,2026-02-13,14:10:00,6870.3,6872.83,6866.43,6869.1,21882720,false,,false,,
2026-02-13 14:15:00,2026-02-13,14:15:00,6869.27,6869.74,6865.34,6869.22,18382250,false,,false,,
2026-02-13 14:20:00,2026-02-13,14:20:00,6869.27,6872.44,6867.94,6872.12,20313280,false,,false,,
2026-02-13 14:25:00,2026-02-13,14:25:00,6872.12,6872.28,6859.69,6861.84,27164550,false,,false,,
2026-02-13 14:30:00,2026-02-13,14:30:00,6861.94,6867.82,6861.64,6865.42,25257310,false,,false,,
2026-02-13 14:35:00,2026-02-13,14:35:00,6865.53,6866.73,6857.55,6859.51,22475980,false,,false,,
2026-02-13 14:40:00,2026-02-13,14:40:00,6859.61,6861.19,6852.73,6855.4,22513310,false,,false,,
2026-02-13 14:45:00,2026-02-13,14:45:00,6855.51,6860.91,6854.36,6857.19,21593150,false,,false,,
2026-02-13 14:50:00,2026-02-13,14:50:00,6857.44,6858.09,6850.62,6851.48,21897650,true,6850,true,6850,6850:from_above
2026-02-13 14:55:00,2026-02-13,14:55:00,6851.56,6854.15,6842.41,6842.81,30583510,true,6850,false,,
2026-02-13 15:00:00,2026-02-13,15:00:00,6842.85,6851.26,6842.85,6850.86,25682100,true,6850,false,,
2026-02-13 15:05:00,2026-02-13,15:05:00,6850.73,6851.52,6846.31,6849.77,27576850,true,6850,false,,
2026-02-13 15:10:00,2026-02-13,15:10:00,6849.93,6849.93,6840.45,6840.45,28614910,true,6850,false,,
2026-02-13 15:15:00,2026-02-13,15:15:00,6840.4,6844.88,6838.12,6844.88,33236600,false,,false,,
2026-02-13 15:20:00,2026-02-13,15:20:00,6844.75,6844.86,6836.19,6836.19,30501990,false,,false,,
2026-02-13 15:25:00,2026-02-13,15:25:00,6836.05,6837.27,6823,6825.64,35390290,false,,false,,
2026-02-13 15:30:00,2026-02-13,15:30:00,6825.42,6830.85,6821.51,6821.51,41604260,false,,false,,
2026-02-13 15:35:00,2026-02-13,15:35:00,6821.63,6824.99,6819.6,6822.51,38810420,false,,false,,
2026-02-13 15:40:00,2026-02-13,15:40:00,6822.52,6826.73,6817.62,6821.1,44868120,false,,false,,
2026-02-13 15:45:00,2026-02-13,15:45:00,6821.01,6832.26,6820.5,6831.32,56434530,false,,false,,
2026-02-13 15:50:00,2026-02-13,15:50:00,6831.18,6834.98,6822.98,6834.28,90032550,false,,false,,
2026-02-13 15:55:00,2026-02-13,15:55:00,6834.24,6836.99,6828,6835.07,205151330,false,,false,,
2026-02-13 16:00:00,2026-02-13,16:00:00,6835.71,6836.18,6835.71,6836.18,496575200,false,,false,,
2026-02-17 09:30:00,2026-02-17,09:30:00,6819.65,6837.7,6816.11,6834.64,168960837,false,,false,,
2026-02-17 09:35:00,2026-02-17,09:35:00,6834.56,6845.24,6832.23,6843.36,57981489,false,,false,,
2026-02-17 09:40:00,2026-02-17,09:40:00,6843,6844.77,6821.81,6824.37,52330564,false,,false,,
2026-02-17 09:45:00,2026-02-17,09:45:00,6824.47,6829.36,6814.65,6819.75,60993510,false,,false,,
2026-02-17 09:50:00,2026-02-17,09:50:00,6820.15,6822.33,6793.68,6794.94,52124500,true,6800,true,6800,6800:from_above
2026-02-17 09:55:00,2026-02-17,09:55:00,6795.14,6796.16,6783.33,6783.87,48935250,false,,false,,
2026-02-17 10:00:00,2026-02-17,10:00:00,6783.57,6799.52,6780.48,6799.52,46633380,true,6800,true,6800,6800:from_below
2026-02-17 10:05:00,2026-02-17,10:05:00,6799.39,6802.54,6791.56,6792.02,39948490,true,6800,false,,
2026-02-17 10:10:00,2026-02-17,10:10:00,6792.03,6796.87,6784.46,6787.58,43578520,false,,false,,
2026-02-17 10:15:00,2026-02-17,10:15:00,6787.62,6814.83,6786.66,6814.01,42476610,true,6800,true,6800,6800:from_below
2026-02-17 10:20:00,2026-02-17,10:20:00,6814.1,6814.41,6795.29,6796.16,39335970,true,6800,false,,
2026-02-17 10:25:00,2026-02-17,10:25:00,6796.29,6798.95,6785.7,6791.31,35501590,true,6800,false,,
2026-02-17 10:30:00,2026-02-17,10:30:00,6790.99,6793.02,6775.84,6777.89,33291270,false,,false,,
2026-02-17 10:35:00,2026-02-17,10:35:00,6777.97,6785.85,6775.7,6775.91,34078880,false,,false,,
2026-02-17 10:40:00,2026-02-17,10:40:00,6776.02,6783.91,6775.5,6783.42,33844900,false,,false,,
2026-02-17 10:45:00,2026-02-17,10:45:00,6783.39,6798.61,6782.78,6794.41,36512160,true,6800,true,6800,6800:from_below
2026-02-17 10:50:00,2026-02-17,10:50:00,6794.29,6799.39,6788.09,6796.95,32865060,true,6800,false,,
2026-02-17 10:55:00,2026-02-17,10:55:00,6796.91,6803.43,6794.51,6803.43,31621440,true,6800,false,,
2026-02-17 11:00:00,2026-02-17,11:00:00,6803.72,6815.85,6802.77,6813.34,35361210,false,,false,,
2026-02-17 11:05:00,2026-02-17,11:05:00,6813.32,6829.35,6812.91,6828.91,34098110,false,,false,,
2026-02-17 11:10:00,2026-02-17,11:10:00,6828.9,6843.33,6828.64,6840.85,35266100,false,,false,,
2026-02-17 11:15:00,2026-02-17,11:15:00,6840.86,6846.6,6837.79,6845.6,32197200,false,,false,,
2026-02-17 11:20:00,2026-02-17,11:20:00,6845.3,6849.56,6841.23,6848.5,31611620,true,6850,true,6850,6850:from_below
2026-02-17 11:25:00,2026-02-17,11:25:00,6848.49,6848.88,6833.73,6834.1,30840360,true,6850,false,,
2026-02-17 11:30:00,2026-02-17,11:30:00,6834.26,6836.47,6826.91,6836.11,32042100,false,,false,,
2026-02-17 11:35:00,2026-02-17,11:35:00,6835.74,6845.71,6834.09,6842.46,29667530,false,,false,,
2026-02-17 11:40:00,2026-02-17,11:40:00,6842.52,6843.15,6836.05,6836.05,24353370,false,,false,,
2026-02-17 11:45:00,2026-02-17,11:45:00,6836.06,6839.56,6833.58,6834.73,22746750,false,,false,,
2026-02-17 11:50:00,2026-02-17,11:50:00,6834.84,6842.36,6834.84,6842.36,21557850,false,,false,,
2026-02-17 11:55:00,2026-02-17,11:55:00,6842.23,6847.87,6839.2,6842.73,24953280,false,,false,,
2026-02-17 12:00:00,2026-02-17,12:00:00,6842.74,6843.08,6834.02,6838.02,23455050,false,,false,,
2026-02-17 12:05:00,2026-02-17,12:05:00,6837.99,6841.35,6835.18,6835.18,22359460,false,,false,,
2026-02-17 12:10:00,2026-02-17,12:10:00,6835.24,6836.55,6826.95,6830.84,23536220,false,,false,,
2026-02-17 12:15:00,2026-02-17,12:15:00,6830.71,6833.68,6828.09,6832.16,24401870,false,,false,,
2026-02-17 12:20:00,2026-02-17,12:20:00,6831.97,6832.77,6823.25,6828.78,24402860,false,,false,,
2026-02-17 12:25:00,2026-02-17,12:25:00,6828.84,6839.12,6828.11,6839.12,22778700,false,,false,,
2026-02-17 12:30:00,2026-02-17,12:30:00,6839.51,6840.79,6828.51,6835.52,25253880,false,,false,,
2026-02-17 12:35:00,2026-02-17,12:35:00,6835.37,6838.29,6832.56,6834.15,20855260,false,,false,,
2026-02-17 12:40:00,2026-02-17,12:40:00,6834.29,6834.29,6818.86,6818.86,26335790,false,,false,,
2026-02-17 12:45:00,2026-02-17,12:45:00,6818.79,6823.9,6814.14,6821.47,24570090,false,,false,,
2026-02-17 12:50:00,2026-02-17,12:50:00,6821.16,6824.78,6809.68,6812.48,23967800,false,,false,,
2026-02-17 12:55:00,2026-02-17,12:55:00,6812.53,6828.82,6811.53,6828.2,23417740,false,,false,,
2026-02-17 13:00:00,2026-02-17,13:00:00,6828.28,6829.12,6821.9,6825.25,20638780,false,,false,,
2026-02-17 13:05:00,2026-02-17,13:05:00,6825.38,6826.12,6819.46,6821.38,20030310,false,,false,,
2026-02-17 13:10:00,2026-02-17,13:10:00,6821.37,6825.44,6816.75,6821.46,20629190,false,,false,,
2026-02-17 13:15:00,2026-02-17,13:15:00,6821.56,6823.67,6817.63,6820.73,18459910,false,,false,,
2026-02-17 13:20:00,2026-02-17,13:20:00,6820.84,6842.83,6820.11,6838.78,32429490,false,,false,,
2026-02-17 13:25:00,2026-02-17,13:25:00,6838.57,6842.76,6832.99,6841.36,22444550,false,,false,,
2026-02-17 13:30:00,2026-02-17,13:30:00,6841.51,6846.98,6838.83,6845.29,25297010,false,,false,,
2026-02-17 13:35:00,2026-02-17,13:35:00,6845.27,6851.4,6841.24,6851.4,21330860,true,6850,true,6850,6850:from_below
2026-02-17 13:40:00,2026-02-17,13:40:00,6851.63,6858.59,6851.21,6854.27,22470210,true,6850,false,,
2026-02-17 13:45:00,2026-02-17,13:45:00,6854.33,6857.18,6853.29,6856.82,21718690,false,,false,,
2026-02-17 13:50:00,2026-02-17,13:50:00,6856.8,6861.96,6854.99,6861.59,22351270,false,,false,,
2026-02-17 13:55:00,2026-02-17,13:55:00,6861.79,6865.17,6857.17,6858.49,21473520,false,,false,,
2026-02-17 14:00:00,2026-02-17,14:00:00,6858.88,6862.4,6857.06,6861.56,22158940,false,,false,,
2026-02-17 14:05:00,2026-02-17,14:05:00,6861.59,6862.83,6856.89,6857.83,23619950,false,,false,,
2026-02-17 14:10:00,2026-02-17,14:10:00,6857.96,6860.15,6854.61,6860,23232020,false,,false,,
2026-02-17 14:15:00,2026-02-17,14:15:00,6860.06,6860.39,6856.47,6857.15,21041280,false,,false,,
2026-02-17 14:20:00,2026-02-17,14:20:00,6857.14,6863.85,6856.52,6863.6,21125620,false,,false,,
2026-02-17 14:25:00,2026-02-17,14:25:00,6863.35,6863.56,6856.97,6857.11,25192700,false,,false,,
2026-02-17 14:30:00,2026-02-17,14:30:00,6857.55,6863.81,6856.38,6863.81,24355890,false,,false,,
2026-02-17 14:35:00,2026-02-17,14:35:00,6864.16,6866.73,6861,6863.14,23038590,false,,false,,
2026-02-17 14:40:00,2026-02-17,14:40:00,6863.28,6866.99,6862.65,6865.42,23233050,false,,false,,
2026-02-17 14:45:00,2026-02-17,14:45:00,6865.53,6865.53,6861.68,6861.7,21947910,false,,false,,
2026-02-17 14:50:00,2026-02-17,14:50:00,6861.86,6861.91,6854.04,6857.43,24682080,false,,false,,
2026-02-17 14:55:00,2026-02-17,14:55:00,6857.38,6858.05,6852.51,6853.6,23370180,false,,false,,
2026-02-17 15:00:00,2026-02-17,15:00:00,6853.71,6858.91,6853.04,6855.84,25420050,false,,false,,
2026-02-17 15:05:00,2026-02-17,15:05:00,6855.91,6856.56,6851.6,6852.05,22795920,true,6850,true,6850,6850:from_above
2026-02-17 15:10:00,2026-02-17,15:10:00,6852.13,6853.11,6850.07,6853.11,24864370,true,6850,false,,
2026-02-17 15:15:00,2026-02-17,15:15:00,6853.2,6855.13,6849.01,6849.01,27743900,true,6850,false,,
2026-02-17 15:20:00,2026-02-17,15:20:00,6849.24,6851.27,6845.05,6846.13,29695000,true,6850,false,,
2026-02-17 15:25:00,2026-02-17,15:25:00,6846.04,6849.05,6845.32,6847.04,29831440,true,6850,false,,
2026-02-17 15:30:00,2026-02-17,15:30:00,6846.94,6846.94,6839.29,6842.25,37032790,false,,false,,
2026-02-17 15:35:00,2026-02-17,15:35:00,6841.88,6843.21,6838.39,6839.65,36598630,false,,false,,
2026-02-17 15:40:00,2026-02-17,15:40:00,6839.69,6850.52,6839.35,6848.36,41552590,true,6850,true,6850,6850:from_below
2026-02-17 15:45:00,2026-02-17,15:45:00,6848.08,6848.34,6843.78,6846.11,48547410,true,6850,false,,
2026-02-17 15:50:00,2026-02-17,15:50:00,6845.89,6849.37,6839.05,6841.78,87426850,true,6850,false,,
2026-02-17 15:55:00,2026-02-17,15:55:00,6841.77,6844.99,6837.74,6844.99,209893230,false,,false,,
2026-02-17 16:00:00,2026-02-17,16:00:00,6844.1,6844.1,6843.21,6843.21,470231600,false,,false,,
2026-02-18 09:30:00,2026-02-18,09:30:00,6859.82,6862.33,6849.66,6853.39,137282279,true,6850,true,6850,6850:from_below
2026-02-18 09:35:00,2026-02-18,09:35:00,6853.72,6864.32,6851.31,6860.87,54676242,true,6850,false,,
2026-02-18 09:40:00,2026-02-18,09:40:00,6860.62,6872.69,6858.91,6869.31,48363215,false,,false,,
2026-02-18 09:45:00,2026-02-18,09:45:00,6869.31,6871.05,6855.41,6855.82,49688984,false,,false,,
2026-02-18 09:50:00,2026-02-18,09:50:00,6856.09,6871.88,6855.05,6871.19,46174230,false,,false,,
2026-02-18 09:55:00,2026-02-18,09:55:00,6871.01,6882.2,6870.32,6880.24,41175930,false,,false,,
2026-02-18 10:00:00,2026-02-18,10:00:00,6880.71,6894.35,6880.09,6894.21,48149600,false,,false,,
2026-02-18 10:05:00,2026-02-18,10:05:00,6894.31,6899.33,6890.88,6893.16,42709460,true,6900,true,6900,6900:from_below
2026-02-18 10:10:00,2026-02-18,10:10:00,6892.68,6896.84,6888.92,6896.51,37577410,false,,false,,
2026-02-18 10:15:00,2026-02-18,10:15:00,6896.42,6902.99,6895.71,6897.64,40718560,true,6900,true,6900,6900:from_below
2026-02-18 10:20:00,2026-02-18,10:20:00,6897.7,6900.09,6895.35,6895.54,35507560,true,6900,false,,
2026-02-18 10:25:00,2026-02-18,10:25:00,6895.52,6898.71,6893.68,6897.07,33974760,true,6900,false,,
2026-02-18 10:30:00,2026-02-18,10:30:00,6897.22,6897.55,6891.95,6892.1,33154230,false,,false,,
2026-02-18 10:35:00,2026-02-18,10:35:00,6892.09,6899.09,6891.83,6898.74,32477560,true,6900,true,6900,6900:from_below
2026-02-18 10:40:00,2026-02-18,10:40:00,6899.05,6903.11,6898.06,6901.38,32326270,true,6900,false,,
2026-02-18 10:45:00,2026-02-18,10:45:00,6901.52,6904.54,6899.36,6901.92,30135060,true,6900,false,,
2026-02-18 10:50:00,2026-02-18,10:50:00,6902.08,6903.51,6899.1,6902.9,28664060,true,6900,false,,
2026-02-18 10:55:00,2026-02-18,10:55:00,6903.16,6905.73,6902.49,6903.88,30391800,false,,false,,
2026-02-18 11:00:00,2026-02-18,11:00:00,6903.92,6904.39,6901.05,6904.06,30396670,true,6900,true,6900,6900:from_above
2026-02-18 11:05:00,2026-02-18,11:05:00,6904.1,6907.85,6901.74,6902.08,30520430,true,6900,false,,
2026-02-18 11:10:00,2026-02-18,11:10:00,6902.36,6904.34,6901.37,6902.47,28325690,true,6900,false,,
2026-02-18 11:15:00,2026-02-18,11:15:00,6902.48,6905,6900.32,6900.32,24999880,true,6900,false,,
2026-02-18 11:20:00,2026-02-18,11:20:00,6900.54,6901.85,6898.76,6901.27,24752970,true,6900,false,,
2026-02-18 11:25:00,2026-02-18,11:25:00,6901.39,6902.1,6898.89,6900.6,24369490,true,6900,false,,
2026-02-18 11:30:00,2026-02-18,11:30:00,6900.66,6905.59,6899.95,6902.87,24143260,true,6900,false,,
2026-02-18 11:35:00,2026-02-18,11:35:00,6902.99,6904.05,6901.62,6903.78,23320280,true,6900,false,,
2026-02-18 11:40:00,2026-02-18,11:40:00,6903.83,6904.89,6901.72,6902.19,24599480,true,6900,false,,
2026-02-18 11:45:00,2026-02-18,11:45:00,6902,6903.13,6899.37,6899.38,24609280,true,6900,false,,
2026-02-18 11:50:00,2026-02-18,11:50:00,6899.46,6900.61,6894.81,6895.81,22658320,true,6900,false,,
2026-02-18 11:55:00,2026-02-18,11:55:00,6895.62,6897.78,6893.36,6893.8,21498170,false,,false,,
2026-02-18 12:00:00,2026-02-18,12:00:00,6893.92,6899.76,6892.68,6899.7,23634970,true,6900,true,6900,6900:from_below
2026-02-18 12:05:00,2026-02-18,12:05:00,6899.8,6906.89,6899.73,6902.84,22386550,true,6900,false,,
2026-02-18 12:10:00,2026-02-18,12:10:00,6902.87,6903.85,6898.36,6900.75,18650810,true,6900,false,,
2026-02-18 12:15:00,2026-02-18,12:15:00,6900.63,6904.27,6899.51,6904.13,19890870,true,6900,false,,
2026-02-18 12:20:00,2026-02-18,12:20:00,6904.13,6904.63,6902.99,6903.11,18234130,false,,false,,
2026-02-18 12:25:00,2026-02-18,12:25:00,6903.11,6903.11,6900.07,6900.51,18560370,true,6900,true,6900,6900:from_above
2026-02-18 12:30:00,2026-02-18,12:30:00,6900.52,6902.2,6897.4,6897.67,17518230,true,6900,false,,
2026-02-18 12:35:00,2026-02-18,12:35:00,6897.76,6900.91,6897.74,6900.53,18592160,true,6900,false,,
2026-02-18 12:40:00,2026-02-18,12:40:00,6900.58,6900.58,6897.65,6898.82,17311140,true,6900,false,,
2026-02-18 12:45:00,2026-02-18,12:45:00,6898.85,6901.8,6898.11,6900.48,18962420,true,6900,false,,
2026-02-18 12:50:00,2026-02-18,12:50:00,6900.44,6905.06,6900.32,6904.98,18161400,true,6900,false,,
2026-02-18 12:55:00,2026-02-18,12:55:00,6904.89,6905.84,6901.92,6902.73,17920830,true,6900,false,,
2026-02-18 13:00:00,2026-02-18,13:00:00,6903.02,6909.12,6902.94,6905.87,21246710,false,,false,,
2026-02-18 13:05:00,2026-02-18,13:05:00,6905.86,6906.04,6902.85,6903.21,19056540,false,,false,,
2026-02-18 13:10:00,2026-02-18,13:10:00,6903.27,6904.4,6902.15,6903.15,20733430,false,,false,,
2026-02-18 13:15:00,2026-02-18,13:15:00,6903.12,6905.55,6903.02,6903.34,18919250,false,,false,,
2026-02-18 13:20:00,2026-02-18,13:20:00,6903.43,6903.67,6899.35,6899.57,17747970,true,6900,true,6900,6900:from_above
2026-02-18 13:25:00,2026-02-18,13:25:00,6899.56,6900.63,6893.71,6895.86,23501280,true,6900,false,,
2026-02-18 13:30:00,2026-02-18,13:30:00,6895.95,6897.55,6893.02,6895.81,19758740,false,,false,,
2026-02-18 13:35:00,2026-02-18,13:35:00,6895.78,6898.29,6894.87,6894.9,20832870,true,6900,true,6900,6900:from_below
2026-02-18 13:40:00,2026-02-18,13:40:00,6894.91,6895.18,6885.03,6888.74,25313290,false,,false,,
2026-02-18 13:45:00,2026-02-18,13:45:00,6888.77,6893.49,6888.11,6889.78,22370570,false,,false,,
2026-02-18 13:50:00,2026-02-18,13:50:00,6889.82,6889.87,6879.33,6887.87,23211450,false,,false,,
2026-02-18 13:55:00,2026-02-18,13:55:00,6887.49,6888.8,6885.37,6888,23441860,false,,false,,
2026-02-18 14:00:00,2026-02-18,14:00:00,6887.69,6891.28,6884.12,6891.27,25108150,false,,false,,
2026-02-18 14:05:00,2026-02-18,14:05:00,6891.24,6891.68,6885.26,6885.41,22939410,false,,false,,
2026-02-18 14:10:00,2026-02-18,14:10:00,6885.18,6888.47,6882.52,6882.61,22655270,false,,false,,
2026-02-18 14:15:00,2026-02-18,14:15:00,6882.71,6882.98,6879.25,6880.11,24370380,false,,false,,
2026-02-18 14:20:00,2026-02-18,14:20:00,6880.05,6886.84,6880.04,6884.82,23948010,false,,false,,
2026-02-18 14:25:00,2026-02-18,14:25:00,6884.91,6886.71,6881.19,6882.23,25161970,false,,false,,
2026-02-18 14:30:00,2026-02-18,14:30:00,6882.24,6883.93,6875.54,6877.42,27820100,false,,false,,
2026-02-18 14:35:00,2026-02-18,14:35:00,6877.22,6877.22,6867,6870.15,26338690,false,,false,,
2026-02-18 14:40:00,2026-02-18,14:40:00,6870.07,6874.32,6868.84,6869.96,24419530,false,,false,,
2026-02-18 14:45:00,2026-02-18,14:45:00,6870,6875.48,6869.31,6871.29,23741270,false,,false,,
2026-02-18 14:50:00,2026-02-18,14:50:00,6871.05,6871.74,6866.31,6867.07,23850290,false,,false,,
2026-02-18 14:55:00,2026-02-18,14:55:00,6867.05,6867.1,6858.67,6863.16,30817470,false,,false,,
2026-02-18 15:00:00,2026-02-18,15:00:00,6863.53,6871.36,6863.53,6868.13,29236980,false,,false,,
2026-02-18 15:05:00,2026-02-18,15:05:00,6867.98,6868.28,6862.99,6863.46,28155000,false,,false,,
2026-02-18 15:10:00,2026-02-18,15:10:00,6863.45,6864.58,6859.51,6861.85,28191100,false,,false,,
2026-02-18 15:15:00,2026-02-18,15:15:00,6861.89,6864.1,6857.46,6861.34,27963280,false,,false,,
2026-02-18 15:20:00,2026-02-18,15:20:00,6861.3,6861.46,6857.64,6861.36,26895330,false,,false,,
2026-02-18 15:25:00,2026-02-18,15:25:00,6861.67,6861.92,6858.85,6860.08,31911470,false,,false,,
2026-02-18 15:30:00,2026-02-18,15:30:00,6859.95,6869.65,6859.54,6869.32,37434080,false,,false,,
2026-02-18 15:35:00,2026-02-18,15:35:00,6869.18,6873.69,6867.86,6873.12,39085850,false,,false,,
2026-02-18 15:40:00,2026-02-18,15:40:00,6873.28,6876.41,6871.68,6874.81,41211000,false,,false,,
2026-02-18 15:45:00,2026-02-18,15:45:00,6874.76,6883.01,6873.25,6881.73,52558440,false,,false,,
2026-02-18 15:50:00,2026-02-18,15:50:00,6882.08,6889.74,6881.01,6888.52,84710330,false,,false,,
2026-02-18 15:55:00,2026-02-18,15:55:00,6888.62,6888.62,6878.73,6878.98,216606870,false,,false,,
2026-02-18 16:00:00,2026-02-18,16:00:00,6880.28,6881.33,6880.28,6881.32,474774660,false,,false,,
2026-02-19 09:30:00,2026-02-19,09:30:00,6854.81,6862.43,6853.99,6857.14,139103941,false,,false,,
2026-02-19 09:35:00,2026-02-19,09:35:00,6857.34,6857.75,6842.82,6854.08,52838182,true,6850,true,6850,6850:from_above
2026-02-19 09:40:00,2026-02-19,09:40:00,6854.05,6865.22,6847.51,6864.32,50127827,true,6850,false,,
2026-02-19 09:45:00,2026-02-19,09:45:00,6864.01,6864.01,6849.97,6858.84,50794780,true,6850,false,,
2026-02-19 09:50:00,2026-02-19,09:50:00,6858.65,6869.88,6858.65,6866.17,41349940,false,,false,,
2026-02-19 09:55:00,2026-02-19,09:55:00,6866.08,6875.99,6865.75,6867.37,37543420,false,,false,,
2026-02-19 10:00:00,2026-02-19,10:00:00,6867.33,6879.12,6861.24,6872.56,43429400,false,,false,,
2026-02-19 10:05:00,2026-02-19,10:05:00,6872.55,6873.54,6861.09,6861.52,36071720,false,,false,,
2026-02-19 10:10:00,2026-02-19,10:10:00,6861.45,6865.63,6858.19,6858.66,33979550,false,,false,,
2026-02-19 10:15:00,2026-02-19,10:15:00,6858.83,6869.34,6858.61,6865.41,35568720,false,,false,,
2026-02-19 10:20:00,2026-02-19,10:20:00,6865.55,6869.81,6859.41,6869.53,35880280,false,,false,,
2026-02-19 10:25:00,2026-02-19,10:25:00,6869.68,6869.68,6855.93,6856.6,30474710,false,,false,,
2026-02-19 10:30:00,2026-02-19,10:30:00,6856.5,6874.08,6855.2,6873.82,31569460,false,,false,,
2026-02-19 10:35:00,2026-02-19,10:35:00,6873.98,6874.91,6870.1,6871.56,29619910,false,,false,,
2026-02-19 10:40:00,2026-02-19,10:40:00,6871.8,6875.34,6870.31,6872.25,27632260,false,,false,,
2026-02-19 10:45:00,2026-02-19,10:45:00,6872.14,6873.99,6869.01,6870.94,30118770,false,,false,,
2026-02-19 10:50:00,2026-02-19,10:50:00,6871.14,6871.14,6859.87,6860.49,31111030,false,,false,,
2026-02-19 10:55:00,2026-02-19,10:55:00,6860.5,6871.23,6860.17,6869.94,27432960,false,,false,,
2026-02-19 11:00:00,2026-02-19,11:00:00,6869.91,6872.38,6863.05,6863.97,26554580,false,,false,,
2026-02-19 11:05:00,2026-02-19,11:05:00,6863.82,6864.14,6856.52,6863.47,26741480,false,,false,,
2026-02-19 11:10:00,2026-02-19,11:10:00,6863.68,6866.36,6860.27,6865.08,24754580,false,,false,,
2026-02-19 11:15:00,2026-02-19,11:15:00,6865.47,6874.12,6865.36,6872.9,27989870,false,,false,,
2026-02-19 11:20:00,2026-02-19,11:20:00,6872.75,6874.99,6870.99,6872.25,28468410,false,,false,,
2026-02-19 11:25:00,2026-02-19,11:25:00,6872.33,6873.34,6858.4,6858.64,27731470,false,,false,,
2026-02-19 11:30:00,2026-02-19,11:30:00,6858.64,6869.17,6858.64,6868.87,26775820,false,,false,,
2026-02-19 11:35:00,2026-02-19,11:35:00,6868.86,6869.19,6861.4,6863.87,23501040,false,,false,,
2026-02-19 11:40:00,2026-02-19,11:40:00,6863.69,6864.19,6853.15,6853.47,23734000,false,,false,,
2026-02-19 11:45:00,2026-02-19,11:45:00,6853.34,6856.79,6847.36,6848.68,22900870,true,6850,true,6850,6850:from_above
2026-02-19 11:50:00,2026-02-19,11:50:00,6848.92,6857.57,6844.68,6856.94,25997130,true,6850,false,,
2026-02-19 11:55:00,2026-02-19,11:55:00,6857.12,6857.53,6851.55,6852.56,23514530,true,6850,false,,
2026-02-19 12:00:00,2026-02-19,12:00:00,6852.53,6853.46,6845.83,6847.42,22307830,true,6850,false,,
2026-02-19 12:05:00,2026-02-19,12:05:00,6847.29,6851.57,6844.48,6847.41,21489500,true,6850,false,,
2026-02-19 12:10:00,2026-02-19,12:10:00,6847.5,6852.77,6846.57,6852.47,19629500,true,6850,false,,
2026-02-19 12:15:00,2026-02-19,12:15:00,6852.5,6858.82,6850.05,6858.05,20726720,true,6850,false,,
2026-02-19 12:20:00,2026-02-19,12:20:00,6858.06,6864.04,6856.81,6861.95,20327360,false,,false,,
2026-02-19 12:25:00,2026-02-19,12:25:00,6861.95,6862.02,6854.99,6856.37,19590490,false,,false,,
2026-02-19 12:30:00,2026-02-19,12:30:00,6856.34,6858.38,6854.95,6855.85,19391190,false,,false,,
2026-02-19 12:35:00,2026-02-19,12:35:00,6855.79,6857.97,6851.92,6855.33,22743850,true,6850,true,6850,6850:from_above
2026-02-19 12:40:00,2026-02-19,12:40:00,6855.03,6858.92,6854.32,6854.83,21456590,false,,false,,
2026-02-19 12:45:00,2026-02-19,12:45:00,6854.78,6854.97,6841.17,6843.91,22627100,true,6850,true,6850,6850:from_above
2026-02-19 12:50:00,2026-02-19,12:50:00,6843.64,6848.75,6839.88,6842.67,21370120,true,6850,false,,
2026-02-19 12:55:00,2026-02-19,12:55:00,6842.89,6847.27,6838.78,6840.74,21472460,false,,false,,
2026-02-19 13:00:00,2026-02-19,13:00:00,6841.04,6842.26,6838.17,6838.55,19799910,false,,false,,
2026-02-19 13:05:00,2026-02-19,13:05:00,6838.24,6843.69,6838.24,6843.69,19559260,false,,false,,
2026-02-19 13:10:00,2026-02-19,13:10:00,6843.6,6850.8,6841.35,6849.92,20725370,true,6850,true,6850,6850:from_below
2026-02-19 13:15:00,2026-02-19,13:15:00,6849.98,6849.98,6837.58,6837.91,20582870,true,6850,false,,
2026-02-19 13:20:00,2026-02-19,13:20:00,6837.92,6841.02,6833.06,6840.62,20722350,false,,false,,
2026-02-19 13:25:00,2026-02-19,13:25:00,6840.68,6843.98,6837.65,6841.07,21242050,false,,false,,
2026-02-19 13:30:00,2026-02-19,13:30:00,6841.16,6844.6,6837.85,6838.62,22005290,false,,false,,
2026-02-19 13:35:00,2026-02-19,13:35:00,6838.75,6842.32,6837.72,6842.08,18435050,false,,false,,
2026-02-19 13:40:00,2026-02-19,13:40:00,6842.18,6844.91,6839.78,6844.16,18920230,false,,false,,
2026-02-19 13:45:00,2026-02-19,13:45:00,6844.08,6851.09,6844.07,6850.43,20677210,true,6850,true,6850,6850:from_below
2026-02-19 13:50:00,2026-02-19,13:50:00,6850.24,6852.03,6847.18,6850.26,18286040,true,6850,false,,
2026-02-19 13:55:00,2026-02-19,13:55:00,6850.24,6854.96,6848.47,6854.55,19462440,true,6850,false,,
2026-02-19 14:00:00,2026-02-19,14:00:00,6854.42,6855.12,6851.13,6852.55,21088660,true,6850,false,,
2026-02-19 14:05:00,2026-02-19,14:05:00,6852.61,6857.2,6852.03,6856.77,20670060,false,,false,,
2026-02-19 14:10:00,2026-02-19,14:10:00,6856.82,6857.07,6852.07,6853.6,23522070,false,,false,,
2026-02-19 14:15:00,2026-02-19,14:15:00,6853.66,6856.7,6853.28,6856.58,21234460,false,,false,,
2026-02-19 14:20:00,2026-02-19,14:20:00,6856.58,6857.26,6854.09,6856.76,21100060,false,,false,,
2026-02-19 14:25:00,2026-02-19,14:25:00,6856.77,6857.1,6847.9,6849.41,26796010,true,6850,true,6850,6850:from_above
2026-02-19 14:30:00,2026-02-19,14:30:00,6849.39,6852.09,6848.89,6850.48,22454930,true,6850,false,,
2026-02-19 14:35:00,2026-02-19,14:35:00,6850.44,6850.55,6837.91,6837.91,23918990,true,6850,false,,
2026-02-19 14:40:00,2026-02-19,14:40:00,6837.87,6842.41,6836.86,6841.89,23430660,false,,false,,
2026-02-19 14:45:00,2026-02-19,14:45:00,6841.99,6843.78,6838.54,6841.77,21533890,false,,false,,
2026-02-19 14:50:00,2026-02-19,14:50:00,6841.8,6845.66,6840.33,6841.9,23446890,false,,false,,
2026-02-19 14:55:00,2026-02-19,14:55:00,6841.79,6844.89,6841.66,6842.57,24483270,false,,false,,
2026-02-19 15:00:00,2026-02-19,15:00:00,6842.57,6851.52,6842.45,6849.9,25084360,true,6850,true,6850,6850:from_below
2026-02-19 15:05:00,2026-02-19,15:05:00,6849.89,6849.89,6846.77,6846.96,23029770,true,6850,false,,
2026-02-19 15:10:00,2026-02-19,15:10:00,6847.16,6849.35,6845.76,6848.56,24835220,true,6850,false,,
2026-02-19 15:15:00,2026-02-19,15:15:00,6848.45,6848.9,6843.75,6848.82,29997770,true,6850,false,,
2026-02-19 15:20:00,2026-02-19,15:20:00,6849,6849.88,6845.9,6846.33,27284830,true,6850,false,,
2026-02-19 15:25:00,2026-02-19,15:25:00,6846.44,6847.06,6844.97,6845.58,28116570,false,,false,,
2026-02-19 15:30:00,2026-02-19,15:30:00,6845.56,6852.42,6845.25,6850.05,35778890,true,6850,true,6850,6850:from_below
2026-02-19 15:35:00,2026-02-19,15:35:00,6850.14,6851.19,6847.77,6849.13,34153370,true,6850,false,,
2026-02-19 15:40:00,2026-02-19,15:40:00,6849.02,6850.5,6846.53,6850.12,37593760,true,6850,false,,
2026-02-19 15:45:00,2026-02-19,15:45:00,6850.1,6856.68,6849.46,6855.77,49448320,true,6850,false,,
2026-02-19 15:50:00,2026-02-19,15:50:00,6855.75,6857.18,6852.56,6856.14,79202600,false,,false,,
2026-02-19 15:55:00,2026-02-19,15:55:00,6856.12,6861.72,6854.51,6861.64,189462600,false,,false,,
2026-02-19 16:00:00,2026-02-19,16:00:00,6861.95,6861.95,6861.84,6861.88,405896370,false,,false,,
2026-02-20 09:30:00,2026-02-20,09:30:00,6841.74,6852.08,6836.33,6850.81,157793497,true,6850,true,6850,6850:from_above
2026-02-20 09:35:00,2026-02-20,09:35:00,6850.66,6860.32,6848.31,6855.11,51586696,true,6850,false,,
2026-02-20 09:40:00,2026-02-20,09:40:00,6855.51,6869.98,6853.15,6864.27,43798589,false,,false,,
2026-02-20 09:45:00,2026-02-20,09:45:00,6864.65,6867.67,6857.74,6858.17,42034648,false,,false,,
2026-02-20 09:50:00,2026-02-20,09:50:00,6857.96,6859.45,6851.77,6857.56,42541450,true,6850,true,6850,6850:from_above
2026-02-20 09:55:00,2026-02-20,09:55:00,6857.55,6866.93,6855.41,6865.76,33992240,false,,false,,
2026-02-20 10:00:00,2026-02-20,10:00:00,6865.15,6909.87,6865.15,6886.03,78550030,true,6900,true,6900,6900:from_below
2026-02-20 10:05:00,2026-02-20,10:05:00,6886.43,6888.27,6864.1,6886.72,57773530,false,,false,,
2026-02-20 10:10:00,2026-02-20,10:10:00,6886.79,6895.8,6871.09,6871.09,47986940,false,,false,,
2026-02-20 10:15:00,2026-02-20,10:15:00,6871.54,6888.88,6859.63,6881.77,47146250,false,,false,,
2026-02-20 10:20:00,2026-02-20,10:20:00,6882.47,6895.42,6881.81,6890.6,37377090,false,,false,,
2026-02-20 10:25:00,2026-02-20,10:25:00,6890.55,6896.7,6881.67,6884.41,37714940,false,,false,,
2026-02-20 10:30:00,2026-02-20,10:30:00,6884.1,6888.93,6872.76,6878.36,37256150,false,,false,,
2026-02-20 10:35:00,2026-02-20,10:35:00,6877.96,6890.28,6873.98,6888.95,29684070,false,,false,,
2026-02-20 10:40:00,2026-02-20,10:40:00,6889.1,6897.99,6878.35,6897.99,37379770,false,,false,,
2026-02-20 10:45:00,2026-02-20,10:45:00,6897.69,6903.49,6890.82,6898.81,34089390,true,6900,true,6900,6900:from_below
2026-02-20 10:50:00,2026-02-20,10:50:00,6898.92,6907.07,6893.83,6905.19,34083450,true,6900,false,,
2026-02-20 10:55:00,2026-02-20,10:55:00,6905.58,6908.04,6902.97,6905.87,33023330,false,,false,,
2026-02-20 11:00:00,2026-02-20,11:00:00,6905.84,6908.83,6901.17,6906.06,34339080,true,6900,true,6900,6900:from_above
2026-02-20 11:05:00,2026-02-20,11:05:00,6906.13,6906.13,6900.45,6901.11,29610760,true,6900,false,,
2026-02-20 11:10:00,2026-02-20,11:10:00,6901.08,6904.86,6896.78,6897.12,30273040,true,6900,false,,
2026-02-20 11:15:00,2026-02-20,11:15:00,6897.1,6899.06,6887.34,6892.69,31141980,true,6900,false,,
2026-02-20 11:20:00,2026-02-20,11:20:00,6893.07,6893.07,6884.67,6886.64,27587410,false,,false,,
2026-02-20 11:25:00,2026-02-20,11:25:00,6886.65,6886.67,6878.6,6878.75,29017570,false,,false,,
2026-02-20 11:30:00,2026-02-20,11:30:00,6878.73,6891.52,6876.35,6889.84,30017150,false,,false,,
2026-02-20 11:35:00,2026-02-20,11:35:00,6890.02,6898.03,6885.44,6897.87,26748920,true,6900,true,6900,6900:from_below
2026-02-20 11:40:00,2026-02-20,11:40:00,6898.01,6905.41,6895.85,6901.85,25941520,true,6900,false,,
2026-02-20 11:45:00,2026-02-20,11:45:00,6901.89,6907.65,6901.56,6907.2,23391640,true,6900,false,,
2026-02-20 11:50:00,2026-02-20,11:50:00,6907.21,6908.11,6902.51,6906.6,21817490,false,,false,,
2026-02-20 11:55:00,2026-02-20,11:55:00,6906.52,6907.31,6901.51,6902.04,23520900,true,6900,true,6900,6900:from_above
2026-02-20 12:00:00,2026-02-20,12:00:00,6902.27,6904.7,6896.3,6896.34,21210890,true,6900,false,,
2026-02-20 12:05:00,2026-02-20,12:05:00,6896.33,6896.74,6887.85,6887.85,20076300,false,,false,,
2026-02-20 12:10:00,2026-02-20,12:10:00,6888.07,6888.14,6878.48,6878.86,26817770,false,,false,,
2026-02-20 12:15:00,2026-02-20,12:15:00,6878.55,6878.55,6865.9,6867.44,27515640,false,,false,,
2026-02-20 12:20:00,2026-02-20,12:20:00,6867.5,6869.03,6859.23,6859.23,25068690,false,,false,,
2026-02-20 12:25:00,2026-02-20,12:25:00,6859.31,6868.04,6858.52,6868.04,27434330,false,,false,,
2026-02-20 12:30:00,2026-02-20,12:30:00,6868.29,6877.21,6867.37,6874.21,23965850,false,,false,,
2026-02-20 12:35:00,2026-02-20,12:35:00,6874.22,6877.13,6867,6876.46,27380650,false,,false,,
2026-02-20 12:40:00,2026-02-20,12:40:00,6876.29,6877.97,6871.94,6876.68,21833930,false,,false,,
2026-02-20 12:45:00,2026-02-20,12:45:00,6876.69,6885.48,6874.59,6885.12,25814850,false,,false,,
2026-02-20 12:50:00,2026-02-20,12:50:00,6884.97,6892.74,6881.44,6890.8,23987950,false,,false,,
2026-02-20 12:55:00,2026-02-20,12:55:00,6890.93,6892.81,6880.42,6891.47,26314340,false,,false,,
2026-02-20 13:00:00,2026-02-20,13:00:00,6891.49,6893.98,6887.29,6887.29,21605580,false,,false,,
2026-02-20 13:05:00,2026-02-20,13:05:00,6887.21,6893.66,6886.26,6889.17,20380420,false,,false,,
2026-02-20 13:10:00,2026-02-20,13:10:00,6889.19,6889.19,6883.67,6886.95,32082190,false,,false,,
2026-02-20 13:15:00,2026-02-20,13:15:00,6887.12,6887.26,6880.71,6884.25,25549740,false,,false,,
2026-02-20 13:20:00,2026-02-20,13:20:00,6884.09,6887.67,6876.24,6885.7,29253040,false,,false,,
2026-02-20 13:25:00,2026-02-20,13:25:00,6885.6,6886.72,6879.29,6883.13,24334320,false,,false,,
2026-02-20 13:30:00,2026-02-20,13:30:00,6882.91,6903.91,6876.25,6894.74,33359450,true,6900,true,6900,6900:from_below
2026-02-20 13:35:00,2026-02-20,13:35:00,6894.88,6900.38,6882.07,6893.82,31762770,true,6900,false,,
2026-02-20 13:40:00,2026-02-20,13:40:00,6894.16,6905.86,6894.1,6903.9,26635340,true,6900,false,,
2026-02-20 13:45:00,2026-02-20,13:45:00,6903.87,6915.86,6903.87,6908.64,26622140,false,,false,,
2026-02-20 13:50:00,2026-02-20,13:50:00,6908.52,6911.91,6901.7,6910.99,26838460,true,6900,true,6900,6900:from_above
2026-02-20 13:55:00,2026-02-20,13:55:00,6911.04,6912.29,6908.16,6909.67,21559280,false,,false,,
2026-02-20 14:00:00,2026-02-20,14:00:00,6909.81,6914.05,6909.61,6911.41,24270340,false,,false,,
2026-02-20 14:05:00,2026-02-20,14:05:00,6911.29,6911.33,6905.17,6907.49,21542350,false,,false,,
2026-02-20 14:10:00,2026-02-20,14:10:00,6907.56,6907.96,6901.14,6901.56,20732180,true,6900,true,6900,6900:from_above
2026-02-20 14:15:00,2026-02-20,14:15:00,6901.54,6902.26,6899.54,6900.28,21296700,true,6900,false,,
2026-02-20 14:20:00,2026-02-20,14:20:00,6900.61,6906.23,6899.82,6903.61,19563900,true,6900,false,,
2026-02-20 14:25:00,2026-02-20,14:25:00,6903.66,6904.32,6899.31,6902.13,22635890,true,6900,false,,
2026-02-20 14:30:00,2026-02-20,14:30:00,6902.06,6907.46,6902.06,6904.28,21850120,false,,false,,
2026-02-20 14:35:00,2026-02-20,14:35:00,6904.48,6905.03,6900.83,6901.25,21034550,true,6900,true,6900,6900:from_above
2026-02-20 14:40:00,2026-02-20,14:40:00,6901.16,6902.95,6896.93,6897.28,21285940,true,6900,false,,
2026-02-20 14:45:00,2026-02-20,14:45:00,6897.28,6898.4,6895.32,6896.95,21222460,true,6900,false,,
2026-02-20 14:50:00,2026-02-20,14:50:00,6897.04,6902.66,6896.82,6898.16,21685200,true,6900,false,,
2026-02-20 14:55:00,2026-02-20,14:55:00,6898.1,6900.34,6896.2,6897.22,25171890,true,6900,false,,
2026-02-20 15:00:00,2026-02-20,15:00:00,6897.16,6904.48,6897.16,6902.62,25424050,true,6900,false,,
2026-02-20 15:05:00,2026-02-20,15:05:00,6902.79,6909.43,6902.78,6906.84,35088430,false,,false,,
2026-02-20 15:10:00,2026-02-20,15:10:00,6906.96,6908.29,6904.7,6908.13,30499450,false,,false,,
2026-02-20 15:15:00,2026-02-20,15:15:00,6908.06,6908.15,6902.64,6902.84,30071530,false,,false,,
2026-02-20 15:20:00,2026-02-20,15:20:00,6902.58,6903.2,6899.53,6901.62,30753100,true,6900,true,6900,6900:from_above
2026-02-20 15:25:00,2026-02-20,15:25:00,6901.51,6902.09,6898.1,6900.26,30783770,true,6900,false,,
2026-02-20 15:30:00,2026-02-20,15:30:00,6900.39,6903.73,6900.03,6901.44,33830560,true,6900,false,,
2026-02-20 15:35:00,2026-02-20,15:35:00,6901.51,6903.92,6899.71,6903.62,33492980,true,6900,false,,
2026-02-20 15:40:00,2026-02-20,15:40:00,6903.69,6907.18,6902.97,6907.18,38693300,false,,false,,
2026-02-20 15:45:00,2026-02-20,15:45:00,6907.29,6907.75,6904.53,6904.53,48209750,false,,false,,
2026-02-20 15:50:00,2026-02-20,15:50:00,6904.44,6906.53,6900.86,6905.33,80878460,true,6900,true,6900,6900:from_above
2026-02-20 15:55:00,2026-02-20,15:55:00,6904.82,6909.87,6903.5,6909.86,200909260,false,,false,,
2026-02-20 16:00:00,2026-02-20,16:00:00,6910.08,6910.08,6909.51,6909.52,548349700,false,,false,,
2026-02-23 09:30:00,2026-02-23,09:30:00,6893.51,6914.72,6893.51,6910.41,80648117,true,6900,true,6900,6900:from_above
2026-02-23 09:35:00,2026-02-23,09:35:00,6910.52,6916.96,6906.45,6913.99,56200781,false,,false,,
2026-02-23 09:40:00,2026-02-23,09:40:00,6913.76,6913.76,6892.45,6892.82,55542452,true,6900,true,6900,6900:from_above
2026-02-23 09:45:00,2026-02-23,09:45:00,6892.7,6894.77,6884.82,6885.88,51597904,false,,false,,
2026-02-23 09:50:00,2026-02-23,09:50:00,6885.95,6898.08,6885.45,6887.54,44719010,true,6900,true,6900,6900:from_below
2026-02-23 09:55:00,2026-02-23,09:55:00,6886.45,6888.14,6880.2,6881.89,39978360,false,,false,,
2026-02-23 10:00:00,2026-02-23,10:00:00,6881.36,6887.93,6868.81,6868.97,47203020,false,,false,,
2026-02-23 10:05:00,2026-02-23,10:05:00,6869.35,6873.31,6863.36,6864.97,46949400,false,,false,,
2026-02-23 10:10:00,2026-02-23,10:10:00,6865.34,6872.28,6862.3,6863.67,42862690,false,,false,,
2026-02-23 10:15:00,2026-02-23,10:15:00,6863.7,6865.87,6861.25,6864.88,40421780,false,,false,,
2026-02-23 10:20:00,2026-02-23,10:20:00,6865.33,6871.24,6861.58,6865.06,39251870,false,,false,,
2026-02-23 10:25:00,2026-02-23,10:25:00,6865.18,6865.18,6859.13,6860.54,36762130,false,,false,,
2026-02-23 10:30:00,2026-02-23,10:30:00,6860.92,6865.29,6856.14,6856.25,40986380,false,,false,,
2026-02-23 10:35:00,2026-02-23,10:35:00,6856.23,6860.3,6853.17,6857.35,32125490,false,,false,,
2026-02-23 10:40:00,2026-02-23,10:40:00,6857.38,6858.19,6850.75,6852.32,32279410,true,6850,true,6850,6850:from_above
2026-02-23 10:45:00,2026-02-23,10:45:00,6852.49,6855.17,6849.94,6851.48,33534880,true,6850,false,,
2026-02-23 10:50:00,2026-02-23,10:50:00,6851.63,6853.95,6843.04,6843.74,37280490,true,6850,false,,
2026-02-23 10:55:00,2026-02-23,10:55:00,6843.8,6844.48,6838.28,6838.84,38368790,false,,false,,
2026-02-23 11:00:00,2026-02-23,11:00:00,6838.64,6840.93,6825.2,6828.63,36873760,false,,false,,
2026-02-23 11:05:00,2026-02-23,11:05:00,6828.79,6829.53,6823.95,6825.57,33988620,false,,false,,
2026-02-23 11:10:00,2026-02-23,11:10:00,6825.43,6829.35,6821.89,6822.45,32130420,false,,false,,
2026-02-23 11:15:00,2026-02-23,11:15:00,6822.64,6831.64,6819.82,6831.37,33908420,false,,false,,
2026-02-23 11:20:00,2026-02-23,11:20:00,6831.37,6836.94,6831.37,6834.12,32151180,false,,false,,
2026-02-23 11:25:00,2026-02-23,11:25:00,6834.05,6845,6833.83,6844.9,36787320,false,,false,,
2026-02-23 11:30:00,2026-02-23,11:30:00,6844.51,6847.46,6842.44,6843,38943820,false,,false,,
2026-02-23 11:35:00,2026-02-23,11:35:00,6843.21,6846.07,6841.14,6842.13,32301350,false,,false,,
2026-02-23 11:40:00,2026-02-23,11:40:00,6841.98,6843.58,6839.77,6841.07,29455950,false,,false,,
2026-02-23 11:45:00,2026-02-23,11:45:00,6841.05,6841.7,6834.81,6838.05,27098690,false,,false,,
2026-02-23 11:50:00,2026-02-23,11:50:00,6838.04,6842.09,6836.87,6838.7,24698210,false,,false,,
2026-02-23 11:55:00,2026-02-23,11:55:00,6838.85,6839.5,6834.89,6835.84,24278520,false,,false,,
2026-02-23 12:00:00,2026-02-23,12:00:00,6835.95,6840.53,6835,6837.34,25551810,false,,false,,
2026-02-23 12:05:00,2026-02-23,12:05:00,6837.44,6840.54,6836.12,6837.23,23162000,false,,false,,
2026-02-23 12:10:00,2026-02-23,12:10:00,6837.08,6838.53,6832.76,6833.85,23743510,false,,false,,
2026-02-23 12:15:00,2026-02-23,12:15:00,6834.01,6838.69,6833.95,6835.28,24212540,false,,false,,
2026-02-23 12:20:00,2026-02-23,12:20:00,6835.22,6838.13,6834.38,6835.07,23596060,false,,false,,
2026-02-23 12:25:00,2026-02-23,12:25:00,6835,6836.64,6833.25,6833.41,23247120,false,,false,,
2026-02-23 12:30:00,2026-02-23,12:30:00,6833.4,6833.51,6829.37,6829.96,22532310,false,,false,,
2026-02-23 12:35:00,2026-02-23,12:35:00,6829.89,6829.9,6822.51,6822.51,25296260,false,,false,,
2026-02-23 12:40:00,2026-02-23,12:40:00,6822.49,6832.71,6821.82,6828.49,25075310,false,,false,,
2026-02-23 12:45:00,2026-02-23,12:45:00,6828.39,6831.4,6826.33,6827.27,20302750,false,,false,,
2026-02-23 12:50:00,2026-02-23,12:50:00,6827.21,6837.27,6827.17,6835.46,23015250,false,,false,,
2026-02-23 12:55:00,2026-02-23,12:55:00,6835.44,6839.22,6834.5,6836.18,21567960,false,,false,,
2026-02-23 13:00:00,2026-02-23,13:00:00,6836.24,6840.69,6835.72,6839.96,21719350,false,,false,,
2026-02-23 13:05:00,2026-02-23,13:05:00,6840,6844.83,6839.77,6844.7,21264320,false,,false,,
2026-02-23 13:10:00,2026-02-23,13:10:00,6844.75,6847.76,6842.9,6847.53,23953300,false,,false,,
2026-02-23 13:15:00,2026-02-23,13:15:00,6847.44,6850.03,6846.38,6847.6,21865950,true,6850,true,6850,6850:from_below
2026-02-23 13:20:00,2026-02-23,13:20:00,6847.68,6854.4,6847.42,6853.9,23377210,true,6850,false,,
2026-02-23 13:25:00,2026-02-23,13:25:00,6853.98,6855.53,6852.49,6854.24,26145250,false,,false,,
2026-02-23 13:30:00,2026-02-23,13:30:00,6854.34,6854.54,6851.17,6853.69,23148110,true,6850,true,6850,6850:from_above
2026-02-23 13:35:00,2026-02-23,13:35:00,6853.7,6855.54,6850.59,6850.59,22264370,true,6850,false,,
2026-02-23 13:40:00,2026-02-23,13:40:00,6850.64,6851.7,6845.34,6846.33,22082840,true,6850,false,,
2026-02-23 13:45:00,2026-02-23,13:45:00,6846.42,6850.15,6844.68,6848.89,20971390,true,6850,false,,
2026-02-23 13:50:00,2026-02-23,13:50:00,6848.86,6849.03,6841.36,6841.68,21122460,true,6850,false,,
2026-02-23 13:55:00,2026-02-23,13:55:00,6841.63,6842.08,6835.21,6836.28,24370620,false,,false,,
2026-02-23 14:00:00,2026-02-23,14:00:00,6836.36,6838.59,6834.42,6834.88,23713520,false,,false,,
2026-02-23 14:05:00,2026-02-23,14:05:00,6834.7,6837.24,6833.65,6834.89,26966810,false,,false,,
2026-02-23 14:10:00,2026-02-23,14:10:00,6834.98,6837.29,6833.38,6835.44,22366200,false,,false,,
2026-02-23 14:15:00,2026-02-23,14:15:00,6835.41,6836.89,6832.51,6834.11,22260860,false,,false,,
2026-02-23 14:20:00,2026-02-23,14:20:00,6834.09,6834.98,6832.02,6833.29,21329670,false,,false,,
2026-02-23 14:25:00,2026-02-23,14:25:00,6833.44,6834.82,6828.02,6828.5,23916260,false,,false,,
2026-02-23 14:30:00,2026-02-23,14:30:00,6828.61,6832.48,6828.61,6829.27,23272680,false,,false,,
2026-02-23 14:35:00,2026-02-23,14:35:00,6829.28,6829.29,6826.29,6827.71,25862870,false,,false,,
2026-02-23 14:40:00,2026-02-23,14:40:00,6827.69,6827.69,6821.77,6824.86,27180030,false,,false,,
2026-02-23 14:45:00,2026-02-23,14:45:00,6825.07,6830.71,6824.07,6829.4,25894100,false,,false,,
2026-02-23 14:50:00,2026-02-23,14:50:00,6829.53,6830.23,6826.93,6828.02,24850880,false,,false,,
2026-02-23 14:55:00,2026-02-23,14:55:00,6826.96,6831.24,6825.94,6826.52,31495170,false,,false,,
2026-02-23 15:00:00,2026-02-23,15:00:00,6826.66,6830.33,6826.46,6828.05,26661910,false,,false,,
2026-02-23 15:05:00,2026-02-23,15:05:00,6828.15,6829.31,6824.4,6825.09,27396230,false,,false,,
2026-02-23 15:10:00,2026-02-23,15:10:00,6825.17,6826,6822.9,6823.69,26717770,false,,false,,
2026-02-23 15:15:00,2026-02-23,15:15:00,6823.54,6827.72,6823.41,6825.97,30373660,false,,false,,
2026-02-23 15:20:00,2026-02-23,15:20:00,6826.04,6826.92,6823.73,6826.92,30692540,false,,false,,
2026-02-23 15:25:00,2026-02-23,15:25:00,6826.9,6831.06,6826.73,6830.24,34187150,false,,false,,
2026-02-23 15:30:00,2026-02-23,15:30:00,6830.05,6838.62,6830.05,6836.81,39665930,false,,false,,
2026-02-23 15:35:00,2026-02-23,15:35:00,6836.92,6836.92,6831.65,6832.3,38467570,false,,false,,
2026-02-23 15:40:00,2026-02-23,15:40:00,6832.33,6833.83,6828.05,6832.67,44195150,false,,false,,
2026-02-23 15:45:00,2026-02-23,15:45:00,6832.75,6835.97,6830.13,6835.64,50264560,false,,false,,
2026-02-23 15:50:00,2026-02-23,15:50:00,6835.75,6838.34,6826.73,6827.21,88355560,false,,false,,
2026-02-23 15:55:00,2026-02-23,15:55:00,6827.34,6839.58,6825.91,6839.58,213477080,false,,false,,
2026-02-23 16:00:00,2026-02-23,16:00:00,6839.21,6839.21,6837.74,6837.74,438647400,false,,false,,
2026-02-24 09:30:00,2026-02-24,09:30:00,6837.37,6839.64,6821.99,6823.25,166528599,false,,false,,
2026-02-24 09:35:00,2026-02-24,09:35:00,6823.54,6840.42,6815.43,6837.78,73960104,false,,false,,
2026-02-24 09:40:00,2026-02-24,09:40:00,6838.09,6859.21,6838.06,6858.72,64643657,true,6850,true,6850,6850:from_below
2026-02-24 09:45:00,2026-02-24,09:45:00,6859.12,6870.29,6856.91,6864.83,59003520,false,,false,,
2026-02-24 09:50:00,2026-02-24,09:50:00,6864.9,6865.62,6856.08,6856.99,49430090,false,,false,,
2026-02-24 09:55:00,2026-02-24,09:55:00,6857.04,6857.04,6843.84,6847.87,45499210,true,6850,true,6850,6850:from_above
2026-02-24 10:00:00,2026-02-24,10:00:00,6847.28,6848.42,6837.48,6842.64,44083450,true,6850,false,,
2026-02-24 10:05:00,2026-02-24,10:05:00,6842.39,6856.13,6841.91,6855.58,42937920,true,6850,false,,
2026-02-24 10:10:00,2026-02-24,10:10:00,6855.24,6857.48,6846.13,6848.64,38043920,true,6850,false,,
2026-02-24 10:15:00,2026-02-24,10:15:00,6848.51,6858.99,6847.2,6858.24,37240570,true,6850,false,,
2026-02-24 10:20:00,2026-02-24,10:20:00,6857.94,6868.23,6856.84,6867.91,38908250,false,,false,,
2026-02-24 10:25:00,2026-02-24,10:25:00,6867.88,6880.53,6866.25,6880.13,39387980,false,,false,,
2026-02-24 10:30:00,2026-02-24,10:30:00,6880.18,6881.49,6876.36,6877.97,37106280,false,,false,,
2026-02-24 10:35:00,2026-02-24,10:35:00,6878.13,6878.18,6873.18,6874.77,33343700,false,,false,,
2026-02-24 10:40:00,2026-02-24,10:40:00,6875.13,6881.85,6874.32,6879.68,29528710,false,,false,,
2026-02-24 10:45:00,2026-02-24,10:45:00,6879.33,6879.33,6875.09,6877.35,30914590,false,,false,,
2026-02-24 10:50:00,2026-02-24,10:50:00,6877.34,6877.34,6871.6,6872.29,34159490,false,,false,,
2026-02-24 10:55:00,2026-02-24,10:55:00,6872.26,6873.7,6868.33,6870.07,30763320,false,,false,,
2026-02-24 11:00:00,2026-02-24,11:00:00,6870.04,6877.66,6869.77,6876.36,32430480,false,,false,,
2026-02-24 11:05:00,2026-02-24,11:05:00,6876.54,6879.02,6875.03,6877.76,28501980,false,,false,,
2026-02-24 11:10:00,2026-02-24,11:10:00,6877.6,6884.68,6876.05,6882.54,31044720,false,,false,,
2026-02-24 11:15:00,2026-02-24,11:15:00,6882.51,6883.74,6877.16,6878.44,29058880,false,,false,,
2026-02-24 11:20:00,2026-02-24,11:20:00,6878.53,6878.53,6874.44,6875.72,27753690,false,,false,,
2026-02-24 11:25:00,2026-02-24,11:25:00,6875.64,6878.35,6874.98,6876.71,29304630,false,,false,,
2026-02-24 11:30:00,2026-02-24,11:30:00,6876.84,6877.12,6867.73,6868.59,27919430,false,,false,,
2026-02-24 11:35:00,2026-02-24,11:35:00,6868.71,6874.35,6868.66,6873.69,27900340,false,,false,,
2026-02-24 11:40:00,2026-02-24,11:40:00,6873.76,6877.15,6871.32,6872.5,26211380,false,,false,,
2026-02-24 11:45:00,2026-02-24,11:45:00,6872.53,6876.92,6872.17,6875.52,24299490,false,,false,,
2026-02-24 11:50:00,2026-02-24,11:50:00,6875.11,6881.47,6874.2,6880.84,22924090,false,,false,,
2026-02-24 11:55:00,2026-02-24,11:55:00,6880.91,6882.85,6879.57,6880.86,24615970,false,,false,,
2026-02-24 12:00:00,2026-02-24,12:00:00,6880.62,6884.48,6880.28,6882.26,23106280,false,,false,,
2026-02-24 12:05:00,2026-02-24,12:05:00,6882.24,6886.6,6882.24,6886.6,23268080,false,,false,,
2026-02-24 12:10:00,2026-02-24,12:10:00,6886.82,6891.41,6886.82,6889.78,23972870,false,,false,,
2026-02-24 12:15:00,2026-02-24,12:15:00,6889.75,6892.78,6888.57,6890.35,22026720,false,,false,,
2026-02-24 12:20:00,2026-02-24,12:20:00,6890.27,6892.32,6890.13,6891.1,19687260,false,,false,,
2026-02-24 12:25:00,2026-02-24,12:25:00,6891.15,6894.1,6891.14,6891.71,20434600,false,,false,,
2026-02-24 12:30:00,2026-02-24,12:30:00,6891.77,6893.16,6890.48,6891.08,20534670,false,,false,,
2026-02-24 12:35:00,2026-02-24,12:35:00,6891.05,6891.63,6889.46,6890.33,20443840,false,,false,,
2026-02-24 12:40:00,2026-02-24,12:40:00,6890.45,6891.41,6888.27,6888.31,20032980,false,,false,,
2026-02-24 12:45:00,2026-02-24,12:45:00,6888.35,6892.16,6886.91,6891.86,20401910,false,,false,,
2026-02-24 12:50:00,2026-02-24,12:50:00,6891.93,6893.04,6890.15,6890.32,19138590,false,,false,,
2026-02-24 12:55:00,2026-02-24,12:55:00,6890.22,6891.38,6889.19,6890.48,20835000,false,,false,,
2026-02-24 13:00:00,2026-02-24,13:00:00,6890.49,6897.22,6890.27,6896.5,20362590,false,,false,,
2026-02-24 13:05:00,2026-02-24,13:05:00,6896.49,6896.49,6892.19,6892.21,19236670,false,,false,,
2026-02-24 13:10:00,2026-02-24,13:10:00,6892.22,6892.76,6890.4,6891.01,17813110,false,,false,,
2026-02-24 13:15:00,2026-02-24,13:15:00,6890.94,6891.34,6889.13,6889.31,17078810,false,,false,,
2026-02-24 13:20:00,2026-02-24,13:20:00,6889.32,6889.82,6887.38,6887.68,19387950,false,,false,,
2026-02-24 13:25:00,2026-02-24,13:25:00,6887.63,6888.49,6885.9,6886.51,17218640,false,,false,,
2026-02-24 13:30:00,2026-02-24,13:30:00,6886.5,6889.27,6886.02,6888.82,21522720,false,,false,,
2026-02-24 13:35:00,2026-02-24,13:35:00,6888.68,6893.66,6887.49,6892.89,23120650,false,,false,,
2026-02-24 13:40:00,2026-02-24,13:40:00,6892.95,6894.44,6892.22,6893.53,21092670,false,,false,,
2026-02-24 13:45:00,2026-02-24,13:45:00,6893.48,6894.71,6891.16,6892.93,21118210,false,,false,,
2026-02-24 13:50:00,2026-02-24,13:50:00,6892.96,6894.77,6892.96,6893.96,22144370,false,,false,,
2026-02-24 13:55:00,2026-02-24,13:55:00,6893.87,6894.15,6890.66,6890.72,21114460,false,,false,,
2026-02-24 14:00:00,2026-02-24,14:00:00,6890.72,6892.29,6890.25,6890.81,26229930,false,,false,,
2026-02-24 14:05:00,2026-02-24,14:05:00,6890.61,6890.74,6887.57,6888,24367230,false,,false,,
2026-02-24 14:10:00,2026-02-24,14:10:00,6888.13,6889.14,6886.51,6888.05,21857990,false,,false,,
2026-02-24 14:15:00,2026-02-24,14:15:00,6887.99,6888.13,6883.13,6885.23,21961970,false,,false,,
2026-02-24 14:20:00,2026-02-24,14:20:00,6885.31,6885.88,6883.19,6884.27,22344110,false,,false,,
2026-02-24 14:25:00,2026-02-24,14:25:00,6884.15,6886.78,6883.42,6885.38,24642340,false,,false,,
2026-02-24 14:30:00,2026-02-24,14:30:00,6885.34,6887.45,6885.07,6885.33,21009330,false,,false,,
2026-02-24 14:35:00,2026-02-24,14:35:00,6885.37,6886.82,6884.38,6886.78,21926130,false,,false,,
2026-02-24 14:40:00,2026-02-24,14:40:00,6886.82,6889.53,6886.16,6888.58,20698710,false,,false,,
2026-02-24 14:45:00,2026-02-24,14:45:00,6888.54,6889.56,6886.78,6888.06,21148020,false,,false,,
2026-02-24 14:50:00,2026-02-24,14:50:00,6888.19,6892.82,6888.03,6888.21,23252300,false,,false,,
2026-02-24 14:55:00,2026-02-24,14:55:00,6888.24,6889.46,6887.4,6887.65,24710350,false,,false,,
2026-02-24 15:00:00,2026-02-24,15:00:00,6887.65,6889.61,6886.41,6886.73,24675250,false,,false,,
2026-02-24 15:05:00,2026-02-24,15:05:00,6886.77,6887.65,6884.04,6885.06,23734880,false,,false,,
2026-02-24 15:10:00,2026-02-24,15:10:00,6885.02,6885.25,6882.48,6883.27,25718860,false,,false,,
2026-02-24 15:15:00,2026-02-24,15:15:00,6883.38,6885.18,6881.52,6885.18,27451480,false,,false,,
2026-02-24 15:20:00,2026-02-24,15:20:00,6885.26,6887.09,6884.24,6884.91,27973990,false,,false,,
2026-02-24 15:25:00,2026-02-24,15:25:00,6884.82,6886.22,6881.48,6881.61,33758170,false,,false,,
2026-02-24 15:30:00,2026-02-24,15:30:00,6881.71,6887.26,6881.68,6886.25,42298450,false,,false,,
2026-02-24 15:35:00,2026-02-24,15:35:00,6886.31,6887.14,6884.39,6884.43,40438250,false,,false,,
2026-02-24 15:40:00,2026-02-24,15:40:00,6884.56,6888.65,6884.14,6888.53,42442360,false,,false,,
2026-02-24 15:45:00,2026-02-24,15:45:00,6888.5,6892.92,6888.1,6891.79,48689950,false,,false,,
2026-02-24 15:50:00,2026-02-24,15:50:00,6891.74,6899.17,6890,6894.79,82636940,true,6900,true,6900,6900:from_below
2026-02-24 15:55:00,2026-02-24,15:55:00,6894.78,6894.78,6889.32,6890.69,183558110,false,,false,,
2026-02-24 16:00:00,2026-02-24,16:00:00,6890.06,6890.44,6890.06,6890.06,468265910,false,,false,,
2026-02-25 09:30:00,2026-02-25,09:30:00,6915.15,6929.56,6915.15,6925.22,162671434,false,,false,,
2026-02-25 09:35:00,2026-02-25,09:35:00,6925.21,6930.89,6924.25,6927.77,60302716,false,,false,,
2026-02-25 09:40:00,2026-02-25,09:40:00,6927.96,6930.46,6923.53,6926.11,54211560,false,,false,,
2026-02-25 09:45:00,2026-02-25,09:45:00,6925.85,6935.03,6925.85,6932.75,53698540,false,,false,,
2026-02-25 09:50:00,2026-02-25,09:50:00,6932.88,6936.2,6929.93,6930.72,51816300,false,,false,,
2026-02-25 09:55:00,2026-02-25,09:55:00,6930.56,6931.59,6924.86,6929.85,47625710,false,,false,,
2026-02-25 10:00:00,2026-02-25,10:00:00,6929.68,6932.24,6926,6926.11,52504080,false,,false,,
2026-02-25 10:05:00,2026-02-25,10:05:00,6925.95,6926.77,6919.75,6921.67,45208450,false,,false,,
2026-02-25 10:10:00,2026-02-25,10:10:00,6921.63,6924.66,6920.04,6921.33,39946100,false,,false,,
2026-02-25 10:15:00,2026-02-25,10:15:00,6921.3,6923.97,6919.47,6923.01,38228170,false,,false,,
2026-02-25 10:20:00,2026-02-25,10:20:00,6922.94,6925.27,6919.41,6924.08,34249000,false,,false,,
2026-02-25 10:25:00,2026-02-25,10:25:00,6924.05,6928.53,6923.16,6927.59,32832630,false,,false,,
2026-02-25 10:30:00,2026-02-25,10:30:00,6927.75,6929.74,6920.44,6920.64,36647390,false,,false,,
2026-02-25 10:35:00,2026-02-25,10:35:00,6920.63,6921.86,6918.83,6920.22,30546880,false,,false,,
2026-02-25 10:40:00,2026-02-25,10:40:00,6920.3,6923.72,6919.89,6921.69,32501610,false,,false,,
2026-02-25 10:45:00,2026-02-25,10:45:00,6921.59,6924.6,6920.99,6921.71,33748460,false,,false,,
2026-02-25 10:50:00,2026-02-25,10:50:00,6921.67,6923.76,6920.02,6921.11,29703760,false,,false,,
2026-02-25 10:55:00,2026-02-25,10:55:00,6921.02,6924.91,6918.37,6924.91,30471540,false,,false,,
2026-02-25 11:00:00,2026-02-25,11:00:00,6924.94,6928.18,6924.58,6925.87,32905840,false,,false,,
2026-02-25 11:05:00,2026-02-25,11:05:00,6925.83,6929.22,6924.63,6929.08,30981970,false,,false,,
2026-02-25 11:10:00,2026-02-25,11:10:00,6929.04,6929.77,6927,6927.39,29584460,false,,false,,
2026-02-25 11:15:00,2026-02-25,11:15:00,6927.47,6927.47,6923.31,6924.38,27309090,false,,false,,
2026-02-25 11:20:00,2026-02-25,11:20:00,6924.39,6927.79,6923.43,6927.66,27825180,false,,false,,
2026-02-25 11:25:00,2026-02-25,11:25:00,6927.55,6932.13,6927.34,6931.32,26325470,false,,false,,
2026-02-25 11:30:00,2026-02-25,11:30:00,6931.23,6934.64,6931.2,6931.98,28176720,false,,false,,
2026-02-25 11:35:00,2026-02-25,11:35:00,6931.82,6933.63,6930.72,6933.27,32917730,false,,false,,
2026-02-25 11:40:00,2026-02-25,11:40:00,6933.33,6936.37,6933.1,6935.64,24058270,false,,false,,
2026-02-25 11:45:00,2026-02-25,11:45:00,6935.71,6940.44,6935.71,6938.9,28414280,false,,false,,
2026-02-25 11:50:00,2026-02-25,11:50:00,6938.83,6940.21,6937.91,6938.31,26500050,false,,false,,
2026-02-25 11:55:00,2026-02-25,11:55:00,6938.2,6938.2,6936.79,6937.22,24158380,false,,false,,
2026-02-25 12:00:00,2026-02-25,12:00:00,6937.25,6939.63,6936.53,6938.04,24696410,false,,false,,
2026-02-25 12:05:00,2026-02-25,12:05:00,6938.14,6939.45,6935.82,6937.55,23886850,false,,false,,
2026-02-25 12:10:00,2026-02-25,12:10:00,6937.72,6940.02,6937.01,6939.51,27762580,false,,false,,
2026-02-25 12:15:00,2026-02-25,12:15:00,6939.67,6940.04,6938.53,6939.46,26028650,false,,false,,
2026-02-25 12:20:00,2026-02-25,12:20:00,6939.47,6940.19,6938.51,6939.62,21596280,false,,false,,
2026-02-25 12:25:00,2026-02-25,12:25:00,6939.59,6939.81,6935.83,6936.28,22552920,false,,false,,
2026-02-25 12:30:00,2026-02-25,12:30:00,6936.19,6938.13,6935.24,6936.91,21429620,false,,false,,
2026-02-25 12:35:00,2026-02-25,12:35:00,6936.97,6939.65,6936.93,6939.24,21345610,false,,false,,
2026-02-25 12:40:00,2026-02-25,12:40:00,6939.2,6940.86,6938.85,6939.77,20789070,false,,false,,
2026-02-25 12:45:00,2026-02-25,12:45:00,6939.84,6941.65,6939.1,6939.52,21643070,false,,false,,
2026-02-25 12:50:00,2026-02-25,12:50:00,6939.59,6942.1,6939.33,6941.06,20275900,false,,false,,
2026-02-25 12:55:00,2026-02-25,12:55:00,6941.21,6942.25,6940.81,6942.08,22547420,false,,false,,
2026-02-25 13:00:00,2026-02-25,13:00:00,6942.09,6943.32,6941.32,6941.45,24274430,false,,false,,
2026-02-25 13:05:00,2026-02-25,13:05:00,6941.46,6942.09,6941.04,6941.72,21716290,false,,false,,
2026-02-25 13:10:00,2026-02-25,13:10:00,6941.79,6943.33,6941.47,6941.8,20254760,false,,false,,
2026-02-25 13:15:00,2026-02-25,13:15:00,6941.83,6941.88,6940.12,6940.71,19355340,false,,false,,
2026-02-25 13:20:00,2026-02-25,13:20:00,6940.7,6940.9,6939.55,6939.59,18372670,false,,false,,
2026-02-25 13:25:00,2026-02-25,13:25:00,6939.6,6940.32,6939.05,6939.82,19464410,false,,false,,
2026-02-25 13:30:00,2026-02-25,13:30:00,6939.86,6941.61,6939.73,6940.07,18116820,false,,false,,
2026-02-25 13:35:00,2026-02-25,13:35:00,6940.11,6940.32,6938.84,6939.57,20782730,false,,false,,
2026-02-25 13:40:00,2026-02-25,13:40:00,6939.62,6942.94,6939.54,6942.56,20406070,false,,false,,
2026-02-25 13:45:00,2026-02-25,13:45:00,6942.46,6942.6,6941.61,6942.29,18880550,false,,false,,
2026-02-25 13:50:00,2026-02-25,13:50:00,6942.29,6943.33,6942.15,6942.6,20173120,false,,false,,
2026-02-25 13:55:00,2026-02-25,13:55:00,6942.61,6942.79,6941.18,6941.83,22073120,false,,false,,
2026-02-25 14:00:00,2026-02-25,14:00:00,6941.87,6945.03,6941.71,6943.91,23965580,false,,false,,
2026-02-25 14:05:00,2026-02-25,14:05:00,6943.99,6946.32,6943.27,6946.12,25836660,false,,false,,
2026-02-25 14:10:00,2026-02-25,14:10:00,6946.1,6946.67,6945.21,6945.25,23426800,false,,false,,
2026-02-25 14:15:00,2026-02-25,14:15:00,6945.21,6947.17,6944.29,6946.83,23279800,false,,false,,
2026-02-25 14:20:00,2026-02-25,14:20:00,6946.86,6947.15,6945.22,6945.63,21199570,false,,false,,
2026-02-25 14:25:00,2026-02-25,14:25:00,6945.72,6946.31,6945.02,6945.23,21554630,false,,false,,
2026-02-25 14:30:00,2026-02-25,14:30:00,6945.29,6948.3,6945.18,6948.3,24308430,true,6950,true,6950,6950:from_below
2026-02-25 14:35:00,2026-02-25,14:35:00,6948.32,6949.84,6947.82,6949.1,21850330,true,6950,false,,
2026-02-25 14:40:00,2026-02-25,14:40:00,6949.13,6949.84,6947.4,6947.45,22498860,true,6950,false,,
2026-02-25 14:45:00,2026-02-25,14:45:00,6947.52,6949.43,6947.22,6948.77,21054040,true,6950,false,,
2026-02-25 14:50:00,2026-02-25,14:50:00,6948.84,6949.25,6948.04,6948.37,25853100,true,6950,false,,
2026-02-25 14:55:00,2026-02-25,14:55:00,6948.45,6948.98,6947.46,6947.72,23561090,true,6950,false,,
2026-02-25 15:00:00,2026-02-25,15:00:00,6947.76,6949.54,6947.27,6947.68,26870690,true,6950,false,,
2026-02-25 15:05:00,2026-02-25,15:05:00,6947.64,6949.03,6947.64,6948.35,25871520,true,6950,false,,
2026-02-25 15:10:00,2026-02-25,15:10:00,6948.41,6948.41,6946.72,6947.68,28083990,true,6950,false,,
2026-02-25 15:15:00,2026-02-25,15:15:00,6947.7,6948.69,6946.73,6947.93,30876090,true,6950,false,,
2026-02-25 15:20:00,2026-02-25,15:20:00,6948.04,6948.07,6945.21,6946.19,34873110,true,6950,false,,
2026-02-25 15:25:00,2026-02-25,15:25:00,6946.32,6947.47,6945.92,6945.92,37606280,false,,false,,
2026-02-25 15:30:00,2026-02-25,15:30:00,6945.97,6946.62,6944.39,6945.48,36534620,false,,false,,
2026-02-25 15:35:00,2026-02-25,15:35:00,6945.52,6948.4,6944.89,6947.98,35415200,true,6950,true,6950,6950:from_below
2026-02-25 15:40:00,2026-02-25,15:40:00,6948.01,6949.18,6947.13,6947.77,43289750,true,6950,false,,
2026-02-25 15:45:00,2026-02-25,15:45:00,6947.38,6950.63,6947.38,6949.02,50517500,true,6950,false,,
2026-02-25 15:50:00,2026-02-25,15:50:00,6949.75,6952.51,6948.5,6950.44,88626830,true,6950,false,,
2026-02-25 15:55:00,2026-02-25,15:55:00,6950.3,6950.3,6946.11,6946.11,189486210,true,6950,false,,
2026-02-25 16:00:00,2026-02-25,16:00:00,6946.58,6946.62,6946.11,6946.12,527961360,false,,false,,
2026-02-26 09:30:00,2026-02-26,09:30:00,6946.45,6946.88,6935.43,6937,176769719,false,,false,,
2026-02-26 09:35:00,2026-02-26,09:35:00,6937.39,6940.4,6931.36,6938.51,72214916,false,,false,,
2026-02-26 09:40:00,2026-02-26,09:40:00,6938.11,6938.44,6924.7,6930.24,63005185,false,,false,,
2026-02-26 09:45:00,2026-02-26,09:45:00,6930.35,6930.35,6922.3,6926.04,61342780,false,,false,,
2026-02-26 09:50:00,2026-02-26,09:50:00,6926.2,6930.44,6922.07,6925.3,54331600,false,,false,,
2026-02-26 09:55:00,2026-02-26,09:55:00,6925.62,6930.05,6920.74,6923.27,52567980,false,,false,,
2026-02-26 10:00:00,2026-02-26,10:00:00,6922.9,6925.88,6912.25,6919.91,54355100,false,,false,,
2026-02-26 10:05:00,2026-02-26,10:05:00,6919.55,6922.02,6915.25,6915.93,45976730,false,,false,,
2026-02-26 10:10:00,2026-02-26,10:10:00,6916.15,6921.1,6901.75,6901.75,48697150,true,6900,true,6900,6900:from_above
2026-02-26 10:15:00,2026-02-26,10:15:00,6901.89,6902.02,6879.62,6880.14,53974520,true,6900,false,,
2026-02-26 10:20:00,2026-02-26,10:20:00,6880.9,6884.78,6865.94,6868.3,50312260,false,,false,,
2026-02-26 10:25:00,2026-02-26,10:25:00,6868.44,6878.73,6863.84,6873.37,48498660,false,,false,,
2026-02-26 10:30:00,2026-02-26,10:30:00,6872.81,6873.25,6859.73,6860.82,49968700,false,,false,,
2026-02-26 10:35:00,2026-02-26,10:35:00,6861.39,6881.81,6861.39,6881.58,43617070,false,,false,,
2026-02-26 10:40:00,2026-02-26,10:40:00,6881.92,6886.8,6879.71,6885.63,43641360,false,,false,,
2026-02-26 10:45:00,2026-02-26,10:45:00,6886.04,6893.41,6883.44,6892.42,38119220,false,,false,,
2026-02-26 10:50:00,2026-02-26,10:50:00,6892.14,6895.29,6886.79,6892.68,34330530,false,,false,,
2026-02-26 10:55:00,2026-02-26,10:55:00,6892.81,6897.41,6889.37,6893.26,35849830,false,,false,,
2026-02-26 11:00:00,2026-02-26,11:00:00,6893.41,6898.17,6892.29,6896.92,38161390,true,6900,true,6900,6900:from_below
2026-02-26 11:05:00,2026-02-26,11:05:00,6896.85,6898.84,6891.31,6897.71,36972520,true,6900,false,,
2026-02-26 11:10:00,2026-02-26,11:10:00,6897.57,6901.83,6895.2,6901.83,33805520,true,6900,false,,
2026-02-26 11:15:00,2026-02-26,11:15:00,6902.03,6906.45,6898.79,6899.63,33140240,true,6900,false,,
2026-02-26 11:20:00,2026-02-26,11:20:00,6899.49,6903.68,6898.12,6900.53,32203770,true,6900,false,,
2026-02-26 11:25:00,2026-02-26,11:25:00,6900.61,6906.69,6900.61,6903.84,32613270,true,6900,false,,
2026-02-26 11:30:00,2026-02-26,11:30:00,6903.8,6904.57,6900.8,6901.64,30080770,true,6900,false,,
2026-02-26 11:35:00,2026-02-26,11:35:00,6901.56,6901.88,6890.25,6891.15,30140330,true,6900,false,,
2026-02-26 11:40:00,2026-02-26,11:40:00,6891.11,6892.18,6884.64,6884.83,28198810,false,,false,,
2026-02-26 11:45:00,2026-02-26,11:45:00,6884.76,6889.18,6879.4,6888.73,29268250,false,,false,,
2026-02-26 11:50:00,2026-02-26,11:50:00,6888.86,6890.23,6879.85,6879.85,26035020,false,,false,,
2026-02-26 11:55:00,2026-02-26,11:55:00,6879.95,6881.13,6876.31,6877.81,28347920,false,,false,,
2026-02-26 12:00:00,2026-02-26,12:00:00,6877.98,6881.75,6877.4,6881.75,27422420,false,,false,,
2026-02-26 12:05:00,2026-02-26,12:05:00,6881.58,6884.59,6881.02,6881.98,23377230,false,,false,,
2026-02-26 12:10:00,2026-02-26,12:10:00,6882.12,6886.12,6879.12,6879.12,24367760,false,,false,,
2026-02-26 12:15:00,2026-02-26,12:15:00,6878.89,6880.56,6876.53,6879.39,23082830,false,,false,,
2026-02-26 12:20:00,2026-02-26,12:20:00,6879.31,6880.21,6876.9,6879.53,21418840,false,,false,,
2026-02-26 12:25:00,2026-02-26,12:25:00,6879.44,6881,6877.89,6878.42,23411140,false,,false,,
2026-02-26 12:30:00,2026-02-26,12:30:00,6878.3,6886.2,6877.93,6884.07,24152530,false,,false,,
2026-02-26 12:35:00,2026-02-26,12:35:00,6884.22,6884.22,6873.6,6875.1,22292840,false,,false,,
2026-02-26 12:40:00,2026-02-26,12:40:00,6875.1,6876.33,6872.41,6872.5,19656660,false,,false,,
2026-02-26 12:45:00,2026-02-26,12:45:00,6872.38,6873.76,6867.67,6868.52,22822170,false,,false,,
2026-02-26 12:50:00,2026-02-26,12:50:00,6868.49,6874.39,6866.59,6874.08,21731000,false,,false,,
2026-02-26 12:55:00,2026-02-26,12:55:00,6874.04,6874.04,6869.17,6871.15,21804770,false,,false,,
2026-02-26 13:00:00,2026-02-26,13:00:00,6871.07,6871.1,6865.6,6866.78,23354980,false,,false,,
2026-02-26 13:05:00,2026-02-26,13:05:00,6866.88,6869.51,6864.13,6866.31,26414370,false,,false,,
2026-02-26 13:10:00,2026-02-26,13:10:00,6866.37,6870.82,6866.22,6869.03,23108130,false,,false,,
2026-02-26 13:15:00,2026-02-26,13:15:00,6868.98,6873.45,6865.16,6873.45,22900830,false,,false,,
2026-02-26 13:20:00,2026-02-26,13:20:00,6873.32,6873.8,6869.28,6873.57,21093890,false,,false,,
2026-02-26 13:25:00,2026-02-26,13:25:00,6873.76,6875.04,6872.08,6872.75,19777660,false,,false,,
2026-02-26 13:30:00,2026-02-26,13:30:00,6872.64,6884.95,6872.1,6884.89,31629220,false,,false,,
2026-02-26 13:35:00,2026-02-26,13:35:00,6884.96,6892.06,6881.83,6890.39,25631750,false,,false,,
2026-02-26 13:40:00,2026-02-26,13:40:00,6890.38,6893.15,6888.75,6891.54,20627360,false,,false,,
2026-02-26 13:45:00,2026-02-26,13:45:00,6891.33,6897.16,6887.47,6890.21,22729200,false,,false,,
2026-02-26 13:50:00,2026-02-26,13:50:00,6890.37,6890.37,6886.88,6888.97,18933250,false,,false,,
2026-02-26 13:55:00,2026-02-26,13:55:00,6889.01,6892.17,6887.6,6889.86,21443400,false,,false,,
2026-02-26 14:00:00,2026-02-26,14:00:00,6889.93,6895.53,6887.93,6894.67,24035300,false,,false,,
2026-02-26 14:05:00,2026-02-26,14:05:00,6894.72,6900.43,6894.21,6900.43,24419720,true,6900,true,6900,6900:from_below
2026-02-26 14:10:00,2026-02-26,14:10:00,6900.31,6903.28,6899.55,6901.12,23285340,true,6900,false,,
2026-02-26 14:15:00,2026-02-26,14:15:00,6901.25,6907.37,6901.25,6905.49,25985580,true,6900,false,,
2026-02-26 14:20:00,2026-02-26,14:20:00,6905.45,6908.99,6904.97,6908.24,26097690,false,,false,,
2026-02-26 14:25:00,2026-02-26,14:25:00,6908.25,6908.25,6901.12,6902.26,25311990,true,6900,true,6900,6900:from_above
2026-02-26 14:30:00,2026-02-26,14:30:00,6902.17,6908.59,6901.27,6907.97,23910750,true,6900,false,,
2026-02-26 14:35:00,2026-02-26,14:35:00,6907.95,6909.08,6905.56,6906.37,23478840,false,,false,,
2026-02-26 14:40:00,2026-02-26,14:40:00,6906.67,6908.23,6906.01,6907.7,23965980,false,,false,,
2026-02-26 14:45:00,2026-02-26,14:45:00,6907.61,6912.58,6907.59,6911.73,24544040,false,,false,,
2026-02-26 14:50:00,2026-02-26,14:50:00,6911.72,6911.86,6909.07,6911.04,25746930,false,,false,,
2026-02-26 14:55:00,2026-02-26,14:55:00,6911.08,6912.38,6906.36,6906.4,28601950,false,,false,,
2026-02-26 15:00:00,2026-02-26,15:00:00,6906.3,6911.95,6904.73,6911.41,25412560,false,,false,,
2026-02-26 15:05:00,2026-02-26,15:05:00,6911.54,6913.71,6907.3,6907.3,28599200,false,,false,,
2026-02-26 15:10:00,2026-02-26,15:10:00,6907.22,6907.99,6904.8,6904.8,33744300,false,,false,,
2026-02-26 15:15:00,2026-02-26,15:15:00,6904.94,6908.54,6903.02,6907.13,30389200,false,,false,,
2026-02-26 15:20:00,2026-02-26,15:20:00,6907.2,6907.57,6902.97,6904.45,30229660,false,,false,,
2026-02-26 15:25:00,2026-02-26,15:25:00,6904.7,6906.32,6902.18,6902.46,36610280,false,,false,,
2026-02-26 15:30:00,2026-02-26,15:30:00,6902.46,6910.01,6902.46,6909.9,37770580,false,,false,,
2026-02-26 15:35:00,2026-02-26,15:35:00,6910.01,6910.96,6907.57,6910.04,38485370,false,,false,,
2026-02-26 15:40:00,2026-02-26,15:40:00,6910.08,6910.25,6906.15,6909.11,48263720,false,,false,,
2026-02-26 15:45:00,2026-02-26,15:45:00,6909.05,6909.4,6905.62,6907.56,53418170,false,,false,,
2026-02-26 15:50:00,2026-02-26,15:50:00,6907.65,6909.92,6902.45,6906.69,86964100,false,,false,,
2026-02-26 15:55:00,2026-02-26,15:55:00,6905.35,6908.75,6904.24,6908.75,192850600,false,,false,,
2026-02-26 16:00:00,2026-02-26,16:00:00,6908.88,6908.9,6908.84,6908.87,491614100,false,,false,,
2026-02-27 09:30:00,2026-02-27,09:30:00,6843.74,6856.82,6843.74,6852.51,195100773,true,6850,true,6850,6850:from_above
2026-02-27 09:35:00,2026-02-27,09:35:00,6852.84,6857.04,6844.8,6856.49,74146017,true,6850,false,,
2026-02-27 09:40:00,2026-02-27,09:40:00,6856.29,6856.29,6831.74,6841.75,62508260,true,6850,false,,
2026-02-27 09:45:00,2026-02-27,09:45:00,6841.76,6852.77,6837.97,6850.4,58444400,true,6850,false,,
2026-02-27 09:50:00,2026-02-27,09:50:00,6850.47,6851.15,6842.39,6845.74,51577800,true,6850,false,,
2026-02-27 09:55:00,2026-02-27,09:55:00,6845.34,6848.02,6841.47,6844.68,49621880,true,6850,false,,
2026-02-27 10:00:00,2026-02-27,10:00:00,6843.94,6859.37,6841.95,6854.32,52645550,true,6850,false,,
2026-02-27 10:05:00,2026-02-27,10:05:00,6854.5,6868.58,6854.24,6863.48,49827270,false,,false,,
2026-02-27 10:10:00,2026-02-27,10:10:00,6863.17,6870.59,6860.98,6861.21,52273110,false,,false,,
2026-02-27 10:15:00,2026-02-27,10:15:00,6861.1,6863.48,6852.23,6857.07,47883660,false,,false,,
2026-02-27 10:20:00,2026-02-27,10:20:00,6856.98,6864.66,6855.72,6863.56,41905100,false,,false,,
2026-02-27 10:25:00,2026-02-27,10:25:00,6862.79,6863.46,6856.9,6860.98,35851240,false,,false,,
2026-02-27 10:30:00,2026-02-27,10:30:00,6861.06,6861.54,6853.6,6860.39,39211270,false,,false,,
2026-02-27 10:35:00,2026-02-27,10:35:00,6859.92,6869.81,6859.79,6865.7,36277020,false,,false,,
2026-02-27 10:40:00,2026-02-27,10:40:00,6865.76,6872.41,6863.2,6872.17,34481880,false,,false,,
2026-02-27 10:45:00,2026-02-27,10:45:00,6872.31,6875.4,6865.68,6866.3,32216580,false,,false,,
2026-02-27 10:50:00,2026-02-27,10:50:00,6866.1,6866.49,6858.54,6860.58,31894000,false,,false,,
2026-02-27 10:55:00,2026-02-27,10:55:00,6860.58,6868.73,6857.85,6867.82,31157520,false,,false,,
2026-02-27 11:00:00,2026-02-27,11:00:00,6867.59,6874.34,6866.57,6872.24,31970100,false,,false,,
2026-02-27 11:05:00,2026-02-27,11:05:00,6872.73,6873.05,6862.38,6863.13,30319070,false,,false,,
2026-02-27 11:10:00,2026-02-27,11:10:00,6863.25,6871.08,6863.24,6870.8,31561170,false,,false,,
2026-02-27 11:15:00,2026-02-27,11:15:00,6870.58,6875.69,6868.21,6871.76,30652210,false,,false,,
2026-02-27 11:20:00,2026-02-27,11:20:00,6871.8,6873.73,6867.43,6873.55,32607850,false,,false,,
2026-02-27 11:25:00,2026-02-27,11:25:00,6873.48,6875.2,6868.74,6868.86,32774190,false,,false,,
2026-02-27 11:30:00,2026-02-27,11:30:00,6869.06,6877.22,6869.06,6876.8,30684480,false,,false,,
2026-02-27 11:35:00,2026-02-27,11:35:00,6876.9,6877.38,6870.11,6870.2,27894530,false,,false,,
2026-02-27 11:40:00,2026-02-27,11:40:00,6870.5,6870.5,6862.5,6862.5,29603640,false,,false,,
2026-02-27 11:45:00,2026-02-27,11:45:00,6862.55,6865.45,6861.2,6861.52,28514320,false,,false,,
2026-02-27 11:50:00,2026-02-27,11:50:00,6861.43,6871.64,6861.43,6871.12,29004720,false,,false,,
2026-02-27 11:55:00,2026-02-27,11:55:00,6871.3,6874.34,6863.46,6863.91,28260290,false,,false,,
2026-02-27 12:00:00,2026-02-27,12:00:00,6863.77,6873.02,6863.77,6871.46,25015700,false,,false,,
2026-02-27 12:05:00,2026-02-27,12:05:00,6871.39,6877.6,6870.62,6876.55,24069910,false,,false,,
2026-02-27 12:10:00,2026-02-27,12:10:00,6876.55,6876.59,6863.66,6863.9,27031610,false,,false,,
2026-02-27 12:15:00,2026-02-27,12:15:00,6863.95,6863.97,6857.06,6857.24,24605390,false,,false,,
2026-02-27 12:20:00,2026-02-27,12:20:00,6857.33,6857.82,6848.5,6855.26,30739950,true,6850,true,6850,6850:from_above
2026-02-27 12:25:00,2026-02-27,12:25:00,6855.33,6859.67,6854.49,6856.28,29741110,false,,false,,
2026-02-27 12:30:00,2026-02-27,12:30:00,6856.31,6864.67,6853.21,6864.07,35282990,false,,false,,
2026-02-27 12:35:00,2026-02-27,12:35:00,6863.95,6865.89,6858.69,6858.73,27444770,false,,false,,
2026-02-27 12:40:00,2026-02-27,12:40:00,6858.63,6859.31,6852.35,6855.01,27270270,false,,false,,
2026-02-27 12:45:00,2026-02-27,12:45:00,6854.91,6854.91,6850.57,6854.09,25235190,true,6850,true,6850,6850:from_above
2026-02-27 12:50:00,2026-02-27,12:50:00,6853.97,6857.46,6851.29,6855.4,24008200,true,6850,false,,
2026-02-27 12:55:00,2026-02-27,12:55:00,6855.5,6859.56,6855.44,6859.06,22253660,false,,false,,
2026-02-27 13:00:00,2026-02-27,13:00:00,6859.04,6861.42,6856.16,6857.29,27891800,false,,false,,
2026-02-27 13:05:00,2026-02-27,13:05:00,6857.29,6859.49,6854.9,6855.14,23195150,false,,false,,
2026-02-27 13:10:00,2026-02-27,13:10:00,6854.98,6857.69,6853.74,6854.04,22482790,false,,false,,
2026-02-27 13:15:00,2026-02-27,13:15:00,6853.99,6854.61,6850.46,6850.89,23843450,true,6850,true,6850,6850:from_above
2026-02-27 13:20:00,2026-02-27,13:20:00,6850.94,6852.11,6847.37,6849.8,28253490,true,6850,false,,
2026-02-27 13:25:00,2026-02-27,13:25:00,6849.89,6853.94,6846.03,6852.75,25323220,true,6850,false,,
2026-02-27 13:30:00,2026-02-27,13:30:00,6852.85,6854.38,6850.42,6852.04,22278120,true,6850,false,,
2026-02-27 13:35:00,2026-02-27,13:35:00,6851.89,6853.18,6848.47,6852.59,21118710,true,6850,false,,
2026-02-27 13:40:00,2026-02-27,13:40:00,6852.58,6857.48,6852.43,6853.39,25116170,false,,false,,
2026-02-27 13:45:00,2026-02-27,13:45:00,6853.53,6855.13,6851.15,6852.08,22964170,true,6850,true,6850,6850:from_above
2026-02-27 13:50:00,2026-02-27,13:50:00,6852.19,6855.48,6850.14,6853.58,24863760,true,6850,false,,
2026-02-27 13:55:00,2026-02-27,13:55:00,6853.53,6855.53,6851.04,6854.86,23863590,true,6850,false,,
2026-02-27 14:00:00,2026-02-27,14:00:00,6854.87,6862.48,6854.44,6861.96,27511370,false,,false,,
2026-02-27 14:05:00,2026-02-27,14:05:00,6862.05,6865.27,6853.18,6854.16,30012110,false,,false,,
2026-02-27 14:10:00,2026-02-27,14:10:00,6854.32,6857.34,6851.82,6854.68,27892070,true,6850,true,6850,6850:from_above
2026-02-27 14:15:00,2026-02-27,14:15:00,6854.82,6856.12,6853.25,6854.61,24278530,false,,false,,
2026-02-27 14:20:00,2026-02-27,14:20:00,6854.6,6855.3,6852.13,6852.55,23280240,false,,false,,
2026-02-27 14:25:00,2026-02-27,14:25:00,6852.35,6855.23,6850.41,6851.09,26051580,true,6850,true,6850,6850:from_above
2026-02-27 14:30:00,2026-02-27,14:30:00,6851.12,6851.12,6847.56,6849.69,26487730,true,6850,false,,
2026-02-27 14:35:00,2026-02-27,14:35:00,6849.72,6855.31,6849.72,6854.52,24998670,true,6850,false,,
2026-02-27 14:40:00,2026-02-27,14:40:00,6854.25,6854.32,6845.61,6848.41,27289630,true,6850,false,,
2026-02-27 14:45:00,2026-02-27,14:45:00,6848.64,6851.27,6847.26,6847.4,24145940,true,6850,false,,
2026-02-27 14:50:00,2026-02-27,14:50:00,6847.61,6849.72,6846.86,6848.52,25602250,true,6850,false,,
2026-02-27 14:55:00,2026-02-27,14:55:00,6848.29,6851.07,6847.85,6848.99,29332400,true,6850,false,,
2026-02-27 15:00:00,2026-02-27,15:00:00,6848.82,6854.43,6848.82,6851.83,31068520,true,6850,false,,
2026-02-27 15:05:00,2026-02-27,15:05:00,6851.87,6856.35,6851.72,6854.63,28260220,true,6850,false,,
2026-02-27 15:10:00,2026-02-27,15:10:00,6854.77,6867.18,6854.68,6866.93,35498780,false,,false,,
2026-02-27 15:15:00,2026-02-27,15:15:00,6867.12,6871.81,6866.67,6871.16,35542580,false,,false,,
2026-02-27 15:20:00,2026-02-27,15:20:00,6871.15,6875.97,6867.46,6873.8,35452580,false,,false,,
2026-02-27 15:25:00,2026-02-27,15:25:00,6873.78,6874.63,6870.99,6871.12,35550670,false,,false,,
2026-02-27 15:30:00,2026-02-27,15:30:00,6871.18,6873,6868.59,6868.9,45098540,false,,false,,
2026-02-27 15:35:00,2026-02-27,15:35:00,6868.95,6869.37,6860.51,6861.59,46708940,false,,false,,
2026-02-27 15:40:00,2026-02-27,15:40:00,6861.51,6869.54,6861.15,6865.24,52195060,false,,false,,
2026-02-27 15:45:00,2026-02-27,15:45:00,6865.27,6870.47,6865.18,6869.41,72848020,false,,false,,
2026-02-27 15:50:00,2026-02-27,15:50:00,6869.65,6876.53,6866.5,6871.07,126291200,false,,false,,
2026-02-27 15:55:00,2026-02-27,15:55:00,6871.26,6882.96,6868.27,6882.96,279383100,false,,false,,
2026-02-27 16:00:00,2026-02-27,16:00:00,6878.36,6878.92,6878.36,6878.89,1198781000,false,,false,,
2026-03-02 09:30:00,2026-03-02,09:30:00,6800.78,6829.27,6796.85,6827.19,248882938,true,6800,true,6800,6800:from_above
2026-03-02 09:35:00,2026-03-02,09:35:00,6827.16,6840.63,6824.94,6826.55,82027622,false,,false,,
2026-03-02 09:40:00,2026-03-02,09:40:00,6826.01,6838.48,6826.01,6835.27,66981210,false,,false,,
2026-03-02 09:45:00,2026-03-02,09:45:00,6835.72,6849.05,6832.98,6848.11,57849000,true,6850,true,6850,6850:from_below
2026-03-02 09:50:00,2026-03-02,09:50:00,6848.11,6848.33,6834.92,6841.19,52517950,true,6850,false,,
2026-03-02 09:55:00,2026-03-02,09:55:00,6841.3,6846.06,6835.8,6845.46,47176380,false,,false,,
2026-03-02 10:00:00,2026-03-02,10:00:00,6843.56,6859.47,6835.62,6857.37,54743480,true,6850,true,6850,6850:from_below
2026-03-02 10:05:00,2026-03-02,10:05:00,6858.04,6865.25,6855.39,6858.8,51644980,false,,false,,
2026-03-02 10:10:00,2026-03-02,10:10:00,6857.97,6868.49,6857.97,6865.31,44588590,false,,false,,
2026-03-02 10:15:00,2026-03-02,10:15:00,6865.16,6868.53,6859.65,6862.38,46104050,false,,false,,
2026-03-02 10:20:00,2026-03-02,10:20:00,6862.48,6863.9,6851.08,6857.18,44825800,true,6850,true,6850,6850:from_above
2026-03-02 10:25:00,2026-03-02,10:25:00,6857.16,6859.07,6846.14,6848.23,41373320,true,6850,false,,
2026-03-02 10:30:00,2026-03-02,10:30:00,6849.78,6852.86,6841.33,6844.85,45021300,true,6850,false,,
2026-03-02 10:35:00,2026-03-02,10:35:00,6845.08,6854.68,6840.16,6854.09,37248840,true,6850,false,,
2026-03-02 10:40:00,2026-03-02,10:40:00,6854.21,6858.62,6850.5,6858.62,37398520,true,6850,false,,
2026-03-02 10:45:00,2026-03-02,10:45:00,6858.6,6863.33,6853.81,6856.75,35064320,false,,false,,
2026-03-02 10:50:00,2026-03-02,10:50:00,6856.76,6860.33,6848.59,6849.28,38454260,true,6850,true,6850,6850:from_above
2026-03-02 10:55:00,2026-03-02,10:55:00,6849.13,6858.03,6847.44,6857.52,33767790,true,6850,false,,
2026-03-02 11:00:00,2026-03-02,11:00:00,6857.61,6861.51,6852.16,6861.5,32133150,false,,false,,
2026-03-02 11:05:00,2026-03-02,11:05:00,6861.26,6870.23,6859.57,6869.96,31461580,false,,false,,
2026-03-02 11:10:00,2026-03-02,11:10:00,6870.26,6871.6,6867.43,6868.85,35632700,false,,false,,
2026-03-02 11:15:00,2026-03-02,11:15:00,6868.73,6868.73,6862.27,6862.6,32601160,false,,false,,
2026-03-02 11:20:00,2026-03-02,11:20:00,6862.79,6864.22,6860,6862.02,29485240,false,,false,,
2026-03-02 11:25:00,2026-03-02,11:25:00,6861.72,6862.23,6845.26,6848.32,32199900,true,6850,true,6850,6850:from_above
2026-03-02 11:30:00,2026-03-02,11:30:00,6847.66,6853.94,6845.11,6853.58,31945430,true,6850,false,,
2026-03-02 11:35:00,2026-03-02,11:35:00,6853.33,6866.88,6850.65,6866.88,30684870,true,6850,false,,
2026-03-02 11:40:00,2026-03-02,11:40:00,6866.89,6880.25,6866.85,6879.38,30495460,false,,false,,
2026-03-02 11:45:00,2026-03-02,11:45:00,6879.46,6884.65,6879.13,6879.96,30897320,false,,false,,
2026-03-02 11:50:00,2026-03-02,11:50:00,6880.21,6880.58,6875.86,6877.2,29156990,false,,false,,
2026-03-02 11:55:00,2026-03-02,11:55:00,6877.03,6880.14,6875.02,6878.14,27123160,false,,false,,
2026-03-02 12:00:00,2026-03-02,12:00:00,6878.12,6878.94,6874.36,6878.57,26974200,false,,false,,
2026-03-02 12:05:00,2026-03-02,12:05:00,6878.63,6881.31,6874.54,6876.86,25036300,false,,false,,
2026-03-02 12:10:00,2026-03-02,12:10:00,6876.8,6879.18,6873.01,6878.78,23841950,false,,false,,
2026-03-02 12:15:00,2026-03-02,12:15:00,6878.84,6886.3,6878.74,6886.12,22771430,false,,false,,
2026-03-02 12:20:00,2026-03-02,12:20:00,6885.88,6887.01,6882.64,6885.77,23795130,false,,false,,
2026-03-02 12:25:00,2026-03-02,12:25:00,6885.68,6885.68,6880.17,6880.17,22597680,false,,false,,
2026-03-02 12:30:00,2026-03-02,12:30:00,6880.13,6882.2,6876.47,6876.5,22858630,false,,false,,
2026-03-02 12:35:00,2026-03-02,12:35:00,6876.57,6881.83,6876.08,6878.18,23140480,false,,false,,
2026-03-02 12:40:00,2026-03-02,12:40:00,6878.06,6883.68,6877.12,6882.63,19917590,false,,false,,
2026-03-02 12:45:00,2026-03-02,12:45:00,6882.36,6885.21,6881.25,6883.67,22361360,false,,false,,
2026-03-02 12:50:00,2026-03-02,12:50:00,6883.72,6888.32,6882.21,6886.74,20936610,false,,false,,
2026-03-02 12:55:00,2026-03-02,12:55:00,6886.3,6887.92,6882.61,6887.66,20468820,false,,false,,
2026-03-02 13:00:00,2026-03-02,13:00:00,6887.63,6889.03,6886.12,6886.98,21179000,false,,false,,
2026-03-02 13:05:00,2026-03-02,13:05:00,6887.32,6888.87,6884.81,6884.83,20112490,false,,false,,
2026-03-02 13:10:00,2026-03-02,13:10:00,6884.66,6886.22,6883.73,6885.53,20825450,false,,false,,
2026-03-02 13:15:00,2026-03-02,13:15:00,6885.48,6885.48,6881.02,6881.35,21962280,false,,false,,
2026-03-02 13:20:00,2026-03-02,13:20:00,6881.29,6881.48,6876.83,6879.45,20633620,false,,false,,
2026-03-02 13:25:00,2026-03-02,13:25:00,6879.48,6883.82,6877.9,6882.29,18789870,false,,false,,
2026-03-02 13:30:00,2026-03-02,13:30:00,6882.43,6883.6,6879.9,6881.38,22632130,false,,false,,
2026-03-02 13:35:00,2026-03-02,13:35:00,6881.41,6881.41,6876.09,6877.3,20840950,false,,false,,
2026-03-02 13:40:00,2026-03-02,13:40:00,6877.38,6878.31,6873.7,6877.9,23505500,false,,false,,
2026-03-02 13:45:00,2026-03-02,13:45:00,6877.82,6877.85,6868.77,6873.72,22863260,false,,false,,
2026-03-02 13:50:00,2026-03-02,13:50:00,6873.75,6875.48,6870.78,6872.85,18717560,false,,false,,
2026-03-02 13:55:00,2026-03-02,13:55:00,6872.88,6873.01,6868.08,6868.68,23953960,false,,false,,
2026-03-02 14:00:00,2026-03-02,14:00:00,6868.63,6872.36,6867.61,6872.2,24062310,false,,false,,
2026-03-02 14:05:00,2026-03-02,14:05:00,6872,6879.53,6870.86,6879.48,24786250,false,,false,,
2026-03-02 14:10:00,2026-03-02,14:10:00,6879.46,6884.91,6879.32,6884.38,26685050,false,,false,,
2026-03-02 14:15:00,2026-03-02,14:15:00,6884.38,6892.48,6884.38,6891.45,23143720,false,,false,,
2026-03-02 14:20:00,2026-03-02,14:20:00,6891.49,6896.41,6891.32,6892.64,22376730,false,,false,,
2026-03-02 14:25:00,2026-03-02,14:25:00,6892.53,6897.33,6890.88,6896.79,22196940,false,,false,,
2026-03-02 14:30:00,2026-03-02,14:30:00,6896.88,6899.91,6896.7,6899.23,23713200,true,6900,true,6900,6900:from_below
2026-03-02 14:35:00,2026-03-02,14:35:00,6899.15,6901.01,6898.09,6898.47,22239420,true,6900,false,,
2026-03-02 14:40:00,2026-03-02,14:40:00,6898.23,6899.56,6894.92,6895.51,22674660,true,6900,false,,
2026-03-02 14:45:00,2026-03-02,14:45:00,6895.46,6899.22,6895.46,6897.87,20637670,true,6900,false,,
2026-03-02 14:50:00,2026-03-02,14:50:00,6897.95,6899.97,6896.34,6899.43,23276490,true,6900,false,,
2026-03-02 14:55:00,2026-03-02,14:55:00,6899.51,6900.24,6896.7,6896.99,23433100,true,6900,false,,
2026-03-02 15:00:00,2026-03-02,15:00:00,6896.95,6898.16,6894.18,6895.72,27107220,true,6900,false,,
2026-03-02 15:05:00,2026-03-02,15:05:00,6895.76,6896.8,6875.47,6877.07,35574410,false,,false,,
2026-03-02 15:10:00,2026-03-02,15:10:00,6877.2,6877.2,6867.19,6868.32,34635400,false,,false,,
2026-03-02 15:15:00,2026-03-02,15:15:00,6868.04,6880.23,6864.77,6875.63,33781760,false,,false,,
2026-03-02 15:20:00,2026-03-02,15:20:00,6875.67,6877.4,6870.77,6872,30381930,false,,false,,
2026-03-02 15:25:00,2026-03-02,15:25:00,6871.96,6874.93,6868.24,6868.8,30984800,false,,false,,
2026-03-02 15:30:00,2026-03-02,15:30:00,6868.72,6875.76,6867.83,6875.6,34298710,false,,false,,
2026-03-02 15:35:00,2026-03-02,15:35:00,6875.45,6878.86,6871.97,6876.43,35287780,false,,false,,
2026-03-02 15:40:00,2026-03-02,15:40:00,6876.16,6877.71,6870.96,6877.29,39144010,false,,false,,
2026-03-02 15:45:00,2026-03-02,15:45:00,6877.15,6881.66,6875.04,6879.05,50635640,false,,false,,
2026-03-02 15:50:00,2026-03-02,15:50:00,6878.87,6882.66,6875.32,6882.6,83930740,false,,false,,
2026-03-02 15:55:00,2026-03-02,15:55:00,6882.81,6888,6879.69,6880.25,203575500,false,,false,,
2026-03-02 16:00:00,2026-03-02,16:00:00,6879.43,6881.63,6879.43,6881.63,495863600,false,,false,,
2026-03-03 09:30:00,2026-03-03,09:30:00,6766.39,6778.73,6759.31,6759.51,199418132,false,,false,,
2026-03-03 09:35:00,2026-03-03,09:35:00,6759.51,6783.95,6756.12,6773.22,68777894,false,,false,,
2026-03-03 09:40:00,2026-03-03,09:40:00,6772.48,6773.52,6746.99,6747.97,57982884,true,6750,true,6750,6750:from_above
2026-03-03 09:45:00,2026-03-03,09:45:00,6747.97,6760.59,6739.18,6739.39,57930500,true,6750,false,,
2026-03-03 09:50:00,2026-03-03,09:50:00,6738.23,6751.68,6735.96,6746.21,54654790,true,6750,false,,
2026-03-03 09:55:00,2026-03-03,09:55:00,6746.02,6746.83,6733.72,6736.94,46412270,false,,false,,
2026-03-03 10:00:00,2026-03-03,10:00:00,6736.83,6751.73,6731.09,6734.5,51242640,true,6750,true,6750,6750:from_below
2026-03-03 10:05:00,2026-03-03,10:05:00,6735.28,6745,6730.57,6737.99,43381040,false,,false,,
2026-03-03 10:10:00,2026-03-03,10:10:00,6737.92,6748.67,6731.58,6740.64,47150870,true,6750,true,6750,6750:from_below
2026-03-03 10:15:00,2026-03-03,10:15:00,6740.58,6742.15,6723.19,6724.53,41740200,false,,false,,
2026-03-03 10:20:00,2026-03-03,10:20:00,6724.57,6724.57,6713.15,6718.34,47141580,false,,false,,
2026-03-03 10:25:00,2026-03-03,10:25:00,6718.17,6719.23,6710.42,6711.8,44591610,false,,false,,
2026-03-03 10:30:00,2026-03-03,10:30:00,6711.92,6731.38,6711.92,6723.94,49146270,false,,false,,
2026-03-03 10:35:00,2026-03-03,10:35:00,6724.14,6735.43,6723.05,6731.67,38797890,false,,false,,
2026-03-03 10:40:00,2026-03-03,10:40:00,6731.55,6738.32,6724.53,6726.83,37274800,false,,false,,
2026-03-03 10:45:00,2026-03-03,10:45:00,6726.79,6734.64,6722.16,6727.09,38408730,false,,false,,
2026-03-03 10:50:00,2026-03-03,10:50:00,6727.25,6728.06,6718.08,6719.78,34674970,false,,false,,
2026-03-03 10:55:00,2026-03-03,10:55:00,6719.94,6734.44,6719.5,6733.09,41065620,false,,false,,
2026-03-03 11:00:00,2026-03-03,11:00:00,6733.26,6748.04,6731.8,6747.47,39465330,true,6750,true,6750,6750:from_below
2026-03-03 11:05:00,2026-03-03,11:05:00,6747.79,6762.77,6747.79,6759.86,42417580,true,6750,false,,
2026-03-03 11:10:00,2026-03-03,11:10:00,6759.76,6766.19,6757.46,6765.04,34473110,false,,false,,
2026-03-03 11:15:00,2026-03-03,11:15:00,6765.14,6775.33,6764.81,6767.44,33842750,false,,false,,
2026-03-03 11:20:00,2026-03-03,11:20:00,6767.44,6777.67,6765.36,6777.29,34755870,false,,false,,
2026-03-03 11:25:00,2026-03-03,11:25:00,6777.36,6779.77,6773.4,6775.57,33649570,false,,false,,
2026-03-03 11:30:00,2026-03-03,11:30:00,6775.14,6775.14,6761.77,6772.37,32442030,false,,false,,
2026-03-03 11:35:00,2026-03-03,11:35:00,6772.28,6779.07,6770.7,6774.83,28639500,false,,false,,
2026-03-03 11:40:00,2026-03-03,11:40:00,6774.88,6781.35,6768.1,6781.32,33129600,false,,false,,
2026-03-03 11:45:00,2026-03-03,11:45:00,6781.38,6798.01,6781.38,6789.34,33888170,true,6800,true,6800,6800:from_below
2026-03-03 11:50:00,2026-03-03,11:50:00,6790.04,6793.43,6787.43,6792.65,26317900,false,,false,,
2026-03-03 11:55:00,2026-03-03,11:55:00,6793.01,6796.86,6788.94,6789.96,24760280,false,,false,,
2026-03-03 12:00:00,2026-03-03,12:00:00,6789.9,6793.45,6783.62,6788.73,30022310,false,,false,,
2026-03-03 12:05:00,2026-03-03,12:05:00,6788.85,6792.35,6781.95,6782.48,26603980,false,,false,,
2026-03-03 12:10:00,2026-03-03,12:10:00,6782.23,6785.58,6778.79,6785.58,25926020,false,,false,,
2026-03-03 12:15:00,2026-03-03,12:15:00,6785.54,6790.93,6781.75,6789.97,23205010,false,,false,,
2026-03-03 12:20:00,2026-03-03,12:20:00,6790.2,6796.32,6784.35,6796.32,23306580,false,,false,,
2026-03-03 12:25:00,2026-03-03,12:25:00,6796.5,6799,6792.23,6798.03,21978230,true,6800,true,6800,6800:from_below
2026-03-03 12:30:00,2026-03-03,12:30:00,6797.81,6797.82,6777.98,6779.26,23608140,false,,false,,
2026-03-03 12:35:00,2026-03-03,12:35:00,6779.29,6784.93,6776.46,6781.01,24969010,false,,false,,
2026-03-03 12:40:00,2026-03-03,12:40:00,6781.32,6797.24,6781.32,6796.99,22124390,false,,false,,
2026-03-03 12:45:00,2026-03-03,12:45:00,6797,6798.63,6792.26,6797.41,21604860,true,6800,true,6800,6800:from_below
2026-03-03 12:50:00,2026-03-03,12:50:00,6797.51,6797.55,6784.41,6785.31,24723540,false,,false,,
2026-03-03 12:55:00,2026-03-03,12:55:00,6785.36,6791.2,6784.02,6788.64,19848530,false,,false,,
2026-03-03 13:00:00,2026-03-03,13:00:00,6788.74,6801.91,6788.74,6798.52,21492630,true,6800,true,6800,6800:from_below
2026-03-03 13:05:00,2026-03-03,13:05:00,6798.49,6802.87,6796.66,6802.53,20043630,true,6800,false,,
2026-03-03 13:10:00,2026-03-03,13:10:00,6802.56,6802.79,6791.27,6794.9,21801300,true,6800,false,,
2026-03-03 13:15:00,2026-03-03,13:15:00,6795.36,6802.78,6795.36,6801.49,17912840,true,6800,false,,
2026-03-03 13:20:00,2026-03-03,13:20:00,6801.52,6815.29,6801.52,6814.5,23612360,true,6800,false,,
2026-03-03 13:25:00,2026-03-03,13:25:00,6814.73,6818.48,6812.19,6812.91,22897680,false,,false,,
2026-03-03 13:30:00,2026-03-03,13:30:00,6812.95,6822.11,6812.04,6820.3,26350080,false,,false,,
2026-03-03 13:35:00,2026-03-03,13:35:00,6820.37,6827.6,6817.58,6827.32,26366700,false,,false,,
2026-03-03 13:40:00,2026-03-03,13:40:00,6827.55,6832.79,6824.24,6826.41,27102560,false,,false,,
2026-03-03 13:45:00,2026-03-03,13:45:00,6826.22,6828.86,6819.69,6828.32,24974430,false,,false,,
2026-03-03 13:50:00,2026-03-03,13:50:00,6828.4,6832.92,6826.87,6828.56,24188680,false,,false,,
2026-03-03 13:55:00,2026-03-03,13:55:00,6828.59,6830.09,6824.13,6826.48,23031760,false,,false,,
2026-03-03 14:00:00,2026-03-03,14:00:00,6826.57,6828.87,6823.15,6826.35,25020160,false,,false,,
2026-03-03 14:05:00,2026-03-03,14:05:00,6826.56,6827.47,6815.02,6815.41,26179560,false,,false,,
2026-03-03 14:10:00,2026-03-03,14:10:00,6815.55,6820.53,6812.78,6819.83,23563840,false,,false,,
2026-03-03 14:15:00,2026-03-03,14:15:00,6819.95,6825.4,6819.64,6823.51,23786560,false,,false,,
2026-03-03 14:20:00,2026-03-03,14:20:00,6823.71,6829.33,6823.71,6824.42,24508020,false,,false,,
2026-03-03 14:25:00,2026-03-03,14:25:00,6824.47,6824.94,6819.2,6819.31,24327850,false,,false,,
2026-03-03 14:30:00,2026-03-03,14:30:00,6819.35,6821.44,6809.56,6811.2,25876110,false,,false,,
2026-03-03 14:35:00,2026-03-03,14:35:00,6811.33,6831.13,6808.11,6823.67,37644540,false,,false,,
2026-03-03 14:40:00,2026-03-03,14:40:00,6823.82,6833.63,6823.24,6833.28,34299600,false,,false,,
2026-03-03 14:45:00,2026-03-03,14:45:00,6833.35,6840.05,6833.2,6835.4,28886940,false,,false,,
2026-03-03 14:50:00,2026-03-03,14:50:00,6835.22,6837.84,6824.01,6829.26,31873150,false,,false,,
2026-03-03 14:55:00,2026-03-03,14:55:00,6829.02,6829.39,6822.24,6826.91,26668850,false,,false,,
2026-03-03 15:00:00,2026-03-03,15:00:00,6827.04,6833.47,6823.86,6825.77,27986580,false,,false,,
2026-03-03 15:05:00,2026-03-03,15:05:00,6826.16,6829.74,6822.81,6829.03,29617930,false,,false,,
2026-03-03 15:10:00,2026-03-03,15:10:00,6829.06,6832.38,6822.3,6822.3,29719940,false,,false,,
2026-03-03 15:15:00,2026-03-03,15:15:00,6822.19,6825.02,6816.67,6818.87,31269480,false,,false,,
2026-03-03 15:20:00,2026-03-03,15:20:00,6819.22,6824.04,6818.14,6821.82,29779760,false,,false,,
2026-03-03 15:25:00,2026-03-03,15:25:00,6821.74,6827.04,6816.9,6824.78,32481610,false,,false,,
2026-03-03 15:30:00,2026-03-03,15:30:00,6824.7,6827.1,6822.35,6822.58,36119440,false,,false,,
2026-03-03 15:35:00,2026-03-03,15:35:00,6822.44,6828.86,6818.43,6820.23,36706220,false,,false,,
2026-03-03 15:40:00,2026-03-03,15:40:00,6820.2,6822.33,6817.08,6819.74,39163220,false,,false,,
2026-03-03 15:45:00,2026-03-03,15:45:00,6819.27,6821.86,6814.78,6819.06,48433200,false,,false,,
2026-03-03 15:50:00,2026-03-03,15:50:00,6819.23,6819.23,6806.83,6816.42,88549240,false,,false,,
2026-03-03 15:55:00,2026-03-03,15:55:00,6816.15,6817.58,6812.54,6816.25,197916300,false,,false,,
2026-03-03 16:00:00,2026-03-03,16:00:00,6816.36,6816.77,6816.36,6816.62,532556700,false,,false,,
2026-03-04 09:30:00,2026-03-04,09:30:00,6830.67,6848.04,6830.67,6843.93,79335894,true,6850,true,6850,6850:from_below
2026-03-04 09:35:00,2026-03-04,09:35:00,6843.76,6844.52,6823.46,6824.92,58064576,false,,false,,
2026-03-04 09:40:00,2026-03-04,09:40:00,6825.1,6825.1,6815.04,6816.57,48840118,false,,false,,
2026-03-04 09:45:00,2026-03-04,09:45:00,6816.75,6829.26,6811.64,6823.31,50978590,false,,false,,
2026-03-04 09:50:00,2026-03-04,09:50:00,6823.14,6830.98,6817.37,6828.51,44202050,false,,false,,
2026-03-04 09:55:00,2026-03-04,09:55:00,6828.66,6829.29,6822.45,6829.12,42363960,false,,false,,
2026-03-04 10:00:00,2026-03-04,10:00:00,6834.9,6840.01,6824.68,6830.04,51389900,false,,false,,
2026-03-04 10:05:00,2026-03-04,10:05:00,6830.31,6846.63,6829.06,6845.92,39547750,false,,false,,
2026-03-04 10:10:00,2026-03-04,10:10:00,6845.78,6851.33,6840.57,6846.52,38100480,true,6850,true,6850,6850:from_below
2026-03-04 10:15:00,2026-03-04,10:15:00,6846.46,6858.96,6846.46,6858.71,37413360,true,6850,false,,
2026-03-04 10:20:00,2026-03-04,10:20:00,6858.89,6869.93,6857.16,6869.93,38112370,false,,false,,
2026-03-04 10:25:00,2026-03-04,10:25:00,6869.9,6876.76,6866.18,6875.44,39825860,false,,false,,
2026-03-04 10:30:00,2026-03-04,10:30:00,6876.18,6877.23,6868.74,6868.74,38668890,false,,false,,
2026-03-04 10:35:00,2026-03-04,10:35:00,6868.59,6869.58,6860.86,6860.98,35947930,false,,false,,
2026-03-04 10:40:00,2026-03-04,10:40:00,6861.08,6863.13,6858.36,6859.45,31149210,false,,false,,
2026-03-04 10:45:00,2026-03-04,10:45:00,6859.37,6860.73,6854.32,6860.29,30538570,false,,false,,
2026-03-04 10:50:00,2026-03-04,10:50:00,6860.17,6864.99,6856.07,6864.54,30669040,false,,false,,
2026-03-04 10:55:00,2026-03-04,10:55:00,6864.34,6873.37,6863.96,6873,31859840,false,,false,,
2026-03-04 11:00:00,2026-03-04,11:00:00,6872.53,6880.38,6872.53,6877.24,30306930,false,,false,,
2026-03-04 11:05:00,2026-03-04,11:05:00,6876.91,6877.5,6870.5,6871.03,28460620,false,,false,,
2026-03-04 11:10:00,2026-03-04,11:10:00,6871.12,6871.57,6858.42,6860.22,30695870,false,,false,,
2026-03-04 11:15:00,2026-03-04,11:15:00,6860.22,6865.57,6858.16,6860.18,30234750,false,,false,,
2026-03-04 11:20:00,2026-03-04,11:20:00,6860.33,6863.78,6856.85,6858.9,28408570,false,,false,,
2026-03-04 11:25:00,2026-03-04,11:25:00,6858.81,6868.2,6857.92,6865.86,30338130,false,,false,,
2026-03-04 11:30:00,2026-03-04,11:30:00,6865.9,6872.48,6864.82,6870.03,25357320,false,,false,,
2026-03-04 11:35:00,2026-03-04,11:35:00,6869.96,6872.87,6864.21,6866.17,31606400,false,,false,,
2026-03-04 11:40:00,2026-03-04,11:40:00,6865.99,6877.04,6865.49,6875.86,27224810,false,,false,,
2026-03-04 11:45:00,2026-03-04,11:45:00,6875.92,6878.45,6873.56,6875.4,26718870,false,,false,,
2026-03-04 11:50:00,2026-03-04,11:50:00,6875.26,6877.16,6870.78,6875.57,25751920,false,,false,,
2026-03-04 11:55:00,2026-03-04,11:55:00,6875.16,6876.87,6872.13,6872.72,26342400,false,,false,,
2026-03-04 12:00:00,2026-03-04,12:00:00,6872.76,6877.65,6870.48,6877.65,27673720,false,,false,,
2026-03-04 12:05:00,2026-03-04,12:05:00,6877.51,6878.18,6874.03,6875.24,26539010,false,,false,,
2026-03-04 12:10:00,2026-03-04,12:10:00,6875.44,6877.87,6875.02,6875.21,24025750,false,,false,,
2026-03-04 12:15:00,2026-03-04,12:15:00,6875.24,6876.26,6873.36,6874.45,23133010,false,,false,,
2026-03-04 12:20:00,2026-03-04,12:20:00,6874.56,6876.07,6869.35,6871.92,23801700,false,,false,,
2026-03-04 12:25:00,2026-03-04,12:25:00,6872.56,6875.68,6868.35,6868.73,22980000,false,,false,,
2026-03-04 12:30:00,2026-03-04,12:30:00,6868.56,6869.64,6861.36,6869.31,23399890,false,,false,,
2026-03-04 12:35:00,2026-03-04,12:35:00,6869.3,6875.27,6868.35,6874.87,21624370,false,,false,,
2026-03-04 12:40:00,2026-03-04,12:40:00,6875.02,6876.85,6871.12,6872.62,20875340,false,,false,,
2026-03-04 12:45:00,2026-03-04,12:45:00,6872.59,6875.75,6872.52,6874.42,18603180,false,,false,,
2026-03-04 12:50:00,2026-03-04,12:50:00,6874.28,6878.29,6872.76,6877.48,22077680,false,,false,,
2026-03-04 12:55:00,2026-03-04,12:55:00,6877.52,6878.42,6874.02,6876.95,20209910,false,,false,,
2026-03-04 13:00:00,2026-03-04,13:00:00,6876.81,6879.44,6874.9,6874.96,20038050,false,,false,,
2026-03-04 13:05:00,2026-03-04,13:05:00,6875.04,6878.75,6872.78,6877.26,20634800,false,,false,,
2026-03-04 13:10:00,2026-03-04,13:10:00,6877.25,6878.26,6873.71,6874.59,21353920,false,,false,,
2026-03-04 13:15:00,2026-03-04,13:15:00,6874.47,6874.73,6871.41,6871.53,21384860,false,,false,,
2026-03-04 13:20:00,2026-03-04,13:20:00,6871.5,6873.88,6869.25,6871.47,21372390,false,,false,,
2026-03-04 13:25:00,2026-03-04,13:25:00,6871.42,6876.21,6870.58,6875.94,23190880,false,,false,,
2026-03-04 13:30:00,2026-03-04,13:30:00,6875.97,6881.57,6875.9,6878.28,22221310,false,,false,,
2026-03-04 13:35:00,2026-03-04,13:35:00,6878.27,6881.52,6878.13,6879.19,24523670,false,,false,,
2026-03-04 13:40:00,2026-03-04,13:40:00,6879.01,6882.36,6878.71,6880.22,24353360,false,,false,,
2026-03-04 13:45:00,2026-03-04,13:45:00,6880.32,6882.26,6877.97,6882.22,22917080,false,,false,,
2026-03-04 13:50:00,2026-03-04,13:50:00,6882.17,6883.39,6881.11,6881.21,20396720,false,,false,,
2026-03-04 13:55:00,2026-03-04,13:55:00,6881.29,6881.29,6877.32,6880.56,21013890,false,,false,,
2026-03-04 14:00:00,2026-03-04,14:00:00,6880.61,6883.75,6879.31,6883.15,23563110,false,,false,,
2026-03-04 14:05:00,2026-03-04,14:05:00,6883.21,6883.66,6881.24,6882.08,24857470,false,,false,,
2026-03-04 14:10:00,2026-03-04,14:10:00,6882.18,6883.87,6881.51,6882.84,22918490,false,,false,,
2026-03-04 14:15:00,2026-03-04,14:15:00,6882.76,6884.61,6882.52,6883.09,24630160,false,,false,,
2026-03-04 14:20:00,2026-03-04,14:20:00,6883.09,6884.01,6880.98,6883.75,20734930,false,,false,,
2026-03-04 14:25:00,2026-03-04,14:25:00,6883.67,6883.68,6879.96,6880.92,23048010,false,,false,,
2026-03-04 14:30:00,2026-03-04,14:30:00,6880.91,6882.75,6879.64,6880.21,21897530,false,,false,,
2026-03-04 14:35:00,2026-03-04,14:35:00,6880.1,6883.53,6880.1,6883.53,21503280,false,,false,,
2026-03-04 14:40:00,2026-03-04,14:40:00,6883.53,6884.07,6880.53,6881.77,23015510,false,,false,,
2026-03-04 14:45:00,2026-03-04,14:45:00,6881.82,6883.58,6880.29,6883.5,22765740,false,,false,,
2026-03-04 14:50:00,2026-03-04,14:50:00,6883.51,6885.94,6883.2,6885.27,23669240,false,,false,,
2026-03-04 14:55:00,2026-03-04,14:55:00,6885.22,6885.23,6882.19,6882.85,25698130,false,,false,,
2026-03-04 15:00:00,2026-03-04,15:00:00,6882.95,6884.9,6881.86,6884.19,25118270,false,,false,,
2026-03-04 15:05:00,2026-03-04,15:05:00,6884.24,6884.53,6878.49,6879.94,27044740,false,,false,,
2026-03-04 15:10:00,2026-03-04,15:10:00,6880.01,6880.06,6875.87,6876.91,26199500,false,,false,,
2026-03-04 15:15:00,2026-03-04,15:15:00,6876.9,6877.52,6874.33,6874.33,28410700,false,,false,,
2026-03-04 15:20:00,2026-03-04,15:20:00,6874.37,6875.31,6870.21,6872.27,29286640,false,,false,,
2026-03-04 15:25:00,2026-03-04,15:25:00,6872.32,6877.46,6872.32,6877.29,30366720,false,,false,,
2026-03-04 15:30:00,2026-03-04,15:30:00,6877.3,6878.53,6874.34,6874.94,37421200,false,,false,,
2026-03-04 15:35:00,2026-03-04,15:35:00,6874.87,6878.57,6874.51,6876.45,42489250,false,,false,,
2026-03-04 15:40:00,2026-03-04,15:40:00,6876.44,6880.85,6875.41,6879.88,44214980,false,,false,,
2026-03-04 15:45:00,2026-03-04,15:45:00,6879.84,6880.89,6877.76,6878.25,56389830,false,,false,,
2026-03-04 15:50:00,2026-03-04,15:50:00,6878.24,6878.24,6869.34,6875.48,91376810,false,,false,,
2026-03-04 15:55:00,2026-03-04,15:55:00,6875.16,6876.56,6868.86,6868.94,203017850,false,,false,,
2026-03-04 16:00:00,2026-03-04,16:00:00,6868.84,6869.5,6868.84,6869.49,480025180,false,,false,,
2026-03-05 09:30:00,2026-03-05,09:30:00,6851.08,6856.62,6835.49,6856.62,162845358,true,6850,true,6850,6850:from_above
2026-03-05 09:35:00,2026-03-05,09:35:00,6856.8,6859.7,6847.44,6851.78,62586589,true,6850,false,,
2026-03-05 09:40:00,2026-03-05,09:40:00,6852.17,6852.22,6840.57,6841.71,52917683,true,6850,false,,
2026-03-05 09:45:00,2026-03-05,09:45:00,6842.05,6852.27,6837.56,6843.87,54577660,true,6850,false,,
2026-03-05 09:50:00,2026-03-05,09:50:00,6843.68,6853.95,6842.08,6853.95,47836440,true,6850,false,,
2026-03-05 09:55:00,2026-03-05,09:55:00,6853.93,6865.93,6851.52,6865.93,43384770,true,6850,false,,
2026-03-05 10:00:00,2026-03-05,10:00:00,6865.88,6870.43,6857.63,6858.31,53475000,false,,false,,
2026-03-05 10:05:00,2026-03-05,10:05:00,6858.2,6858.45,6844.56,6850.69,45465860,true,6850,true,6850,6850:from_above
2026-03-05 10:10:00,2026-03-05,10:10:00,6850.81,6858.3,6846.34,6858.3,47773280,true,6850,false,,
2026-03-05 10:15:00,2026-03-05,10:15:00,6858.06,6858.06,6843.4,6844.33,41864500,true,6850,false,,
2026-03-05 10:20:00,2026-03-05,10:20:00,6843.92,6843.92,6825.9,6826.1,40573360,false,,false,,
2026-03-05 10:25:00,2026-03-05,10:25:00,6825.79,6828.97,6818.62,6821.9,40366150,false,,false,,
2026-03-05 10:30:00,2026-03-05,10:30:00,6822.13,6822.13,6807.88,6816.82,45328720,false,,false,,
2026-03-05 10:35:00,2026-03-05,10:35:00,6816.76,6825.58,6813.18,6825.48,38429850,false,,false,,
2026-03-05 10:40:00,2026-03-05,10:40:00,6825.47,6831.51,6823.94,6826.65,34242930,false,,false,,
2026-03-05 10:45:00,2026-03-05,10:45:00,6826.68,6834.15,6826.3,6827.71,32031230,false,,false,,
2026-03-05 10:50:00,2026-03-05,10:50:00,6827.84,6840.26,6827.08,6837.05,35089500,false,,false,,
2026-03-05 10:55:00,2026-03-05,10:55:00,6836.58,6837.21,6828.68,6835.07,35730500,false,,false,,
2026-03-05 11:00:00,2026-03-05,11:00:00,6835.43,6837.34,6823.15,6823.57,32401490,false,,false,,
2026-03-05 11:05:00,2026-03-05,11:05:00,6823.58,6826,6815.39,6815.92,34959920,false,,false,,
2026-03-05 11:10:00,2026-03-05,11:10:00,6815.64,6816.92,6806.71,6812.32,37999100,false,,false,,
2026-03-05 11:15:00,2026-03-05,11:15:00,6812.52,6815.33,6805.24,6810.13,33738130,false,,false,,
2026-03-05 11:20:00,2026-03-05,11:20:00,6807.21,6816.89,6807.21,6811.26,33533570,false,,false,,
2026-03-05 11:25:00,2026-03-05,11:25:00,6811,6815.04,6808.68,6809.41,29782160,false,,false,,
2026-03-05 11:30:00,2026-03-05,11:30:00,6809.2,6821.4,6809.2,6815.88,34053450,false,,false,,
2026-03-05 11:35:00,2026-03-05,11:35:00,6815.87,6822.72,6814.1,6820.01,27618380,false,,false,,
2026-03-05 11:40:00,2026-03-05,11:40:00,6819.77,6824.13,6814.05,6816.15,27508000,false,,false,,
2026-03-05 11:45:00,2026-03-05,11:45:00,6816.16,6825.19,6816.16,6820.91,25975070,false,,false,,
2026-03-05 11:50:00,2026-03-05,11:50:00,6820.72,6823.46,6817.16,6822.91,24843190,false,,false,,
2026-03-05 11:55:00,2026-03-05,11:55:00,6822.96,6826.76,6822.88,6824.34,26104500,false,,false,,
2026-03-05 12:00:00,2026-03-05,12:00:00,6824.49,6837.86,6823.16,6837.5,27922360,false,,false,,
2026-03-05 12:05:00,2026-03-05,12:05:00,6837.44,6837.96,6824.76,6824.85,26702780,false,,false,,
2026-03-05 12:10:00,2026-03-05,12:10:00,6824.82,6825.16,6816.74,6819.73,29471480,false,,false,,
2026-03-05 12:15:00,2026-03-05,12:15:00,6819.99,6820.09,6806.51,6807.13,27586890,false,,false,,
2026-03-05 12:20:00,2026-03-05,12:20:00,6807.37,6810.36,6804.1,6808.97,27921960,false,,false,,
2026-03-05 12:25:00,2026-03-05,12:25:00,6808.6,6810.09,6802.14,6802.41,29555000,false,,false,,
2026-03-05 12:30:00,2026-03-05,12:30:00,6799.77,6801.41,6786.66,6786.66,34621110,true,6800,true,6800,6800:from_above
2026-03-05 12:35:00,2026-03-05,12:35:00,6786.89,6799.01,6784.94,6793.53,35573630,true,6800,false,,
2026-03-05 12:40:00,2026-03-05,12:40:00,6793.71,6797.2,6784.13,6784.88,32781220,false,,false,,
2026-03-05 12:45:00,2026-03-05,12:45:00,6785.49,6786.02,6776.9,6777.61,38593620,false,,false,,
2026-03-05 12:50:00,2026-03-05,12:50:00,6777.52,6786.49,6774.6,6777.82,33729030,false,,false,,
2026-03-05 12:55:00,2026-03-05,12:55:00,6778.13,6780.9,6774.31,6778.77,30295200,false,,false,,
2026-03-05 13:00:00,2026-03-05,13:00:00,6778.42,6785.25,6777.23,6784.77,28098830,false,,false,,
2026-03-05 13:05:00,2026-03-05,13:05:00,6784.55,6792.4,6782.17,6791.65,29571230,false,,false,,
2026-03-05 13:10:00,2026-03-05,13:10:00,6791.78,6796.3,6787.25,6794.52,26332970,false,,false,,
2026-03-05 13:15:00,2026-03-05,13:15:00,6794.34,6796.09,6777.65,6777.89,27011760,false,,false,,
2026-03-05 13:20:00,2026-03-05,13:20:00,6777.97,6786.96,6777.88,6783.22,26184250,false,,false,,
2026-03-05 13:25:00,2026-03-05,13:25:00,6783.19,6783.62,6773.87,6777.18,25509320,false,,false,,
2026-03-05 13:30:00,2026-03-05,13:30:00,6777.06,6783.63,6772.8,6777.7,27287360,false,,false,,
2026-03-05 13:35:00,2026-03-05,13:35:00,6777.84,6784.16,6777.13,6781.58,24973370,false,,false,,
2026-03-05 13:40:00,2026-03-05,13:40:00,6781.56,6793.67,6781.23,6792.04,27006210,false,,false,,
2026-03-05 13:45:00,2026-03-05,13:45:00,6791.97,6792.24,6781.46,6783.41,26192430,false,,false,,
2026-03-05 13:50:00,2026-03-05,13:50:00,6783.46,6783.46,6773.92,6774.84,22918700,false,,false,,
2026-03-05 13:55:00,2026-03-05,13:55:00,6774.75,6784.36,6774.75,6780.29,23635160,false,,false,,
2026-03-05 14:00:00,2026-03-05,14:00:00,6780.45,6785.07,6778.38,6781.56,28343530,false,,false,,
2026-03-05 14:05:00,2026-03-05,14:05:00,6781.87,6787.01,6781.56,6783.68,28163840,false,,false,,
2026-03-05 14:10:00,2026-03-05,14:10:00,6783.49,6788.32,6780.32,6787.77,26044380,false,,false,,
2026-03-05 14:15:00,2026-03-05,14:15:00,6787.84,6787.84,6781.22,6786.79,26424740,false,,false,,
2026-03-05 14:20:00,2026-03-05,14:20:00,6786.83,6791.2,6782.91,6785.94,25483160,false,,false,,
2026-03-05 14:25:00,2026-03-05,14:25:00,6786.2,6787.92,6777.86,6781.43,27844420,false,,false,,
2026-03-05 14:30:00,2026-03-05,14:30:00,6781.42,6781.42,6770.78,6774.4,27624510,false,,false,,
2026-03-05 14:35:00,2026-03-05,14:35:00,6774.34,6777.17,6771.3,6777.06,27203290,false,,false,,
2026-03-05 14:40:00,2026-03-05,14:40:00,6777.05,6783.73,6777.05,6783.56,27292190,false,,false,,
2026-03-05 14:45:00,2026-03-05,14:45:00,6784.04,6788.45,6780.36,6787.12,26629490,false,,false,,
2026-03-05 14:50:00,2026-03-05,14:50:00,6787.15,6790.93,6781.85,6781.85,28197260,false,,false,,
2026-03-05 14:55:00,2026-03-05,14:55:00,6781.78,6786.45,6779.28,6784.95,27003620,false,,false,,
2026-03-05 15:00:00,2026-03-05,15:00:00,6785.05,6794.35,6778.57,6793.3,37019190,false,,false,,
2026-03-05 15:05:00,2026-03-05,15:05:00,6793.41,6797.84,6783.02,6796.33,33903360,false,,false,,
2026-03-05 15:10:00,2026-03-05,15:10:00,6796.2,6804.36,6796.03,6802.01,34570110,true,6800,true,6800,6800:from_below
2026-03-05 15:15:00,2026-03-05,15:15:00,6802.06,6808.19,6798.26,6805.14,35706630,true,6800,false,,
2026-03-05 15:20:00,2026-03-05,15:20:00,6805.1,6811.83,6803.16,6811.69,37362790,false,,false,,
2026-03-05 15:25:00,2026-03-05,15:25:00,6811.82,6817.88,6808.83,6808.83,42397520,false,,false,,
2026-03-05 15:30:00,2026-03-05,15:30:00,6808.99,6815.58,6806.76,6814.03,41108070,false,,false,,
2026-03-05 15:35:00,2026-03-05,15:35:00,6814.18,6818.82,6813.53,6814.68,43149600,false,,false,,
2026-03-05 15:40:00,2026-03-05,15:40:00,6814.77,6815.65,6810.43,6813.95,42916170,false,,false,,
2026-03-05 15:45:00,2026-03-05,15:45:00,6813.92,6819.11,6808.62,6819.11,57706820,false,,false,,
2026-03-05 15:50:00,2026-03-05,15:50:00,6824.93,6828.2,6817.97,6827.75,97529900,false,,false,,
2026-03-05 15:55:00,2026-03-05,15:55:00,6827.82,6831.76,6824.25,6830.62,233528900,false,,false,,
2026-03-05 16:00:00,2026-03-05,16:00:00,6830.14,6830.72,6830.01,6830.72,569794600,false,,false,,
2026-03-06 09:30:00,2026-03-06,09:30:00,6748.54,6752.05,6734.37,6736.84,88573177,true,6750,true,6750,6750:from_above
2026-03-06 09:35:00,2026-03-06,09:35:00,6736.78,6738.22,6716.73,6724.34,65991928,false,,false,,
2026-03-06 09:40:00,2026-03-06,09:40:00,6724.15,6732.96,6721.5,6722.97,57017056,false,,false,,
2026-03-06 09:45:00,2026-03-06,09:45:00,6723.21,6730.02,6712.8,6719.37,53624370,false,,false,,
2026-03-06 09:50:00,2026-03-06,09:50:00,6719.37,6732.39,6717.79,6720.56,48125000,false,,false,,
2026-03-06 09:55:00,2026-03-06,09:55:00,6720.4,6724.74,6711.56,6724.01,42728690,false,,false,,
2026-03-06 10:00:00,2026-03-06,10:00:00,6722.36,6742.38,6722.36,6739.52,50848190,false,,false,,
2026-03-06 10:05:00,2026-03-06,10:05:00,6740.56,6742.58,6722.46,6723.82,37962370,false,,false,,
2026-03-06 10:10:00,2026-03-06,10:10:00,6723.37,6744.97,6721.62,6744.65,27495540,false,,false,,
2026-03-06 10:15:00,2026-03-06,10:15:00,6744.95,6747.82,6740.64,6747.68,24404750,false,,false,,
2026-03-06 10:20:00,2026-03-06,10:20:00,6747.65,6755.9,6745.58,6754.48,36315440,true,6750,true,6750,6750:from_below
2026-03-06 10:25:00,2026-03-06,10:25:00,6754.31,6755.75,6749.44,6754.43,36136230,true,6750,false,,
2026-03-06 10:30:00,2026-03-06,10:30:00,6754.4,6762.67,6754.4,6762.2,36315210,false,,false,,
2026-03-06 10:35:00,2026-03-06,10:35:00,6762.17,6771.73,6761.78,6769.22,36642020,false,,false,,
2026-03-06 10:40:00,2026-03-06,10:40:00,6769.16,6769.16,6755.91,6760.87,32839610,false,,false,,
2026-03-06 10:45:00,2026-03-06,10:45:00,6760.94,6761.93,6749.32,6751.01,30014810,true,6750,true,6750,6750:from_above
2026-03-06 10:50:00,2026-03-06,10:50:00,6750.93,6750.93,6738.9,6746.01,33325560,true,6750,false,,
2026-03-06 10:55:00,2026-03-06,10:55:00,6746.9,6766.65,6746.9,6762.84,33247120,true,6750,false,,
2026-03-06 11:00:00,2026-03-06,11:00:00,6763.08,6772.9,6761.39,6772.1,29914860,false,,false,,
2026-03-06 11:05:00,2026-03-06,11:05:00,6772.27,6773.42,6762.4,6763.05,29271580,false,,false,,
2026-03-06 11:10:00,2026-03-06,11:10:00,6762.89,6762.94,6755.02,6755.41,26843700,false,,false,,
2026-03-06 11:15:00,2026-03-06,11:15:00,6755.4,6763.2,6754.09,6761.86,27469840,false,,false,,
2026-03-06 11:20:00,2026-03-06,11:20:00,6762.05,6763.17,6748.33,6757.45,32212520,true,6750,true,6750,6750:from_above
2026-03-06 11:25:00,2026-03-06,11:25:00,6757.84,6759.41,6751.79,6756.7,24765780,true,6750,false,,
2026-03-06 11:30:00,2026-03-06,11:30:00,6756.97,6758.65,6747.77,6750.35,26591160,true,6750,false,,
2026-03-06 11:35:00,2026-03-06,11:35:00,6750.4,6764.51,6749.6,6763.04,25616940,true,6750,false,,
2026-03-06 11:40:00,2026-03-06,11:40:00,6763.11,6764.92,6757.92,6758.22,23461500,false,,false,,
2026-03-06 11:45:00,2026-03-06,11:45:00,6758.38,6769.98,6758.38,6767.41,26096420,false,,false,,
2026-03-06 11:50:00,2026-03-06,11:50:00,6767.53,6772.59,6759.23,6759.61,25931530,false,,false,,
2026-03-06 11:55:00,2026-03-06,11:55:00,6759.88,6767.05,6755.47,6763.43,25242640,false,,false,,
2026-03-06 12:00:00,2026-03-06,12:00:00,6763.39,6771.21,6759.87,6766.92,28657630,false,,false,,
2026-03-06 12:05:00,2026-03-06,12:05:00,6766.62,6766.7,6750.51,6753.73,27528400,true,6750,true,6750,6750:from_above
2026-03-06 12:10:00,2026-03-06,12:10:00,6753.71,6756.44,6750.68,6752.54,24092530,true,6750,false,,
2026-03-06 12:15:00,2026-03-06,12:15:00,6752.76,6757.22,6748.44,6757.22,25082220,true,6750,false,,
2026-03-06 12:20:00,2026-03-06,12:20:00,6757.31,6764.01,6754.62,6758.68,25158280,false,,false,,
2026-03-06 12:25:00,2026-03-06,12:25:00,6758.54,6758.61,6747.5,6752.15,23748220,true,6750,true,6750,6750:from_above
2026-03-06 12:30:00,2026-03-06,12:30:00,6751.91,6754.41,6750.05,6754.27,20510540,true,6750,false,,
2026-03-06 12:35:00,2026-03-06,12:35:00,6754.25,6754.32,6739.76,6742.46,24527730,true,6750,false,,
2026-03-06 12:40:00,2026-03-06,12:40:00,6742.42,6744.12,6734.27,6740.13,23536520,false,,false,,
2026-03-06 12:45:00,2026-03-06,12:45:00,6739.85,6747.72,6739.84,6746.83,20676440,false,,false,,
2026-03-06 12:50:00,2026-03-06,12:50:00,6746.75,6752.14,6744.12,6746.47,20758420,true,6750,true,6750,6750:from_below
2026-03-06 12:55:00,2026-03-06,12:55:00,6746.04,6750.67,6743.48,6744.76,19866380,true,6750,false,,
2026-03-06 13:00:00,2026-03-06,13:00:00,6744.51,6755.21,6743.62,6748.49,22555250,true,6750,false,,
2026-03-06 13:05:00,2026-03-06,13:05:00,6748.52,6757.03,6747.73,6755.28,21448060,true,6750,false,,
2026-03-06 13:10:00,2026-03-06,13:10:00,6755.18,6773.18,6753.13,6771.78,25473330,false,,false,,
2026-03-06 13:15:00,2026-03-06,13:15:00,6771.65,6773.12,6765.87,6771.32,22325960,false,,false,,
2026-03-06 13:20:00,2026-03-06,13:20:00,6771.42,6772.83,6763.73,6766.31,24017890,false,,false,,
2026-03-06 13:25:00,2026-03-06,13:25:00,6766.34,6766.77,6756.51,6759.94,21725530,false,,false,,
2026-03-06 13:30:00,2026-03-06,13:30:00,6759.86,6765.52,6759.08,6762.97,22052860,false,,false,,
2026-03-06 13:35:00,2026-03-06,13:35:00,6762.77,6762.77,6753.51,6757.44,21447520,false,,false,,
2026-03-06 13:40:00,2026-03-06,13:40:00,6757.44,6761.61,6756.18,6759.22,20031250,false,,false,,
2026-03-06 13:45:00,2026-03-06,13:45:00,6759.38,6760.43,6755.88,6760.43,21935120,false,,false,,
2026-03-06 13:50:00,2026-03-06,13:50:00,6760.51,6760.53,6750.81,6752.58,24153980,true,6750,true,6750,6750:from_above
2026-03-06 13:55:00,2026-03-06,13:55:00,6752.53,6756.55,6750.74,6753.69,21575910,true,6750,false,,
2026-03-06 14:00:00,2026-03-06,14:00:00,6753.73,6756.52,6752.33,6752.57,22875100,false,,false,,
2026-03-06 14:05:00,2026-03-06,14:05:00,6752.47,6759.65,6751.64,6758.67,22921280,true,6750,true,6750,6750:from_above
2026-03-06 14:10:00,2026-03-06,14:10:00,6758.55,6766.53,6758.09,6764.82,25800050,false,,false,,
2026-03-06 14:15:00,2026-03-06,14:15:00,6764.75,6765.43,6758.03,6764.14,26723620,false,,false,,
2026-03-06 14:20:00,2026-03-06,14:20:00,6763.76,6764.36,6754.98,6756.45,25464220,false,,false,,
2026-03-06 14:25:00,2026-03-06,14:25:00,6756.18,6762.98,6753.17,6762.1,24208530,false,,false,,
2026-03-06 14:30:00,2026-03-06,14:30:00,6762.09,6766.18,6760.95,6763.67,25388500,false,,false,,
2026-03-06 14:35:00,2026-03-06,14:35:00,6763.53,6765.17,6756.04,6760.45,24539400,false,,false,,
2026-03-06 14:40:00,2026-03-06,14:40:00,6760.2,6768.5,6759.82,6759.82,25736280,false,,false,,
2026-03-06 14:45:00,2026-03-06,14:45:00,6759.74,6760.37,6755.46,6758.56,22680100,false,,false,,
2026-03-06 14:50:00,2026-03-06,14:50:00,6758.57,6762.59,6755.69,6761.72,24398850,false,,false,,
2026-03-06 14:55:00,2026-03-06,14:55:00,6761.72,6763.59,6760.84,6762.89,26108360,false,,false,,
2026-03-06 15:00:00,2026-03-06,15:00:00,6762.82,6772.01,6762.82,6770.08,28833780,false,,false,,
2026-03-06 15:05:00,2026-03-06,15:05:00,6770.13,6770.74,6762.49,6762.77,26127130,false,,false,,
2026-03-06 15:10:00,2026-03-06,15:10:00,6762.74,6763.77,6747.58,6752.38,44392100,true,6750,true,6750,6750:from_above
2026-03-06 15:15:00,2026-03-06,15:15:00,6752.31,6756.92,6748.17,6752,36395480,true,6750,false,,
2026-03-06 15:20:00,2026-03-06,15:20:00,6751.68,6751.85,6742.17,6742.48,38015160,true,6750,false,,
2026-03-06 15:25:00,2026-03-06,15:25:00,6742.38,6742.38,6732.59,6734.5,41326620,false,,false,,
2026-03-06 15:30:00,2026-03-06,15:30:00,6734.68,6737.72,6729.92,6732.46,46194880,false,,false,,
2026-03-06 15:35:00,2026-03-06,15:35:00,6732.41,6735.5,6724.83,6734.52,53583330,false,,false,,
2026-03-06 15:40:00,2026-03-06,15:40:00,6734.59,6745.84,6730.95,6737.69,57467130,false,,false,,
2026-03-06 15:45:00,2026-03-06,15:45:00,6738.18,6743.24,6737.44,6741.6,55286160,false,,false,,
2026-03-06 15:50:00,2026-03-06,15:50:00,6741.64,6741.88,6731.21,6739.57,97549750,false,,false,,
2026-03-06 15:55:00,2026-03-06,15:55:00,6739.48,6744.85,6734.37,6738.14,231383110,false,,false,,
2026-03-06 16:00:00,2026-03-06,16:00:00,6739.31,6740.02,6739.31,6740.01,525859700,false,,false,,
2026-03-09 09:30:00,2026-03-09,09:30:00,6681.78,6688.29,6670.74,6675.16,151331742,false,,false,,
2026-03-09 09:35:00,2026-03-09,09:35:00,6675.2,6676.51,6658.27,6658.94,67114456,false,,false,,
2026-03-09 09:40:00,2026-03-09,09:40:00,6659.15,6659.49,6648.38,6654.66,60599912,true,6650,true,6650,6650:from_above
2026-03-09 09:45:00,2026-03-09,09:45:00,6654.8,6660.13,6645.85,6648.32,56739660,true,6650,false,,
2026-03-09 09:50:00,2026-03-09,09:50:00,6648.53,6652.37,6639.91,6642.93,49561280,true,6650,false,,
2026-03-09 09:55:00,2026-03-09,09:55:00,6643.03,6659.05,6638.59,6652.35,50292900,true,6650,false,,
2026-03-09 10:00:00,2026-03-09,10:00:00,6652.66,6669.89,6649.7,6669.57,50427430,true,6650,false,,
2026-03-09 10:05:00,2026-03-09,10:05:00,6670.07,6671.37,6641.71,6646.37,53134540,true,6650,false,,
2026-03-09 10:10:00,2026-03-09,10:10:00,6646.46,6646.63,6636.04,6643.01,48544990,false,,false,,
2026-03-09 10:15:00,2026-03-09,10:15:00,6643.14,6652.84,6641.09,6651.61,43165840,true,6650,true,6650,6650:from_below
2026-03-09 10:20:00,2026-03-09,10:20:00,6651.3,6667.31,6643.15,6665.3,47783060,true,6650,false,,
2026-03-09 10:25:00,2026-03-09,10:25:00,6665.02,6667,6649.72,6652.66,37016070,true,6650,false,,
2026-03-09 10:30:00,2026-03-09,10:30:00,6652.57,6663.22,6652.57,6661.82,41708420,false,,false,,
2026-03-09 10:35:00,2026-03-09,10:35:00,6661.91,6676.51,6660.02,6672.71,41022820,false,,false,,
2026-03-09 10:40:00,2026-03-09,10:40:00,6672.83,6680.28,6669.65,6680.28,41171320,false,,false,,
2026-03-09 10:45:00,2026-03-09,10:45:00,6680.38,6689.55,6679.71,6687.79,39590040,false,,false,,
2026-03-09 10:50:00,2026-03-09,10:50:00,6688.08,6693.4,6683.92,6693.4,37788800,false,,false,,
2026-03-09 10:55:00,2026-03-09,10:55:00,6693.51,6693.97,6684.39,6688.2,38692670,false,,false,,
2026-03-09 11:00:00,2026-03-09,11:00:00,6687.97,6698.08,6687.97,6696.94,35643640,true,6700,true,6700,6700:from_below
2026-03-09 11:05:00,2026-03-09,11:05:00,6697.16,6699.3,6691.4,6691.9,33731320,true,6700,false,,
2026-03-09 11:10:00,2026-03-09,11:10:00,6692.1,6700.06,6691.77,6698.45,35283010,true,6700,false,,
2026-03-09 11:15:00,2026-03-09,11:15:00,6699.15,6705.03,6696.66,6700.37,32836820,true,6700,false,,
2026-03-09 11:20:00,2026-03-09,11:20:00,6700.74,6707.21,6698.7,6706.59,30427520,true,6700,false,,
2026-03-09 11:25:00,2026-03-09,11:25:00,6706.44,6711.17,6703.11,6710.01,33397030,false,,false,,
2026-03-09 11:30:00,2026-03-09,11:30:00,6710.1,6710.14,6699.86,6701.01,29688940,true,6700,true,6700,6700:from_above
2026-03-09 11:35:00,2026-03-09,11:35:00,6701,6701.86,6697.75,6699.32,27702290,true,6700,false,,
2026-03-09 11:40:00,2026-03-09,11:40:00,6699.17,6700.62,6696.92,6697.97,30845850,true,6700,false,,
2026-03-09 11:45:00,2026-03-09,11:45:00,6697.86,6706.31,6696.81,6703.49,27999940,true,6700,false,,
2026-03-09 11:50:00,2026-03-09,11:50:00,6703.48,6709.55,6701.96,6708.71,26855270,true,6700,false,,
2026-03-09 11:55:00,2026-03-09,11:55:00,6708.63,6711.02,6706.07,6707.1,28071530,false,,false,,
2026-03-09 12:00:00,2026-03-09,12:00:00,6707.13,6713.29,6704.62,6708.93,27206120,false,,false,,
2026-03-09 12:05:00,2026-03-09,12:05:00,6709.16,6712.68,6708.28,6710.57,23519810,false,,false,,
2026-03-09 12:10:00,2026-03-09,12:10:00,6710.66,6713.36,6707.38,6711.48,23697330,false,,false,,
2026-03-09 12:15:00,2026-03-09,12:15:00,6711.56,6711.93,6708.22,6711.41,23026440,false,,false,,
2026-03-09 12:20:00,2026-03-09,12:20:00,6711.54,6717.8,6705.23,6716.48,27464910,false,,false,,
2026-03-09 12:25:00,2026-03-09,12:25:00,6716.57,6727.23,6715.17,6721.02,31210540,false,,false,,
2026-03-09 12:30:00,2026-03-09,12:30:00,6721.3,6722.2,6712.12,6720.04,27016760,false,,false,,
2026-03-09 12:35:00,2026-03-09,12:35:00,6720.3,6725.67,6720.2,6723.09,24666980,false,,false,,
2026-03-09 12:40:00,2026-03-09,12:40:00,6723.38,6731.16,6723.37,6730.88,23676740,false,,false,,
2026-03-09 12:45:00,2026-03-09,12:45:00,6730.85,6734.64,6730.43,6732.5,27676250,false,,false,,
2026-03-09 12:50:00,2026-03-09,12:50:00,6732.47,6732.8,6726.99,6727.84,23054130,false,,false,,
2026-03-09 12:55:00,2026-03-09,12:55:00,6727.85,6731.45,6724.81,6725,24100580,false,,false,,
2026-03-09 13:00:00,2026-03-09,13:00:00,6725.05,6725.41,6716.71,6720.85,25159370,false,,false,,
2026-03-09 13:05:00,2026-03-09,13:05:00,6720.71,6721.24,6716.1,6720.18,22074160,false,,false,,
2026-03-09 13:10:00,2026-03-09,13:10:00,6719.99,6722.18,6717.18,6718.98,22260210,false,,false,,
2026-03-09 13:15:00,2026-03-09,13:15:00,6719.01,6719.91,6709.71,6710.49,20215560,false,,false,,
2026-03-09 13:20:00,2026-03-09,13:20:00,6710.37,6710.7,6702.54,6702.54,23513940,false,,false,,
2026-03-09 13:25:00,2026-03-09,13:25:00,6702.56,6702.84,6699.71,6700.94,22526930,true,6700,true,6700,6700:from_above
2026-03-09 13:30:00,2026-03-09,13:30:00,6700.92,6703.09,6698.75,6700.54,26888520,true,6700,false,,
2026-03-09 13:35:00,2026-03-09,13:35:00,6700.55,6701.97,6697.05,6697.42,20171420,true,6700,false,,
2026-03-09 13:40:00,2026-03-09,13:40:00,6697.21,6699.09,6693.26,6694.72,24383410,true,6700,false,,
2026-03-09 13:45:00,2026-03-09,13:45:00,6694.65,6702.16,6694.52,6698.64,22952310,true,6700,false,,
2026-03-09 13:50:00,2026-03-09,13:50:00,6698.6,6703.94,6697.85,6703.75,20554270,true,6700,false,,
2026-03-09 13:55:00,2026-03-09,13:55:00,6703.72,6704.83,6699.38,6700.33,19658330,true,6700,false,,
2026-03-09 14:00:00,2026-03-09,14:00:00,6700.3,6705.09,6700.05,6702.76,26007870,true,6700,false,,
2026-03-09 14:05:00,2026-03-09,14:05:00,6702.88,6709.26,6702.08,6702.84,25931020,false,,false,,
2026-03-09 14:10:00,2026-03-09,14:10:00,6702.92,6709.18,6702.27,6707.33,23837670,false,,false,,
2026-03-09 14:15:00,2026-03-09,14:15:00,6707.33,6714.18,6705.6,6713.64,25084950,false,,false,,
2026-03-09 14:20:00,2026-03-09,14:20:00,6713.82,6719.66,6708.97,6713.25,25759040,false,,false,,
2026-03-09 14:25:00,2026-03-09,14:25:00,6713.33,6713.88,6711.18,6713.02,24065560,false,,false,,
2026-03-09 14:30:00,2026-03-09,14:30:00,6712.99,6723.76,6712.49,6722.94,28354780,false,,false,,
2026-03-09 14:35:00,2026-03-09,14:35:00,6722.98,6724.74,6720.43,6721.5,25473060,false,,false,,
2026-03-09 14:40:00,2026-03-09,14:40:00,6721.55,6722.44,6719.57,6720.74,24263430,false,,false,,
2026-03-09 14:45:00,2026-03-09,14:45:00,6720.69,6724.38,6720.42,6721.64,23561350,false,,false,,
2026-03-09 14:50:00,2026-03-09,14:50:00,6721.54,6723.83,6719.62,6721.31,25151120,false,,false,,
2026-03-09 14:55:00,2026-03-09,14:55:00,6721.2,6721.2,6712.04,6712.79,27135910,false,,false,,
2026-03-09 15:00:00,2026-03-09,15:00:00,6712.87,6717.53,6711.86,6715.2,26532130,false,,false,,
2026-03-09 15:05:00,2026-03-09,15:05:00,6714.96,6715.84,6711.57,6715.58,26141270,false,,false,,
2026-03-09 15:10:00,2026-03-09,15:10:00,6715.56,6719.23,6715.47,6716.58,29505490,false,,false,,
2026-03-09 15:15:00,2026-03-09,15:15:00,6716.64,6746.18,6715.97,6745.5,46199870,false,,false,,
2026-03-09 15:20:00,2026-03-09,15:20:00,6743.87,6768.6,6742.62,6764.2,69392670,true,6750,true,6750,6750:from_below
2026-03-09 15:25:00,2026-03-09,15:25:00,6764.45,6786.48,6760.65,6786.28,62037310,false,,false,,
2026-03-09 15:30:00,2026-03-09,15:30:00,6786.15,6796.32,6772.18,6796.17,65471700,false,,false,,
2026-03-09 15:35:00,2026-03-09,15:35:00,6796.23,6810.44,6785.6,6808.75,67501660,true,6800,true,6800,6800:from_below
2026-03-09 15:40:00,2026-03-09,15:40:00,6808.74,6808.74,6782.75,6791.97,66702540,true,6800,false,,
2026-03-09 15:45:00,2026-03-09,15:45:00,6791.34,6796.93,6786.41,6791.79,62324460,false,,false,,
2026-03-09 15:50:00,2026-03-09,15:50:00,6792.44,6792.44,6781.19,6784.56,100915000,false,,false,,
2026-03-09 15:55:00,2026-03-09,15:55:00,6785.88,6799.54,6783.01,6796.23,245135400,true,6800,true,6800,6800:from_below
2026-03-09 16:00:00,2026-03-09,16:00:00,6796.04,6796.04,6795.89,6795.95,580304300,false,,false,,
2026-03-09 16:05:00,2026-03-09,16:05:00,6795.98,6795.98,6795.98,6795.98,928100,false,,false,,
2026-03-10 09:30:00,2026-03-10,09:30:00,6794.82,6798.96,6785.65,6788.26,120572960,true,6800,true,6800,6800:from_below
2026-03-10 09:35:00,2026-03-10,09:35:00,6788.53,6789.81,6780.98,6787.14,51583608,false,,false,,
2026-03-10 09:40:00,2026-03-10,09:40:00,6786.51,6788.86,6770.82,6784.47,54459928,false,,false,,
2026-03-10 09:45:00,2026-03-10,09:45:00,6784.51,6786.53,6776.83,6784.42,46838924,false,,false,,
2026-03-10 09:50:00,2026-03-10,09:50:00,6784.91,6785.11,6776.26,6776.26,38767630,false,,false,,
2026-03-10 09:55:00,2026-03-10,09:55:00,6775.76,6777.25,6767.65,6771.23,35955130,false,,false,,
2026-03-10 10:00:00,2026-03-10,10:00:00,6771.32,6773.4,6762.05,6772.55,39366490,false,,false,,
2026-03-10 10:05:00,2026-03-10,10:05:00,6772.86,6780.91,6759.74,6760.69,38287850,false,,false,,
2026-03-10 10:10:00,2026-03-10,10:10:00,6760.55,6767.61,6760.26,6766.67,34422120,false,,false,,
2026-03-10 10:15:00,2026-03-10,10:15:00,6766.83,6774.84,6760.57,6774.06,32855190,false,,false,,
2026-03-10 10:20:00,2026-03-10,10:20:00,6773.93,6785.84,6772.93,6783.11,34539310,false,,false,,
2026-03-10 10:25:00,2026-03-10,10:25:00,6783.16,6791.09,6783.16,6787.78,32605920,false,,false,,
2026-03-10 10:30:00,2026-03-10,10:30:00,6787.81,6802.24,6787.81,6800.73,35284020,true,6800,true,6800,6800:from_below
2026-03-10 10:35:00,2026-03-10,10:35:00,6801.06,6807.31,6798.55,6807.31,30368130,true,6800,false,,
2026-03-10 10:40:00,2026-03-10,10:40:00,6807.37,6813.35,6805.16,6811.73,32490020,false,,false,,
2026-03-10 10:45:00,2026-03-10,10:45:00,6811.7,6814.51,6808.12,6814.08,31448770,false,,false,,
2026-03-10 10:50:00,2026-03-10,10:50:00,6814.73,6819.23,6814.25,6819.06,29396970,false,,false,,
2026-03-10 10:55:00,2026-03-10,10:55:00,6819.11,6823.26,6818.67,6823.26,32155710,false,,false,,
2026-03-10 11:00:00,2026-03-10,11:00:00,6823.02,6828.01,6821.69,6826.03,34658850,false,,false,,
2026-03-10 11:05:00,2026-03-10,11:05:00,6825.97,6826.11,6816.82,6818.32,29618460,false,,false,,
2026-03-10 11:10:00,2026-03-10,11:10:00,6817.97,6819.31,6814.64,6815.87,29698020,false,,false,,
2026-03-10 11:15:00,2026-03-10,11:15:00,6815.88,6826.47,6815.88,6825.88,29157920,false,,false,,
2026-03-10 11:20:00,2026-03-10,11:20:00,6826,6827.36,6822.53,6823.47,28355170,false,,false,,
2026-03-10 11:25:00,2026-03-10,11:25:00,6823.6,6824.1,6821.32,6822.91,24536460,false,,false,,
2026-03-10 11:30:00,2026-03-10,11:30:00,6823.04,6823.44,6816.72,6816.99,26508640,false,,false,,
2026-03-10 11:35:00,2026-03-10,11:35:00,6817.33,6822.24,6817.33,6822.12,27289420,false,,false,,
2026-03-10 11:40:00,2026-03-10,11:40:00,6822.1,6830.66,6819.89,6826.8,30835450,false,,false,,
2026-03-10 11:45:00,2026-03-10,11:45:00,6826.69,6827.72,6820.89,6824.12,22756860,false,,false,,
2026-03-10 11:50:00,2026-03-10,11:50:00,6824.13,6828.55,6821.37,6821.89,21088710,false,,false,,
2026-03-10 11:55:00,2026-03-10,11:55:00,6821.81,6826.41,6820.92,6825.99,21939950,false,,false,,
2026-03-10 12:00:00,2026-03-10,12:00:00,6825.94,6825.94,6816.66,6817.86,22895700,false,,false,,
2026-03-10 12:05:00,2026-03-10,12:05:00,6817.74,6817.74,6809.21,6812.42,27551000,false,,false,,
2026-03-10 12:10:00,2026-03-10,12:10:00,6812.64,6819.45,6811.6,6817,22436810,false,,false,,
2026-03-10 12:15:00,2026-03-10,12:15:00,6817.06,6823.76,6814.96,6821.43,22689490,false,,false,,
2026-03-10 12:20:00,2026-03-10,12:20:00,6821.49,6821.66,6815.54,6818.55,22423590,false,,false,,
2026-03-10 12:25:00,2026-03-10,12:25:00,6818.48,6824.23,6816.89,6818.37,23727140,false,,false,,
2026-03-10 12:30:00,2026-03-10,12:30:00,6818.51,6825.28,6818.51,6825.28,24171270,false,,false,,
2026-03-10 12:35:00,2026-03-10,12:35:00,6825.23,6828.47,6824.78,6828.14,22778700,false,,false,,
2026-03-10 12:40:00,2026-03-10,12:40:00,6828.23,6828.23,6824.96,6827.54,20227650,false,,false,,
2026-03-10 12:45:00,2026-03-10,12:45:00,6827.64,6827.73,6818.55,6821.08,17701660,false,,false,,
2026-03-10 12:50:00,2026-03-10,12:50:00,6821.04,6829.19,6819.79,6827.73,20189860,false,,false,,
2026-03-10 12:55:00,2026-03-10,12:55:00,6827.8,6828.61,6825.94,6826.2,20206710,false,,false,,
2026-03-10 13:00:00,2026-03-10,13:00:00,6826.15,6832.1,6825.07,6830.49,21535930,false,,false,,
2026-03-10 13:05:00,2026-03-10,13:05:00,6830.42,6834.72,6830.25,6832.15,20331770,false,,false,,
2026-03-10 13:10:00,2026-03-10,13:10:00,6831.99,6834.67,6828.49,6829.62,21589410,false,,false,,
2026-03-10 13:15:00,2026-03-10,13:15:00,6829.67,6838.47,6829.41,6838.35,24924160,false,,false,,
2026-03-10 13:20:00,2026-03-10,13:20:00,6838.33,6839.34,6835.26,6838.85,26775870,false,,false,,
2026-03-10 13:25:00,2026-03-10,13:25:00,6838.81,6845.08,6837.95,6844.39,27201890,false,,false,,
2026-03-10 13:30:00,2026-03-10,13:30:00,6844.37,6844.37,6832.54,6832.54,30456840,false,,false,,
2026-03-10 13:35:00,2026-03-10,13:35:00,6832.7,6833.45,6819.03,6824.4,32131150,false,,false,,
2026-03-10 13:40:00,2026-03-10,13:40:00,6824.58,6829.08,6822.45,6824.92,27800180,false,,false,,
2026-03-10 13:45:00,2026-03-10,13:45:00,6824.9,6836.16,6824.36,6833.32,24474910,false,,false,,
2026-03-10 13:50:00,2026-03-10,13:50:00,6833.16,6837.23,6832.56,6835.2,20966030,false,,false,,
2026-03-10 13:55:00,2026-03-10,13:55:00,6835.21,6835.32,6830.69,6832.98,21294130,false,,false,,
2026-03-10 14:00:00,2026-03-10,14:00:00,6832.9,6833.12,6829.77,6832.51,27078380,false,,false,,
2026-03-10 14:05:00,2026-03-10,14:05:00,6832.51,6832.69,6825.65,6826.82,21631150,false,,false,,
2026-03-10 14:10:00,2026-03-10,14:10:00,6826.87,6831.22,6799.36,6799.36,37930710,true,6800,true,6800,6800:from_above
2026-03-10 14:15:00,2026-03-10,14:15:00,6799.02,6808.92,6789.59,6793.13,40424340,true,6800,false,,
2026-03-10 14:20:00,2026-03-10,14:20:00,6792.67,6801.13,6786.54,6796.17,36417580,true,6800,false,,
2026-03-10 14:25:00,2026-03-10,14:25:00,6796.16,6811.84,6795.93,6804.77,28557810,true,6800,false,,
2026-03-10 14:30:00,2026-03-10,14:30:00,6804.88,6814.42,6801.9,6808.81,25101520,true,6800,false,,
2026-03-10 14:35:00,2026-03-10,14:35:00,6808.85,6811.84,6796.94,6801.81,26084480,true,6800,false,,
2026-03-10 14:40:00,2026-03-10,14:40:00,6801.78,6805.12,6796.71,6799.73,22342410,true,6800,false,,
2026-03-10 14:45:00,2026-03-10,14:45:00,6799.63,6804.89,6797.82,6801.79,23357120,true,6800,false,,
2026-03-10 14:50:00,2026-03-10,14:50:00,6801.75,6808.8,6796.96,6800.69,25667600,true,6800,false,,
2026-03-10 14:55:00,2026-03-10,14:55:00,6800.55,6802.39,6796.09,6796.92,22767220,true,6800,false,,
2026-03-10 15:00:00,2026-03-10,15:00:00,6796.98,6800.89,6795.12,6797.77,24706600,true,6800,false,,
2026-03-10 15:05:00,2026-03-10,15:05:00,6797.28,6800.5,6792.53,6798.72,25748730,true,6800,false,,
2026-03-10 15:10:00,2026-03-10,15:10:00,6798.71,6801.62,6793.69,6800.96,28981720,true,6800,false,,
2026-03-10 15:15:00,2026-03-10,15:15:00,6800.94,6806.43,6799.69,6804.6,28373480,true,6800,false,,
2026-03-10 15:20:00,2026-03-10,15:20:00,6804.66,6805.35,6791.11,6797.78,32284620,true,6800,false,,
2026-03-10 15:25:00,2026-03-10,15:25:00,6797.74,6797.74,6785.98,6785.98,30613980,false,,false,,
2026-03-10 15:30:00,2026-03-10,15:30:00,6786.01,6787.12,6779.92,6782.48,37122550,false,,false,,
2026-03-10 15:35:00,2026-03-10,15:35:00,6782.17,6787.14,6777.89,6786.02,38676070,false,,false,,
2026-03-10 15:40:00,2026-03-10,15:40:00,6786.09,6793.77,6781.56,6785.42,47475430,false,,false,,
2026-03-10 15:45:00,2026-03-10,15:45:00,6786.01,6788.53,6776.68,6779.09,49265010,false,,false,,
2026-03-10 15:50:00,2026-03-10,15:50:00,6780.09,6781.56,6774.27,6779.46,80143440,false,,false,,
2026-03-10 15:55:00,2026-03-10,15:55:00,6779.47,6783.13,6774.32,6781.29,182052550,false,,false,,
2026-03-10 16:00:00,2026-03-10,16:00:00,6781.56,6781.73,6781.49,6781.49,513322160,false,,false,,
2026-03-11 09:30:00,2026-03-11,09:30:00,6792.52,6796.22,6788.69,6790.13,114292644,false,,false,,
2026-03-11 09:35:00,2026-03-11,09:35:00,6790.42,6795.68,6788.83,6795.68,48097473,false,,false,,
2026-03-11 09:40:00,2026-03-11,09:40:00,6795.51,6796.47,6784.37,6785.75,43638975,false,,false,,
2026-03-11 09:45:00,2026-03-11,09:45:00,6785.61,6790.54,6776.18,6778.77,42351712,false,,false,,
2026-03-11 09:50:00,2026-03-11,09:50:00,6778.68,6787.68,6773.64,6781.77,37476966,false,,false,,
2026-03-11 09:55:00,2026-03-11,09:55:00,6781.77,6790.8,6777.67,6790.54,37122460,false,,false,,
2026-03-11 10:00:00,2026-03-11,10:00:00,6790.71,6811.15,6789.79,6795.85,55225450,true,6800,true,6800,6800:from_below
2026-03-11 10:05:00,2026-03-11,10:05:00,6795.88,6801.53,6787.27,6791.92,35906890,true,6800,false,,
2026-03-11 10:10:00,2026-03-11,10:10:00,6791.96,6793.84,6782.78,6791.94,35677000,false,,false,,
2026-03-11 10:15:00,2026-03-11,10:15:00,6791.73,6793,6781.94,6789.53,33036830,false,,false,,
2026-03-11 10:20:00,2026-03-11,10:20:00,6789.09,6789.56,6773.61,6773.61,33982000,false,,false,,
2026-03-11 10:25:00,2026-03-11,10:25:00,6773.41,6773.78,6763.89,6772.57,34987310,false,,false,,
2026-03-11 10:30:00,2026-03-11,10:30:00,6772.63,6778.44,6763.63,6765.76,34854620,false,,false,,
2026-03-11 10:35:00,2026-03-11,10:35:00,6765.81,6782.18,6765.81,6778.52,29756590,false,,false,,
2026-03-11 10:40:00,2026-03-11,10:40:00,6778.64,6787.12,6777.48,6785.62,31223660,false,,false,,
2026-03-11 10:45:00,2026-03-11,10:45:00,6785.35,6788.57,6782.18,6788.05,29158510,false,,false,,
2026-03-11 10:50:00,2026-03-11,10:50:00,6788.19,6790.03,6786.65,6789.25,30142860,false,,false,,
2026-03-11 10:55:00,2026-03-11,10:55:00,6789.38,6795.17,6787.4,6791.86,29744060,false,,false,,
2026-03-11 11:00:00,2026-03-11,11:00:00,6792.67,6797.39,6781.49,6789.19,38661330,false,,false,,
2026-03-11 11:05:00,2026-03-11,11:05:00,6789.56,6789.8,6781.42,6782.19,30654900,false,,false,,
2026-03-11 11:10:00,2026-03-11,11:10:00,6782.38,6785.78,6765.06,6769.73,36501820,false,,false,,
2026-03-11 11:15:00,2026-03-11,11:15:00,6769.67,6769.73,6761.25,6765.94,28690170,false,,false,,
2026-03-11 11:20:00,2026-03-11,11:20:00,6765.75,6774.09,6763.65,6773.76,26496920,false,,false,,
2026-03-11 11:25:00,2026-03-11,11:25:00,6773.71,6776.3,6760.85,6760.92,27219580,false,,false,,
2026-03-11 11:30:00,2026-03-11,11:30:00,6758.3,6762.27,6752.66,6760.82,33239010,false,,false,,
2026-03-11 11:35:00,2026-03-11,11:35:00,6760.72,6763.53,6758.7,6760.06,27330490,false,,false,,
2026-03-11 11:40:00,2026-03-11,11:40:00,6760.03,6762.09,6754.44,6754.54,24619630,false,,false,,
2026-03-11 11:45:00,2026-03-11,11:45:00,6754.16,6754.4,6748.13,6751.78,27984380,true,6750,true,6750,6750:from_above
2026-03-11 11:50:00,2026-03-11,11:50:00,6751.79,6760.65,6751.78,6760.41,24283840,true,6750,false,,
2026-03-11 11:55:00,2026-03-11,11:55:00,6760.54,6760.84,6753.49,6753.49,23191440,false,,false,,
2026-03-11 12:00:00,2026-03-11,12:00:00,6753.49,6753.87,6747.48,6747.86,24393650,true,6750,true,6750,6750:from_above
2026-03-11 12:05:00,2026-03-11,12:05:00,6747.91,6751.34,6747.11,6748.47,21301470,true,6750,false,,
2026-03-11 12:10:00,2026-03-11,12:10:00,6748.42,6755.43,6748.42,6755.31,24295670,true,6750,false,,
2026-03-11 12:15:00,2026-03-11,12:15:00,6755.29,6756.19,6750.45,6750.55,22714760,true,6750,false,,
2026-03-11 12:20:00,2026-03-11,12:20:00,6750.59,6758.43,6749.47,6755.49,21662470,true,6750,false,,
2026-03-11 12:25:00,2026-03-11,12:25:00,6755.44,6759.04,6753,6759.04,20215650,false,,false,,
2026-03-11 12:30:00,2026-03-11,12:30:00,6758.97,6770.36,6758.83,6769.79,22992800,false,,false,,
2026-03-11 12:35:00,2026-03-11,12:35:00,6769.99,6770.81,6763.12,6764.99,20549930,false,,false,,
2026-03-11 12:40:00,2026-03-11,12:40:00,6765.09,6771.37,6764.8,6766.72,19632400,false,,false,,
2026-03-11 12:45:00,2026-03-11,12:45:00,6766.81,6769.1,6763.64,6764.99,19161910,false,,false,,
2026-03-11 12:50:00,2026-03-11,12:50:00,6764.95,6771.78,6764.92,6771.39,16945810,false,,false,,
2026-03-11 12:55:00,2026-03-11,12:55:00,6771.36,6774.44,6769.4,6774.43,18461480,false,,false,,
2026-03-11 13:00:00,2026-03-11,13:00:00,6774.38,6776.51,6773.03,6773.29,19930240,false,,false,,
2026-03-11 13:05:00,2026-03-11,13:05:00,6773.26,6777.1,6772.84,6773.91,21034370,false,,false,,
2026-03-11 13:10:00,2026-03-11,13:10:00,6773.67,6773.74,6767.71,6768.98,22780720,false,,false,,
2026-03-11 13:15:00,2026-03-11,13:15:00,6769.25,6772.26,6765.84,6767.3,19430020,false,,false,,
2026-03-11 13:20:00,2026-03-11,13:20:00,6767.17,6773.76,6767.17,6773.76,19226480,false,,false,,
2026-03-11 13:25:00,2026-03-11,13:25:00,6773.92,6778.73,6773.09,6775.9,19688740,false,,false,,
2026-03-11 13:30:00,2026-03-11,13:30:00,6776.13,6777.51,6772.1,6773.11,20330340,false,,false,,
2026-03-11 13:35:00,2026-03-11,13:35:00,6773.22,6774.66,6745.59,6754.94,30404570,true,6750,true,6750,6750:from_above
2026-03-11 13:40:00,2026-03-11,13:40:00,6754.94,6760.5,6750.1,6756.77,24420910,true,6750,false,,
2026-03-11 13:45:00,2026-03-11,13:45:00,6756.68,6760.29,6754.64,6759.7,20971350,false,,false,,
2026-03-11 13:50:00,2026-03-11,13:50:00,6759.64,6768.14,6759.64,6762.47,20463600,false,,false,,
2026-03-11 13:55:00,2026-03-11,13:55:00,6762.24,6763.52,6757.1,6761.58,23277560,false,,false,,
2026-03-11 14:00:00,2026-03-11,14:00:00,6761.54,6763.29,6759.59,6761.51,20689330,false,,false,,
2026-03-11 14:05:00,2026-03-11,14:05:00,6761.66,6762.26,6755.05,6755.1,21096420,false,,false,,
2026-03-11 14:10:00,2026-03-11,14:10:00,6755.15,6755.55,6749.17,6754.81,20968180,true,6750,true,6750,6750:from_above
2026-03-11 14:15:00,2026-03-11,14:15:00,6754.74,6760.69,6753.88,6759.56,18664890,false,,false,,
2026-03-11 14:20:00,2026-03-11,14:20:00,6759.65,6762.9,6756.5,6758.97,20880580,false,,false,,
2026-03-11 14:25:00,2026-03-11,14:25:00,6759.12,6766.05,6758.03,6764.36,20576930,false,,false,,
2026-03-11 14:30:00,2026-03-11,14:30:00,6764.3,6766.69,6763.68,6766.69,20408850,false,,false,,
2026-03-11 14:35:00,2026-03-11,14:35:00,6766.67,6766.93,6762.24,6762.43,21197980,false,,false,,
2026-03-11 14:40:00,2026-03-11,14:40:00,6762.38,6763.29,6760.07,6762.12,18545120,false,,false,,
2026-03-11 14:45:00,2026-03-11,14:45:00,6762.17,6764.25,6759.43,6759.61,20159490,false,,false,,
2026-03-11 14:50:00,2026-03-11,14:50:00,6759.66,6767.6,6759.66,6766.42,22463170,false,,false,,
2026-03-11 14:55:00,2026-03-11,14:55:00,6766.35,6768.38,6762.01,6764.21,23908940,false,,false,,
2026-03-11 15:00:00,2026-03-11,15:00:00,6764.2,6765.59,6756.76,6760.78,22435600,false,,false,,
2026-03-11 15:05:00,2026-03-11,15:05:00,6760.68,6761.09,6757.31,6760.25,23676010,false,,false,,
2026-03-11 15:10:00,2026-03-11,15:10:00,6760.06,6760.63,6755.54,6756.79,24704040,false,,false,,
2026-03-11 15:15:00,2026-03-11,15:15:00,6756.78,6761.33,6755.5,6761.1,28169370,false,,false,,
2026-03-11 15:20:00,2026-03-11,15:20:00,6761.05,6761.91,6757.23,6759.8,29253580,false,,false,,
2026-03-11 15:25:00,2026-03-11,15:25:00,6760.16,6763.42,6759.51,6761.34,32447810,false,,false,,
2026-03-11 15:30:00,2026-03-11,15:30:00,6761.2,6769.53,6759.46,6768.3,33462050,false,,false,,
2026-03-11 15:35:00,2026-03-11,15:35:00,6768.52,6770.9,6766.61,6770.04,33974640,false,,false,,
2026-03-11 15:40:00,2026-03-11,15:40:00,6770.01,6773.36,6768.68,6772.06,38345480,false,,false,,
2026-03-11 15:45:00,2026-03-11,15:45:00,6772.05,6773.16,6766.53,6767.76,47512370,false,,false,,
2026-03-11 15:50:00,2026-03-11,15:50:00,6767.66,6775.68,6765.66,6775.43,78323360,false,,false,,
2026-03-11 15:55:00,2026-03-11,15:55:00,6775.44,6777.6,6773.24,6774.74,188845960,false,,false,,
2026-03-11 16:00:00,2026-03-11,16:00:00,6775.56,6775.8,6775.5,6775.79,461864930,false,,false,,
2026-03-12 09:30:00,2026-03-12,09:30:00,6725.48,6726.12,6713,6721.6,124800470,false,,false,,
2026-03-12 09:35:00,2026-03-12,09:35:00,6720.96,6727.17,6716.81,6725.83,47511391,false,,false,,
2026-03-12 09:40:00,2026-03-12,09:40:00,6725.71,6726.46,6714.53,6715.33,44862380,false,,false,,
2026-03-12 09:45:00,2026-03-12,09:45:00,6715.08,6715.08,6698.9,6711.61,47129270,true,6700,true,6700,6700:from_above
2026-03-12 09:50:00,2026-03-12,09:50:00,6711.7,6718.63,6701.63,6702,42397949,true,6700,false,,
2026-03-12 09:55:00,2026-03-12,09:55:00,6701.81,6702.48,6692.7,6698.99,42517070,true,6700,false,,
2026-03-12 10:00:00,2026-03-12,10:00:00,6699.18,6719.37,6699.18,6713.9,43264010,true,6700,false,,
2026-03-12 10:05:00,2026-03-12,10:05:00,6714.06,6717.07,6708.93,6714.01,38490180,false,,false,,
2026-03-12 10:10:00,2026-03-12,10:10:00,6714.15,6721.94,6713.13,6720.99,35519930,false,,false,,
2026-03-12 10:15:00,2026-03-12,10:15:00,6721.03,6722.83,6706.95,6707.99,35128770,false,,false,,
2026-03-12 10:20:00,2026-03-12,10:20:00,6707.8,6707.8,6702.15,6704.65,34725670,false,,false,,
2026-03-12 10:25:00,2026-03-12,10:25:00,6704.88,6709.78,6692.49,6692.65,35907500,true,6700,true,6700,6700:from_above
2026-03-12 10:30:00,2026-03-12,10:30:00,6691.98,6692.51,6687.18,6690.07,40011570,false,,false,,
2026-03-12 10:35:00,2026-03-12,10:35:00,6690.14,6696.76,6684.77,6690.53,38260080,false,,false,,
2026-03-12 10:40:00,2026-03-12,10:40:00,6690.51,6701.01,6686.98,6699.88,32491120,true,6700,true,6700,6700:from_below
2026-03-12 10:45:00,2026-03-12,10:45:00,6700.18,6715.2,6693.46,6695.44,42877880,true,6700,false,,
2026-03-12 10:50:00,2026-03-12,10:50:00,6695.36,6696.96,6692.02,6695.35,35997740,false,,false,,
2026-03-12 10:55:00,2026-03-12,10:55:00,6695.31,6699.42,6694.48,6695.63,32308440,true,6700,true,6700,6700:from_below
2026-03-12 11:00:00,2026-03-12,11:00:00,6695.38,6697.9,6688.24,6692.96,34239710,false,,false,,
2026-03-12 11:05:00,2026-03-12,11:05:00,6692.61,6693.98,6689.1,6689.84,29961630,false,,false,,
2026-03-12 11:10:00,2026-03-12,11:10:00,6689.71,6689.71,6680.1,6684.58,32216610,false,,false,,
2026-03-12 11:15:00,2026-03-12,11:15:00,6684.39,6686.73,6681.37,6683.9,31130900,false,,false,,
2026-03-12 11:20:00,2026-03-12,11:20:00,6683.65,6688.75,6680.95,6688.45,31108900,false,,false,,
2026-03-12 11:25:00,2026-03-12,11:25:00,6688.58,6697.34,6688.11,6691.98,35545380,false,,false,,
2026-03-12 11:30:00,2026-03-12,11:30:00,6692.12,6695.43,6687.51,6689.49,32745250,false,,false,,
2026-03-12 11:35:00,2026-03-12,11:35:00,6689.25,6708.79,6683.11,6708.35,38011500,true,6700,true,6700,6700:from_below
2026-03-12 11:40:00,2026-03-12,11:40:00,6709.47,6712.93,6698.4,6709.68,39673300,true,6700,false,,
2026-03-12 11:45:00,2026-03-12,11:45:00,6709.52,6709.76,6696.16,6702.57,32314620,true,6700,false,,
2026-03-12 11:50:00,2026-03-12,11:50:00,6702.52,6707.05,6698.56,6706.08,26365780,true,6700,false,,
2026-03-12 11:55:00,2026-03-12,11:55:00,6706.17,6706.17,6699.71,6703.69,25209790,true,6700,false,,
2026-03-12 12:00:00,2026-03-12,12:00:00,6703.82,6710.76,6702.13,6710.64,28996210,false,,false,,
2026-03-12 12:05:00,2026-03-12,12:05:00,6710.71,6713.32,6688.06,6689.44,33633760,true,6700,true,6700,6700:from_above
2026-03-12 12:10:00,2026-03-12,12:10:00,6689.32,6699.63,6688.63,6699.33,29562830,true,6700,false,,
2026-03-12 12:15:00,2026-03-12,12:15:00,6699.31,6710.4,6699.19,6705.96,27779530,true,6700,false,,
2026-03-12 12:20:00,2026-03-12,12:20:00,6706.7,6722.89,6706.7,6708.94,33116550,false,,false,,
2026-03-12 12:25:00,2026-03-12,12:25:00,6708.89,6708.89,6697.88,6698.21,30889430,true,6700,true,6700,6700:from_above
2026-03-12 12:30:00,2026-03-12,12:30:00,6698.83,6707.1,6695.15,6704.03,32671230,true,6700,false,,
2026-03-12 12:35:00,2026-03-12,12:35:00,6703.82,6712.39,6702.5,6711.33,30504060,false,,false,,
2026-03-12 12:40:00,2026-03-12,12:40:00,6711.39,6711.44,6705.21,6707.93,27987940,false,,false,,
2026-03-12 12:45:00,2026-03-12,12:45:00,6707.9,6708.02,6692.11,6699.3,29040070,true,6700,true,6700,6700:from_above
2026-03-12 12:50:00,2026-03-12,12:50:00,6698.97,6702.89,6692,6695.06,27584010,true,6700,false,,
2026-03-12 12:55:00,2026-03-12,12:55:00,6695.05,6699.82,6693.45,6698.96,28417620,true,6700,false,,
2026-03-12 13:00:00,2026-03-12,13:00:00,6698.92,6707.67,6698.25,6707.64,25296760,true,6700,false,,
2026-03-12 13:05:00,2026-03-12,13:05:00,6707.75,6713.04,6699.3,6699.88,26671660,true,6700,false,,
2026-03-12 13:10:00,2026-03-12,13:10:00,6699.93,6705.04,6697.58,6697.95,21086280,true,6700,false,,
2026-03-12 13:15:00,2026-03-12,13:15:00,6697.9,6699.46,6692.31,6692.49,20923030,true,6700,false,,
2026-03-12 13:20:00,2026-03-12,13:20:00,6692.42,6703.86,6691.51,6700.58,24011670,true,6700,false,,
2026-03-12 13:25:00,2026-03-12,13:25:00,6700.84,6703.07,6694.75,6696.42,24730100,true,6700,false,,
2026-03-12 13:30:00,2026-03-12,13:30:00,6696.53,6702.27,6696.53,6698.93,23083320,true,6700,false,,
2026-03-12 13:35:00,2026-03-12,13:35:00,6699.08,6705.67,6699.08,6704.62,25829490,true,6700,false,,
2026-03-12 13:40:00,2026-03-12,13:40:00,6704.88,6707.72,6695.94,6696.12,24715140,true,6700,false,,
2026-03-12 13:45:00,2026-03-12,13:45:00,6696.23,6698.09,6690.39,6693.2,27238920,true,6700,false,,
2026-03-12 13:50:00,2026-03-12,13:50:00,6693.23,6698.06,6691.58,6691.58,26556060,true,6700,false,,
2026-03-12 13:55:00,2026-03-12,13:55:00,6691.5,6692.6,6683.88,6692.28,27708840,false,,false,,
2026-03-12 14:00:00,2026-03-12,14:00:00,6692.23,6699.69,6692.23,6696.5,28203720,true,6700,true,6700,6700:from_below
2026-03-12 14:05:00,2026-03-12,14:05:00,6696.36,6701.67,6693.16,6697.29,25402860,true,6700,false,,
2026-03-12 14:10:00,2026-03-12,14:10:00,6697.32,6699.99,6696.34,6698.97,23054200,true,6700,false,,
2026-03-12 14:15:00,2026-03-12,14:15:00,6699.27,6702.34,6692.89,6693.6,27028350,true,6700,false,,
2026-03-12 14:20:00,2026-03-12,14:20:00,6693.48,6693.63,6689.06,6691.95,26688010,false,,false,,
2026-03-12 14:25:00,2026-03-12,14:25:00,6691.88,6693.19,6688.32,6692.68,24740150,false,,false,,
2026-03-12 14:30:00,2026-03-12,14:30:00,6692.69,6695.06,6688.94,6689.39,23040430,false,,false,,
2026-03-12 14:35:00,2026-03-12,14:35:00,6689.4,6690.62,6685.66,6689.25,24363840,false,,false,,
2026-03-12 14:40:00,2026-03-12,14:40:00,6689.32,6689.76,6685.98,6687.41,25294200,false,,false,,
2026-03-12 14:45:00,2026-03-12,14:45:00,6687.58,6689.3,6684.85,6685.2,25920520,false,,false,,
2026-03-12 14:50:00,2026-03-12,14:50:00,6685.2,6692.07,6685.11,6688.52,26720480,false,,false,,
2026-03-12 14:55:00,2026-03-12,14:55:00,6688.57,6688.57,6682.88,6684.37,27806840,false,,false,,
2026-03-12 15:00:00,2026-03-12,15:00:00,6684.33,6690.01,6679.95,6684.05,31630130,false,,false,,
2026-03-12 15:05:00,2026-03-12,15:05:00,6684.05,6689.48,6683.04,6686.43,32776420,false,,false,,
2026-03-12 15:10:00,2026-03-12,15:10:00,6686.48,6688.81,6680.69,6685.57,33219180,false,,false,,
2026-03-12 15:15:00,2026-03-12,15:15:00,6685.64,6689.44,6683.55,6687.6,35033770,false,,false,,
2026-03-12 15:20:00,2026-03-12,15:20:00,6687.66,6693.93,6686.29,6688.48,35752870,false,,false,,
2026-03-12 15:25:00,2026-03-12,15:25:00,6688.56,6691.79,6687.32,6689.92,36536490,false,,false,,
2026-03-12 15:30:00,2026-03-12,15:30:00,6690.37,6696.76,6690.37,6693.51,39334140,false,,false,,
2026-03-12 15:35:00,2026-03-12,15:35:00,6693.4,6694.25,6687.67,6689.71,40653470,false,,false,,
2026-03-12 15:40:00,2026-03-12,15:40:00,6689.86,6689.86,6681.52,6682.91,49397560,false,,false,,
2026-03-12 15:45:00,2026-03-12,15:45:00,6682.81,6682.81,6676.26,6678.23,58997720,false,,false,,
2026-03-12 15:50:00,2026-03-12,15:50:00,6678.1,6679.8,6672.6,6678.73,98450110,false,,false,,
2026-03-12 15:55:00,2026-03-12,15:55:00,6678.76,6681.32,6670.4,6674.36,231674540,false,,false,,
2026-03-12 16:00:00,2026-03-12,16:00:00,6672.07,6672.61,6672.07,6672.61,598633600,false,,false,,
2026-03-13 09:30:00,2026-03-13,09:30:00,6703.02,6713.46,6703.02,6707.43,120912215,false,,false,,
2026-03-13 09:35:00,2026-03-13,09:35:00,6707.14,6716.12,6700.3,6712.9,50119948,true,6700,true,6700,6700:from_above
2026-03-13 09:40:00,2026-03-13,09:40:00,6713.55,6729.72,6711.58,6729.59,42582857,false,,false,,
2026-03-13 09:45:00,2026-03-13,09:45:00,6729.84,6733.3,6722.77,6722.77,41534370,false,,false,,
2026-03-13 09:50:00,2026-03-13,09:50:00,6722.46,6728.12,6718,6726.54,36611740,false,,false,,
2026-03-13 09:55:00,2026-03-13,09:55:00,6727.08,6727.08,6714.72,6715.57,33865320,false,,false,,
2026-03-13 10:00:00,2026-03-13,10:00:00,6715.82,6722.14,6707.86,6711.17,38482330,false,,false,,
2026-03-13 10:05:00,2026-03-13,10:05:00,6711.25,6715.07,6702.12,6703.04,34630230,false,,false,,
2026-03-13 10:10:00,2026-03-13,10:10:00,6703.18,6704.33,6698.6,6700.1,35233930,true,6700,true,6700,6700:from_above
2026-03-13 10:15:00,2026-03-13,10:15:00,6699.72,6700.22,6687.79,6691.4,33945560,true,6700,false,,
2026-03-13 10:20:00,2026-03-13,10:20:00,6691.53,6699.86,6691.41,6696.52,31600790,true,6700,false,,
2026-03-13 10:25:00,2026-03-13,10:25:00,6696.45,6701.74,6693.06,6699.01,28968010,true,6700,false,,
2026-03-13 10:30:00,2026-03-13,10:30:00,6699.01,6711.72,6697.75,6705.22,32985120,true,6700,false,,
2026-03-13 10:35:00,2026-03-13,10:35:00,6705.13,6705.13,6695.06,6699.58,28788420,true,6700,false,,
2026-03-13 10:40:00,2026-03-13,10:40:00,6699.55,6699.55,6683.12,6683.28,30213740,true,6700,false,,
2026-03-13 10:45:00,2026-03-13,10:45:00,6683.24,6683.24,6672.88,6679.62,34082310,false,,false,,
2026-03-13 10:50:00,2026-03-13,10:50:00,6679.82,6684.55,6674.68,6675.79,27844140,false,,false,,
2026-03-13 10:55:00,2026-03-13,10:55:00,6675.75,6677.58,6660.91,6661.87,32689950,false,,false,,
2026-03-13 11:00:00,2026-03-13,11:00:00,6664.13,6665.87,6655.68,6660.34,33840770,false,,false,,
2026-03-13 11:05:00,2026-03-13,11:05:00,6660.4,6670.97,6659.59,6670.74,29200700,false,,false,,
2026-03-13 11:10:00,2026-03-13,11:10:00,6670.99,6678.49,6667.62,6677.81,27178980,false,,false,,
2026-03-13 11:15:00,2026-03-13,11:15:00,6677.88,6678.25,6668.53,6668.53,23942160,false,,false,,
2026-03-13 11:20:00,2026-03-13,11:20:00,6668.46,6672.75,6658.56,6658.79,27963230,false,,false,,
2026-03-13 11:25:00,2026-03-13,11:25:00,6658.59,6658.59,6654.97,6655.38,25003270,false,,false,,
2026-03-13 11:30:00,2026-03-13,11:30:00,6655.46,6662.26,6654.05,6660.79,24346970,false,,false,,
2026-03-13 11:35:00,2026-03-13,11:35:00,6660.86,6662.35,6650.08,6656.97,24832880,true,6650,true,6650,6650:from_above
2026-03-13 11:40:00,2026-03-13,11:40:00,6656.66,6657.26,6643.18,6646.34,28359150,true,6650,false,,
2026-03-13 11:45:00,2026-03-13,11:45:00,6646.32,6659.9,6642.72,6652.75,34318070,true,6650,false,,
2026-03-13 11:50:00,2026-03-13,11:50:00,6652.74,6653.49,6643.71,6648.46,25529010,true,6650,false,,
2026-03-13 11:55:00,2026-03-13,11:55:00,6648.24,6648.79,6641.52,6644.2,22789460,true,6650,false,,
2026-03-13 12:00:00,2026-03-13,12:00:00,6644.13,6651.72,6644.07,6649.44,22852360,true,6650,false,,
2026-03-13 12:05:00,2026-03-13,12:05:00,6649.3,6655.67,6646.7,6654.1,22576020,true,6650,false,,
2026-03-13 12:10:00,2026-03-13,12:10:00,6654.26,6658.75,6644.84,6649.69,26144180,true,6650,false,,
2026-03-13 12:15:00,2026-03-13,12:15:00,6649.8,6651.63,6645.16,6647.63,20596860,true,6650,false,,
2026-03-13 12:20:00,2026-03-13,12:20:00,6647.81,6655.3,6646.84,6650.58,21221400,true,6650,false,,
2026-03-13 12:25:00,2026-03-13,12:25:00,6650.96,6654.29,6646.02,6653.1,21831460,true,6650,false,,
2026-03-13 12:30:00,2026-03-13,12:30:00,6653.09,6657.57,6650.44,6650.97,23008420,true,6650,false,,
2026-03-13 12:35:00,2026-03-13,12:35:00,6650.88,6661.47,6650.88,6654.36,24573930,true,6650,false,,
2026-03-13 12:40:00,2026-03-13,12:40:00,6654.32,6657.1,6647.52,6647.61,21760480,true,6650,false,,
2026-03-13 12:45:00,2026-03-13,12:45:00,6647.61,6649.92,6642.22,6649.92,23741900,true,6650,false,,
2026-03-13 12:50:00,2026-03-13,12:50:00,6649.88,6658.6,6649.35,6657.59,21897240,true,6650,false,,
2026-03-13 12:55:00,2026-03-13,12:55:00,6657.73,6658.69,6641.65,6643.3,26660550,true,6650,false,,
2026-03-13 13:00:00,2026-03-13,13:00:00,6643.14,6646.37,6643.14,6644.52,22703880,false,,false,,
2026-03-13 13:05:00,2026-03-13,13:05:00,6644.65,6650.44,6641.88,6649.34,21419640,true,6650,true,6650,6650:from_below
2026-03-13 13:10:00,2026-03-13,13:10:00,6649.38,6656.19,6644.13,6656.19,19664340,true,6650,false,,
2026-03-13 13:15:00,2026-03-13,13:15:00,6656.63,6660.28,6652.36,6657.4,23368560,false,,false,,
2026-03-13 13:20:00,2026-03-13,13:20:00,6657.38,6657.63,6648.21,6654.13,23697470,true,6650,true,6650,6650:from_above
2026-03-13 13:25:00,2026-03-13,13:25:00,6654.22,6655.61,6649.16,6653.67,26277200,true,6650,false,,
2026-03-13 13:30:00,2026-03-13,13:30:00,6653.71,6654.73,6648.02,6650.05,19607510,true,6650,false,,
2026-03-13 13:35:00,2026-03-13,13:35:00,6650.03,6652.02,6647.91,6651.34,19849440,true,6650,false,,
2026-03-13 13:40:00,2026-03-13,13:40:00,6651.24,6651.88,6645.17,6649.46,24437580,true,6650,false,,
2026-03-13 13:45:00,2026-03-13,13:45:00,6649.45,6650.77,6634.86,6635.23,25871070,true,6650,false,,
2026-03-13 13:50:00,2026-03-13,13:50:00,6635.23,6637.72,6631.35,6636.24,23760460,false,,false,,
2026-03-13 13:55:00,2026-03-13,13:55:00,6636.17,6639.51,6633.99,6636.09,21549360,false,,false,,
2026-03-13 14:00:00,2026-03-13,14:00:00,6636.08,6642.34,6635.89,6641.31,26517300,false,,false,,
2026-03-13 14:05:00,2026-03-13,14:05:00,6641.39,6642.33,6638.13,6640.92,22646190,false,,false,,
2026-03-13 14:10:00,2026-03-13,14:10:00,6640.88,6644.48,6640.7,6643.13,21573800,false,,false,,
2026-03-13 14:15:00,2026-03-13,14:15:00,6643.41,6646.52,6638.53,6639.35,20109100,false,,false,,
2026-03-13 14:20:00,2026-03-13,14:20:00,6639.44,6640.36,6635.36,6636.64,20722940,false,,false,,
2026-03-13 14:25:00,2026-03-13,14:25:00,6636.65,6643.26,6636.56,6643.26,20941160,false,,false,,
2026-03-13 14:30:00,2026-03-13,14:30:00,6643.16,6651.57,6641.28,6649.89,21262780,true,6650,true,6650,6650:from_below
2026-03-13 14:35:00,2026-03-13,14:35:00,6649.86,6653.54,6649.02,6651.21,22746230,true,6650,false,,
2026-03-13 14:40:00,2026-03-13,14:40:00,6651.28,6655,6650.1,6654.65,20608130,true,6650,false,,
2026-03-13 14:45:00,2026-03-13,14:45:00,6654.47,6656.15,6652.63,6655.79,26294760,false,,false,,
2026-03-13 14:50:00,2026-03-13,14:50:00,6655.75,6657.37,6652.12,6655.26,25700750,false,,false,,
2026-03-13 14:55:00,2026-03-13,14:55:00,6655.19,6655.19,6650.1,6652.12,23605380,true,6650,true,6650,6650:from_above
2026-03-13 15:00:00,2026-03-13,15:00:00,6652.15,6652.15,6646.44,6646.53,25826860,true,6650,false,,
2026-03-13 15:05:00,2026-03-13,15:05:00,6646.29,6647.93,6642.67,6647.23,29282400,false,,false,,
2026-03-13 15:10:00,2026-03-13,15:10:00,6647.05,6649.43,6644.6,6645.22,25770510,true,6650,true,6650,6650:from_below
2026-03-13 15:15:00,2026-03-13,15:15:00,6645.31,6648.71,6644.4,6646.1,29888180,true,6650,false,,
2026-03-13 15:20:00,2026-03-13,15:20:00,6646.06,6646.06,6635.43,6637.57,29235480,false,,false,,
2026-03-13 15:25:00,2026-03-13,15:25:00,6637.44,6637.46,6631.71,6633.58,33242040,false,,false,,
2026-03-13 15:30:00,2026-03-13,15:30:00,6633.68,6639.62,6633.68,6634.97,36688710,false,,false,,
2026-03-13 15:35:00,2026-03-13,15:35:00,6634.87,6635.41,6627.73,6627.96,38307170,false,,false,,
2026-03-13 15:40:00,2026-03-13,15:40:00,6627.93,6628.88,6623.92,6626.56,41419190,false,,false,,
2026-03-13 15:45:00,2026-03-13,15:45:00,6626.71,6629.1,6624.16,6628.79,50436130,false,,false,,
2026-03-13 15:50:00,2026-03-13,15:50:00,6628.69,6631.73,6625.54,6630.14,81883030,false,,false,,
2026-03-13 15:55:00,2026-03-13,15:55:00,6630.17,6634.31,6628.5,6631.87,202546720,false,,false,,
2026-03-13 16:00:00,2026-03-13,16:00:00,6632.49,6632.49,6632.19,6632.2,439121620,false,,false,,
2026-03-16 09:30:00,2026-03-16,09:30:00,6687.56,6696.47,6685.83,6694.85,75571445,false,,false,,
2026-03-16 09:35:00,2026-03-16,09:35:00,6695.09,6699.69,6694.29,6698.18,52290760,true,6700,true,6700,6700:from_below
2026-03-16 09:40:00,2026-03-16,09:40:00,6698.16,6706,6696.07,6705.53,44963668,true,6700,false,,
2026-03-16 09:45:00,2026-03-16,09:45:00,6705.53,6716.19,6704.88,6709.36,45671563,false,,false,,
2026-03-16 09:50:00,2026-03-16,09:50:00,6709.54,6709.65,6705.13,6707.86,35430990,false,,false,,
2026-03-16 09:55:00,2026-03-16,09:55:00,6707.68,6718.01,6704.93,6717.5,38207050,false,,false,,
2026-03-16 10:00:00,2026-03-16,10:00:00,6717.53,6717.98,6710.06,6711.59,39504060,false,,false,,
2026-03-16 10:05:00,2026-03-16,10:05:00,6712.41,6719.51,6710.32,6717.16,33413390,false,,false,,
2026-03-16 10:10:00,2026-03-16,10:10:00,6717.51,6722.87,6714.37,6716.74,37633530,false,,false,,
2026-03-16 10:15:00,2026-03-16,10:15:00,6716.48,6721.17,6714.09,6715.74,32598370,false,,false,,
2026-03-16 10:20:00,2026-03-16,10:20:00,6715.71,6722.27,6715.35,6719.37,27294250,false,,false,,
2026-03-16 10:25:00,2026-03-16,10:25:00,6719.48,6720.27,6713.13,6713.13,26723910,false,,false,,
2026-03-16 10:30:00,2026-03-16,10:30:00,6712.97,6713.07,6699.39,6699.84,34196950,true,6700,true,6700,6700:from_above
2026-03-16 10:35:00,2026-03-16,10:35:00,6700.09,6705.77,6693.69,6694.68,29689320,true,6700,false,,
2026-03-16 10:40:00,2026-03-16,10:40:00,6694.08,6696.87,6690.87,6691.46,28504290,false,,false,,
2026-03-16 10:45:00,2026-03-16,10:45:00,6691.42,6695.55,6687.91,6690.28,27420290,false,,false,,
2026-03-16 10:50:00,2026-03-16,10:50:00,6690.26,6701.12,6685.55,6700.85,29575180,true,6700,true,6700,6700:from_below
2026-03-16 10:55:00,2026-03-16,10:55:00,6700.83,6707.47,6698.84,6707.47,28863700,true,6700,false,,
2026-03-16 11:00:00,2026-03-16,11:00:00,6707.62,6707.85,6699.34,6700.27,27887370,true,6700,false,,
2026-03-16 11:05:00,2026-03-16,11:05:00,6700.13,6702.05,6696.02,6702.04,26335520,true,6700,false,,
2026-03-16 11:10:00,2026-03-16,11:10:00,6702.21,6704.56,6696.58,6703.87,29589470,true,6700,false,,
2026-03-16 11:15:00,2026-03-16,11:15:00,6703.83,6705.69,6698.79,6705.45,26654700,true,6700,false,,
2026-03-16 11:20:00,2026-03-16,11:20:00,6705.69,6712.48,6704.59,6711.43,24951510,false,,false,,
2026-03-16 11:25:00,2026-03-16,11:25:00,6711.46,6712.26,6707.41,6709.97,22581800,false,,false,,
2026-03-16 11:30:00,2026-03-16,11:30:00,6710.04,6715.3,6710.04,6713.65,25120660,false,,false,,
2026-03-16 11:35:00,2026-03-16,11:35:00,6714.12,6715.44,6711.41,6712.22,21719140,false,,false,,
2026-03-16 11:40:00,2026-03-16,11:40:00,6711.88,6711.88,6707.85,6708.91,21256020,false,,false,,
2026-03-16 11:45:00,2026-03-16,11:45:00,6708.71,6712.06,6708,6710.88,22129970,false,,false,,
2026-03-16 11:50:00,2026-03-16,11:50:00,6710.86,6710.86,6700.91,6703.73,23509570,true,6700,true,6700,6700:from_above
2026-03-16 11:55:00,2026-03-16,11:55:00,6703.78,6705.31,6694.79,6694.79,27406920,true,6700,false,,
2026-03-16 12:00:00,2026-03-16,12:00:00,6694.74,6697.93,6692.4,6692.4,22411370,false,,false,,
2026-03-16 12:05:00,2026-03-16,12:05:00,6692.38,6700.25,6691.97,6696.72,21835950,true,6700,true,6700,6700:from_below
2026-03-16 12:10:00,2026-03-16,12:10:00,6696.78,6700.68,6695.24,6698.03,22294430,true,6700,false,,
2026-03-16 12:15:00,2026-03-16,12:15:00,6697.97,6699.65,6694.28,6696.62,21185870,true,6700,false,,
2026-03-16 12:20:00,2026-03-16,12:20:00,6696.46,6696.46,6683.89,6684.13,25314210,false,,false,,
2026-03-16 12:25:00,2026-03-16,12:25:00,6684.03,6686.69,6681.54,6683.93,24216940,false,,false,,
2026-03-16 12:30:00,2026-03-16,12:30:00,6683.97,6688.06,6681.48,6684.86,23614720,false,,false,,
2026-03-16 12:35:00,2026-03-16,12:35:00,6684.81,6690.83,6684.74,6690.83,22200090,false,,false,,
2026-03-16 12:40:00,2026-03-16,12:40:00,6691.04,6697.91,6689.06,6695.89,21306240,false,,false,,
2026-03-16 12:45:00,2026-03-16,12:45:00,6695.92,6696.6,6692.66,6695.05,17212210,false,,false,,
2026-03-16 12:50:00,2026-03-16,12:50:00,6694.93,6699.37,6693.72,6695.19,18907930,true,6700,true,6700,6700:from_below
2026-03-16 12:55:00,2026-03-16,12:55:00,6695.19,6696.96,6692.71,6693.42,23290410,false,,false,,
2026-03-16 13:00:00,2026-03-16,13:00:00,6693.54,6703.7,6693.52,6696.46,26517420,true,6700,true,6700,6700:from_below
2026-03-16 13:05:00,2026-03-16,13:05:00,6696.57,6700.77,6695.61,6698.66,18122670,true,6700,false,,
2026-03-16 13:10:00,2026-03-16,13:10:00,6698.7,6705.27,6698.7,6703.47,19791930,true,6700,false,,
2026-03-16 13:15:00,2026-03-16,13:15:00,6703.37,6703.64,6698.96,6702.2,17070780,true,6700,false,,
2026-03-16 13:20:00,2026-03-16,13:20:00,6702.13,6706.21,6702.05,6704.36,20865850,false,,false,,
2026-03-16 13:25:00,2026-03-16,13:25:00,6704.39,6706.24,6701.07,6701.69,19629580,true,6700,true,6700,6700:from_above
2026-03-16 13:30:00,2026-03-16,13:30:00,6701.65,6704.66,6698.87,6700.29,19358180,true,6700,false,,
2026-03-16 13:35:00,2026-03-16,13:35:00,6700.32,6702.33,6698.68,6699.15,23862040,true,6700,false,,
2026-03-16 13:40:00,2026-03-16,13:40:00,6699.1,6699.98,6695.97,6696.35,21071290,true,6700,false,,
2026-03-16 13:45:00,2026-03-16,13:45:00,6696.34,6701.32,6692.07,6693.48,18977740,true,6700,false,,
2026-03-16 13:50:00,2026-03-16,13:50:00,6693.48,6697.35,6689.53,6695.59,20549980,false,,false,,
2026-03-16 13:55:00,2026-03-16,13:55:00,6695.65,6698.82,6694.43,6696.95,18564430,true,6700,true,6700,6700:from_below
2026-03-16 14:00:00,2026-03-16,14:00:00,6696.93,6700.73,6696.29,6700.73,22254960,true,6700,false,,
2026-03-16 14:05:00,2026-03-16,14:05:00,6700.78,6706.52,6699.89,6704.56,25704040,true,6700,false,,
2026-03-16 14:10:00,2026-03-16,14:10:00,6704.63,6706.26,6702.14,6704.07,19492360,false,,false,,
2026-03-16 14:15:00,2026-03-16,14:15:00,6704.27,6709.42,6704.16,6707.58,23264540,false,,false,,
2026-03-16 14:20:00,2026-03-16,14:20:00,6707.67,6709.85,6706.24,6708.76,27392000,false,,false,,
2026-03-16 14:25:00,2026-03-16,14:25:00,6708.86,6709.66,6705.56,6707.26,26203620,false,,false,,
2026-03-16 14:30:00,2026-03-16,14:30:00,6707.6,6709.08,6706.26,6708.28,25289880,false,,false,,
2026-03-16 14:35:00,2026-03-16,14:35:00,6708.4,6710.62,6706.75,6709.64,23109070,false,,false,,
2026-03-16 14:40:00,2026-03-16,14:40:00,6709.92,6711.65,6708.74,6711.58,22421130,false,,false,,
2026-03-16 14:45:00,2026-03-16,14:45:00,6711.55,6712.47,6710.18,6710.81,21056090,false,,false,,
2026-03-16 14:50:00,2026-03-16,14:50:00,6710.77,6710.77,6706.99,6706.99,21468350,false,,false,,
2026-03-16 14:55:00,2026-03-16,14:55:00,6707.08,6707.08,6704.81,6705.65,22162430,false,,false,,
2026-03-16 15:00:00,2026-03-16,15:00:00,6705.68,6709.09,6703.51,6704.76,23851330,false,,false,,
2026-03-16 15:05:00,2026-03-16,15:05:00,6704.76,6722.8,6702.21,6722.8,38313190,false,,false,,
2026-03-16 15:10:00,2026-03-16,15:10:00,6722.31,6729.79,6705.98,6708.23,52089450,false,,false,,
2026-03-16 15:15:00,2026-03-16,15:15:00,6707.87,6712.39,6703.94,6703.96,35163510,false,,false,,
2026-03-16 15:20:00,2026-03-16,15:20:00,6703.94,6706.22,6699.13,6701.14,36005840,true,6700,true,6700,6700:from_above
2026-03-16 15:25:00,2026-03-16,15:25:00,6701.33,6703.2,6696.28,6700.98,45509390,true,6700,false,,
2026-03-16 15:30:00,2026-03-16,15:30:00,6701.37,6702.79,6698.49,6699.92,39031980,true,6700,false,,
2026-03-16 15:35:00,2026-03-16,15:35:00,6699.73,6702.74,6697.66,6699.16,38154660,true,6700,false,,
2026-03-16 15:40:00,2026-03-16,15:40:00,6699.22,6700.22,6693.76,6695.24,41395680,true,6700,false,,
2026-03-16 15:45:00,2026-03-16,15:45:00,6695.31,6697.53,6693.58,6696.64,49476680,false,,false,,
2026-03-16 15:50:00,2026-03-16,15:50:00,6696.6,6699.17,6693.86,6695.4,80598880,true,6700,true,6700,6700:from_below
2026-03-16 15:55:00,2026-03-16,15:55:00,6695.1,6701.1,6695.1,6700.18,181833030,true,6700,false,,
2026-03-16 16:00:00,2026-03-16,16:00:00,6699.36,6699.6,6699.36,6699.37,531706340,true,6700,false,,
2026-03-17 09:30:00,2026-03-17,09:30:00,6731.77,6747.45,6727.34,6743.73,65191057,false,,false,,
2026-03-17 09:35:00,2026-03-17,09:35:00,6743.78,6747.39,6741.78,6747.25,50043535,false,,false,,
2026-03-17 09:40:00,2026-03-17,09:40:00,6747.92,6749,6744.69,6745.25,43285383,true,6750,true,6750,6750:from_below
2026-03-17 09:45:00,2026-03-17,09:45:00,6745.18,6754.3,6743.99,6752.9,47780968,true,6750,false,,
2026-03-17 09:50:00,2026-03-17,09:50:00,6752.84,6752.84,6746.56,6750.56,38878358,true,6750,false,,
2026-03-17 09:55:00,2026-03-17,09:55:00,6750.59,6751.07,6746.73,6748.61,33898420,true,6750,false,,
2026-03-17 10:00:00,2026-03-17,10:00:00,6748.95,6748.95,6740.06,6741.78,40994270,true,6750,false,,
2026-03-17 10:05:00,2026-03-17,10:05:00,6741.84,6744.11,6741.16,6742.46,35375510,false,,false,,
2026-03-17 10:10:00,2026-03-17,10:10:00,6742.31,6742.73,6734.12,6734.23,36109760,false,,false,,
2026-03-17 10:15:00,2026-03-17,10:15:00,6733.55,6734.47,6725.54,6734.35,30996260,false,,false,,
2026-03-17 10:20:00,2026-03-17,10:20:00,6734.72,6737.94,6732.95,6734.83,30722670,false,,false,,
2026-03-17 10:25:00,2026-03-17,10:25:00,6734.75,6736.28,6730.62,6734.97,29870490,false,,false,,
2026-03-17 10:30:00,2026-03-17,10:30:00,6734.85,6739.76,6731.62,6738.83,27956860,false,,false,,
2026-03-17 10:35:00,2026-03-17,10:35:00,6739.04,6741.48,6733.28,6734.52,28077190,false,,false,,
2026-03-17 10:40:00,2026-03-17,10:40:00,6734.52,6742.98,6732.56,6742.46,24421120,false,,false,,
2026-03-17 10:45:00,2026-03-17,10:45:00,6742.27,6744.03,6740.67,6742.69,24115310,false,,false,,
2026-03-17 10:50:00,2026-03-17,10:50:00,6742.89,6743.23,6739.8,6740.96,26285420,false,,false,,
2026-03-17 10:55:00,2026-03-17,10:55:00,6740.94,6742.87,6739,6739.74,23510850,false,,false,,
2026-03-17 11:00:00,2026-03-17,11:00:00,6739.81,6741.78,6734.24,6734.48,25308760,false,,false,,
2026-03-17 11:05:00,2026-03-17,11:05:00,6734.61,6734.95,6727.8,6727.8,25471740,false,,false,,
2026-03-17 11:10:00,2026-03-17,11:10:00,6727.75,6731,6726.5,6728.61,24109610,false,,false,,
2026-03-17 11:15:00,2026-03-17,11:15:00,6728.59,6735.28,6728.5,6733.37,24546760,false,,false,,
2026-03-17 11:20:00,2026-03-17,11:20:00,6733.5,6735.16,6726.12,6730.18,28399150,false,,false,,
2026-03-17 11:25:00,2026-03-17,11:25:00,6730.26,6734.42,6726.56,6726.72,21333740,false,,false,,
2026-03-17 11:30:00,2026-03-17,11:30:00,6726.62,6730.75,6721.82,6721.86,22926570,false,,false,,
2026-03-17 11:35:00,2026-03-17,11:35:00,6722.06,6723.89,6713.19,6717.85,26894330,false,,false,,
2026-03-17 11:40:00,2026-03-17,11:40:00,6717.7,6721.49,6715.72,6721.48,22149970,false,,false,,
2026-03-17 11:45:00,2026-03-17,11:45:00,6721.46,6725.31,6719.37,6719.37,22797470,false,,false,,
2026-03-17 11:50:00,2026-03-17,11:50:00,6719.29,6724.77,6719.29,6723.21,20409020,false,,false,,
2026-03-17 11:55:00,2026-03-17,11:55:00,6723.14,6723.92,6718.33,6720.38,23254400,false,,false,,
2026-03-17 12:00:00,2026-03-17,12:00:00,6720.18,6720.18,6713.03,6715.88,22261390,false,,false,,
2026-03-17 12:05:00,2026-03-17,12:05:00,6715.93,6717.94,6710.8,6715.82,23812250,false,,false,,
2026-03-17 12:10:00,2026-03-17,12:10:00,6715.79,6721.53,6715.62,6716.71,20409920,false,,false,,
2026-03-17 12:15:00,2026-03-17,12:15:00,6716.78,6723.72,6715.55,6723.64,25196670,false,,false,,
2026-03-17 12:20:00,2026-03-17,12:20:00,6724.47,6724.67,6719.64,6724.07,21833630,false,,false,,
2026-03-17 12:25:00,2026-03-17,12:25:00,6724.01,6724.01,6719.44,6721.75,19669780,false,,false,,
2026-03-17 12:30:00,2026-03-17,12:30:00,6721.83,6723.3,6717.61,6720.44,23848210,false,,false,,
2026-03-17 12:35:00,2026-03-17,12:35:00,6720.51,6723.72,6716.88,6718,19419190,false,,false,,
2026-03-17 12:40:00,2026-03-17,12:40:00,6718.04,6723.98,6717.71,6723.82,18082060,false,,false,,
2026-03-17 12:45:00,2026-03-17,12:45:00,6724.14,6725.29,6721.75,6722.67,22599640,false,,false,,
2026-03-17 12:50:00,2026-03-17,12:50:00,6722.55,6723.57,6720.75,6721.81,18778460,false,,false,,
2026-03-17 12:55:00,2026-03-17,12:55:00,6722.05,6723.24,6718.62,6719.06,21861030,false,,false,,
2026-03-17 13:00:00,2026-03-17,13:00:00,6719.13,6728.41,6718.96,6727.87,22855710,false,,false,,
2026-03-17 13:05:00,2026-03-17,13:05:00,6727.42,6728.47,6725.84,6727.84,19823630,false,,false,,
2026-03-17 13:10:00,2026-03-17,13:10:00,6727.84,6728.51,6722.48,6725.22,20543170,false,,false,,
2026-03-17 13:15:00,2026-03-17,13:15:00,6725.21,6725.21,6722.67,6723.85,19525290,false,,false,,
2026-03-17 13:20:00,2026-03-17,13:20:00,6723.93,6725.45,6721.34,6724.2,18335580,false,,false,,
2026-03-17 13:25:00,2026-03-17,13:25:00,6724.21,6725.87,6722.26,6724.62,18339240,false,,false,,
2026-03-17 13:30:00,2026-03-17,13:30:00,6724.65,6726.41,6723.18,6723.98,18137940,false,,false,,
2026-03-17 13:35:00,2026-03-17,13:35:00,6723.96,6728.99,6723.89,6728.55,19124020,false,,false,,
2026-03-17 13:40:00,2026-03-17,13:40:00,6728.59,6728.86,6722.01,6722.01,18146960,false,,false,,
2026-03-17 13:45:00,2026-03-17,13:45:00,6722.42,6724.13,6720.37,6722.84,17757400,false,,false,,
2026-03-17 13:50:00,2026-03-17,13:50:00,6722.87,6728.13,6721.29,6727.54,20106900,false,,false,,
2026-03-17 13:55:00,2026-03-17,13:55:00,6727.65,6727.93,6725.99,6726.35,18307280,false,,false,,
2026-03-17 14:00:00,2026-03-17,14:00:00,6726.4,6729.12,6723.77,6728.67,22563200,false,,false,,
2026-03-17 14:05:00,2026-03-17,14:05:00,6728.75,6731.42,6726.49,6731.42,20561930,false,,false,,
2026-03-17 14:10:00,2026-03-17,14:10:00,6731.43,6731.79,6728.34,6728.4,20027640,false,,false,,
2026-03-17 14:15:00,2026-03-17,14:15:00,6728.27,6728.96,6726.71,6727.35,19868140,false,,false,,
2026-03-17 14:20:00,2026-03-17,14:20:00,6727.33,6727.33,6719.38,6719.38,23098910,false,,false,,
2026-03-17 14:25:00,2026-03-17,14:25:00,6719.39,6721.49,6718.53,6718.91,21097530,false,,false,,
2026-03-17 14:30:00,2026-03-17,14:30:00,6718.91,6720.86,6717.2,6720.47,22733040,false,,false,,
2026-03-17 14:35:00,2026-03-17,14:35:00,6720.44,6721.59,6718.76,6720.37,23441680,false,,false,,
2026-03-17 14:40:00,2026-03-17,14:40:00,6720.29,6721.58,6717.61,6717.94,23310470,false,,false,,
2026-03-17 14:45:00,2026-03-17,14:45:00,6717.91,6721.11,6717.77,6720.71,27098480,false,,false,,
2026-03-17 14:50:00,2026-03-17,14:50:00,6720.67,6723.94,6718.52,6723.68,24050400,false,,false,,
2026-03-17 14:55:00,2026-03-17,14:55:00,6723.75,6723.75,6718,6720.2,23783900,false,,false,,
2026-03-17 15:00:00,2026-03-17,15:00:00,6720.37,6722.33,6718.82,6719.5,27119420,false,,false,,
2026-03-17 15:05:00,2026-03-17,15:05:00,6719.46,6719.46,6715.54,6719.03,26808640,false,,false,,
2026-03-17 15:10:00,2026-03-17,15:10:00,6719.09,6721.06,6719.06,6720.99,25757810,false,,false,,
2026-03-17 15:15:00,2026-03-17,15:15:00,6721.07,6724.75,6720.72,6723.45,28173560,false,,false,,
2026-03-17 15:20:00,2026-03-17,15:20:00,6723.54,6723.6,6720.3,6720.91,26655950,false,,false,,
2026-03-17 15:25:00,2026-03-17,15:25:00,6720.97,6721.19,6719.05,6719.92,32816900,false,,false,,
2026-03-17 15:30:00,2026-03-17,15:30:00,6719.98,6721.9,6718.33,6718.92,35939920,false,,false,,
2026-03-17 15:35:00,2026-03-17,15:35:00,6718.99,6720.38,6718.64,6719,34733750,false,,false,,
2026-03-17 15:40:00,2026-03-17,15:40:00,6719.01,6720.25,6716.9,6717.64,39390670,false,,false,,
2026-03-17 15:45:00,2026-03-17,15:45:00,6717.65,6720.95,6717.65,6720.89,47722700,false,,false,,
2026-03-17 15:50:00,2026-03-17,15:50:00,6720.79,6721.42,6715.47,6721.41,81261130,false,,false,,
2026-03-17 15:55:00,2026-03-17,15:55:00,6721.44,6721.44,6713.79,6717.44,191304420,false,,false,,
2026-03-17 16:00:00,2026-03-17,16:00:00,6716.34,6716.53,6716.08,6716.08,505720610,false,,false,,
2026-03-18 09:30:00,2026-03-18,09:30:00,6691.46,6699.13,6688.97,6696.88,115176243,true,6700,true,6700,6700:from_above
2026-03-18 09:35:00,2026-03-18,09:35:00,6697.49,6701.83,6696.47,6700.02,41776139,true,6700,false,,
2026-03-18 09:40:00,2026-03-18,09:40:00,6700.5,6704.99,6693.12,6696.16,42844260,true,6700,false,,
2026-03-18 09:45:00,2026-03-18,09:45:00,6696.7,6705.18,6695.55,6700.54,39675297,true,6700,false,,
2026-03-18 09:50:00,2026-03-18,09:50:00,6700.64,6701.93,6695.59,6696.88,36297381,true,6700,false,,
2026-03-18 09:55:00,2026-03-18,09:55:00,6696.71,6701.74,6693.49,6701.74,32872080,true,6700,false,,
2026-03-18 10:00:00,2026-03-18,10:00:00,6702.28,6703.13,6689.6,6694.27,36432120,true,6700,false,,
2026-03-18 10:05:00,2026-03-18,10:05:00,6694.26,6702.79,6691.85,6699.04,33961090,true,6700,false,,
2026-03-18 10:10:00,2026-03-18,10:10:00,6698.65,6698.65,6681.43,6681.43,37644400,true,6700,false,,
2026-03-18 10:15:00,2026-03-18,10:15:00,6681.31,6686.68,6680.97,6684.8,31029460,false,,false,,
2026-03-18 10:20:00,2026-03-18,10:20:00,6684.87,6685.97,6681.91,6682.12,24731130,false,,false,,
2026-03-18 10:25:00,2026-03-18,10:25:00,6682.17,6682.59,6667.32,6669.24,32948010,false,,false,,
2026-03-18 10:30:00,2026-03-18,10:30:00,6669.38,6678,6668.88,6671.31,28764610,false,,false,,
2026-03-18 10:35:00,2026-03-18,10:35:00,6671.46,6674.49,6669.13,6670.79,25726980,false,,false,,
2026-03-18 10:40:00,2026-03-18,10:40:00,6670.7,6671.06,6666.83,6668.45,25993850,false,,false,,
2026-03-18 10:45:00,2026-03-18,10:45:00,6668.33,6673.11,6666.52,6667.75,24829580,false,,false,,
2026-03-18 10:50:00,2026-03-18,10:50:00,6667.95,6672.94,6667.95,6671.75,24356790,false,,false,,
2026-03-18 10:55:00,2026-03-18,10:55:00,6671.72,6680.04,6671.22,6680.01,26002090,false,,false,,
2026-03-18 11:00:00,2026-03-18,11:00:00,6679.83,6685.79,6677.05,6680.49,30868070,false,,false,,
2026-03-18 11:05:00,2026-03-18,11:05:00,6680.62,6689.02,6680.53,6689.02,28172120,false,,false,,
2026-03-18 11:10:00,2026-03-18,11:10:00,6689.1,6689.21,6683.48,6684.51,25839050,false,,false,,
2026-03-18 11:15:00,2026-03-18,11:15:00,6684.5,6686.13,6677.85,6678.31,23249410,false,,false,,
2026-03-18 11:20:00,2026-03-18,11:20:00,6678.36,6680.49,6673.84,6680.49,24197960,false,,false,,
2026-03-18 11:25:00,2026-03-18,11:25:00,6680.59,6681.72,6678.79,6678.8,22375660,false,,false,,
2026-03-18 11:30:00,2026-03-18,11:30:00,6678.24,6685.24,6678.06,6683.02,22394650,false,,false,,
2026-03-18 11:35:00,2026-03-18,11:35:00,6683.1,6684.61,6680.62,6683.25,23165380,false,,false,,
2026-03-18 11:40:00,2026-03-18,11:40:00,6683.25,6683.45,6677.43,6680.78,22207010,false,,false,,
2026-03-18 11:45:00,2026-03-18,11:45:00,6680.83,6682.39,6676.95,6677.86,20764860,false,,false,,
2026-03-18 11:50:00,2026-03-18,11:50:00,6677.78,6681.45,6676.12,6681.45,20070460,false,,false,,
2026-03-18 11:55:00,2026-03-18,11:55:00,6681.79,6683.2,6678.4,6679.78,20668040,false,,false,,
2026-03-18 12:00:00,2026-03-18,12:00:00,6679.74,6679.74,6674.62,6677.56,20951340,false,,false,,
2026-03-18 12:05:00,2026-03-18,12:05:00,6677.83,6679.05,6675.69,6676.5,18348310,false,,false,,
2026-03-18 12:10:00,2026-03-18,12:10:00,6676.48,6682.94,6674.65,6682.08,17559250,false,,false,,
2026-03-18 12:15:00,2026-03-18,12:15:00,6682.22,6682.55,6678.14,6681.87,18146580,false,,false,,
2026-03-18 12:20:00,2026-03-18,12:20:00,6682.34,6684.16,6681.69,6682.72,18084820,false,,false,,
2026-03-18 12:25:00,2026-03-18,12:25:00,6682.82,6683.01,6679.81,6680.57,22207440,false,,false,,
2026-03-18 12:30:00,2026-03-18,12:30:00,6680.32,6681.53,6672.25,6672.61,24451080,false,,false,,
2026-03-18 12:35:00,2026-03-18,12:35:00,6672.54,6676.37,6667.74,6675.65,23922900,false,,false,,
2026-03-18 12:40:00,2026-03-18,12:40:00,6675.87,6677.13,6673.08,6674.39,18476950,false,,false,,
2026-03-18 12:45:00,2026-03-18,12:45:00,6674.55,6675.78,6672.12,6675.33,16726130,false,,false,,
2026-03-18 12:50:00,2026-03-18,12:50:00,6675.36,6679.86,6673.55,6679.2,17852300,false,,false,,
2026-03-18 12:55:00,2026-03-18,12:55:00,6679.17,6680.5,6674.13,6675.24,18601430,false,,false,,
2026-03-18 13:00:00,2026-03-18,13:00:00,6675.15,6675.5,6667.59,6671.84,21469420,false,,false,,
2026-03-18 13:05:00,2026-03-18,13:05:00,6671.8,6672.91,6668.29,6668.7,17832830,false,,false,,
2026-03-18 13:10:00,2026-03-18,13:10:00,6668.63,6669.69,6663.86,6665.39,17431220,false,,false,,
2026-03-18 13:15:00,2026-03-18,13:15:00,6665.48,6668.93,6664.08,6668.64,19110520,false,,false,,
2026-03-18 13:20:00,2026-03-18,13:20:00,6668.69,6669.83,6667.71,6669.58,17775270,false,,false,,
2026-03-18 13:25:00,2026-03-18,13:25:00,6669.69,6669.74,6666.49,6667.46,15979740,false,,false,,
2026-03-18 13:30:00,2026-03-18,13:30:00,6667.54,6668.98,6662.86,6668.98,18857860,false,,false,,
2026-03-18 13:35:00,2026-03-18,13:35:00,6669.03,6673.71,6669.03,6672.86,18924200,false,,false,,
2026-03-18 13:40:00,2026-03-18,13:40:00,6672.85,6672.85,6667.47,6668.6,19249990,false,,false,,
2026-03-18 13:45:00,2026-03-18,13:45:00,6668.61,6674.85,6668.27,6670.58,23138410,false,,false,,
2026-03-18 13:50:00,2026-03-18,13:50:00,6670.64,6673.99,6668.49,6673.99,19342490,false,,false,,
2026-03-18 13:55:00,2026-03-18,13:55:00,6674.03,6677.28,6672.35,6675.8,17459850,false,,false,,
2026-03-18 14:00:00,2026-03-18,14:00:00,6676.06,6682.75,6674.68,6680.26,34724780,false,,false,,
2026-03-18 14:05:00,2026-03-18,14:05:00,6680.15,6680.15,6673.97,6674.45,24537720,false,,false,,
2026-03-18 14:10:00,2026-03-18,14:10:00,6674.52,6676.24,6671.59,6674.59,22188740,false,,false,,
2026-03-18 14:15:00,2026-03-18,14:15:00,6674.59,6674.62,6663.67,6666.1,28855750,false,,false,,
2026-03-18 14:20:00,2026-03-18,14:20:00,6666.07,6668.44,6663.48,6666.68,20527800,false,,false,,
2026-03-18 14:25:00,2026-03-18,14:25:00,6666.73,6670.59,6665.46,6670.18,19560890,false,,false,,
2026-03-18 14:30:00,2026-03-18,14:30:00,6670.39,6671.63,6656.3,6656.3,29527290,false,,false,,
2026-03-18 14:35:00,2026-03-18,14:35:00,6656.29,6669.18,6655.09,6657.4,33964370,false,,false,,
2026-03-18 14:40:00,2026-03-18,14:40:00,6657.31,6663.35,6654.21,6659.32,38208160,false,,false,,
2026-03-18 14:45:00,2026-03-18,14:45:00,6659.3,6659.3,6655.48,6655.84,25194870,false,,false,,
2026-03-18 14:50:00,2026-03-18,14:50:00,6655.97,6655.97,6644.09,6644.94,31864040,true,6650,true,6650,6650:from_above
2026-03-18 14:55:00,2026-03-18,14:55:00,6644.78,6648.2,6643.01,6643.34,30264620,true,6650,false,,
2026-03-18 15:00:00,2026-03-18,15:00:00,6643.25,6652.77,6642.34,6652.77,31610830,true,6650,false,,
2026-03-18 15:05:00,2026-03-18,15:05:00,6652.92,6655.78,6650.41,6653.4,32693580,true,6650,false,,
2026-03-18 15:10:00,2026-03-18,15:10:00,6653.5,6653.5,6646.02,6648.44,30136690,true,6650,false,,
2026-03-18 15:15:00,2026-03-18,15:15:00,6648.45,6649.1,6643.01,6643.01,32156640,true,6650,false,,
2026-03-18 15:20:00,2026-03-18,15:20:00,6642.93,6643.43,6636.55,6636.86,33315100,false,,false,,
2026-03-18 15:25:00,2026-03-18,15:25:00,6636.82,6640.44,6636.16,6638.06,31500220,false,,false,,
2026-03-18 15:30:00,2026-03-18,15:30:00,6638.11,6640.68,6635.49,6639.84,39200650,false,,false,,
2026-03-18 15:35:00,2026-03-18,15:35:00,6639.65,6639.75,6633.2,6634.23,39175500,false,,false,,
2026-03-18 15:40:00,2026-03-18,15:40:00,6634.17,6635.03,6626.9,6628.87,46636410,false,,false,,
2026-03-18 15:45:00,2026-03-18,15:45:00,6628.99,6630.02,6625.12,6627.33,54017260,false,,false,,
2026-03-18 15:50:00,2026-03-18,15:50:00,6627.34,6631.83,6627.34,6629.33,87510470,false,,false,,
2026-03-18 15:55:00,2026-03-18,15:55:00,6629.37,6629.74,6621.66,6624.37,196281610,false,,false,,
2026-03-18 16:00:00,2026-03-18,16:00:00,6624.63,6624.77,6624.63,6624.71,585410600,false,,false,,
2026-03-19 09:30:00,2026-03-19,09:30:00,6583.12,6583.12,6557.82,6567.97,146050381,false,,false,,
2026-03-19 09:35:00,2026-03-19,09:35:00,6568.25,6573.34,6561.23,6569.47,57306106,false,,false,,
2026-03-19 09:40:00,2026-03-19,09:40:00,6569.68,6583.12,6568.73,6581.04,56757291,false,,false,,
2026-03-19 09:45:00,2026-03-19,09:45:00,6581,6586.07,6574.54,6586.07,48529482,false,,false,,
2026-03-19 09:50:00,2026-03-19,09:50:00,6586.28,6596.67,6584.85,6596,43827510,false,,false,,
2026-03-19 09:55:00,2026-03-19,09:55:00,6595.99,6595.99,6586.59,6593.61,39271870,false,,false,,
2026-03-19 10:00:00,2026-03-19,10:00:00,6594.15,6598.94,6590.75,6590.81,45384620,true,6600,true,6600,6600:from_below
2026-03-19 10:05:00,2026-03-19,10:05:00,6591.43,6596.8,6589.26,6589.86,40054140,false,,false,,
2026-03-19 10:10:00,2026-03-19,10:10:00,6590.53,6602.72,6588.59,6589.96,42588950,true,6600,true,6600,6600:from_below
2026-03-19 10:15:00,2026-03-19,10:15:00,6589.53,6591.44,6581.2,6584.44,38075250,false,,false,,
2026-03-19 10:20:00,2026-03-19,10:20:00,6584.57,6588.83,6576.11,6576.92,34192560,false,,false,,
2026-03-19 10:25:00,2026-03-19,10:25:00,6576.95,6579.45,6569.35,6571.63,31273200,false,,false,,
2026-03-19 10:30:00,2026-03-19,10:30:00,6571.64,6592.91,6571.12,6592.77,37605180,false,,false,,
2026-03-19 10:35:00,2026-03-19,10:35:00,6592.68,6598.01,6579.92,6582.47,32877350,true,6600,true,6600,6600:from_below
2026-03-19 10:40:00,2026-03-19,10:40:00,6582.29,6590.69,6581.58,6583.26,27162230,false,,false,,
2026-03-19 10:45:00,2026-03-19,10:45:00,6583.09,6587.09,6579.95,6587.09,27044890,false,,false,,
2026-03-19 10:50:00,2026-03-19,10:50:00,6587.78,6591.84,6584.22,6585.54,31700780,false,,false,,
2026-03-19 10:55:00,2026-03-19,10:55:00,6586.15,6591.49,6582.02,6587.14,26583770,false,,false,,
2026-03-19 11:00:00,2026-03-19,11:00:00,6586.5,6593.15,6583.97,6593.15,31800410,false,,false,,
2026-03-19 11:05:00,2026-03-19,11:05:00,6593.39,6604.93,6592.42,6596.77,34524540,true,6600,true,6600,6600:from_below
2026-03-19 11:10:00,2026-03-19,11:10:00,6596.65,6601.77,6595.43,6601.47,28099730,true,6600,false,,
2026-03-19 11:15:00,2026-03-19,11:15:00,6601.81,6604.41,6589.26,6589.5,28974460,true,6600,false,,
2026-03-19 11:20:00,2026-03-19,11:20:00,6589.7,6591.49,6583.36,6583.56,26836960,false,,false,,
2026-03-19 11:25:00,2026-03-19,11:25:00,6583.56,6587.32,6580.79,6585.88,25338400,false,,false,,
2026-03-19 11:30:00,2026-03-19,11:30:00,6585.76,6585.76,6576.27,6576.27,27866860,false,,false,,
2026-03-19 11:35:00,2026-03-19,11:35:00,6576.22,6579.07,6572.15,6575.68,25810940,false,,false,,
2026-03-19 11:40:00,2026-03-19,11:40:00,6576.38,6579.95,6573.78,6573.89,24801860,false,,false,,
2026-03-19 11:45:00,2026-03-19,11:45:00,6573.83,6579.95,6570.74,6578.55,23859580,false,,false,,
2026-03-19 11:50:00,2026-03-19,11:50:00,6578.45,6579.72,6574.9,6575.23,23594930,false,,false,,
2026-03-19 11:55:00,2026-03-19,11:55:00,6575.15,6586.84,6575.15,6586.69,29486800,false,,false,,
2026-03-19 12:00:00,2026-03-19,12:00:00,6586.82,6597,6583.24,6591.66,28153010,false,,false,,
2026-03-19 12:05:00,2026-03-19,12:05:00,6591.77,6598.18,6590.83,6593.19,26632100,true,6600,true,6600,6600:from_below
2026-03-19 12:10:00,2026-03-19,12:10:00,6593.25,6593.35,6585.1,6585.88,24535270,false,,false,,
2026-03-19 12:15:00,2026-03-19,12:15:00,6586.07,6588.31,6582.42,6584.26,23131170,false,,false,,
2026-03-19 12:20:00,2026-03-19,12:20:00,6584.23,6586.67,6580.19,6583.34,24716620,false,,false,,
2026-03-19 12:25:00,2026-03-19,12:25:00,6583.56,6588.94,6582.93,6588.42,26302210,false,,false,,
2026-03-19 12:30:00,2026-03-19,12:30:00,6588.03,6589.26,6583.62,6587.08,26691110,false,,false,,
2026-03-19 12:35:00,2026-03-19,12:35:00,6587.19,6588.65,6581.65,6588.32,24126490,false,,false,,
2026-03-19 12:40:00,2026-03-19,12:40:00,6588.42,6594.93,6587.48,6590.38,22357320,false,,false,,
2026-03-19 12:45:00,2026-03-19,12:45:00,6590.31,6590.89,6583.68,6584.53,23282250,false,,false,,
2026-03-19 12:50:00,2026-03-19,12:50:00,6584.49,6584.53,6574.86,6578.94,25095590,false,,false,,
2026-03-19 12:55:00,2026-03-19,12:55:00,6578.89,6580.88,6576.42,6580.23,20890520,false,,false,,
2026-03-19 13:00:00,2026-03-19,13:00:00,6580.18,6581.14,6574,6574,23191080,false,,false,,
2026-03-19 13:05:00,2026-03-19,13:05:00,6573.91,6575.23,6565.52,6566.39,24120540,false,,false,,
2026-03-19 13:10:00,2026-03-19,13:10:00,6566.4,6570.15,6564.67,6566.48,21227050,false,,false,,
2026-03-19 13:15:00,2026-03-19,13:15:00,6566.49,6577.06,6565.37,6576.86,20514280,false,,false,,
2026-03-19 13:20:00,2026-03-19,13:20:00,6576.94,6583.01,6574.33,6580.18,21564940,false,,false,,
2026-03-19 13:25:00,2026-03-19,13:25:00,6580.21,6582.99,6578.47,6579.65,21667720,false,,false,,
2026-03-19 13:30:00,2026-03-19,13:30:00,6579.58,6582.82,6575.24,6576.51,24859280,false,,false,,
2026-03-19 13:35:00,2026-03-19,13:35:00,6576.31,6576.62,6571.88,6571.88,19320220,false,,false,,
2026-03-19 13:40:00,2026-03-19,13:40:00,6571.84,6575.21,6570.16,6573.53,22293660,false,,false,,
2026-03-19 13:45:00,2026-03-19,13:45:00,6573.56,6576.42,6571.91,6575.28,18976960,false,,false,,
2026-03-19 13:50:00,2026-03-19,13:50:00,6575.37,6586.64,6575.23,6585.82,22837290,false,,false,,
2026-03-19 13:55:00,2026-03-19,13:55:00,6585.72,6585.72,6580.3,6580.88,20524530,false,,false,,
2026-03-19 14:00:00,2026-03-19,14:00:00,6580.76,6580.9,6575.13,6575.75,22183780,false,,false,,
2026-03-19 14:05:00,2026-03-19,14:05:00,6575.71,6582.38,6575.37,6580.61,21723760,false,,false,,
2026-03-19 14:10:00,2026-03-19,14:10:00,6580.73,6593.65,6580.73,6591.7,26683950,false,,false,,
2026-03-19 14:15:00,2026-03-19,14:15:00,6591.64,6592.79,6585.78,6589.45,25022650,false,,false,,
2026-03-19 14:20:00,2026-03-19,14:20:00,6589.54,6590.78,6585.37,6586.58,24293160,false,,false,,
2026-03-19 14:25:00,2026-03-19,14:25:00,6586.54,6587.23,6580.34,6580.34,22061540,false,,false,,
2026-03-19 14:30:00,2026-03-19,14:30:00,6580.13,6580.89,6577.01,6579.24,22638100,false,,false,,
2026-03-19 14:35:00,2026-03-19,14:35:00,6579.58,6581.28,6574.23,6576.11,21567270,false,,false,,
2026-03-19 14:40:00,2026-03-19,14:40:00,6576.1,6576.82,6572.2,6573.3,23034080,false,,false,,
2026-03-19 14:45:00,2026-03-19,14:45:00,6573.22,6576.13,6572.36,6574.71,25410610,false,,false,,
2026-03-19 14:50:00,2026-03-19,14:50:00,6574.82,6578.28,6571.86,6578.08,22128850,false,,false,,
2026-03-19 14:55:00,2026-03-19,14:55:00,6578.13,6595.46,6577.19,6592.54,32369600,false,,false,,
2026-03-19 15:00:00,2026-03-19,15:00:00,6592.82,6614.46,6592.63,6611.93,43785580,true,6600,true,6600,6600:from_below
2026-03-19 15:05:00,2026-03-19,15:05:00,6612.18,6636.74,6612.18,6626.8,56933150,false,,false,,
2026-03-19 15:10:00,2026-03-19,15:10:00,6626.29,6634.35,6616.13,6626.89,48372920,false,,false,,
2026-03-19 15:15:00,2026-03-19,15:15:00,6626.85,6630.02,6620.85,6627.72,40067700,false,,false,,
2026-03-19 15:20:00,2026-03-19,15:20:00,6627.1,6627.23,6613.9,6615.87,34329500,false,,false,,
2026-03-19 15:25:00,2026-03-19,15:25:00,6615.49,6615.49,6606.23,6610.44,37093380,false,,false,,
2026-03-19 15:30:00,2026-03-19,15:30:00,6610.61,6615.03,6606.92,6608.47,39124170,false,,false,,
2026-03-19 15:35:00,2026-03-19,15:35:00,6608.14,6611.57,6599.33,6611.57,41785980,true,6600,true,6600,6600:from_above
2026-03-19 15:40:00,2026-03-19,15:40:00,6611.61,6614.14,6608.15,6611.06,41199570,false,,false,,
2026-03-19 15:45:00,2026-03-19,15:45:00,6611.09,6612.72,6606.84,6608.12,51482310,false,,false,,
2026-03-19 15:50:00,2026-03-19,15:50:00,6608.5,6609.67,6604.07,6605.6,86728080,false,,false,,
2026-03-19 15:55:00,2026-03-19,15:55:00,6605.5,6610.22,6604.75,6606.19,198267470,false,,false,,
2026-03-19 16:00:00,2026-03-19,16:00:00,6605.86,6606.51,6605.86,6606.48,523978100,false,,false,,
2026-03-20 09:30:00,2026-03-20,09:30:00,6588.17,6591.95,6576.97,6578.35,485579030,false,,false,,
2026-03-20 09:35:00,2026-03-20,09:35:00,6578.62,6581.9,6574.19,6575.56,54250650,false,,false,,
2026-03-20 09:40:00,2026-03-20,09:40:00,6575.62,6589.45,6574.55,6589.29,50264380,false,,false,,
2026-03-20 09:45:00,2026-03-20,09:45:00,6589.33,6593.21,6581.62,6582.61,48838240,false,,false,,
2026-03-20 09:50:00,2026-03-20,09:50:00,6582.78,6582.78,6566.72,6572.21,42408170,false,,false,,
2026-03-20 09:55:00,2026-03-20,09:55:00,6572.07,6572.94,6556.78,6558.75,42076870,false,,false,,
2026-03-20 10:00:00,2026-03-20,10:00:00,6558.47,6561.54,6552.04,6557.55,44954410,false,,false,,
2026-03-20 10:05:00,2026-03-20,10:05:00,6557.22,6563.54,6552.19,6555.35,39275430,false,,false,,
2026-03-20 10:10:00,2026-03-20,10:10:00,6555.11,6558.6,6540.82,6542.91,43393370,true,6550,true,6550,6550:from_above
2026-03-20 10:15:00,2026-03-20,10:15:00,6543.06,6551.03,6542.11,6547.89,38100990,true,6550,false,,
2026-03-20 10:20:00,2026-03-20,10:20:00,6547.94,6549.27,6541.74,6547.42,34715150,true,6550,false,,
2026-03-20 10:25:00,2026-03-20,10:25:00,6547.2,6548.27,6542.76,6545.49,34811680,true,6550,false,,
2026-03-20 10:30:00,2026-03-20,10:30:00,6545.25,6558.15,6545.25,6558.15,36214600,true,6550,false,,
2026-03-20 10:35:00,2026-03-20,10:35:00,6558.25,6560.73,6546.73,6552.41,41855790,true,6550,false,,
2026-03-20 10:40:00,2026-03-20,10:40:00,6552.18,6553.96,6549.34,6550.75,29953290,true,6550,false,,
2026-03-20 10:45:00,2026-03-20,10:45:00,6550.62,6554.34,6549.03,6553.89,30756560,true,6550,false,,
2026-03-20 10:50:00,2026-03-20,10:50:00,6554.02,6554.61,6538.45,6538.99,33947800,true,6550,false,,
2026-03-20 10:55:00,2026-03-20,10:55:00,6539.11,6552.33,6539.11,6547.8,32175050,true,6550,false,,
2026-03-20 11:00:00,2026-03-20,11:00:00,6547.52,6556.3,6543.59,6546.29,34488900,true,6550,false,,
2026-03-20 11:05:00,2026-03-20,11:05:00,6546.62,6550.86,6543.65,6548.76,27165430,true,6550,false,,
2026-03-20 11:10:00,2026-03-20,11:10:00,6548.72,6557.95,6548.27,6557.17,34510900,true,6550,false,,
2026-03-20 11:15:00,2026-03-20,11:15:00,6557.41,6557.73,6547.57,6547.92,31592560,true,6550,false,,
2026-03-20 11:20:00,2026-03-20,11:20:00,6547.76,6565.08,6545.57,6551.5,38645250,true,6550,false,,
2026-03-20 11:25:00,2026-03-20,11:25:00,6551.23,6552.33,6541.93,6545.81,28394080,true,6550,false,,
2026-03-20 11:30:00,2026-03-20,11:30:00,6545.84,6553.18,6544.34,6551.61,25333070,true,6550,false,,
2026-03-20 11:35:00,2026-03-20,11:35:00,6551.92,6553.98,6547.11,6550.15,25766600,true,6550,false,,
2026-03-20 11:40:00,2026-03-20,11:40:00,6549.76,6553.96,6547.24,6552.09,24504730,true,6550,false,,
2026-03-20 11:45:00,2026-03-20,11:45:00,6552.31,6553.15,6547.14,6551.55,24064370,true,6550,false,,
2026-03-20 11:50:00,2026-03-20,11:50:00,6551.41,6555.12,6547.32,6555.07,22647220,true,6550,false,,
2026-03-20 11:55:00,2026-03-20,11:55:00,6555.18,6557.8,6552.16,6555.88,27168310,false,,false,,
2026-03-20 12:00:00,2026-03-20,12:00:00,6555.94,6564.26,6554.55,6562.69,23665230,false,,false,,
2026-03-20 12:05:00,2026-03-20,12:05:00,6562.67,6562.67,6555.26,6558.11,26109590,false,,false,,
2026-03-20 12:10:00,2026-03-20,12:10:00,6558.04,6562.26,6557.57,6559.9,21417080,false,,false,,
2026-03-20 12:15:00,2026-03-20,12:15:00,6560,6564.04,6555.67,6564.04,23673790,false,,false,,
2026-03-20 12:20:00,2026-03-20,12:20:00,6564.01,6565.59,6561.58,6562.49,23614730,false,,false,,
2026-03-20 12:25:00,2026-03-20,12:25:00,6562.46,6562.63,6556.32,6557.27,26718040,false,,false,,
2026-03-20 12:30:00,2026-03-20,12:30:00,6557.07,6557.19,6546.3,6552.19,25997450,true,6550,true,6550,6550:from_above
2026-03-20 12:35:00,2026-03-20,12:35:00,6552.14,6554.06,6548.12,6550.66,22305550,true,6550,false,,
2026-03-20 12:40:00,2026-03-20,12:40:00,6550.52,6553.46,6549.68,6551.39,20709580,true,6550,false,,
2026-03-20 12:45:00,2026-03-20,12:45:00,6551.43,6551.92,6546.93,6550.17,23431240,true,6550,false,,
2026-03-20 12:50:00,2026-03-20,12:50:00,6550.12,6552.59,6545.95,6551.6,23440450,true,6550,false,,
2026-03-20 12:55:00,2026-03-20,12:55:00,6551.63,6559.12,6551.34,6553.56,20694840,true,6550,false,,
2026-03-20 13:00:00,2026-03-20,13:00:00,6553.44,6557.67,6553.44,6557.5,19484510,false,,false,,
2026-03-20 13:05:00,2026-03-20,13:05:00,6557.36,6557.96,6544.73,6554.43,28690500,true,6550,true,6550,6550:from_above
2026-03-20 13:10:00,2026-03-20,13:10:00,6554.42,6556.27,6549.19,6549.64,18606740,true,6550,false,,
2026-03-20 13:15:00,2026-03-20,13:15:00,6549.62,6551.47,6546.94,6548.05,23758650,true,6550,false,,
2026-03-20 13:20:00,2026-03-20,13:20:00,6548.06,6552.85,6547.24,6549.94,19015590,true,6550,false,,
2026-03-20 13:25:00,2026-03-20,13:25:00,6549.89,6550.24,6546.29,6547.61,23269760,true,6550,false,,
2026-03-20 13:30:00,2026-03-20,13:30:00,6547.62,6548.87,6539.7,6540.58,26273250,true,6550,false,,
2026-03-20 13:35:00,2026-03-20,13:35:00,6540.63,6543.39,6533.06,6540.48,26591420,false,,false,,
2026-03-20 13:40:00,2026-03-20,13:40:00,6540.47,6542.79,6535.98,6536.84,21379170,false,,false,,
2026-03-20 13:45:00,2026-03-20,13:45:00,6537.01,6537.88,6532.25,6534.08,22165890,false,,false,,
2026-03-20 13:50:00,2026-03-20,13:50:00,6533.96,6540.41,6532.98,6539.21,21582250,false,,false,,
2026-03-20 13:55:00,2026-03-20,13:55:00,6539.26,6542.26,6538.59,6540.33,23054940,false,,false,,
2026-03-20 14:00:00,2026-03-20,14:00:00,6540.27,6542.42,6534.31,6534.31,24433470,false,,false,,
2026-03-20 14:05:00,2026-03-20,14:05:00,6534.36,6537.45,6532.14,6534.82,26313230,false,,false,,
2026-03-20 14:10:00,2026-03-20,14:10:00,6534.67,6534.67,6529.93,6531.95,23756340,false,,false,,
2026-03-20 14:15:00,2026-03-20,14:15:00,6531.95,6532.94,6527.78,6529.96,24965320,false,,false,,
2026-03-20 14:20:00,2026-03-20,14:20:00,6530.39,6532.09,6513.47,6515.03,40721260,false,,false,,
2026-03-20 14:25:00,2026-03-20,14:25:00,6515.36,6523.25,6515.36,6519.87,29001420,false,,false,,
2026-03-20 14:30:00,2026-03-20,14:30:00,6520.04,6521.52,6515.29,6515.75,30873470,false,,false,,
2026-03-20 14:35:00,2026-03-20,14:35:00,6515.71,6516.2,6507.93,6509.32,29508790,false,,false,,
2026-03-20 14:40:00,2026-03-20,14:40:00,6509.43,6512,6506.51,6507.27,29873130,false,,false,,
2026-03-20 14:45:00,2026-03-20,14:45:00,6507.44,6509.27,6503.73,6505.12,30722180,false,,false,,
2026-03-20 14:50:00,2026-03-20,14:50:00,6505.16,6507.62,6502.95,6505.43,27276120,false,,false,,
2026-03-20 14:55:00,2026-03-20,14:55:00,6505.49,6507.18,6502.18,6506.06,31612270,false,,false,,
2026-03-20 15:00:00,2026-03-20,15:00:00,6506.2,6511.75,6506.2,6506.99,35058740,false,,false,,
2026-03-20 15:05:00,2026-03-20,15:05:00,6507.25,6507.74,6502.08,6505.26,35203880,false,,false,,
2026-03-20 15:10:00,2026-03-20,15:10:00,6505.22,6505.39,6499.32,6503.61,36284470,true,6500,true,6500,6500:from_above
2026-03-20 15:15:00,2026-03-20,15:15:00,6503.44,6505.68,6501.82,6505.68,32780850,true,6500,false,,
2026-03-20 15:20:00,2026-03-20,15:20:00,6505.73,6505.73,6494.23,6494.58,36396360,true,6500,false,,
2026-03-20 15:25:00,2026-03-20,15:25:00,6494.77,6498.35,6494.03,6496.67,44626000,true,6500,false,,
2026-03-20 15:30:00,2026-03-20,15:30:00,6496.72,6499.16,6487.11,6487.45,51431250,true,6500,false,,
2026-03-20 15:35:00,2026-03-20,15:35:00,6487.56,6488.55,6473.52,6480.7,58995930,false,,false,,
2026-03-20 15:40:00,2026-03-20,15:40:00,6481.08,6495.24,6480.13,6494.67,59179200,false,,false,,
2026-03-20 15:45:00,2026-03-20,15:45:00,6494.59,6494.59,6484.48,6485.57,75565200,false,,false,,
2026-03-20 15:50:00,2026-03-20,15:50:00,6485.74,6504.72,6485.02,6504.51,137643300,true,6500,true,6500,6500:from_below
2026-03-20 15:55:00,2026-03-20,15:55:00,6504.37,6508.86,6504.37,6506.39,279300600,false,,false,,
2026-03-20 16:00:00,2026-03-20,16:00:00,6507.52,6507.52,6506.47,6506.49,3167701300,false,,false,,
2026-03-23 09:30:00,2026-03-23,09:30:00,6602.39,6603.58,6590.89,6592.16,211289547,true,6600,true,6600,6600:from_below
2026-03-23 09:35:00,2026-03-23,09:35:00,6592.6,6606.47,6587.94,6606.47,62598923,true,6600,false,,
2026-03-23 09:40:00,2026-03-23,09:40:00,6607.33,6619.52,6596.21,6606.54,60804030,true,6600,false,,
2026-03-23 09:45:00,2026-03-23,09:45:00,6606.32,6614.68,6600.58,6614.47,58281130,true,6600,false,,
2026-03-23 09:50:00,2026-03-23,09:50:00,6614.81,6626.25,6613.07,6622.69,46992200,false,,false,,
2026-03-23 09:55:00,2026-03-23,09:55:00,6622.03,6627.58,6614.93,6627.58,45350240,false,,false,,
2026-03-23 10:00:00,2026-03-23,10:00:00,6627.87,6632.76,6617.8,6618.6,52312520,false,,false,,
2026-03-23 10:05:00,2026-03-23,10:05:00,6618.48,6624.32,6613.06,6622.25,44556850,false,,false,,
2026-03-23 10:10:00,2026-03-23,10:10:00,6622.26,6630.19,6619.23,6627.14,41712130,false,,false,,
2026-03-23 10:15:00,2026-03-23,10:15:00,6627.02,6637.21,6627.02,6637.19,38106790,false,,false,,
2026-03-23 10:20:00,2026-03-23,10:20:00,6637.41,6648.28,6634.39,6644.99,40306150,true,6650,true,6650,6650:from_below
2026-03-23 10:25:00,2026-03-23,10:25:00,6644.29,6644.98,6632.26,6636.06,35770060,false,,false,,
2026-03-23 10:30:00,2026-03-23,10:30:00,6636.15,6637.91,6629.98,6634.18,32651260,false,,false,,
2026-03-23 10:35:00,2026-03-23,10:35:00,6635.02,6639.4,6628.21,6630.73,31626410,false,,false,,
2026-03-23 10:40:00,2026-03-23,10:40:00,6630.78,6633.23,6627.5,6629.76,29434240,false,,false,,
2026-03-23 10:45:00,2026-03-23,10:45:00,6629.72,6643.09,6626.07,6638.71,33661420,false,,false,,
2026-03-23 10:50:00,2026-03-23,10:50:00,6638.93,6638.93,6630.99,6634.05,29956390,false,,false,,
2026-03-23 10:55:00,2026-03-23,10:55:00,6634.73,6638.74,6632.32,6636.41,27816190,false,,false,,
2026-03-23 11:00:00,2026-03-23,11:00:00,6636.53,6651.62,6634.59,6649.99,38825220,true,6650,true,6650,6650:from_below
2026-03-23 11:05:00,2026-03-23,11:05:00,6649.93,6650.67,6645.73,6648.71,33199290,true,6650,false,,
2026-03-23 11:10:00,2026-03-23,11:10:00,6648.83,6651.26,6644.27,6646.08,29763680,true,6650,false,,
2026-03-23 11:15:00,2026-03-23,11:15:00,6646.09,6647.08,6640.23,6640.46,29491350,false,,false,,
2026-03-23 11:20:00,2026-03-23,11:20:00,6640.63,6646.51,6634.7,6646.18,30532820,false,,false,,
2026-03-23 11:25:00,2026-03-23,11:25:00,6645.55,6645.55,6633.81,6635.15,29621940,false,,false,,
2026-03-23 11:30:00,2026-03-23,11:30:00,6635.27,6638.59,6631.33,6632.34,27835730,false,,false,,
2026-03-23 11:35:00,2026-03-23,11:35:00,6632.29,6632.3,6618.83,6619.3,32306450,false,,false,,
2026-03-23 11:40:00,2026-03-23,11:40:00,6619.07,6623.24,6614.35,6618.88,32290020,false,,false,,
2026-03-23 11:45:00,2026-03-23,11:45:00,6618.29,6618.29,6607.35,6612.72,32222260,false,,false,,
2026-03-23 11:50:00,2026-03-23,11:50:00,6612.82,6614.92,6599.05,6599.4,36428730,true,6600,true,6600,6600:from_above
2026-03-23 11:55:00,2026-03-23,11:55:00,6599.04,6599.04,6584.36,6585.68,37283470,true,6600,false,,
2026-03-23 12:00:00,2026-03-23,12:00:00,6585.58,6596.47,6585.23,6590.51,32054200,false,,false,,
2026-03-23 12:05:00,2026-03-23,12:05:00,6590.55,6599.32,6588.04,6596.04,28600890,true,6600,true,6600,6600:from_below
2026-03-23 12:10:00,2026-03-23,12:10:00,6595.75,6601.1,6592.44,6596.73,24140010,true,6600,false,,
2026-03-23 12:15:00,2026-03-23,12:15:00,6596.46,6597.32,6585.21,6586.32,27341840,false,,false,,
2026-03-23 12:20:00,2026-03-23,12:20:00,6586.29,6587.97,6580.63,6582.73,27204650,false,,false,,
2026-03-23 12:25:00,2026-03-23,12:25:00,6582.69,6582.69,6565.55,6566.51,31741450,false,,false,,
2026-03-23 12:30:00,2026-03-23,12:30:00,6566.61,6580.51,6566.36,6580.51,24330410,false,,false,,
2026-03-23 12:35:00,2026-03-23,12:35:00,6580.98,6587.11,6579.6,6580.6,22758890,false,,false,,
2026-03-23 12:40:00,2026-03-23,12:40:00,6580.76,6586.72,6580.65,6586.3,25020250,false,,false,,
2026-03-23 12:45:00,2026-03-23,12:45:00,6586.41,6591.82,6584.08,6588.95,21557460,false,,false,,
2026-03-23 12:50:00,2026-03-23,12:50:00,6588.93,6592.21,6582.02,6583.8,22103340,false,,false,,
2026-03-23 12:55:00,2026-03-23,12:55:00,6584.37,6586.68,6577.52,6581.5,20205540,false,,false,,
2026-03-23 13:00:00,2026-03-23,13:00:00,6581.58,6585.89,6576.68,6576.68,21982220,false,,false,,
2026-03-23 13:05:00,2026-03-23,13:05:00,6576.83,6587.54,6575.46,6586.8,19759730,false,,false,,
2026-03-23 13:10:00,2026-03-23,13:10:00,6586.7,6587.33,6579.79,6579.79,18524830,false,,false,,
2026-03-23 13:15:00,2026-03-23,13:15:00,6579.78,6580.75,6573.29,6578.12,18658480,false,,false,,
2026-03-23 13:20:00,2026-03-23,13:20:00,6578.09,6578.09,6569.75,6573.66,18836580,false,,false,,
2026-03-23 13:25:00,2026-03-23,13:25:00,6573.72,6581.09,6573.12,6579.39,17746690,false,,false,,
2026-03-23 13:30:00,2026-03-23,13:30:00,6579.2,6596.96,6578.77,6596.87,29931440,false,,false,,
2026-03-23 13:35:00,2026-03-23,13:35:00,6596.95,6607.45,6596.95,6603.81,33015240,true,6600,true,6600,6600:from_below
2026-03-23 13:40:00,2026-03-23,13:40:00,6603.94,6603.94,6591.56,6594.32,23297010,true,6600,false,,
2026-03-23 13:45:00,2026-03-23,13:45:00,6594.27,6595.03,6589.85,6593.4,17769620,false,,false,,
2026-03-23 13:50:00,2026-03-23,13:50:00,6593.52,6600.23,6592.54,6600.23,21057620,true,6600,true,6600,6600:from_below
2026-03-23 13:55:00,2026-03-23,13:55:00,6600.27,6607.38,6598.27,6606.96,19348910,true,6600,false,,
2026-03-23 14:00:00,2026-03-23,14:00:00,6606.76,6608.24,6603.96,6607.12,23831310,false,,false,,
2026-03-23 14:05:00,2026-03-23,14:05:00,6607.21,6607.56,6592.22,6599.96,29850600,true,6600,true,6600,6600:from_above
2026-03-23 14:10:00,2026-03-23,14:10:00,6600.22,6606,6600.22,6603.3,23367700,true,6600,false,,
2026-03-23 14:15:00,2026-03-23,14:15:00,6602.57,6603.67,6597.71,6600.5,19452790,true,6600,false,,
2026-03-23 14:20:00,2026-03-23,14:20:00,6600.61,6601.36,6598.35,6601.34,18311190,true,6600,false,,
2026-03-23 14:25:00,2026-03-23,14:25:00,6601.43,6604.21,6599.39,6600.02,20070350,true,6600,false,,
2026-03-23 14:30:00,2026-03-23,14:30:00,6600.17,6614.68,6600.17,6614.38,26253490,true,6600,false,,
2026-03-23 14:35:00,2026-03-23,14:35:00,6614.47,6621.91,6612.17,6615.49,28616550,false,,false,,
2026-03-23 14:40:00,2026-03-23,14:40:00,6615.67,6617.01,6611.71,6613.59,21263320,false,,false,,
2026-03-23 14:45:00,2026-03-23,14:45:00,6613.76,6618.26,6612.27,6617.47,19996510,false,,false,,
2026-03-23 14:50:00,2026-03-23,14:50:00,6617.41,6617.77,6612.54,6614.41,22111300,false,,false,,
2026-03-23 14:55:00,2026-03-23,14:55:00,6614.38,6616.83,6612.52,6615.59,22474690,false,,false,,
2026-03-23 15:00:00,2026-03-23,15:00:00,6615.64,6615.91,6610.23,6611.84,25643180,false,,false,,
2026-03-23 15:05:00,2026-03-23,15:05:00,6611.82,6613.5,6610.28,6613.38,25465340,false,,false,,
2026-03-23 15:10:00,2026-03-23,15:10:00,6613.06,6613.22,6607.04,6607.42,26309450,false,,false,,
2026-03-23 15:15:00,2026-03-23,15:15:00,6607.4,6608.63,6601.84,6604.41,27382950,true,6600,true,6600,6600:from_above
2026-03-23 15:20:00,2026-03-23,15:20:00,6604.48,6604.95,6599.97,6601.5,28190850,true,6600,false,,
2026-03-23 15:25:00,2026-03-23,15:25:00,6601.46,6602.7,6596.91,6599.43,30863780,true,6600,false,,
2026-03-23 15:30:00,2026-03-23,15:30:00,6599.43,6601.53,6598.25,6599.12,33461070,true,6600,false,,
2026-03-23 15:35:00,2026-03-23,15:35:00,6599.15,6602.91,6597.62,6601.79,34400390,true,6600,false,,
2026-03-23 15:40:00,2026-03-23,15:40:00,6601.66,6604.59,6599.68,6604.59,38166950,true,6600,false,,
2026-03-23 15:45:00,2026-03-23,15:45:00,6604.62,6608.64,6600.95,6603.65,49290550,true,6600,false,,
2026-03-23 15:50:00,2026-03-23,15:50:00,6603.73,6603.73,6592.57,6592.77,90318890,true,6600,false,,
2026-03-23 15:55:00,2026-03-23,15:55:00,6592.6,6593.22,6580.32,6581.75,209112260,false,,false,,
2026-03-23 16:00:00,2026-03-23,16:00:00,6580.26,6581.39,6580.26,6580.99,554692700,false,,false,,
2026-03-24 09:30:00,2026-03-24,09:30:00,6540.45,6553.39,6534.26,6553.23,109566265,true,6550,true,6550,6550:from_above
2026-03-24 09:35:00,2026-03-24,09:35:00,6553.33,6555.06,6537.75,6538.63,46381012,true,6550,false,,
2026-03-24 09:40:00,2026-03-24,09:40:00,6538.57,6538.87,6525.52,6533.38,41229952,false,,false,,
2026-03-24 09:45:00,2026-03-24,09:45:00,6533.31,6541.45,6527.28,6527.44,39495462,false,,false,,
2026-03-24 09:50:00,2026-03-24,09:50:00,6527.48,6534.7,6525.11,6529.32,34439629,false,,false,,
2026-03-24 09:55:00,2026-03-24,09:55:00,6529.37,6540.73,6528.79,6540.38,33552720,false,,false,,
2026-03-24 10:00:00,2026-03-24,10:00:00,6540.51,6548.56,6538.55,6548.49,39551330,true,6550,true,6550,6550:from_below
2026-03-24 10:05:00,2026-03-24,10:05:00,6548.65,6559.99,6542.17,6559.16,37035540,true,6550,false,,
2026-03-24 10:10:00,2026-03-24,10:10:00,6559.24,6560.95,6541.46,6551.41,42082780,true,6550,false,,
2026-03-24 10:15:00,2026-03-24,10:15:00,6551.27,6552.28,6543.07,6551.07,31910380,true,6550,false,,
2026-03-24 10:20:00,2026-03-24,10:20:00,6551.14,6554.33,6544.19,6549.15,31723050,true,6550,false,,
2026-03-24 10:25:00,2026-03-24,10:25:00,6548.93,6559.45,6544.68,6551.23,31588780,true,6550,false,,
2026-03-24 10:30:00,2026-03-24,10:30:00,6551.14,6559.69,6549.98,6558.78,33192480,true,6550,false,,
2026-03-24 10:35:00,2026-03-24,10:35:00,6558.86,6560.28,6548.57,6553.56,30434510,true,6550,false,,
2026-03-24 10:40:00,2026-03-24,10:40:00,6553.29,6562.43,6551.52,6562.38,29578300,true,6550,false,,
2026-03-24 10:45:00,2026-03-24,10:45:00,6562.72,6565.86,6553.14,6554.46,33664600,false,,false,,
2026-03-24 10:50:00,2026-03-24,10:50:00,6554.04,6582.61,6548.64,6571.8,52938680,true,6550,true,6550,6550:from_above
2026-03-24 10:55:00,2026-03-24,10:55:00,6571.31,6580.82,6552.72,6564.61,47804110,false,,false,,
2026-03-24 11:00:00,2026-03-24,11:00:00,6565.08,6578.62,6565.08,6575.51,34893920,false,,false,,
2026-03-24 11:05:00,2026-03-24,11:05:00,6575.45,6578.15,6573.19,6574.96,26276840,false,,false,,
2026-03-24 11:10:00,2026-03-24,11:10:00,6575.27,6579.87,6571.24,6578.48,28265860,false,,false,,
2026-03-24 11:15:00,2026-03-24,11:15:00,6578.32,6584.49,6578.17,6583.06,28276410,false,,false,,
2026-03-24 11:20:00,2026-03-24,11:20:00,6583.09,6590.51,6580.19,6590.39,32538490,false,,false,,
2026-03-24 11:25:00,2026-03-24,11:25:00,6590.2,6594.17,6584.31,6586.22,31622900,false,,false,,
2026-03-24 11:30:00,2026-03-24,11:30:00,6586.23,6589.45,6579.48,6583.62,30482110,false,,false,,
2026-03-24 11:35:00,2026-03-24,11:35:00,6583.38,6591.09,6583,6588.94,26333380,false,,false,,
2026-03-24 11:40:00,2026-03-24,11:40:00,6588.93,6590.86,6586.82,6588.79,24097570,false,,false,,
2026-03-24 11:45:00,2026-03-24,11:45:00,6588.67,6592.12,6587.17,6591.66,23241740,false,,false,,
2026-03-24 11:50:00,2026-03-24,11:50:00,6591.73,6595.75,6590.35,6590.83,24207620,false,,false,,
2026-03-24 11:55:00,2026-03-24,11:55:00,6590.87,6590.87,6575.84,6577.76,27880370,false,,false,,
2026-03-24 12:00:00,2026-03-24,12:00:00,6576.89,6577.98,6572.28,6572.52,23772850,false,,false,,
2026-03-24 12:05:00,2026-03-24,12:05:00,6572.64,6576.37,6569.37,6576.37,21116650,false,,false,,
2026-03-24 12:10:00,2026-03-24,12:10:00,6576.5,6577.39,6572.05,6575.6,20103490,false,,false,,
2026-03-24 12:15:00,2026-03-24,12:15:00,6575.61,6586.46,6575.45,6584.76,21316320,false,,false,,
2026-03-24 12:20:00,2026-03-24,12:20:00,6584.84,6587.81,6581.79,6586.13,21318130,false,,false,,
2026-03-24 12:25:00,2026-03-24,12:25:00,6586.11,6586.51,6582.13,6585.01,20614670,false,,false,,
2026-03-24 12:30:00,2026-03-24,12:30:00,6585.31,6586.71,6580.96,6581.07,18772170,false,,false,,
2026-03-24 12:35:00,2026-03-24,12:35:00,6580.77,6580.81,6567.66,6568.32,24210150,false,,false,,
2026-03-24 12:40:00,2026-03-24,12:40:00,6568.11,6577.43,6567.28,6577.43,18813680,false,,false,,
2026-03-24 12:45:00,2026-03-24,12:45:00,6577.57,6582.61,6576.4,6577.01,18555290,false,,false,,
2026-03-24 12:50:00,2026-03-24,12:50:00,6577,6581.78,6576.39,6577.37,17939680,false,,false,,
2026-03-24 12:55:00,2026-03-24,12:55:00,6577.37,6579.02,6571.12,6576.98,20401850,false,,false,,
2026-03-24 13:00:00,2026-03-24,13:00:00,6577.04,6579.43,6562.21,6562.21,24318040,false,,false,,
2026-03-24 13:05:00,2026-03-24,13:05:00,6562.18,6562.18,6553.84,6555.97,27782300,false,,false,,
2026-03-24 13:10:00,2026-03-24,13:10:00,6555.97,6558.52,6552.1,6555.75,20026100,false,,false,,
2026-03-24 13:15:00,2026-03-24,13:15:00,6555.65,6557.42,6552.61,6553.68,19133450,false,,false,,
2026-03-24 13:20:00,2026-03-24,13:20:00,6553.82,6558.75,6553.09,6557.05,18347300,false,,false,,
2026-03-24 13:25:00,2026-03-24,13:25:00,6556.91,6559.84,6555.15,6559.63,18958460,false,,false,,
2026-03-24 13:30:00,2026-03-24,13:30:00,6559.6,6565.53,6555.16,6555.18,21451410,false,,false,,
2026-03-24 13:35:00,2026-03-24,13:35:00,6555.21,6560.41,6553.23,6559.41,18282760,false,,false,,
2026-03-24 13:40:00,2026-03-24,13:40:00,6559.54,6562.84,6550.93,6551.8,19808120,true,6550,true,6550,6550:from_above
2026-03-24 13:45:00,2026-03-24,13:45:00,6551.79,6556.15,6550.39,6554.71,15305220,true,6550,false,,
2026-03-24 13:50:00,2026-03-24,13:50:00,6554.69,6560.63,6553.33,6557.07,21157250,false,,false,,
2026-03-24 13:55:00,2026-03-24,13:55:00,6557.06,6567.8,6555.58,6567.18,29327770,false,,false,,
2026-03-24 14:00:00,2026-03-24,14:00:00,6567.65,6574.37,6566.1,6568.51,23394340,false,,false,,
2026-03-24 14:05:00,2026-03-24,14:05:00,6568.51,6568.77,6563.83,6564.01,20350400,false,,false,,
2026-03-24 14:10:00,2026-03-24,14:10:00,6564.1,6565.65,6562.3,6564.2,20369970,false,,false,,
2026-03-24 14:15:00,2026-03-24,14:15:00,6564.32,6566.53,6558.02,6566.23,24629130,false,,false,,
2026-03-24 14:20:00,2026-03-24,14:20:00,6565.78,6568.2,6563.54,6566.42,20208180,false,,false,,
2026-03-24 14:25:00,2026-03-24,14:25:00,6566.48,6573.62,6566.02,6570.88,22312580,false,,false,,
2026-03-24 14:30:00,2026-03-24,14:30:00,6570.93,6580.66,6569.26,6575.58,24186520,false,,false,,
2026-03-24 14:35:00,2026-03-24,14:35:00,6575.66,6590.66,6575.39,6590.66,26048150,false,,false,,
2026-03-24 14:40:00,2026-03-24,14:40:00,6590.65,6590.65,6574.65,6579.15,29606660,false,,false,,
2026-03-24 14:45:00,2026-03-24,14:45:00,6579.12,6579.53,6574.12,6575.6,22819130,false,,false,,
2026-03-24 14:50:00,2026-03-24,14:50:00,6575.7,6582.34,6575.7,6578.08,23765840,false,,false,,
2026-03-24 14:55:00,2026-03-24,14:55:00,6578.15,6578.15,6570.76,6574.66,21741110,false,,false,,
2026-03-24 15:00:00,2026-03-24,15:00:00,6574.43,6581.35,6574.3,6577.45,24883390,false,,false,,
2026-03-24 15:05:00,2026-03-24,15:05:00,6577.48,6579.09,6574.51,6578.84,25257790,false,,false,,
2026-03-24 15:10:00,2026-03-24,15:10:00,6578.83,6582.05,6578.1,6582.05,24695880,false,,false,,
2026-03-24 15:15:00,2026-03-24,15:15:00,6582.1,6582.1,6576.1,6578.09,29175140,false,,false,,
2026-03-24 15:20:00,2026-03-24,15:20:00,6578.06,6578.66,6573.52,6576.58,27395010,false,,false,,
2026-03-24 15:25:00,2026-03-24,15:25:00,6576.55,6577.21,6569.51,6569.96,27878880,false,,false,,
2026-03-24 15:30:00,2026-03-24,15:30:00,6570.01,6573.07,6565.72,6566.82,35004130,false,,false,,
2026-03-24 15:35:00,2026-03-24,15:35:00,6566.7,6566.74,6562.19,6565.26,33699200,false,,false,,
2026-03-24 15:40:00,2026-03-24,15:40:00,6565.36,6568.48,6563.63,6563.75,38512330,false,,false,,
2026-03-24 15:45:00,2026-03-24,15:45:00,6563.79,6563.79,6557.38,6560.97,48706530,false,,false,,
2026-03-24 15:50:00,2026-03-24,15:50:00,6561.02,6561.02,6553.94,6554.63,82447570,false,,false,,
2026-03-24 15:55:00,2026-03-24,15:55:00,6554.46,6557.04,6551.45,6557.04,191064120,true,6550,true,6550,6550:from_above
2026-03-24 16:00:00,2026-03-24,16:00:00,6557.2,6557.2,6556.33,6556.36,562859020,false,,false,,
2026-03-25 09:30:00,2026-03-25,09:30:00,6616.49,6628.02,6615.01,6623.42,140041085,false,,false,,
2026-03-25 09:35:00,2026-03-25,09:35:00,6623.4,6633.94,6622.76,6625.69,58943150,false,,false,,
2026-03-25 09:40:00,2026-03-25,09:40:00,6625.67,6630.98,6614.12,6614.81,52233618,false,,false,,
2026-03-25 09:45:00,2026-03-25,09:45:00,6615.15,6617.6,6604.09,6604.09,44095507,false,,false,,
2026-03-25 09:50:00,2026-03-25,09:50:00,6604.36,6604.57,6593.05,6593.35,45779600,true,6600,true,6600,6600:from_above
2026-03-25 09:55:00,2026-03-25,09:55:00,6593.5,6600.75,6590.87,6591.19,38397940,true,6600,false,,
2026-03-25 10:00:00,2026-03-25,10:00:00,6591.13,6599.6,6583.08,6596.27,46232890,true,6600,false,,
2026-03-25 10:05:00,2026-03-25,10:05:00,6596.34,6600.28,6590.71,6596.72,39955410,true,6600,false,,
2026-03-25 10:10:00,2026-03-25,10:10:00,6596.69,6606.03,6592.48,6606.03,35797660,true,6600,false,,
2026-03-25 10:15:00,2026-03-25,10:15:00,6605.96,6608.28,6601.09,6601.52,38631100,true,6600,false,,
2026-03-25 10:20:00,2026-03-25,10:20:00,6601.69,6610.72,6598.59,6598.63,40456910,true,6600,false,,
2026-03-25 10:25:00,2026-03-25,10:25:00,6599.63,6611.01,6599.12,6606.86,37471160,true,6600,false,,
2026-03-25 10:30:00,2026-03-25,10:30:00,6607.16,6612.74,6603.25,6612.6,31933320,false,,false,,
2026-03-25 10:35:00,2026-03-25,10:35:00,6612.6,6615.01,6605.57,6607.24,29681360,false,,false,,
2026-03-25 10:40:00,2026-03-25,10:40:00,6607.87,6614.98,6605.6,6611.39,30262770,false,,false,,
2026-03-25 10:45:00,2026-03-25,10:45:00,6611.04,6616.44,6610.31,6615.31,30174280,false,,false,,
2026-03-25 10:50:00,2026-03-25,10:50:00,6615.21,6617.83,6613.16,6613.3,29909680,false,,false,,
2026-03-25 10:55:00,2026-03-25,10:55:00,6613.49,6616.42,6611.12,6612.73,28713530,false,,false,,
2026-03-25 11:00:00,2026-03-25,11:00:00,6612.7,6615.3,6610.38,6613.48,26880270,false,,false,,
2026-03-25 11:05:00,2026-03-25,11:05:00,6613.61,6614.26,6597.91,6598.01,33468930,true,6600,true,6600,6600:from_above
2026-03-25 11:10:00,2026-03-25,11:10:00,6598.18,6600.59,6590.65,6591.09,37443100,true,6600,false,,
2026-03-25 11:15:00,2026-03-25,11:15:00,6591.18,6593.09,6568.41,6575.95,49002850,false,,false,,
2026-03-25 11:20:00,2026-03-25,11:20:00,6575.71,6598.02,6575.51,6595.22,35419040,true,6600,true,6600,6600:from_below
2026-03-25 11:25:00,2026-03-25,11:25:00,6595.16,6603.79,6593.47,6603.79,28419430,true,6600,false,,
2026-03-25 11:30:00,2026-03-25,11:30:00,6603.83,6607.59,6602.19,6605.16,25501410,false,,false,,
2026-03-25 11:35:00,2026-03-25,11:35:00,6605.22,6605.37,6592.72,6593.55,25616470,true,6600,true,6600,6600:from_above
2026-03-25 11:40:00,2026-03-25,11:40:00,6593.56,6595.59,6587.38,6592.51,24379670,false,,false,,
2026-03-25 11:45:00,2026-03-25,11:45:00,6592.59,6593.39,6588.96,6592.4,21404800,false,,false,,
2026-03-25 11:50:00,2026-03-25,11:50:00,6592.43,6595.69,6590.29,6592.98,23910870,false,,false,,
2026-03-25 11:55:00,2026-03-25,11:55:00,6592.98,6598.98,6590.66,6596.45,25100480,true,6600,true,6600,6600:from_below
2026-03-25 12:00:00,2026-03-25,12:00:00,6596.4,6596.88,6590.43,6590.72,22956940,false,,false,,
2026-03-25 12:05:00,2026-03-25,12:05:00,6590.72,6593.4,6586.5,6592.56,22083840,false,,false,,
2026-03-25 12:10:00,2026-03-25,12:10:00,6592.27,6592.33,6587.76,6591.5,20112030,false,,false,,
2026-03-25 12:15:00,2026-03-25,12:15:00,6591.61,6592.71,6587.49,6589.54,20683000,false,,false,,
2026-03-25 12:20:00,2026-03-25,12:20:00,6589.57,6596.74,6587.99,6595.07,23675950,false,,false,,
2026-03-25 12:25:00,2026-03-25,12:25:00,6599.5,6605.4,6598.66,6599.49,26885360,true,6600,true,6600,6600:from_below
2026-03-25 12:30:00,2026-03-25,12:30:00,6599.88,6608.49,6596.98,6606.56,24241430,true,6600,false,,
2026-03-25 12:35:00,2026-03-25,12:35:00,6606.57,6608.27,6604.04,6606.51,18302290,false,,false,,
2026-03-25 12:40:00,2026-03-25,12:40:00,6606.58,6607.4,6603.24,6606.08,17724590,false,,false,,
2026-03-25 12:45:00,2026-03-25,12:45:00,6605.86,6606.32,6600.96,6601.96,18360190,true,6600,true,6600,6600:from_above
2026-03-25 12:50:00,2026-03-25,12:50:00,6602.07,6606.54,6597.68,6606.16,17559590,true,6600,false,,
2026-03-25 12:55:00,2026-03-25,12:55:00,6606.24,6606.83,6601.53,6603,15520730,true,6600,false,,
2026-03-25 13:00:00,2026-03-25,13:00:00,6603.03,6607.54,6600.14,6601.67,25642930,true,6600,false,,
2026-03-25 13:05:00,2026-03-25,13:05:00,6601.44,6601.56,6596.16,6596.38,18252230,true,6600,false,,
2026-03-25 13:10:00,2026-03-25,13:10:00,6596.14,6602.95,6595.45,6602.16,18903270,true,6600,false,,
2026-03-25 13:15:00,2026-03-25,13:15:00,6602.04,6602.04,6595.78,6598.65,21024530,true,6600,false,,
2026-03-25 13:20:00,2026-03-25,13:20:00,6598.78,6605.3,6598.16,6602,17037230,true,6600,false,,
2026-03-25 13:25:00,2026-03-25,13:25:00,6602.1,6608.41,6602.07,6606.45,17840970,false,,false,,
2026-03-25 13:30:00,2026-03-25,13:30:00,6606.42,6607.82,6601.97,6607.55,20005350,true,6600,true,6600,6600:from_above
2026-03-25 13:35:00,2026-03-25,13:35:00,6607.56,6612.55,6607.56,6612.22,20273700,false,,false,,
2026-03-25 13:40:00,2026-03-25,13:40:00,6612.34,6618.53,6610.08,6613.92,23686810,false,,false,,
2026-03-25 13:45:00,2026-03-25,13:45:00,6613.95,6614.09,6606.9,6607.06,21032440,false,,false,,
2026-03-25 13:50:00,2026-03-25,13:50:00,6607,6609.27,6599.86,6600.57,21313000,true,6600,true,6600,6600:from_above
2026-03-25 13:55:00,2026-03-25,13:55:00,6600.42,6612.19,6599.65,6604.94,21758850,true,6600,false,,
2026-03-25 14:00:00,2026-03-25,14:00:00,6604.82,6605.75,6602.04,6604.15,19539280,false,,false,,
2026-03-25 14:05:00,2026-03-25,14:05:00,6604.15,6607.7,6601.48,6603.96,18189790,true,6600,true,6600,6600:from_above
2026-03-25 14:10:00,2026-03-25,14:10:00,6603.97,6606.5,6603.45,6605.22,17482920,false,,false,,
2026-03-25 14:15:00,2026-03-25,14:15:00,6605.34,6610.17,6604.79,6605.08,19758350,false,,false,,
2026-03-25 14:20:00,2026-03-25,14:20:00,6605.06,6607.68,6604.42,6605.61,19266850,false,,false,,
2026-03-25 14:25:00,2026-03-25,14:25:00,6605.69,6606.18,6600.43,6600.67,21211020,true,6600,true,6600,6600:from_above
2026-03-25 14:30:00,2026-03-25,14:30:00,6600.76,6603.64,6600.51,6602.48,22043050,true,6600,false,,
2026-03-25 14:35:00,2026-03-25,14:35:00,6602.41,6602.52,6600.32,6601.82,20237880,true,6600,false,,
2026-03-25 14:40:00,2026-03-25,14:40:00,6601.86,6602.36,6597.16,6599.6,20334030,true,6600,false,,
2026-03-25 14:45:00,2026-03-25,14:45:00,6599.6,6599.6,6596.63,6596.69,18823810,true,6600,false,,
2026-03-25 14:50:00,2026-03-25,14:50:00,6596.87,6598.04,6595.8,6597.41,21391570,true,6600,false,,
2026-03-25 14:55:00,2026-03-25,14:55:00,6597.4,6597.4,6583.49,6590.83,32355290,false,,false,,
2026-03-25 15:00:00,2026-03-25,15:00:00,6590.76,6590.76,6581.85,6586.28,27683940,false,,false,,
2026-03-25 15:05:00,2026-03-25,15:05:00,6586.27,6588.11,6585.01,6586.32,22071740,false,,false,,
2026-03-25 15:10:00,2026-03-25,15:10:00,6586.47,6590.11,6584.53,6590,22869700,false,,false,,
2026-03-25 15:15:00,2026-03-25,15:15:00,6590.01,6594.75,6589.84,6594.24,24579080,false,,false,,
2026-03-25 15:20:00,2026-03-25,15:20:00,6594.18,6598.72,6593.68,6595.83,27740050,true,6600,true,6600,6600:from_below
2026-03-25 15:25:00,2026-03-25,15:25:00,6595.91,6596.28,6591.12,6591.32,28140980,false,,false,,
2026-03-25 15:30:00,2026-03-25,15:30:00,6591.06,6591.26,6587.46,6588.87,30584290,false,,false,,
2026-03-25 15:35:00,2026-03-25,15:35:00,6588.77,6589.59,6583.68,6586.88,31200840,false,,false,,
2026-03-25 15:40:00,2026-03-25,15:40:00,6586.77,6591.79,6585.93,6587.52,40837010,false,,false,,
2026-03-25 15:45:00,2026-03-25,15:45:00,6587.67,6588.43,6585.48,6587.01,41966990,false,,false,,
2026-03-25 15:50:00,2026-03-25,15:50:00,6586.99,6593.87,6586.99,6592.24,78631770,false,,false,,
2026-03-25 15:55:00,2026-03-25,15:55:00,6592.04,6596.3,6588.24,6592.43,187824500,false,,false,,
2026-03-25 16:00:00,2026-03-25,16:00:00,6592.24,6592.24,6591.89,6591.89,438475330,false,,false,,
2026-03-26 09:30:00,2026-03-26,09:30:00,6555.86,6555.86,6536.76,6541.27,100721103,true,6550,true,6550,6550:from_above
2026-03-26 09:35:00,2026-03-26,09:35:00,6541.51,6542.44,6533.18,6533.18,42816760,false,,false,,
2026-03-26 09:40:00,2026-03-26,09:40:00,6533.11,6554.66,6533.11,6554.66,39700341,true,6550,true,6550,6550:from_below
2026-03-26 09:45:00,2026-03-26,09:45:00,6555.1,6565.9,6555.1,6559.74,39928006,false,,false,,
2026-03-26 09:50:00,2026-03-26,09:50:00,6560.04,6571.1,6559.15,6569.83,37702555,false,,false,,
2026-03-26 09:55:00,2026-03-26,09:55:00,6570.07,6570.24,6554.67,6570.24,38548585,false,,false,,
2026-03-26 10:00:00,2026-03-26,10:00:00,6570.15,6571.34,6564.16,6565.61,36598800,false,,false,,
2026-03-26 10:05:00,2026-03-26,10:05:00,6565.36,6572.13,6560.77,6564.25,35613230,false,,false,,
2026-03-26 10:10:00,2026-03-26,10:10:00,6564.26,6569.44,6559.12,6569.4,32365430,false,,false,,
2026-03-26 10:15:00,2026-03-26,10:15:00,6569.49,6573.22,6564.99,6565.52,32814780,false,,false,,
2026-03-26 10:20:00,2026-03-26,10:20:00,6565.53,6572.73,6563.4,6568.97,27574010,false,,false,,
2026-03-26 10:25:00,2026-03-26,10:25:00,6568.78,6570.44,6562.21,6562.22,25479780,false,,false,,
2026-03-26 10:30:00,2026-03-26,10:30:00,6562.15,6569.9,6562.15,6569.26,25922140,false,,false,,
2026-03-26 10:35:00,2026-03-26,10:35:00,6569.1,6569.11,6560.66,6562.62,27922310,false,,false,,
2026-03-26 10:40:00,2026-03-26,10:40:00,6562.97,6573.1,6550.05,6552.83,41564180,true,6550,true,6550,6550:from_above
2026-03-26 10:45:00,2026-03-26,10:45:00,6552.58,6555.96,6548.13,6550.22,34951930,true,6550,false,,
2026-03-26 10:50:00,2026-03-26,10:50:00,6550.28,6553.09,6539.82,6539.82,30428950,true,6550,false,,
2026-03-26 10:55:00,2026-03-26,10:55:00,6539.67,6548.98,6533.56,6547.35,34477240,true,6550,false,,
2026-03-26 11:00:00,2026-03-26,11:00:00,6547.33,6551.99,6546.74,6547.57,29684050,true,6550,false,,
2026-03-26 11:05:00,2026-03-26,11:05:00,6547.12,6553.51,6546.04,6548.09,28304820,true,6550,false,,
2026-03-26 11:10:00,2026-03-26,11:10:00,6548.01,6552.69,6548.01,6548.57,25321770,true,6550,false,,
2026-03-26 11:15:00,2026-03-26,11:15:00,6548.45,6549.61,6541.58,6544.27,25412660,true,6550,false,,
2026-03-26 11:20:00,2026-03-26,11:20:00,6544.18,6547.64,6543.26,6545.27,26922800,false,,false,,
2026-03-26 11:25:00,2026-03-26,11:25:00,6545.48,6546.77,6542.58,6542.88,25936650,false,,false,,
2026-03-26 11:30:00,2026-03-26,11:30:00,6542.73,6542.73,6534.59,6537.73,24090260,false,,false,,
2026-03-26 11:35:00,2026-03-26,11:35:00,6537.95,6543.32,6537.8,6541.69,23325070,false,,false,,
2026-03-26 11:40:00,2026-03-26,11:40:00,6541.79,6543.46,6537,6537.34,22697480,false,,false,,
2026-03-26 11:45:00,2026-03-26,11:45:00,6537.33,6545.27,6535.89,6542.22,25554570,false,,false,,
2026-03-26 11:50:00,2026-03-26,11:50:00,6542.12,6546.03,6540.94,6543.56,21566710,false,,false,,
2026-03-26 11:55:00,2026-03-26,11:55:00,6543.64,6544.12,6538.61,6540.49,22112830,false,,false,,
2026-03-26 12:00:00,2026-03-26,12:00:00,6540.62,6541.88,6537.19,6538.12,21684530,false,,false,,
2026-03-26 12:05:00,2026-03-26,12:05:00,6538.11,6541.86,6536.65,6539.94,20487990,false,,false,,
2026-03-26 12:10:00,2026-03-26,12:10:00,6540,6541.23,6534.64,6539.28,22891800,false,,false,,
2026-03-26 12:15:00,2026-03-26,12:15:00,6539.15,6539.15,6524.59,6533.62,25995070,false,,false,,
2026-03-26 12:20:00,2026-03-26,12:20:00,6533.59,6533.65,6524.08,6528.61,26552210,false,,false,,
2026-03-26 12:25:00,2026-03-26,12:25:00,6528.53,6529.08,6518.82,6520.19,24230140,false,,false,,
2026-03-26 12:30:00,2026-03-26,12:30:00,6520.14,6520.76,6514.74,6519.43,24623210,false,,false,,
2026-03-26 12:35:00,2026-03-26,12:35:00,6519.75,6521.77,6515.94,6516.09,20662220,false,,false,,
2026-03-26 12:40:00,2026-03-26,12:40:00,6516.13,6521.26,6515.71,6519.82,21545740,false,,false,,
2026-03-26 12:45:00,2026-03-26,12:45:00,6519.9,6521.36,6514.55,6516.12,24207360,false,,false,,
2026-03-26 12:50:00,2026-03-26,12:50:00,6516.24,6520.4,6515.09,6519.58,23112620,false,,false,,
2026-03-26 12:55:00,2026-03-26,12:55:00,6519.62,6521.97,6518.18,6521.64,19036840,false,,false,,
2026-03-26 13:00:00,2026-03-26,13:00:00,6521.91,6526.13,6519.54,6519.74,23897570,false,,false,,
2026-03-26 13:05:00,2026-03-26,13:05:00,6519.84,6522.14,6519.1,6520.83,20203960,false,,false,,
2026-03-26 13:10:00,2026-03-26,13:10:00,6520.89,6520.89,6515.82,6515.98,19308290,false,,false,,
2026-03-26 13:15:00,2026-03-26,13:15:00,6515.62,6517.99,6514.48,6516.69,18719270,false,,false,,
2026-03-26 13:20:00,2026-03-26,13:20:00,6516.82,6516.9,6508.91,6508.91,27919620,false,,false,,
2026-03-26 13:25:00,2026-03-26,13:25:00,6508.87,6511,6505.35,6511,21999390,false,,false,,
2026-03-26 13:30:00,2026-03-26,13:30:00,6511.09,6514.75,6508.05,6514.74,19631950,false,,false,,
2026-03-26 13:35:00,2026-03-26,13:35:00,6514.69,6515.6,6510.03,6510.41,18780790,false,,false,,
2026-03-26 13:40:00,2026-03-26,13:40:00,6510.37,6510.37,6503.96,6504.6,21112830,false,,false,,
2026-03-26 13:45:00,2026-03-26,13:45:00,6504.42,6505.58,6500.78,6500.85,21564450,true,6500,true,6500,6500:from_above
2026-03-26 13:50:00,2026-03-26,13:50:00,6500.76,6500.78,6495.48,6495.82,25515990,true,6500,false,,
2026-03-26 13:55:00,2026-03-26,13:55:00,6495.77,6496.73,6489.8,6491.1,26842650,false,,false,,
2026-03-26 14:00:00,2026-03-26,14:00:00,6491.15,6500.2,6491.15,6495.96,28575270,true,6500,true,6500,6500:from_below
2026-03-26 14:05:00,2026-03-26,14:05:00,6496.42,6498.65,6494.29,6497.82,26974680,true,6500,false,,
2026-03-26 14:10:00,2026-03-26,14:10:00,6497.79,6498.53,6494.17,6495.03,25057680,true,6500,false,,
2026-03-26 14:15:00,2026-03-26,14:15:00,6495.14,6495.62,6492.68,6493.63,24097930,false,,false,,
2026-03-26 14:20:00,2026-03-26,14:20:00,6493.66,6496.23,6491.15,6495.57,25935290,false,,false,,
2026-03-26 14:25:00,2026-03-26,14:25:00,6495.73,6497.12,6490.09,6490.84,26082250,false,,false,,
2026-03-26 14:30:00,2026-03-26,14:30:00,6490.89,6496.83,6490.89,6496.32,24801530,false,,false,,
2026-03-26 14:35:00,2026-03-26,14:35:00,6496.25,6499.05,6494.78,6498.78,26844570,true,6500,true,6500,6500:from_below
2026-03-26 14:40:00,2026-03-26,14:40:00,6498.88,6500.25,6493.5,6496.2,22262480,true,6500,false,,
2026-03-26 14:45:00,2026-03-26,14:45:00,6496.16,6499.83,6493.87,6499.61,22465270,true,6500,false,,
2026-03-26 14:50:00,2026-03-26,14:50:00,6499.59,6500.97,6497.7,6500.25,25342720,true,6500,false,,
2026-03-26 14:55:00,2026-03-26,14:55:00,6500.31,6500.31,6496.17,6499.6,22825470,true,6500,false,,
2026-03-26 15:00:00,2026-03-26,15:00:00,6499.65,6500.12,6491.68,6492.11,25407970,true,6500,false,,
2026-03-26 15:05:00,2026-03-26,15:05:00,6492.19,6492.38,6485.69,6487.58,28276880,false,,false,,
2026-03-26 15:10:00,2026-03-26,15:10:00,6487.57,6487.99,6483.72,6487.32,28828310,false,,false,,
2026-03-26 15:15:00,2026-03-26,15:15:00,6487.24,6491.81,6487.19,6490.58,27551700,false,,false,,
2026-03-26 15:20:00,2026-03-26,15:20:00,6490.63,6490.79,6485.64,6485.99,28562790,false,,false,,
2026-03-26 15:25:00,2026-03-26,15:25:00,6485.58,6487.14,6483.64,6487.02,31053560,false,,false,,
2026-03-26 15:30:00,2026-03-26,15:30:00,6487.07,6487.3,6479.35,6482.36,35005020,false,,false,,
2026-03-26 15:35:00,2026-03-26,15:35:00,6482.34,6485.97,6481.36,6483.18,37032590,false,,false,,
2026-03-26 15:40:00,2026-03-26,15:40:00,6483.11,6485.23,6479.35,6479.73,40543310,false,,false,,
2026-03-26 15:45:00,2026-03-26,15:45:00,6479.79,6482.31,6478.51,6482.28,50747430,false,,false,,
2026-03-26 15:50:00,2026-03-26,15:50:00,6482.21,6483.19,6474.28,6474.85,86147110,false,,false,,
2026-03-26 15:55:00,2026-03-26,15:55:00,6474.74,6479.31,6473.79,6477.1,207966330,false,,false,,
2026-03-26 16:00:00,2026-03-26,16:00:00,6476.72,6477.17,6476.72,6477.17,505174970,false,,false,,
2026-03-27 09:30:00,2026-03-27,09:30:00,6453.89,6453.89,6429.16,6430.48,116107934,true,6450,true,6450,6450:from_above
2026-03-27 09:35:00,2026-03-27,09:35:00,6430.57,6437.05,6423.33,6435.11,53911295,false,,false,,
2026-03-27 09:40:00,2026-03-27,09:40:00,6434.9,6439.3,6430.9,6435.58,41844752,false,,false,,
2026-03-27 09:45:00,2026-03-27,09:45:00,6435.49,6448.99,6435.49,6443.65,44409175,true,6450,true,6450,6450:from_below
2026-03-27 09:50:00,2026-03-27,09:50:00,6443.52,6444.51,6424.01,6424.01,42793794,false,,false,,
2026-03-27 09:55:00,2026-03-27,09:55:00,6424.11,6424.11,6410.63,6415.09,40431670,false,,false,,
2026-03-27 10:00:00,2026-03-27,10:00:00,6414.97,6421,6411.83,6418.95,42011470,false,,false,,
2026-03-27 10:05:00,2026-03-27,10:05:00,6418.89,6420.65,6410.83,6412.41,47758020,false,,false,,
2026-03-27 10:10:00,2026-03-27,10:10:00,6412.2,6423.62,6412.04,6421.89,40017610,false,,false,,
2026-03-27 10:15:00,2026-03-27,10:15:00,6421.27,6431.02,6420.09,6429.23,35814410,false,,false,,
2026-03-27 10:20:00,2026-03-27,10:20:00,6429.73,6432.34,6419.45,6421.13,31606810,false,,false,,
2026-03-27 10:25:00,2026-03-27,10:25:00,6421.31,6427.13,6415.29,6415.67,32954900,false,,false,,
2026-03-27 10:30:00,2026-03-27,10:30:00,6415.51,6420.79,6415.27,6420.79,30143050,false,,false,,
2026-03-27 10:35:00,2026-03-27,10:35:00,6420.32,6421.24,6412.02,6413.06,30455150,false,,false,,
2026-03-27 10:40:00,2026-03-27,10:40:00,6413.2,6416.99,6412.26,6414.38,28804750,false,,false,,
2026-03-27 10:45:00,2026-03-27,10:45:00,6414.83,6425.88,6408.95,6425.88,32464500,false,,false,,
2026-03-27 10:50:00,2026-03-27,10:50:00,6426.28,6429.58,6419.22,6419.77,29378410,false,,false,,
2026-03-27 10:55:00,2026-03-27,10:55:00,6419.91,6428,6419.81,6426.69,25798330,false,,false,,
2026-03-27 11:00:00,2026-03-27,11:00:00,6426.38,6432.73,6425.03,6431.98,28171440,false,,false,,
2026-03-27 11:05:00,2026-03-27,11:05:00,6431.98,6436.26,6424.92,6425.83,28078090,false,,false,,
2026-03-27 11:10:00,2026-03-27,11:10:00,6425.92,6427.06,6420.68,6422.12,27630290,false,,false,,
2026-03-27 11:15:00,2026-03-27,11:15:00,6422.16,6422.63,6415.56,6417.2,28616180,false,,false,,
2026-03-27 11:20:00,2026-03-27,11:20:00,6417.13,6437.61,6413.97,6426.47,36680460,false,,false,,
2026-03-27 11:25:00,2026-03-27,11:25:00,6426.6,6433.8,6425.53,6432.74,25744420,false,,false,,
2026-03-27 11:30:00,2026-03-27,11:30:00,6433.51,6444.18,6432.33,6442.47,28823680,false,,false,,
2026-03-27 11:35:00,2026-03-27,11:35:00,6442.5,6445.19,6435.11,6435.9,26624600,false,,false,,
2026-03-27 11:40:00,2026-03-27,11:40:00,6435.85,6435.9,6427.19,6431.9,22617410,false,,false,,
2026-03-27 11:45:00,2026-03-27,11:45:00,6431.83,6435.57,6431,6435.41,20917130,false,,false,,
2026-03-27 11:50:00,2026-03-27,11:50:00,6435.35,6438.4,6432.06,6433.47,22205330,false,,false,,
2026-03-27 11:55:00,2026-03-27,11:55:00,6433.42,6433.89,6426.29,6427.65,25930740,false,,false,,
2026-03-27 12:00:00,2026-03-27,12:00:00,6427.66,6428.55,6422.74,6425.08,24747090,false,,false,,
2026-03-27 12:05:00,2026-03-27,12:05:00,6425.18,6425.46,6416.4,6416.4,24734100,false,,false,,
2026-03-27 12:10:00,2026-03-27,12:10:00,6416.36,6419.53,6413.91,6419.42,21965780,false,,false,,
2026-03-27 12:15:00,2026-03-27,12:15:00,6419.76,6419.96,6415.58,6416.16,22363690,false,,false,,
2026-03-27 12:20:00,2026-03-27,12:20:00,6416.16,6419.91,6415.46,6415.46,21488340,false,,false,,
2026-03-27 12:25:00,2026-03-27,12:25:00,6415.38,6415.38,6411.12,6413,23967240,false,,false,,
2026-03-27 12:30:00,2026-03-27,12:30:00,6413.59,6414.91,6412.32,6412.5,25512070,false,,false,,
2026-03-27 12:35:00,2026-03-27,12:35:00,6412.48,6413.09,6407.28,6407.86,25798990,false,,false,,
2026-03-27 12:40:00,2026-03-27,12:40:00,6407.84,6412.64,6405.54,6410.98,27659170,false,,false,,
2026-03-27 12:45:00,2026-03-27,12:45:00,6410.95,6419.85,6409.92,6419.44,22137380,false,,false,,
2026-03-27 12:50:00,2026-03-27,12:50:00,6419.45,6420.67,6413.61,6414.22,20423930,false,,false,,
2026-03-27 12:55:00,2026-03-27,12:55:00,6414.08,6414.4,6411.2,6412.09,18912660,false,,false,,
2026-03-27 13:00:00,2026-03-27,13:00:00,6412,6412.67,6406.86,6409.39,23885230,false,,false,,
2026-03-27 13:05:00,2026-03-27,13:05:00,6409.34,6422.36,6406.61,6413.22,29099120,false,,false,,
2026-03-27 13:10:00,2026-03-27,13:10:00,6413.21,6413.3,6406.34,6408.56,18029050,false,,false,,
2026-03-27 13:15:00,2026-03-27,13:15:00,6408.54,6408.89,6402.95,6403.7,18802040,false,,false,,
2026-03-27 13:20:00,2026-03-27,13:20:00,6403.73,6403.73,6398.96,6400.09,22617080,true,6400,true,6400,6400:from_above
2026-03-27 13:25:00,2026-03-27,13:25:00,6400.12,6400.12,6390.87,6391.04,23573330,true,6400,false,,
2026-03-27 13:30:00,2026-03-27,13:30:00,6390.83,6395.9,6390.83,6395.75,23488740,false,,false,,
2026-03-27 13:35:00,2026-03-27,13:35:00,6395.74,6396.92,6393.32,6393.89,27179870,false,,false,,
2026-03-27 13:40:00,2026-03-27,13:40:00,6393.9,6393.99,6388.32,6389.44,25519840,false,,false,,
2026-03-27 13:45:00,2026-03-27,13:45:00,6389.47,6392.36,6388.45,6388.87,22729420,false,,false,,
2026-03-27 13:50:00,2026-03-27,13:50:00,6388.78,6389.8,6387.01,6388.25,20160970,false,,false,,
2026-03-27 13:55:00,2026-03-27,13:55:00,6388.19,6389.18,6384.51,6386.06,21907450,false,,false,,
2026-03-27 14:00:00,2026-03-27,14:00:00,6386.02,6386.85,6383.08,6383.08,25060990,false,,false,,
2026-03-27 14:05:00,2026-03-27,14:05:00,6383.1,6385.01,6378.09,6378.32,24515130,false,,false,,
2026-03-27 14:10:00,2026-03-27,14:10:00,6378.36,6379.9,6376.15,6379.03,24677790,false,,false,,
2026-03-27 14:15:00,2026-03-27,14:15:00,6379.1,6385.58,6378.09,6385.27,24361300,false,,false,,
2026-03-27 14:20:00,2026-03-27,14:20:00,6385.38,6386.94,6380.66,6381.07,24848630,false,,false,,
2026-03-27 14:25:00,2026-03-27,14:25:00,6381.44,6383.8,6380.25,6382.26,26280050,false,,false,,
2026-03-27 14:30:00,2026-03-27,14:30:00,6382.29,6383.56,6380.71,6382.76,21923200,false,,false,,
2026-03-27 14:35:00,2026-03-27,14:35:00,6382.84,6384.67,6379.65,6381.76,22815730,false,,false,,
2026-03-27 14:40:00,2026-03-27,14:40:00,6381.85,6390.51,6379.63,6384.39,29301800,false,,false,,
2026-03-27 14:45:00,2026-03-27,14:45:00,6384.3,6385.42,6380.96,6381.66,23355240,false,,false,,
2026-03-27 14:50:00,2026-03-27,14:50:00,6381.6,6382.5,6376.82,6378.28,23334160,false,,false,,
2026-03-27 14:55:00,2026-03-27,14:55:00,6378.27,6379.43,6377.16,6378.52,26494300,false,,false,,
2026-03-27 15:00:00,2026-03-27,15:00:00,6378.63,6381.02,6372.23,6372.59,26516020,false,,false,,
2026-03-27 15:05:00,2026-03-27,15:05:00,6372.69,6373.63,6370.09,6371.36,27165840,false,,false,,
2026-03-27 15:10:00,2026-03-27,15:10:00,6371.42,6375.91,6370.22,6375.2,28107240,false,,false,,
2026-03-27 15:15:00,2026-03-27,15:15:00,6375.2,6379.95,6374.54,6378.3,31789460,false,,false,,
2026-03-27 15:20:00,2026-03-27,15:20:00,6378.51,6378.51,6374.01,6376.42,30248590,false,,false,,
2026-03-27 15:25:00,2026-03-27,15:25:00,6376.47,6376.47,6371.89,6373.28,31083780,false,,false,,
2026-03-27 15:30:00,2026-03-27,15:30:00,6373.24,6377.82,6372.16,6377.66,37517040,false,,false,,
2026-03-27 15:35:00,2026-03-27,15:35:00,6377.59,6377.59,6372.25,6372.63,35329500,false,,false,,
2026-03-27 15:40:00,2026-03-27,15:40:00,6372.68,6372.7,6365.51,6366.12,45226240,false,,false,,
2026-03-27 15:45:00,2026-03-27,15:45:00,6366.17,6366.39,6357.55,6363.06,57935180,false,,false,,
2026-03-27 15:50:00,2026-03-27,15:50:00,6362.07,6367.38,6356.08,6364.93,86584500,false,,false,,
2026-03-27 15:55:00,2026-03-27,15:55:00,6365.03,6375.06,6365.03,6368.84,209533880,false,,false,,
2026-03-27 16:00:00,2026-03-27,16:00:00,6367.82,6368.87,6367.82,6368.86,546047230,false,,false,,
2026-03-30 09:30:00,2026-03-30,09:30:00,6418.15,6427.31,6413.35,6413.79,139386049,false,,false,,
2026-03-30 09:35:00,2026-03-30,09:35:00,6413.69,6413.97,6401.73,6403.13,49923601,true,6400,true,6400,6400:from_above
2026-03-30 09:40:00,2026-03-30,09:40:00,6403.05,6403.05,6392.17,6396.39,46783614,true,6400,false,,
2026-03-30 09:45:00,2026-03-30,09:45:00,6395.98,6398.51,6383.46,6384.46,44074056,true,6400,false,,
2026-03-30 09:50:00,2026-03-30,09:50:00,6384.61,6389.48,6381.07,6381.07,39504290,false,,false,,
2026-03-30 09:55:00,2026-03-30,09:55:00,6380.93,6381.48,6370.88,6373.89,39967130,false,,false,,
2026-03-30 10:00:00,2026-03-30,10:00:00,6374.04,6386.35,6373.78,6384.16,43341130,false,,false,,
2026-03-30 10:05:00,2026-03-30,10:05:00,6384.22,6385.17,6376.17,6385,34862170,false,,false,,
2026-03-30 10:10:00,2026-03-30,10:10:00,6384.94,6391.6,6382.35,6388.74,35616090,false,,false,,
2026-03-30 10:15:00,2026-03-30,10:15:00,6389.07,6390.41,6378.4,6381.84,32521730,false,,false,,
2026-03-30 10:20:00,2026-03-30,10:20:00,6382.18,6387.48,6381.41,6387.18,29238430,false,,false,,
2026-03-30 10:25:00,2026-03-30,10:25:00,6386.83,6389,6380.5,6382.31,28583280,false,,false,,
2026-03-30 10:30:00,2026-03-30,10:30:00,6382.32,6388.78,6382.27,6383.49,31916410,false,,false,,
2026-03-30 10:35:00,2026-03-30,10:35:00,6383.57,6385.12,6377.29,6382.86,31490290,false,,false,,
2026-03-30 10:40:00,2026-03-30,10:40:00,6382.74,6385.92,6371.07,6372.69,35540810,false,,false,,
2026-03-30 10:45:00,2026-03-30,10:45:00,6372.69,6391.77,6371.3,6383.65,46831900,false,,false,,
2026-03-30 10:50:00,2026-03-30,10:50:00,6382.73,6387.2,6379.79,6386.44,28448670,false,,false,,
2026-03-30 10:55:00,2026-03-30,10:55:00,6386.55,6399.76,6383.29,6399.57,31895470,true,6400,true,6400,6400:from_below
2026-03-30 11:00:00,2026-03-30,11:00:00,6399.66,6407.88,6399.66,6407.57,39469580,true,6400,false,,
2026-03-30 11:05:00,2026-03-30,11:05:00,6408.13,6411.55,6391.8,6393,34597870,true,6400,false,,
2026-03-30 11:10:00,2026-03-30,11:10:00,6392.69,6395.99,6388.95,6389.53,27423760,false,,false,,
2026-03-30 11:15:00,2026-03-30,11:15:00,6389.37,6389.85,6379.24,6387.8,34355430,false,,false,,
2026-03-30 11:20:00,2026-03-30,11:20:00,6387.8,6392.31,6386.25,6391.67,25514110,false,,false,,
2026-03-30 11:25:00,2026-03-30,11:25:00,6391.65,6394.68,6388.54,6388.82,23620870,false,,false,,
2026-03-30 11:30:00,2026-03-30,11:30:00,6388.79,6400.32,6385.52,6399.93,29903460,true,6400,true,6400,6400:from_below
2026-03-30 11:35:00,2026-03-30,11:35:00,6400.07,6405.42,6398.02,6399.24,28036290,true,6400,false,,
2026-03-30 11:40:00,2026-03-30,11:40:00,6399.15,6405.16,6397.45,6404.2,21334490,true,6400,false,,
2026-03-30 11:45:00,2026-03-30,11:45:00,6404.2,6404.71,6399.8,6402.26,25125360,true,6400,false,,
2026-03-30 11:50:00,2026-03-30,11:50:00,6402.09,6408.47,6401.9,6404.65,24419080,true,6400,false,,
2026-03-30 11:55:00,2026-03-30,11:55:00,6404.44,6404.44,6396.97,6398.15,22683480,true,6400,false,,
2026-03-30 12:00:00,2026-03-30,12:00:00,6398.37,6398.93,6386.49,6387.03,27446750,true,6400,false,,
2026-03-30 12:05:00,2026-03-30,12:05:00,6386.95,6390.09,6385.84,6388.2,22941270,false,,false,,
2026-03-30 12:10:00,2026-03-30,12:10:00,6388.23,6392.6,6387.06,6391.36,22813950,false,,false,,
2026-03-30 12:15:00,2026-03-30,12:15:00,6391.45,6391.45,6384.61,6386.23,26138770,false,,false,,
2026-03-30 12:20:00,2026-03-30,12:20:00,6386.06,6388.16,6381.35,6382.52,21212650,false,,false,,
2026-03-30 12:25:00,2026-03-30,12:25:00,6382.52,6382.98,6376.59,6377.18,20423070,false,,false,,
2026-03-30 12:30:00,2026-03-30,12:30:00,6377.14,6381.49,6376.14,6380.1,20930060,false,,false,,
2026-03-30 12:35:00,2026-03-30,12:35:00,6380.13,6384.1,6378.11,6382.91,21592110,false,,false,,
2026-03-30 12:40:00,2026-03-30,12:40:00,6383.01,6383.01,6379.04,6379.99,20793510,false,,false,,
2026-03-30 12:45:00,2026-03-30,12:45:00,6380,6380.29,6377.23,6377.82,19443160,false,,false,,
2026-03-30 12:50:00,2026-03-30,12:50:00,6378,6381.68,6376.89,6376.89,20843950,false,,false,,
2026-03-30 12:55:00,2026-03-30,12:55:00,6376.7,6378,6374.58,6377.73,21409300,false,,false,,
2026-03-30 13:00:00,2026-03-30,13:00:00,6377.3,6381.57,6373.3,6373.33,21641320,false,,false,,
2026-03-30 13:05:00,2026-03-30,13:05:00,6373.36,6380.06,6372.97,6378.27,18042600,false,,false,,
2026-03-30 13:10:00,2026-03-30,13:10:00,6378.2,6378.81,6369.16,6369.58,20086010,false,,false,,
2026-03-30 13:15:00,2026-03-30,13:15:00,6369.49,6371.01,6362.48,6364.76,25714180,false,,false,,
2026-03-30 13:20:00,2026-03-30,13:20:00,6364.75,6366.02,6358.6,6360.62,24992310,false,,false,,
2026-03-30 13:25:00,2026-03-30,13:25:00,6360.79,6362.12,6356.86,6357.81,21495020,false,,false,,
2026-03-30 13:30:00,2026-03-30,13:30:00,6357.9,6358.16,6352.33,6352.87,25706250,false,,false,,
2026-03-30 13:35:00,2026-03-30,13:35:00,6352.9,6360.14,6351.39,6359.8,25092150,true,6350,true,6350,6350:from_above
2026-03-30 13:40:00,2026-03-30,13:40:00,6359.88,6366.92,6358.75,6366.55,20459920,false,,false,,
2026-03-30 13:45:00,2026-03-30,13:45:00,6366.43,6368.19,6360.14,6360.2,31715900,false,,false,,
2026-03-30 13:50:00,2026-03-30,13:50:00,6360.21,6361.36,6358.78,6358.93,24182820,false,,false,,
2026-03-30 13:55:00,2026-03-30,13:55:00,6359.02,6359.87,6356.33,6359.32,19726770,false,,false,,
2026-03-30 14:00:00,2026-03-30,14:00:00,6359.49,6361.17,6357.02,6357.02,22582170,false,,false,,
2026-03-30 14:05:00,2026-03-30,14:05:00,6357,6359.61,6352.68,6353.15,22449770,false,,false,,
2026-03-30 14:10:00,2026-03-30,14:10:00,6353.27,6357.42,6352.62,6357.21,23100080,false,,false,,
2026-03-30 14:15:00,2026-03-30,14:15:00,6356.86,6358.96,6354.1,6358.96,20269100,false,,false,,
2026-03-30 14:20:00,2026-03-30,14:20:00,6358.78,6360.5,6354.18,6354.46,21575240,false,,false,,
2026-03-30 14:25:00,2026-03-30,14:25:00,6354.55,6354.58,6347.06,6347.06,22511070,true,6350,true,6350,6350:from_above
2026-03-30 14:30:00,2026-03-30,14:30:00,6347.02,6350.91,6346.92,6349.94,27018360,true,6350,false,,
2026-03-30 14:35:00,2026-03-30,14:35:00,6350.01,6355.79,6349.53,6349.57,22652800,true,6350,false,,
2026-03-30 14:40:00,2026-03-30,14:40:00,6349.47,6350.75,6348.6,6348.9,22565390,true,6350,false,,
2026-03-30 14:45:00,2026-03-30,14:45:00,6348.94,6351.68,6346.32,6347.08,24039310,true,6350,false,,
2026-03-30 14:50:00,2026-03-30,14:50:00,6346.98,6347.22,6340.65,6342.62,27385950,false,,false,,
2026-03-30 14:55:00,2026-03-30,14:55:00,6342.69,6344.25,6338.82,6342.01,25045480,false,,false,,
2026-03-30 15:00:00,2026-03-30,15:00:00,6341.88,6342.95,6338.21,6339.28,30639950,false,,false,,
2026-03-30 15:05:00,2026-03-30,15:05:00,6339.4,6339.4,6328.41,6328.43,33144300,false,,false,,
2026-03-30 15:10:00,2026-03-30,15:10:00,6328.48,6329,6320.35,6323.22,35930220,false,,false,,
2026-03-30 15:15:00,2026-03-30,15:15:00,6323.14,6327,6323.14,6324.42,28711750,false,,false,,
2026-03-30 15:20:00,2026-03-30,15:20:00,6324.35,6326.05,6321.54,6322.67,29622480,false,,false,,
2026-03-30 15:25:00,2026-03-30,15:25:00,6322.59,6322.83,6316.91,6319.86,36443570,false,,false,,
2026-03-30 15:30:00,2026-03-30,15:30:00,6319.78,6324.06,6317.7,6318.25,38013030,false,,false,,
2026-03-30 15:35:00,2026-03-30,15:35:00,6318.38,6330.47,6318.38,6326.03,41436010,false,,false,,
2026-03-30 15:40:00,2026-03-30,15:40:00,6326.04,6334.34,6326.04,6331.06,44453740,false,,false,,
2026-03-30 15:45:00,2026-03-30,15:45:00,6331.18,6338.02,6330.75,6334.67,52632330,false,,false,,
2026-03-30 15:50:00,2026-03-30,15:50:00,6334.76,6344.44,6332.56,6344.38,86234640,false,,false,,
2026-03-30 15:55:00,2026-03-30,15:55:00,6343.99,6349.94,6339.8,6344.22,198428970,true,6350,true,6350,6350:from_below
2026-03-30 16:00:00,2026-03-30,16:00:00,6343.34,6344.03,6343.34,6343.73,639564490,false,,false,,
2026-03-31 09:30:00,2026-03-31,09:30:00,6416.48,6421.18,6408.09,6421.18,59900477,false,,false,,
2026-03-31 09:35:00,2026-03-31,09:35:00,6421.38,6422.3,6412.57,6422.3,48744441,false,,false,,
2026-03-31 09:40:00,2026-03-31,09:40:00,6422.66,6428.92,6416.6,6417.31,44523755,false,,false,,
2026-03-31 09:45:00,2026-03-31,09:45:00,6417.7,6442.31,6417.7,6442.31,44912043,false,,false,,
2026-03-31 09:50:00,2026-03-31,09:50:00,6442.79,6449.08,6438.11,6448.78,38693796,true,6450,true,6450,6450:from_below
2026-03-31 09:55:00,2026-03-31,09:55:00,6448.53,6451,6439.25,6451,40105420,true,6450,false,,
2026-03-31 10:00:00,2026-03-31,10:00:00,6450.48,6453.73,6445.26,6447.98,47310480,true,6450,false,,
2026-03-31 10:05:00,2026-03-31,10:05:00,6448.07,6448.07,6435.36,6436.09,41368930,true,6450,false,,
2026-03-31 10:10:00,2026-03-31,10:10:00,6435.96,6443.09,6435.61,6439.54,35709230,false,,false,,
2026-03-31 10:15:00,2026-03-31,10:15:00,6439.23,6446.73,6434.58,6443.77,38020570,false,,false,,
2026-03-31 10:20:00,2026-03-31,10:20:00,6443.54,6447.86,6433.86,6446.13,33933830,false,,false,,
2026-03-31 10:25:00,2026-03-31,10:25:00,6446.1,6450.42,6443.07,6448.94,26896440,true,6450,true,6450,6450:from_below
2026-03-31 10:30:00,2026-03-31,10:30:00,6448.88,6450.33,6443.29,6447.53,33478960,true,6450,false,,
2026-03-31 10:35:00,2026-03-31,10:35:00,6447.34,6448.58,6433.19,6434.26,32912800,true,6450,false,,
2026-03-31 10:40:00,2026-03-31,10:40:00,6434.39,6438.43,6423.96,6426.38,31203700,false,,false,,
2026-03-31 10:45:00,2026-03-31,10:45:00,6426.37,6428.11,6418.27,6418.6,28595960,false,,false,,
2026-03-31 10:50:00,2026-03-31,10:50:00,6418.53,6419.03,6409.31,6411.39,32346030,false,,false,,
2026-03-31 10:55:00,2026-03-31,10:55:00,6411.16,6411.58,6404.55,6411.28,36489760,false,,false,,
2026-03-31 11:00:00,2026-03-31,11:00:00,6411.33,6424.51,6411.33,6424.05,30732240,false,,false,,
2026-03-31 11:05:00,2026-03-31,11:05:00,6424.04,6436.22,6423.63,6429.91,29972960,false,,false,,
2026-03-31 11:10:00,2026-03-31,11:10:00,6429.92,6443.79,6428.57,6443.65,26278440,false,,false,,
2026-03-31 11:15:00,2026-03-31,11:15:00,6443.44,6445.72,6439.56,6441.87,27038170,false,,false,,
2026-03-31 11:20:00,2026-03-31,11:20:00,6441.88,6441.88,6433.92,6441.51,25208110,false,,false,,
2026-03-31 11:25:00,2026-03-31,11:25:00,6441.65,6442.75,6430.04,6431.96,24788520,false,,false,,
2026-03-31 11:30:00,2026-03-31,11:30:00,6431.12,6431.13,6424.5,6430.66,23017560,false,,false,,
2026-03-31 11:35:00,2026-03-31,11:35:00,6430.79,6436.41,6430.79,6433.5,21057840,false,,false,,
2026-03-31 11:40:00,2026-03-31,11:40:00,6433.48,6434.05,6430.26,6431.9,19549210,false,,false,,
2026-03-31 11:45:00,2026-03-31,11:45:00,6431.86,6431.86,6425.86,6428.86,25821640,false,,false,,
2026-03-31 11:50:00,2026-03-31,11:50:00,6428.78,6435.46,6427.02,6429.94,23147700,false,,false,,
2026-03-31 11:55:00,2026-03-31,11:55:00,6429.98,6431.55,6421.36,6421.9,23065950,false,,false,,
2026-03-31 12:00:00,2026-03-31,12:00:00,6421.83,6434.74,6420.02,6429.93,24267280,false,,false,,
2026-03-31 12:05:00,2026-03-31,12:05:00,6429.92,6440.2,6429.86,6437.94,22439310,false,,false,,
2026-03-31 12:10:00,2026-03-31,12:10:00,6438.01,6438.2,6428.65,6437.1,20782050,false,,false,,
2026-03-31 12:15:00,2026-03-31,12:15:00,6436.9,6442.47,6436.89,6439.12,21412450,false,,false,,
2026-03-31 12:20:00,2026-03-31,12:20:00,6439.18,6447.06,6438.38,6447.04,23003910,false,,false,,
2026-03-31 12:25:00,2026-03-31,12:25:00,6447.83,6449.78,6444.17,6445.65,21822610,true,6450,true,6450,6450:from_below
2026-03-31 12:30:00,2026-03-31,12:30:00,6445.48,6445.48,6441.47,6443.82,19822040,false,,false,,
2026-03-31 12:35:00,2026-03-31,12:35:00,6443.71,6472.03,6441.05,6472.03,33226880,true,6450,true,6450,6450:from_below
2026-03-31 12:40:00,2026-03-31,12:40:00,6473.2,6517.52,6473.2,6496.99,95824480,true,6500,true,6500,6500:from_below
2026-03-31 12:45:00,2026-03-31,12:45:00,6496.86,6502.43,6474.77,6488.02,50571140,true,6500,false,,
2026-03-31 12:50:00,2026-03-31,12:50:00,6487.51,6500.54,6478.35,6487.95,39806750,true,6500,false,,
2026-03-31 12:55:00,2026-03-31,12:55:00,6488.08,6491.35,6480.43,6491.02,29533730,false,,false,,
2026-03-31 13:00:00,2026-03-31,13:00:00,6490.79,6509.09,6490.58,6505.81,37724010,true,6500,true,6500,6500:from_below
2026-03-31 13:05:00,2026-03-31,13:05:00,6505.73,6505.87,6487.47,6488.4,37782600,true,6500,false,,
2026-03-31 13:10:00,2026-03-31,13:10:00,6488.73,6499.51,6488.3,6498.92,33213040,true,6500,false,,
2026-03-31 13:15:00,2026-03-31,13:15:00,6499.11,6508.59,6498.89,6507.63,33804140,true,6500,false,,
2026-03-31 13:20:00,2026-03-31,13:20:00,6507.46,6508,6501.81,6502.51,31701210,true,6500,false,,
2026-03-31 13:25:00,2026-03-31,13:25:00,6502.59,6503.3,6493.11,6494.45,35668800,true,6500,false,,
2026-03-31 13:30:00,2026-03-31,13:30:00,6494.41,6506.57,6494.15,6506.13,30703490,true,6500,false,,
2026-03-31 13:35:00,2026-03-31,13:35:00,6506.04,6508.08,6487.47,6492.29,37389360,true,6500,false,,
2026-03-31 13:40:00,2026-03-31,13:40:00,6492.73,6498.56,6488.53,6491.49,28167510,true,6500,false,,
2026-03-31 13:45:00,2026-03-31,13:45:00,6491.43,6498.93,6489.84,6495.97,23497190,true,6500,false,,
2026-03-31 13:50:00,2026-03-31,13:50:00,6496.03,6498.57,6494.15,6496.39,22326250,true,6500,false,,
2026-03-31 13:55:00,2026-03-31,13:55:00,6496.45,6496.49,6487,6488.9,24997800,false,,false,,
2026-03-31 14:00:00,2026-03-31,14:00:00,6488.89,6499.7,6488.89,6495,26158860,true,6500,true,6500,6500:from_below
2026-03-31 14:05:00,2026-03-31,14:05:00,6494.99,6502.64,6494.92,6501.61,24433470,true,6500,false,,
2026-03-31 14:10:00,2026-03-31,14:10:00,6501.6,6501.62,6493.64,6499.88,23583210,true,6500,false,,
2026-03-31 14:15:00,2026-03-31,14:15:00,6499.92,6505.28,6499.54,6502.49,24978650,true,6500,false,,
2026-03-31 14:20:00,2026-03-31,14:20:00,6502.65,6503.43,6497.01,6497.44,23166410,true,6500,false,,
2026-03-31 14:25:00,2026-03-31,14:25:00,6497.61,6505.69,6494.76,6502.17,26153470,true,6500,false,,
2026-03-31 14:30:00,2026-03-31,14:30:00,6502.1,6502.82,6497.26,6500.6,23920350,true,6500,false,,
2026-03-31 14:35:00,2026-03-31,14:35:00,6500.68,6510.8,6499.58,6507.84,24623590,true,6500,false,,
2026-03-31 14:40:00,2026-03-31,14:40:00,6507.78,6507.78,6501.5,6504.06,27120840,true,6500,false,,
2026-03-31 14:45:00,2026-03-31,14:45:00,6504.18,6510.97,6504.18,6507.28,25866910,false,,false,,
2026-03-31 14:50:00,2026-03-31,14:50:00,6507.31,6512.93,6507.31,6511.41,24505870,false,,false,,
2026-03-31 14:55:00,2026-03-31,14:55:00,6511.38,6512.95,6510.19,6511.51,27398190,false,,false,,
2026-03-31 15:00:00,2026-03-31,15:00:00,6511.5,6516.22,6511.27,6513.97,29283910,false,,false,,
2026-03-31 15:05:00,2026-03-31,15:05:00,6514.08,6514.08,6505.45,6508.2,30083460,false,,false,,
2026-03-31 15:10:00,2026-03-31,15:10:00,6508.18,6516.89,6507.99,6515.38,32447950,false,,false,,
2026-03-31 15:15:00,2026-03-31,15:15:00,6515.45,6521.08,6514.61,6517.55,34216080,false,,false,,
2026-03-31 15:20:00,2026-03-31,15:20:00,6517.47,6523.29,6517.01,6521.08,33399290,false,,false,,
2026-03-31 15:25:00,2026-03-31,15:25:00,6521.12,6521.53,6516.84,6518.9,37687520,false,,false,,
2026-03-31 15:30:00,2026-03-31,15:30:00,6518.97,6524.4,6518.61,6521.7,44229420,false,,false,,
2026-03-31 15:35:00,2026-03-31,15:35:00,6521.74,6530.36,6521.61,6529.18,44850310,false,,false,,
2026-03-31 15:40:00,2026-03-31,15:40:00,6529,6530.24,6523.56,6526.55,50803150,false,,false,,
2026-03-31 15:45:00,2026-03-31,15:45:00,6526.59,6534.65,6524.7,6533.61,57985410,false,,false,,
2026-03-31 15:50:00,2026-03-31,15:50:00,6533.67,6539.05,6522.16,6524.3,107312570,false,,false,,
2026-03-31 15:55:00,2026-03-31,15:55:00,6523.93,6529.62,6518.18,6528.96,241245840,false,,false,,
2026-03-31 16:00:00,2026-03-31,16:00:00,6528.37,6528.52,6528.3,6528.52,821296000,false,,false,,
2026-03-31 16:05:00,2026-03-31,16:05:00,6528.53,6528.53,6528.53,6528.53,46840900,false,,false,,
2026-04-01 09:30:00,2026-04-01,09:30:00,6569.74,6578.7,6561.04,6575.33,173087965,false,,false,,
2026-04-01 09:35:00,2026-04-01,09:35:00,6575.73,6585.18,6571.79,6583.73,66949507,false,,false,,
2026-04-01 09:40:00,2026-04-01,09:40:00,6583.64,6583.64,6558.23,6563.22,62200818,false,,false,,
2026-04-01 09:45:00,2026-04-01,09:45:00,6563.33,6568.1,6554.29,6556.07,62556360,false,,false,,
2026-04-01 09:50:00,2026-04-01,09:50:00,6556.29,6571.86,6555.29,6564.52,50110920,false,,false,,
2026-04-01 09:55:00,2026-04-01,09:55:00,6564.24,6569.88,6561.22,6567.43,42535910,false,,false,,
2026-04-01 10:00:00,2026-04-01,10:00:00,6568.77,6576.06,6564.84,6571,52143120,false,,false,,
2026-04-01 10:05:00,2026-04-01,10:05:00,6570.91,6576.37,6565.23,6572.04,46772530,false,,false,,
2026-04-01 10:10:00,2026-04-01,10:10:00,6572.21,6573.07,6564.57,6570.41,44506060,false,,false,,
2026-04-01 10:15:00,2026-04-01,10:15:00,6570.31,6574,6567.15,6571.9,42185940,false,,false,,
2026-04-01 10:20:00,2026-04-01,10:20:00,6571.67,6578.68,6568.24,6570.98,43349950,false,,false,,
2026-04-01 10:25:00,2026-04-01,10:25:00,6570.72,6575.2,6568.72,6574.77,37404850,false,,false,,
2026-04-01 10:30:00,2026-04-01,10:30:00,6574.78,6580.22,6569.46,6569.46,39871660,false,,false,,
2026-04-01 10:35:00,2026-04-01,10:35:00,6569.98,6583.03,6561.65,6579.47,43806650,false,,false,,
2026-04-01 10:40:00,2026-04-01,10:40:00,6578.47,6583.93,6571.17,6580.56,31304950,false,,false,,
2026-04-01 10:45:00,2026-04-01,10:45:00,6580.73,6587.65,6576.36,6587.34,34543580,false,,false,,
2026-04-01 10:50:00,2026-04-01,10:50:00,6587.12,6592.47,6583.24,6590.28,39339400,false,,false,,
2026-04-01 10:55:00,2026-04-01,10:55:00,6590.27,6592.14,6587.19,6590.15,33540980,false,,false,,
2026-04-01 11:00:00,2026-04-01,11:00:00,6590.16,6593.87,6588.55,6590.86,33716290,false,,false,,
2026-04-01 11:05:00,2026-04-01,11:05:00,6590.86,6595.12,6588.94,6594.79,33068310,false,,false,,
2026-04-01 11:10:00,2026-04-01,11:10:00,6594.75,6594.85,6590.38,6591.41,29568970,false,,false,,
2026-04-01 11:15:00,2026-04-01,11:15:00,6591.36,6593.96,6589.99,6593.88,28598200,false,,false,,
2026-04-01 11:20:00,2026-04-01,11:20:00,6594.1,6594.94,6590.03,6591.05,32005510,false,,false,,
2026-04-01 11:25:00,2026-04-01,11:25:00,6591.14,6593.5,6588.51,6588.51,32590940,false,,false,,
2026-04-01 11:30:00,2026-04-01,11:30:00,6588.5,6590.99,6584.67,6589.57,30337480,false,,false,,
2026-04-01 11:35:00,2026-04-01,11:35:00,6589.47,6597.59,6589.47,6595.46,29336020,false,,false,,
2026-04-01 11:40:00,2026-04-01,11:40:00,6595.61,6597.68,6591.82,6597.51,26776650,false,,false,,
2026-04-01 11:45:00,2026-04-01,11:45:00,6597.6,6599.22,6595.44,6597.38,27030050,true,6600,true,6600,6600:from_below
2026-04-01 11:50:00,2026-04-01,11:50:00,6597.35,6600.91,6595.79,6600.09,23553710,true,6600,false,,
2026-04-01 11:55:00,2026-04-01,11:55:00,6600.2,6605.87,6599.96,6603.34,30675510,true,6600,false,,
2026-04-01 12:00:00,2026-04-01,12:00:00,6603.04,6604.81,6601.57,6603.73,27585170,true,6600,false,,
2026-04-01 12:05:00,2026-04-01,12:05:00,6603.86,6606,6602.05,6605.12,25247170,false,,false,,
2026-04-01 12:10:00,2026-04-01,12:10:00,6605.1,6605.35,6600.06,6600.77,25600890,true,6600,true,6600,6600:from_above
2026-04-01 12:15:00,2026-04-01,12:15:00,6600.73,6604.29,6599.52,6603.22,25788940,true,6600,false,,
2026-04-01 12:20:00,2026-04-01,12:20:00,6603.28,6603.33,6599.38,6599.38,22883630,true,6600,false,,
2026-04-01 12:25:00,2026-04-01,12:25:00,6599.47,6600.39,6596.48,6596.81,20745890,true,6600,false,,
2026-04-01 12:30:00,2026-04-01,12:30:00,6596.7,6598.76,6593.77,6598.61,24617380,true,6600,false,,
2026-04-01 12:35:00,2026-04-01,12:35:00,6598.7,6602.04,6598.7,6601.31,21253280,true,6600,false,,
2026-04-01 12:40:00,2026-04-01,12:40:00,6601.3,6603.67,6600.53,6603.67,21857000,true,6600,false,,
2026-04-01 12:45:00,2026-04-01,12:45:00,6603.67,6604.25,6600.85,6602.44,20897980,true,6600,false,,
2026-04-01 12:50:00,2026-04-01,12:50:00,6602.41,6604.04,6602.16,6603.48,22525140,false,,false,,
2026-04-01 12:55:00,2026-04-01,12:55:00,6603.56,6604.58,6601.82,6603.14,19497510,true,6600,true,6600,6600:from_above
2026-04-01 13:00:00,2026-04-01,13:00:00,6603.13,6608.14,6602.26,6608.08,23083320,false,,false,,
2026-04-01 13:05:00,2026-04-01,13:05:00,6608.11,6609.67,6607.32,6608.04,20882030,false,,false,,
2026-04-01 13:10:00,2026-04-01,13:10:00,6608.13,6609.5,6607.11,6608.57,20390130,false,,false,,
2026-04-01 13:15:00,2026-04-01,13:15:00,6608.52,6609.03,6606.49,6608.03,20241550,false,,false,,
2026-04-01 13:20:00,2026-04-01,13:20:00,6607.96,6609.6,6607.15,6609.21,19858940,false,,false,,
2026-04-01 13:25:00,2026-04-01,13:25:00,6609.15,6609.17,6607.4,6607.82,19171190,false,,false,,
2026-04-01 13:30:00,2026-04-01,13:30:00,6607.77,6609.03,6604.08,6604.1,21168670,false,,false,,
2026-04-01 13:35:00,2026-04-01,13:35:00,6604.08,6606.52,6602.95,6605.68,20705860,false,,false,,
2026-04-01 13:40:00,2026-04-01,13:40:00,6605.67,6607.09,6602.31,6603.18,19138660,false,,false,,
2026-04-01 13:45:00,2026-04-01,13:45:00,6603.29,6605.02,6600.63,6601.05,18996350,true,6600,true,6600,6600:from_above
2026-04-01 13:50:00,2026-04-01,13:50:00,6601.1,6602.28,6599.47,6600.37,20660950,true,6600,false,,
2026-04-01 13:55:00,2026-04-01,13:55:00,6600.43,6601.19,6593,6593,22193530,true,6600,false,,
2026-04-01 14:00:00,2026-04-01,14:00:00,6592.98,6593.7,6581.81,6584.29,33421530,false,,false,,
2026-04-01 14:05:00,2026-04-01,14:05:00,6584.28,6588.14,6583.5,6585.39,25561420,false,,false,,
2026-04-01 14:10:00,2026-04-01,14:10:00,6585.5,6588.35,6583.89,6583.98,23464680,false,,false,,
2026-04-01 14:15:00,2026-04-01,14:15:00,6583.92,6583.92,6570.52,6573.38,31411760,false,,false,,
2026-04-01 14:20:00,2026-04-01,14:20:00,6573.66,6576.27,6564.83,6565.66,28514530,false,,false,,
2026-04-01 14:25:00,2026-04-01,14:25:00,6565.74,6571.79,6563.84,6566.75,27608030,false,,false,,
2026-04-01 14:30:00,2026-04-01,14:30:00,6566.74,6569.46,6563.87,6564.73,25599410,false,,false,,
2026-04-01 14:35:00,2026-04-01,14:35:00,6564.76,6571.18,6561.37,6569.51,28886230,false,,false,,
2026-04-01 14:40:00,2026-04-01,14:40:00,6569.52,6577.82,6569.37,6572.39,26701270,false,,false,,
2026-04-01 14:45:00,2026-04-01,14:45:00,6572.73,6573.82,6567.79,6571.29,24639480,false,,false,,
2026-04-01 14:50:00,2026-04-01,14:50:00,6571.3,6571.99,6566.51,6570.08,22350530,false,,false,,
2026-04-01 14:55:00,2026-04-01,14:55:00,6570.12,6570.2,6566.21,6568.06,24511050,false,,false,,
2026-04-01 15:00:00,2026-04-01,15:00:00,6568.09,6574.47,6567.3,6572.57,25364570,false,,false,,
2026-04-01 15:05:00,2026-04-01,15:05:00,6572.58,6577.97,6572.51,6576.2,26580770,false,,false,,
2026-04-01 15:10:00,2026-04-01,15:10:00,6576.12,6577.21,6573.13,6576.3,29721230,false,,false,,
2026-04-01 15:15:00,2026-04-01,15:15:00,6576.28,6580.59,6574.65,6580.12,31976620,false,,false,,
2026-04-01 15:20:00,2026-04-01,15:20:00,6580.09,6582.06,6577.78,6581.61,29717390,false,,false,,
2026-04-01 15:25:00,2026-04-01,15:25:00,6581.62,6587.61,6581.55,6585.69,34615560,false,,false,,
2026-04-01 15:30:00,2026-04-01,15:30:00,6585.73,6587.42,6581.23,6584.64,39874330,false,,false,,
2026-04-01 15:35:00,2026-04-01,15:35:00,6584.63,6587.8,6582.13,6586.55,41246300,false,,false,,
2026-04-01 15:40:00,2026-04-01,15:40:00,6586.74,6591.36,6585.89,6586.26,42518150,false,,false,,
2026-04-01 15:45:00,2026-04-01,15:45:00,6586.31,6587.6,6583.7,6584.68,49171960,false,,false,,
2026-04-01 15:50:00,2026-04-01,15:50:00,6584.9,6584.9,6575.08,6577.57,82678690,false,,false,,
2026-04-01 15:55:00,2026-04-01,15:55:00,6577.35,6579.1,6572.56,6575.07,205240560,false,,false,,
2026-04-01 16:00:00,2026-04-01,16:00:00,6575.43,6575.43,6575.3,6575.33,493652600,false,,false,,
2026-04-02 09:30:00,2026-04-02,09:30:00,6496.17,6500.55,6487.29,6493.93,136408547,true,6500,true,6500,6500:from_above
2026-04-02 09:35:00,2026-04-02,09:35:00,6493.96,6493.96,6476.86,6476.86,51012544,false,,false,,
2026-04-02 09:40:00,2026-04-02,09:40:00,6476.99,6486.46,6474.94,6479.88,43901780,false,,false,,
2026-04-02 09:45:00,2026-04-02,09:45:00,6480.08,6496.82,6477.83,6494.07,48645359,false,,false,,
2026-04-02 09:50:00,2026-04-02,09:50:00,6494.05,6512.29,6492.76,6511.16,41594080,true,6500,true,6500,6500:from_below
2026-04-02 09:55:00,2026-04-02,09:55:00,6510.81,6522.24,6508.28,6520.61,39704780,false,,false,,
2026-04-02 10:00:00,2026-04-02,10:00:00,6521.2,6523.98,6512.65,6514.68,40101990,false,,false,,
2026-04-02 10:05:00,2026-04-02,10:05:00,6514.79,6526.03,6510.28,6523.08,43546400,false,,false,,
2026-04-02 10:10:00,2026-04-02,10:10:00,6523.16,6527.6,6519.18,6520.44,35554470,false,,false,,
2026-04-02 10:15:00,2026-04-02,10:15:00,6520.55,6530.26,6520.03,6527.93,32484410,false,,false,,
2026-04-02 10:20:00,2026-04-02,10:20:00,6527.98,6533.95,6527.44,6531.4,29510300,false,,false,,
2026-04-02 10:25:00,2026-04-02,10:25:00,6531.21,6531.34,6524.9,6527.86,35919130,false,,false,,
2026-04-02 10:30:00,2026-04-02,10:30:00,6527.85,6546.69,6526.44,6546.19,29599520,false,,false,,
2026-04-02 10:35:00,2026-04-02,10:35:00,6546.29,6601.91,6546.29,6589.62,81323000,true,6550|6600,true,6550|6600,6550:from_below|6600:from_below
2026-04-02 10:40:00,2026-04-02,10:40:00,6589.35,6589.35,6568.73,6584.81,36230090,false,,false,,
2026-04-02 10:45:00,2026-04-02,10:45:00,6584.29,6585.85,6565.44,6565.61,29042130,false,,false,,
2026-04-02 10:50:00,2026-04-02,10:50:00,6565.48,6572.32,6558.64,6571.1,28936920,false,,false,,
2026-04-02 10:55:00,2026-04-02,10:55:00,6571.18,6582.98,6571.18,6578.72,28256320,false,,false,,
2026-04-02 11:00:00,2026-04-02,11:00:00,6578.49,6578.49,6563.05,6574.61,28435770,false,,false,,
2026-04-02 11:05:00,2026-04-02,11:05:00,6574.4,6575.36,6566.01,6572.07,29074770,false,,false,,
2026-04-02 11:10:00,2026-04-02,11:10:00,6572.16,6582.41,6570.76,6576.46,27666450,false,,false,,
2026-04-02 11:15:00,2026-04-02,11:15:00,6576.41,6581.23,6571.8,6576.67,23720700,false,,false,,
2026-04-02 11:20:00,2026-04-02,11:20:00,6576.65,6576.81,6564.45,6570.79,27525470,false,,false,,
2026-04-02 11:25:00,2026-04-02,11:25:00,6570.78,6580.52,6565.2,6577.22,24106630,false,,false,,
2026-04-02 11:30:00,2026-04-02,11:30:00,6577.17,6578.28,6568.2,6572.86,21863730,false,,false,,
2026-04-02 11:35:00,2026-04-02,11:35:00,6573.02,6582.43,6572.23,6576.11,21846570,false,,false,,
2026-04-02 11:40:00,2026-04-02,11:40:00,6576.07,6577.66,6567.91,6576.58,20949130,false,,false,,
2026-04-02 11:45:00,2026-04-02,11:45:00,6576.59,6576.59,6565.99,6566.49,19124120,false,,false,,
2026-04-02 11:50:00,2026-04-02,11:50:00,6566.38,6569.03,6555.53,6568.98,21216770,false,,false,,
2026-04-02 11:55:00,2026-04-02,11:55:00,6568.88,6570.86,6562.7,6564.15,16971540,false,,false,,
2026-04-02 12:00:00,2026-04-02,12:00:00,6564.2,6570.01,6561.19,6562.5,17868420,false,,false,,
2026-04-02 12:05:00,2026-04-02,12:05:00,6562.45,6564.36,6553.19,6559.57,17797300,false,,false,,
2026-04-02 12:10:00,2026-04-02,12:10:00,6559.68,6560.9,6555.22,6558.36,16947980,false,,false,,
2026-04-02 12:15:00,2026-04-02,12:15:00,6558.41,6560.23,6549.46,6549.57,18024050,true,6550,true,6550,6550:from_above
2026-04-02 12:20:00,2026-04-02,12:20:00,6549.48,6554.29,6546.32,6550.04,19079320,true,6550,false,,
2026-04-02 12:25:00,2026-04-02,12:25:00,6549.77,6555.68,6547.74,6551.8,17699380,true,6550,false,,
2026-04-02 12:30:00,2026-04-02,12:30:00,6551.76,6563.56,6549.93,6560.29,19211540,true,6550,false,,
2026-04-02 12:35:00,2026-04-02,12:35:00,6560.33,6561.97,6550.88,6556.63,19895570,true,6550,false,,
2026-04-02 12:40:00,2026-04-02,12:40:00,6556.54,6572.22,6556.52,6566.63,21398220,false,,false,,
2026-04-02 12:45:00,2026-04-02,12:45:00,6566.68,6569.05,6564.45,6566.42,15673830,false,,false,,
2026-04-02 12:50:00,2026-04-02,12:50:00,6566.45,6569.19,6563.78,6567.38,15135800,false,,false,,
2026-04-02 12:55:00,2026-04-02,12:55:00,6567.45,6567.45,6560.07,6560.21,14948470,false,,false,,
2026-04-02 13:00:00,2026-04-02,13:00:00,6560.18,6562.87,6555.15,6562.66,16232660,false,,false,,
2026-04-02 13:05:00,2026-04-02,13:05:00,6562.34,6563.34,6559.33,6561.56,16508120,false,,false,,
2026-04-02 13:10:00,2026-04-02,13:10:00,6561.5,6569.23,6558.68,6567.42,17466060,false,,false,,
2026-04-02 13:15:00,2026-04-02,13:15:00,6567.46,6572.07,6567.17,6569.43,16938800,false,,false,,
2026-04-02 13:20:00,2026-04-02,13:20:00,6569.54,6573.44,6568.5,6572.77,14519180,false,,false,,
2026-04-02 13:25:00,2026-04-02,13:25:00,6572.68,6573.85,6570.13,6570.31,14090280,false,,false,,
2026-04-02 13:30:00,2026-04-02,13:30:00,6570.36,6570.94,6566.56,6567.61,16145140,false,,false,,
2026-04-02 13:35:00,2026-04-02,13:35:00,6567.6,6567.6,6564.2,6566.86,17731320,false,,false,,
2026-04-02 13:40:00,2026-04-02,13:40:00,6566.85,6567.97,6562.56,6566.14,20992660,false,,false,,
2026-04-02 13:45:00,2026-04-02,13:45:00,6566.14,6566.73,6551.68,6551.84,18786340,true,6550,true,6550,6550:from_above
2026-04-02 13:50:00,2026-04-02,13:50:00,6551.82,6556.25,6550.78,6556.11,19093360,true,6550,false,,
2026-04-02 13:55:00,2026-04-02,13:55:00,6556.18,6558.17,6553.29,6556.29,16157340,false,,false,,
2026-04-02 14:00:00,2026-04-02,14:00:00,6556.36,6562.72,6556.36,6562.72,20078860,false,,false,,
2026-04-02 14:05:00,2026-04-02,14:05:00,6562.83,6567.49,6561.86,6564,19107390,false,,false,,
2026-04-02 14:10:00,2026-04-02,14:10:00,6564.03,6566.95,6562.64,6562.67,16838210,false,,false,,
2026-04-02 14:15:00,2026-04-02,14:15:00,6562.89,6566.35,6560.77,6564.04,17626470,false,,false,,
2026-04-02 14:20:00,2026-04-02,14:20:00,6564.07,6564.5,6561.43,6561.43,15178070,false,,false,,
2026-04-02 14:25:00,2026-04-02,14:25:00,6561.37,6561.37,6558.03,6559.14,16515170,false,,false,,
2026-04-02 14:30:00,2026-04-02,14:30:00,6559.14,6562.44,6558.78,6561.32,18723900,false,,false,,
2026-04-02 14:35:00,2026-04-02,14:35:00,6561.39,6561.74,6558.89,6560.35,18274020,false,,false,,
2026-04-02 14:40:00,2026-04-02,14:40:00,6560.21,6568.9,6559.8,6567.37,21856430,false,,false,,
2026-04-02 14:45:00,2026-04-02,14:45:00,6567.42,6570.1,6566.76,6569.03,18756860,false,,false,,
2026-04-02 14:50:00,2026-04-02,14:50:00,6569.13,6573.65,6567.72,6571.13,20466680,false,,false,,
2026-04-02 14:55:00,2026-04-02,14:55:00,6571.17,6571.19,6568.14,6568.77,18501150,false,,false,,
2026-04-02 15:00:00,2026-04-02,15:00:00,6568.85,6572.07,6568.43,6568.9,20442650,false,,false,,
2026-04-02 15:05:00,2026-04-02,15:05:00,6569.14,6572.76,6569.02,6572.48,25311390,false,,false,,
2026-04-02 15:10:00,2026-04-02,15:10:00,6572.6,6576.23,6571.06,6571.42,25123710,false,,false,,
2026-04-02 15:15:00,2026-04-02,15:15:00,6571.78,6572.35,6567.21,6569.39,23081430,false,,false,,
2026-04-02 15:20:00,2026-04-02,15:20:00,6569.29,6571.79,6566.27,6568.78,27787160,false,,false,,
2026-04-02 15:25:00,2026-04-02,15:25:00,6568.79,6568.79,6565.92,6568.28,27315960,false,,false,,
2026-04-02 15:30:00,2026-04-02,15:30:00,6568.16,6569.74,6565.35,6566.73,27617910,false,,false,,
2026-04-02 15:35:00,2026-04-02,15:35:00,6566.83,6571.51,6566.6,6571.47,28935780,false,,false,,
2026-04-02 15:40:00,2026-04-02,15:40:00,6571.5,6573.67,6567.96,6567.96,33192850,false,,false,,
2026-04-02 15:45:00,2026-04-02,15:45:00,6568.06,6570.16,6566.2,6569.8,40451340,false,,false,,
2026-04-02 15:50:00,2026-04-02,15:50:00,6569.89,6579.82,6569.89,6578.82,68632300,false,,false,,
2026-04-02 15:55:00,2026-04-02,15:55:00,6578.77,6584.36,6578.37,6582.69,173133150,false,,false,,
2026-04-02 16:00:00,2026-04-02,16:00:00,6582.59,6582.71,6582.59,6582.68,426244370,false,,false,,
2026-04-06 09:30:00,2026-04-06,09:30:00,6588.37,6597.13,6584.11,6596.95,100435086,false,,false,,
2026-04-06 09:35:00,2026-04-06,09:35:00,6597.28,6602.17,6579.95,6589.71,44736476,true,6600,true,6600,6600:from_below
2026-04-06 09:40:00,2026-04-06,09:40:00,6589.65,6596.1,6583.89,6592.06,36248575,false,,false,,
2026-04-06 09:45:00,2026-04-06,09:45:00,6591.91,6601.9,6591.64,6594.9,37249229,true,6600,true,6600,6600:from_below
2026-04-06 09:50:00,2026-04-06,09:50:00,6594.51,6602.74,6593.15,6600.08,30281359,true,6600,false,,
2026-04-06 09:55:00,2026-04-06,09:55:00,6599.91,6608.11,6597.34,6608.11,25228275,true,6600,false,,
2026-04-06 10:00:00,2026-04-06,10:00:00,6608.43,6618.13,6587.73,6587.79,39885600,true,6600,false,,
2026-04-06 10:05:00,2026-04-06,10:05:00,6587.68,6594.74,6583.84,6594.74,32755260,false,,false,,
2026-04-06 10:10:00,2026-04-06,10:10:00,6594.87,6604.16,6588.34,6603.61,32337380,true,6600,true,6600,6600:from_below
2026-04-06 10:15:00,2026-04-06,10:15:00,6603.9,6608,6599.79,6606.76,25516170,true,6600,false,,
2026-04-06 10:20:00,2026-04-06,10:20:00,6606.62,6612.69,6606.62,6610.29,22392080,false,,false,,
2026-04-06 10:25:00,2026-04-06,10:25:00,6610.32,6610.77,6605.57,6607.25,21547020,false,,false,,
2026-04-06 10:30:00,2026-04-06,10:30:00,6607.29,6613.23,6606.58,6608.04,23978190,false,,false,,
2026-04-06 10:35:00,2026-04-06,10:35:00,6607.99,6611.13,6592.02,6594.42,32990820,true,6600,true,6600,6600:from_above
2026-04-06 10:40:00,2026-04-06,10:40:00,6594.55,6605.73,6594.18,6600.29,21377610,true,6600,false,,
2026-04-06 10:45:00,2026-04-06,10:45:00,6600.34,6600.34,6589.98,6590.53,21285110,true,6600,false,,
2026-04-06 10:50:00,2026-04-06,10:50:00,6590.7,6598.55,6590.7,6596.62,20395700,true,6600,false,,
2026-04-06 10:55:00,2026-04-06,10:55:00,6596.6,6602.22,6594.08,6599.04,19681240,true,6600,false,,
2026-04-06 11:00:00,2026-04-06,11:00:00,6599,6603.49,6594.97,6598.84,20988000,true,6600,false,,
2026-04-06 11:05:00,2026-04-06,11:05:00,6598.83,6601.47,6595.37,6600.41,22131540,true,6600,false,,
2026-04-06 11:10:00,2026-04-06,11:10:00,6600.47,6600.47,6594.82,6598.23,18057280,true,6600,false,,
2026-04-06 11:15:00,2026-04-06,11:15:00,6598.19,6600.56,6595.7,6596.95,18066390,true,6600,false,,
2026-04-06 11:20:00,2026-04-06,11:20:00,6597.03,6598.66,6593.05,6594.19,18725860,true,6600,false,,
2026-04-06 11:25:00,2026-04-06,11:25:00,6594.16,6595.27,6590.47,6593.28,16476720,false,,false,,
2026-04-06 11:30:00,2026-04-06,11:30:00,6593.16,6593.82,6587.77,6592.62,16389890,false,,false,,
2026-04-06 11:35:00,2026-04-06,11:35:00,6592.7,6594.58,6587.44,6593.13,17604670,false,,false,,
2026-04-06 11:40:00,2026-04-06,11:40:00,6593.17,6594.97,6590.78,6594.84,16490360,false,,false,,
2026-04-06 11:45:00,2026-04-06,11:45:00,6594.78,6598.92,6593.37,6597.82,16124440,true,6600,true,6600,6600:from_below
2026-04-06 11:50:00,2026-04-06,11:50:00,6598.11,6602.93,6596.88,6601.91,17990270,true,6600,false,,
2026-04-06 11:55:00,2026-04-06,11:55:00,6602.09,6602.58,6598.86,6602.52,15889190,true,6600,false,,
2026-04-06 12:00:00,2026-04-06,12:00:00,6602.5,6603.67,6598.41,6598.46,19689590,true,6600,false,,
2026-04-06 12:05:00,2026-04-06,12:05:00,6598.52,6600.86,6596.51,6596.51,17738840,true,6600,false,,
2026-04-06 12:10:00,2026-04-06,12:10:00,6596.51,6600,6596.17,6599.69,14043600,true,6600,false,,
2026-04-06 12:15:00,2026-04-06,12:15:00,6599.7,6601.37,6598.36,6599.38,13658280,true,6600,false,,
2026-04-06 12:20:00,2026-04-06,12:20:00,6599.49,6602.04,6598.01,6600.82,18139990,true,6600,false,,
2026-04-06 12:25:00,2026-04-06,12:25:00,6600.85,6603.12,6600.31,6601.61,15265210,true,6600,false,,
2026-04-06 12:30:00,2026-04-06,12:30:00,6601.68,6603.79,6599.88,6603.71,15088760,true,6600,false,,
2026-04-06 12:35:00,2026-04-06,12:35:00,6603.57,6608.18,6603.22,6605.21,15735430,false,,false,,
2026-04-06 12:40:00,2026-04-06,12:40:00,6605.25,6606.66,6603.49,6606.54,14332970,false,,false,,
2026-04-06 12:45:00,2026-04-06,12:45:00,6606.54,6607.86,6605.64,6607.27,14371650,false,,false,,
2026-04-06 12:50:00,2026-04-06,12:50:00,6607.26,6608.02,6602.04,6603.93,17281610,false,,false,,
2026-04-06 12:55:00,2026-04-06,12:55:00,6603.9,6604.28,6600.61,6602.89,15045970,true,6600,true,6600,6600:from_above
2026-04-06 13:00:00,2026-04-06,13:00:00,6602.98,6603.42,6592.25,6597.04,18980050,true,6600,false,,
2026-04-06 13:05:00,2026-04-06,13:05:00,6597.17,6598.18,6593.69,6596.2,14923370,true,6600,false,,
2026-04-06 13:10:00,2026-04-06,13:10:00,6596.25,6596.47,6579.72,6583.69,22684530,false,,false,,
2026-04-06 13:15:00,2026-04-06,13:15:00,6583.77,6589.66,6583.09,6588.46,14938320,false,,false,,
2026-04-06 13:20:00,2026-04-06,13:20:00,6588.36,6595.88,6584.72,6595.71,16051290,false,,false,,
2026-04-06 13:25:00,2026-04-06,13:25:00,6595.79,6598.61,6594.14,6597.86,16383720,true,6600,true,6600,6600:from_below
2026-04-06 13:30:00,2026-04-06,13:30:00,6597.98,6602.43,6596.08,6598.68,19046910,true,6600,false,,
2026-04-06 13:35:00,2026-04-06,13:35:00,6598.52,6600.42,6594.83,6595.9,16011750,true,6600,false,,
2026-04-06 13:40:00,2026-04-06,13:40:00,6595.84,6595.95,6592.42,6594.9,16644540,false,,false,,
2026-04-06 13:45:00,2026-04-06,13:45:00,6594.83,6594.83,6590.16,6591.72,13011980,false,,false,,
2026-04-06 13:50:00,2026-04-06,13:50:00,6591.82,6593.01,6588.76,6589.8,13389170,false,,false,,
2026-04-06 13:55:00,2026-04-06,13:55:00,6589.85,6591.79,6588.31,6588.89,12905680,false,,false,,
2026-04-06 14:00:00,2026-04-06,14:00:00,6588.81,6589.54,6586.52,6587.43,15678970,false,,false,,
2026-04-06 14:05:00,2026-04-06,14:05:00,6587.35,6591.61,6587.29,6591.15,16745030,false,,false,,
2026-04-06 14:10:00,2026-04-06,14:10:00,6591.08,6601.61,6591.08,6596.71,20218810,true,6600,true,6600,6600:from_below
2026-04-06 14:15:00,2026-04-06,14:15:00,6596.71,6604.14,6596.64,6603.64,15551730,true,6600,false,,
2026-04-06 14:20:00,2026-04-06,14:20:00,6603.64,6609.41,6602.07,6607.83,16012930,false,,false,,
2026-04-06 14:25:00,2026-04-06,14:25:00,6607.86,6609.39,6603.4,6606.43,15794180,false,,false,,
2026-04-06 14:30:00,2026-04-06,14:30:00,6606.4,6608.72,6601.72,6603.18,15804730,true,6600,true,6600,6600:from_above
2026-04-06 14:35:00,2026-04-06,14:35:00,6603.11,6605.5,6602.9,6602.9,14495740,false,,false,,
2026-04-06 14:40:00,2026-04-06,14:40:00,6602.84,6603.24,6601.56,6602.82,13957170,true,6600,true,6600,6600:from_above
2026-04-06 14:45:00,2026-04-06,14:45:00,6602.78,6605.93,6602.74,6605.03,15833820,false,,false,,
2026-04-06 14:50:00,2026-04-06,14:50:00,6605.18,6607.33,6605.06,6606.75,16065660,false,,false,,
2026-04-06 14:55:00,2026-04-06,14:55:00,6606.76,6607.57,6606.42,6607.03,16483980,false,,false,,
2026-04-06 15:00:00,2026-04-06,15:00:00,6607.08,6607.44,6605.45,6607.44,20847310,false,,false,,
2026-04-06 15:05:00,2026-04-06,15:05:00,6607.47,6607.81,6603.3,6603.57,20576630,false,,false,,
2026-04-06 15:10:00,2026-04-06,15:10:00,6603.45,6605.27,6602.6,6604.96,21699820,false,,false,,
2026-04-06 15:15:00,2026-04-06,15:15:00,6605.1,6605.46,6602.89,6604.27,22058030,false,,false,,
2026-04-06 15:20:00,2026-04-06,15:20:00,6604.34,6606.33,6603.02,6603.61,19173630,false,,false,,
2026-04-06 15:25:00,2026-04-06,15:25:00,6603.6,6604.91,6602.41,6602.76,20836690,false,,false,,
2026-04-06 15:30:00,2026-04-06,15:30:00,6602.8,6605.6,6602.19,6604.81,24795380,false,,false,,
2026-04-06 15:35:00,2026-04-06,15:35:00,6604.75,6606.21,6604.41,6604.94,26656500,false,,false,,
2026-04-06 15:40:00,2026-04-06,15:40:00,6604.98,6606.3,6602.22,6606.3,31921030,false,,false,,
2026-04-06 15:45:00,2026-04-06,15:45:00,6606.29,6610.93,6605.91,6610.92,37857890,false,,false,,
2026-04-06 15:50:00,2026-04-06,15:50:00,6611.32,6611.55,6606.97,6607.02,60049980,false,,false,,
2026-04-06 15:55:00,2026-04-06,15:55:00,6607.07,6612.5,6604.96,6611.3,157481980,false,,false,,
2026-04-06 16:00:00,2026-04-06,16:00:00,6612.13,6612.13,6611.82,6611.82,445923280,false,,false,,
2026-04-07 09:30:00,2026-04-07,09:30:00,6601.93,6601.93,6581.91,6582.5,66821354,true,6600,true,6600,6600:from_above
2026-04-07 09:35:00,2026-04-07,09:35:00,6582.25,6586.77,6575.99,6577.49,48047706,false,,false,,
2026-04-07 09:40:00,2026-04-07,09:40:00,6577.34,6580.08,6572.88,6573.9,37955226,false,,false,,
2026-04-07 09:45:00,2026-04-07,09:45:00,6574.06,6574.8,6566.01,6569.23,39665545,false,,false,,
2026-04-07 09:50:00,2026-04-07,09:50:00,6569.24,6579.82,6566.61,6579.82,32918675,false,,false,,
2026-04-07 09:55:00,2026-04-07,09:55:00,6580.18,6582.37,6564.61,6564.74,34021610,false,,false,,
2026-04-07 10:00:00,2026-04-07,10:00:00,6565.03,6565.84,6556.57,6557.64,36881810,false,,false,,
2026-04-07 10:05:00,2026-04-07,10:05:00,6558.07,6558.07,6543.16,6546.57,39317070,true,6550,true,6550,6550:from_above
2026-04-07 10:10:00,2026-04-07,10:10:00,6547.29,6551.75,6547.29,6551.34,31245140,true,6550,false,,
2026-04-07 10:15:00,2026-04-07,10:15:00,6551.18,6557.22,6550.34,6555.32,27961000,true,6550,false,,
2026-04-07 10:20:00,2026-04-07,10:20:00,6555.43,6570.09,6555.43,6568.97,30634830,false,,false,,
2026-04-07 10:25:00,2026-04-07,10:25:00,6569,6569.05,6561.21,6567.52,26248430,false,,false,,
2026-04-07 10:30:00,2026-04-07,10:30:00,6567.57,6575.59,6563.18,6570.48,28168560,false,,false,,
2026-04-07 10:35:00,2026-04-07,10:35:00,6570.39,6571.7,6564.7,6566.59,26137580,false,,false,,
2026-04-07 10:40:00,2026-04-07,10:40:00,6566.58,6568.23,6561.37,6564.29,24174000,false,,false,,
2026-04-07 10:45:00,2026-04-07,10:45:00,6564.52,6573.07,6561.88,6565.22,26136290,false,,false,,
2026-04-07 10:50:00,2026-04-07,10:50:00,6564.59,6564.8,6557.89,6561.52,26748300,false,,false,,
2026-04-07 10:55:00,2026-04-07,10:55:00,6561.63,6561.63,6549.67,6549.67,24139010,true,6550,true,6550,6550:from_above
2026-04-07 11:00:00,2026-04-07,11:00:00,6549.72,6549.72,6541.91,6542.29,29549400,true,6550,false,,
2026-04-07 11:05:00,2026-04-07,11:05:00,6542.19,6542.19,6534.55,6536.94,27060360,false,,false,,
2026-04-07 11:10:00,2026-04-07,11:10:00,6537.22,6547.78,6537.22,6543.07,26301820,false,,false,,
2026-04-07 11:15:00,2026-04-07,11:15:00,6543.72,6560.28,6542.15,6553.53,36359020,true,6550,true,6550,6550:from_below
2026-04-07 11:20:00,2026-04-07,11:20:00,6553.52,6553.75,6548.24,6548.36,20067020,true,6550,false,,
2026-04-07 11:25:00,2026-04-07,11:25:00,6548.42,6555.79,6548.33,6555.48,20787230,true,6550,false,,
2026-04-07 11:30:00,2026-04-07,11:30:00,6555.54,6558.01,6552.28,6556.87,20715430,false,,false,,
2026-04-07 11:35:00,2026-04-07,11:35:00,6556.64,6560.27,6552.46,6553.95,23860100,false,,false,,
2026-04-07 11:40:00,2026-04-07,11:40:00,6553.88,6554.78,6550.05,6550.46,18382830,true,6550,true,6550,6550:from_above
2026-04-07 11:45:00,2026-04-07,11:45:00,6550.5,6555.05,6550.21,6553.36,17998270,true,6550,false,,
2026-04-07 11:50:00,2026-04-07,11:50:00,6553.42,6556.44,6550.18,6556.42,18276430,true,6550,false,,
2026-04-07 11:55:00,2026-04-07,11:55:00,6556.41,6565.11,6555.67,6561.32,24443510,false,,false,,
2026-04-07 12:00:00,2026-04-07,12:00:00,6561.4,6592.34,6561.4,6578.99,42739230,false,,false,,
2026-04-07 12:05:00,2026-04-07,12:05:00,6578.69,6579.71,6571.89,6571.89,21401160,false,,false,,
2026-04-07 12:10:00,2026-04-07,12:10:00,6571.81,6577.32,6571.32,6575.65,15875750,false,,false,,
2026-04-07 12:15:00,2026-04-07,12:15:00,6575.69,6578.82,6573.73,6575.95,17715680,false,,false,,
2026-04-07 12:20:00,2026-04-07,12:20:00,6575.94,6586.18,6572.98,6581.09,26104720,false,,false,,
2026-04-07 12:25:00,2026-04-07,12:25:00,6581.3,6587.24,6580.44,6583.54,19875160,false,,false,,
2026-04-07 12:30:00,2026-04-07,12:30:00,6583.22,6585.78,6580.47,6585.78,16679280,false,,false,,
2026-04-07 12:35:00,2026-04-07,12:35:00,6585.77,6586.31,6577.9,6579.47,19708630,false,,false,,
2026-04-07 12:40:00,2026-04-07,12:40:00,6579.53,6583.86,6578.81,6583.86,17003410,false,,false,,
2026-04-07 12:45:00,2026-04-07,12:45:00,6583.99,6591.71,6583.99,6588.92,20020450,false,,false,,
2026-04-07 12:50:00,2026-04-07,12:50:00,6588.77,6591.43,6587.17,6589.34,18596640,false,,false,,
2026-04-07 12:55:00,2026-04-07,12:55:00,6589.3,6589.3,6584.22,6584.51,16653970,false,,false,,
2026-04-07 13:00:00,2026-04-07,13:00:00,6584.49,6591.87,6582.35,6590.53,20834750,false,,false,,
2026-04-07 13:05:00,2026-04-07,13:05:00,6590.39,6591.34,6587.74,6588.84,15993880,false,,false,,
2026-04-07 13:10:00,2026-04-07,13:10:00,6588.8,6589.96,6585.89,6586.91,17707790,false,,false,,
2026-04-07 13:15:00,2026-04-07,13:15:00,6586.8,6587.72,6582.92,6584.39,18683980,false,,false,,
2026-04-07 13:20:00,2026-04-07,13:20:00,6584.32,6584.32,6579.34,6582.23,16450950,false,,false,,
2026-04-07 13:25:00,2026-04-07,13:25:00,6582.23,6583.56,6579.12,6581.49,16117700,false,,false,,
2026-04-07 13:30:00,2026-04-07,13:30:00,6581.68,6591.5,6580.92,6591.11,19163510,false,,false,,
2026-04-07 13:35:00,2026-04-07,13:35:00,6591.18,6606.32,6591.18,6598.83,28442010,true,6600,true,6600,6600:from_below
2026-04-07 13:40:00,2026-04-07,13:40:00,6598.86,6598.86,6591.04,6591.62,17683850,true,6600,false,,
2026-04-07 13:45:00,2026-04-07,13:45:00,6591.6,6592.1,6588.33,6591.83,17237020,false,,false,,
2026-04-07 13:50:00,2026-04-07,13:50:00,6591.94,6596.12,6591.74,6593.38,15967800,false,,false,,
2026-04-07 13:55:00,2026-04-07,13:55:00,6593.44,6593.58,6590.06,6590.92,16684650,false,,false,,
2026-04-07 14:00:00,2026-04-07,14:00:00,6590.93,6592.93,6589.61,6589.86,19725980,false,,false,,
2026-04-07 14:05:00,2026-04-07,14:05:00,6589.92,6590.1,6585.49,6587.23,16320380,false,,false,,
2026-04-07 14:10:00,2026-04-07,14:10:00,6587.28,6588.75,6584.83,6588.21,17702450,false,,false,,
2026-04-07 14:15:00,2026-04-07,14:15:00,6588.17,6591.78,6587.17,6591.78,15816200,false,,false,,
2026-04-07 14:20:00,2026-04-07,14:20:00,6591.78,6592.48,6585.3,6585.56,17256550,false,,false,,
2026-04-07 14:25:00,2026-04-07,14:25:00,6585.68,6587.33,6584.57,6585.1,16573150,false,,false,,
2026-04-07 14:30:00,2026-04-07,14:30:00,6585.16,6586.57,6583.28,6585.98,16729490,false,,false,,
2026-04-07 14:35:00,2026-04-07,14:35:00,6585.96,6586.35,6581.84,6582.66,18346610,false,,false,,
2026-04-07 14:40:00,2026-04-07,14:40:00,6582.72,6583.45,6575.67,6578.54,23881450,false,,false,,
2026-04-07 14:45:00,2026-04-07,14:45:00,6578.52,6578.58,6573.56,6573.93,24132120,false,,false,,
2026-04-07 14:50:00,2026-04-07,14:50:00,6574,6574,6565.3,6565.63,20377680,false,,false,,
2026-04-07 14:55:00,2026-04-07,14:55:00,6565.68,6565.68,6558.34,6563.4,27432550,false,,false,,
2026-04-07 15:00:00,2026-04-07,15:00:00,6563.41,6567.31,6559.82,6564.33,21549290,false,,false,,
2026-04-07 15:05:00,2026-04-07,15:05:00,6564.32,6566.53,6557.9,6561.71,26213950,false,,false,,
2026-04-07 15:10:00,2026-04-07,15:10:00,6561.68,6568.5,6561.39,6568.09,22403420,false,,false,,
2026-04-07 15:15:00,2026-04-07,15:15:00,6568.07,6597.6,6567.23,6595.63,39740130,false,,false,,
2026-04-07 15:20:00,2026-04-07,15:20:00,6595.28,6603.97,6584.86,6589.62,37106630,true,6600,true,6600,6600:from_below
2026-04-07 15:25:00,2026-04-07,15:25:00,6589.05,6591.53,6583.87,6590.26,29847640,false,,false,,
2026-04-07 15:30:00,2026-04-07,15:30:00,6590.23,6590.6,6587.04,6587.96,29796420,false,,false,,
2026-04-07 15:35:00,2026-04-07,15:35:00,6588.08,6588.23,6583.12,6583.59,33512520,false,,false,,
2026-04-07 15:40:00,2026-04-07,15:40:00,6583.6,6594.09,6582.57,6591.4,41010090,false,,false,,
2026-04-07 15:45:00,2026-04-07,15:45:00,6591.26,6613.09,6588.38,6600.23,70904150,true,6600,true,6600,6600:from_below
2026-04-07 15:50:00,2026-04-07,15:50:00,6604.37,6610.77,6601.71,6607.77,64676410,true,6600,false,,
2026-04-07 15:55:00,2026-04-07,15:55:00,6607.73,6618.26,6607.73,6618.26,177427480,false,,false,,
2026-04-07 16:00:00,2026-04-07,16:00:00,6616.85,6616.91,6616.82,6616.84,455530280,false,,false,,
2026-04-08 09:30:00,2026-04-08,09:30:00,6754.36,6793.5,6754.36,6785.46,243437370,false,,false,,
2026-04-08 09:35:00,2026-04-08,09:35:00,6785.64,6788.08,6777.48,6777.95,94557330,false,,false,,
2026-04-08 09:40:00,2026-04-08,09:40:00,6778.61,6780.28,6772.82,6776.54,75760120,false,,false,,
2026-04-08 09:45:00,2026-04-08,09:45:00,6775.87,6787.95,6774.55,6785.44,71945200,false,,false,,
2026-04-08 09:50:00,2026-04-08,09:50:00,6785.48,6785.48,6764.38,6764.97,58249650,false,,false,,
2026-04-08 09:55:00,2026-04-08,09:55:00,6764.83,6773.4,6763.96,6773.28,56130350,false,,false,,
2026-04-08 10:00:00,2026-04-08,10:00:00,6770.11,6775.39,6769.98,6774.36,56718580,false,,false,,
2026-04-08 10:05:00,2026-04-08,10:05:00,6774.45,6775.59,6766.01,6772.56,49679470,false,,false,,
2026-04-08 10:10:00,2026-04-08,10:10:00,6772.5,6775,6768.48,6773.18,42911030,false,,false,,
2026-04-08 10:15:00,2026-04-08,10:15:00,6773.15,6775.91,6767.51,6769.97,41639840,false,,false,,
2026-04-08 10:20:00,2026-04-08,10:20:00,6770.02,6775.49,6769.66,6772.08,36426730,false,,false,,
2026-04-08 10:25:00,2026-04-08,10:25:00,6771.85,6771.85,6765.08,6765.13,38989550,false,,false,,
2026-04-08 10:30:00,2026-04-08,10:30:00,6765.2,6767.23,6758.75,6760.74,40801650,false,,false,,
2026-04-08 10:35:00,2026-04-08,10:35:00,6760.81,6762.4,6756.13,6756.45,40287160,false,,false,,
2026-04-08 10:40:00,2026-04-08,10:40:00,6756.72,6763.06,6756.58,6757.89,35265790,false,,false,,
2026-04-08 10:45:00,2026-04-08,10:45:00,6757.88,6759.73,6751.69,6758.33,38632720,true,6750,true,6750,6750:from_above
2026-04-08 10:50:00,2026-04-08,10:50:00,6758.73,6758.73,6750.76,6754.95,30047670,true,6750,false,,
2026-04-08 10:55:00,2026-04-08,10:55:00,6754.84,6754.84,6740.28,6752.44,40790620,true,6750,false,,
2026-04-08 11:00:00,2026-04-08,11:00:00,6752.54,6763.1,6752.54,6760.85,31657410,false,,false,,
2026-04-08 11:05:00,2026-04-08,11:05:00,6760.68,6761.36,6750.88,6751.1,32184840,true,6750,true,6750,6750:from_above
2026-04-08 11:10:00,2026-04-08,11:10:00,6751.09,6757.01,6749.05,6755.69,30912330,true,6750,false,,
2026-04-08 11:15:00,2026-04-08,11:15:00,6755.54,6758.4,6752.33,6758.4,28283680,false,,false,,
2026-04-08 11:20:00,2026-04-08,11:20:00,6758.41,6759.38,6755.25,6759.35,31425940,false,,false,,
2026-04-08 11:25:00,2026-04-08,11:25:00,6759.38,6759.63,6754.41,6754.58,33118580,false,,false,,
2026-04-08 11:30:00,2026-04-08,11:30:00,6754.45,6761.97,6754.34,6761.9,30858660,false,,false,,
2026-04-08 11:35:00,2026-04-08,11:35:00,6761.97,6767.07,6761.55,6766.14,26797810,false,,false,,
2026-04-08 11:40:00,2026-04-08,11:40:00,6766.22,6766.83,6762.25,6766,24782300,false,,false,,
2026-04-08 11:45:00,2026-04-08,11:45:00,6766.15,6772.66,6766.15,6772.36,25699580,false,,false,,
2026-04-08 11:50:00,2026-04-08,11:50:00,6772.48,6774.65,6772.16,6773.42,25066360,false,,false,,
2026-04-08 11:55:00,2026-04-08,11:55:00,6773.4,6774.95,6772.54,6772.99,24182960,false,,false,,
2026-04-08 12:00:00,2026-04-08,12:00:00,6773,6780.66,6772.97,6778.02,25912220,false,,false,,
2026-04-08 12:05:00,2026-04-08,12:05:00,6778.03,6778.37,6776.07,6776.23,21193660,false,,false,,
2026-04-08 12:10:00,2026-04-08,12:10:00,6776.3,6777.62,6773.47,6773.47,23716690,false,,false,,
2026-04-08 12:15:00,2026-04-08,12:15:00,6773.57,6774.41,6769.41,6771.78,25624440,false,,false,,
2026-04-08 12:20:00,2026-04-08,12:20:00,6771.84,6774.16,6770.85,6773.31,25109080,false,,false,,
2026-04-08 12:25:00,2026-04-08,12:25:00,6773.3,6775.35,6772.29,6774.54,24018410,false,,false,,
2026-04-08 12:30:00,2026-04-08,12:30:00,6774.7,6778.43,6773.45,6778.43,23705910,false,,false,,
2026-04-08 12:35:00,2026-04-08,12:35:00,6778.44,6779.87,6776.9,6779.87,23114950,false,,false,,
2026-04-08 12:40:00,2026-04-08,12:40:00,6779.9,6783.46,6779.69,6783.39,22404340,false,,false,,
2026-04-08 12:45:00,2026-04-08,12:45:00,6783.35,6785.54,6782.95,6784.81,22628460,false,,false,,
2026-04-08 12:50:00,2026-04-08,12:50:00,6784.62,6785.7,6783.38,6784.74,22187860,false,,false,,
2026-04-08 12:55:00,2026-04-08,12:55:00,6784.71,6786.62,6784.4,6784.9,21790240,false,,false,,
2026-04-08 13:00:00,2026-04-08,13:00:00,6784.96,6788.32,6784.75,6785.1,22992540,false,,false,,
2026-04-08 13:05:00,2026-04-08,13:05:00,6785.16,6785.21,6781.77,6782.7,22299420,false,,false,,
2026-04-08 13:10:00,2026-04-08,13:10:00,6782.69,6784.46,6782.1,6782.96,19740530,false,,false,,
2026-04-08 13:15:00,2026-04-08,13:15:00,6783.07,6784.7,6780.24,6781.41,20579680,false,,false,,
2026-04-08 13:20:00,2026-04-08,13:20:00,6781.47,6782.83,6776.32,6776.48,23035290,false,,false,,
2026-04-08 13:25:00,2026-04-08,13:25:00,6776.84,6777.97,6772.37,6774.04,22294710,false,,false,,
2026-04-08 13:30:00,2026-04-08,13:30:00,6774.02,6777.7,6773.93,6775.65,22251580,false,,false,,
2026-04-08 13:35:00,2026-04-08,13:35:00,6775.64,6779.04,6772.51,6776.76,26561940,false,,false,,
2026-04-08 13:40:00,2026-04-08,13:40:00,6776.66,6780.64,6775.78,6780.06,22716280,false,,false,,
2026-04-08 13:45:00,2026-04-08,13:45:00,6780.16,6781.34,6778.45,6778.45,21647470,false,,false,,
2026-04-08 13:50:00,2026-04-08,13:50:00,6778.53,6781.79,6778.53,6780.59,21641890,false,,false,,
2026-04-08 13:55:00,2026-04-08,13:55:00,6780.55,6782.13,6780.15,6781.84,18112790,false,,false,,
2026-04-08 14:00:00,2026-04-08,14:00:00,6781.86,6786.42,6778.69,6786.36,25054340,false,,false,,
2026-04-08 14:05:00,2026-04-08,14:05:00,6786.44,6788.83,6785.74,6788.78,22210770,false,,false,,
2026-04-08 14:10:00,2026-04-08,14:10:00,6788.74,6788.9,6786.16,6787.46,24190190,false,,false,,
2026-04-08 14:15:00,2026-04-08,14:15:00,6787.45,6790.08,6769.43,6772.46,36040380,false,,false,,
2026-04-08 14:20:00,2026-04-08,14:20:00,6772.45,6777.27,6771.65,6774.45,25375050,false,,false,,
2026-04-08 14:25:00,2026-04-08,14:25:00,6774.39,6777.54,6771.54,6773.46,23362950,false,,false,,
2026-04-08 14:30:00,2026-04-08,14:30:00,6773.44,6777.25,6772.15,6773.04,22743810,false,,false,,
2026-04-08 14:35:00,2026-04-08,14:35:00,6773.01,6774.36,6769.73,6769.79,22742070,false,,false,,
2026-04-08 14:40:00,2026-04-08,14:40:00,6769.84,6769.98,6763.96,6764.21,22538920,false,,false,,
2026-04-08 14:45:00,2026-04-08,14:45:00,6764.3,6767.21,6762.34,6762.99,24095240,false,,false,,
2026-04-08 14:50:00,2026-04-08,14:50:00,6762.97,6765.52,6761.48,6763.28,25904810,false,,false,,
2026-04-08 14:55:00,2026-04-08,14:55:00,6763.31,6763.31,6753.15,6753.97,28412990,false,,false,,
2026-04-08 15:00:00,2026-04-08,15:00:00,6753.86,6760.26,6752.67,6757.09,29708570,false,,false,,
2026-04-08 15:05:00,2026-04-08,15:05:00,6756.96,6762.32,6755.4,6760.51,28597370,false,,false,,
2026-04-08 15:10:00,2026-04-08,15:10:00,6760.57,6768.43,6760.57,6767.78,31008860,false,,false,,
2026-04-08 15:15:00,2026-04-08,15:15:00,6767.85,6768.91,6761.13,6762.68,31312670,false,,false,,
2026-04-08 15:20:00,2026-04-08,15:20:00,6762.66,6763.16,6758.51,6762,32470020,false,,false,,
2026-04-08 15:25:00,2026-04-08,15:25:00,6762.1,6765.18,6759.42,6759.79,32347940,false,,false,,
2026-04-08 15:30:00,2026-04-08,15:30:00,6759.77,6769.77,6759.56,6769.51,35682160,false,,false,,
2026-04-08 15:35:00,2026-04-08,15:35:00,6770.15,6774.05,6768.88,6772.28,41610480,false,,false,,
2026-04-08 15:40:00,2026-04-08,15:40:00,6772.38,6772.38,6766.07,6770.92,42045820,false,,false,,
2026-04-08 15:45:00,2026-04-08,15:45:00,6771,6774.62,6770.64,6773.74,51498560,false,,false,,
2026-04-08 15:50:00,2026-04-08,15:50:00,6773.95,6778,6773.82,6777.19,80896770,false,,false,,
2026-04-08 15:55:00,2026-04-08,15:55:00,6776.97,6783.25,6774.86,6783.07,210965000,false,,false,,
2026-04-08 16:00:00,2026-04-08,16:00:00,6783.33,6783.33,6782.82,6782.82,540928500,false,,false,,
2026-04-09 09:30:00,2026-04-09,09:30:00,6779.35,6779.35,6768.56,6771.3,120401837,false,,false,,
2026-04-09 09:35:00,2026-04-09,09:35:00,6771.17,6777.67,6770.3,6775.72,52298223,false,,false,,
2026-04-09 09:40:00,2026-04-09,09:40:00,6775.36,6782.45,6773.95,6780.27,40469580,false,,false,,
2026-04-09 09:45:00,2026-04-09,09:45:00,6780.52,6781.64,6774.16,6779.31,46835614,false,,false,,
2026-04-09 09:50:00,2026-04-09,09:50:00,6779.19,6779.19,6771.33,6773.03,42035666,false,,false,,
2026-04-09 09:55:00,2026-04-09,09:55:00,6772.8,6777.42,6771.01,6776.66,39548150,false,,false,,
2026-04-09 10:00:00,2026-04-09,10:00:00,6777.04,6779.05,6773.05,6778.52,42926750,false,,false,,
2026-04-09 10:05:00,2026-04-09,10:05:00,6778.34,6781.02,6773.62,6774.06,36137130,false,,false,,
2026-04-09 10:10:00,2026-04-09,10:10:00,6773.92,6778.12,6771.28,6771.28,36878660,false,,false,,
2026-04-09 10:15:00,2026-04-09,10:15:00,6771.22,6771.22,6765.22,6766.96,35475420,false,,false,,
2026-04-09 10:20:00,2026-04-09,10:20:00,6767.29,6771.13,6766.78,6769.45,28573670,false,,false,,
2026-04-09 10:25:00,2026-04-09,10:25:00,6769.61,6769.61,6763.13,6765.16,28574690,false,,false,,
2026-04-09 10:30:00,2026-04-09,10:30:00,6765.88,6767.67,6761.55,6764.89,32422680,false,,false,,
2026-04-09 10:35:00,2026-04-09,10:35:00,6764.94,6768.67,6763.08,6768.67,29962650,false,,false,,
2026-04-09 10:40:00,2026-04-09,10:40:00,6768.65,6770.4,6766.39,6767.36,25400650,false,,false,,
2026-04-09 10:45:00,2026-04-09,10:45:00,6767.42,6773.12,6767.04,6772.07,30003010,false,,false,,
2026-04-09 10:50:00,2026-04-09,10:50:00,6772.13,6775.85,6771.55,6775.66,28873200,false,,false,,
2026-04-09 10:55:00,2026-04-09,10:55:00,6775.72,6778,6773.94,6777.83,27381380,false,,false,,
2026-04-09 11:00:00,2026-04-09,11:00:00,6777.82,6777.93,6770.19,6773.53,32912820,false,,false,,
2026-04-09 11:05:00,2026-04-09,11:05:00,6773.63,6775.41,6771.93,6774.23,24459990,false,,false,,
2026-04-09 11:10:00,2026-04-09,11:10:00,6774.34,6782.11,6773.99,6781.66,26066370,false,,false,,
2026-04-09 11:15:00,2026-04-09,11:15:00,6781.57,6788.24,6781.57,6788.17,30113840,false,,false,,
2026-04-09 11:20:00,2026-04-09,11:20:00,6788.14,6789.35,6784.31,6786.75,29973760,false,,false,,
2026-04-09 11:25:00,2026-04-09,11:25:00,6786.88,6786.88,6781.98,6783.82,25207950,false,,false,,
2026-04-09 11:30:00,2026-04-09,11:30:00,6783.76,6803.63,6781.81,6798.61,40817690,true,6800,true,6800,6800:from_below
2026-04-09 11:35:00,2026-04-09,11:35:00,6798.37,6802.61,6792.51,6796.33,31006950,true,6800,false,,
2026-04-09 11:40:00,2026-04-09,11:40:00,6796.32,6801.6,6796.32,6799.64,28742240,true,6800,false,,
2026-04-09 11:45:00,2026-04-09,11:45:00,6799.52,6808.14,6796.28,6804.85,29843610,true,6800,false,,
2026-04-09 11:50:00,2026-04-09,11:50:00,6804.58,6809.86,6803.73,6809.86,24804260,false,,false,,
2026-04-09 11:55:00,2026-04-09,11:55:00,6809.88,6813.26,6809.69,6812.8,27490410,false,,false,,
2026-04-09 12:00:00,2026-04-09,12:00:00,6812.96,6830.93,6812.92,6824.43,35189690,false,,false,,
2026-04-09 12:05:00,2026-04-09,12:05:00,6824.61,6827.25,6821.7,6823.21,27636210,false,,false,,
2026-04-09 12:10:00,2026-04-09,12:10:00,6823.25,6825.67,6819.69,6819.71,25481830,false,,false,,
2026-04-09 12:15:00,2026-04-09,12:15:00,6819.46,6827.39,6819,6826.97,22830720,false,,false,,
2026-04-09 12:20:00,2026-04-09,12:20:00,6827.03,6827.67,6822.68,6822.68,21181010,false,,false,,
2026-04-09 12:25:00,2026-04-09,12:25:00,6822.66,6824.73,6820.94,6823.32,21252530,false,,false,,
2026-04-09 12:30:00,2026-04-09,12:30:00,6823.35,6823.9,6819.16,6821.41,21421010,false,,false,,
2026-04-09 12:35:00,2026-04-09,12:35:00,6821.38,6821.38,6816.47,6817.92,18585410,false,,false,,
2026-04-09 12:40:00,2026-04-09,12:40:00,6817.92,6818.01,6814.83,6817.36,19335520,false,,false,,
2026-04-09 12:45:00,2026-04-09,12:45:00,6817.39,6817.39,6813.74,6815.5,20182580,false,,false,,
2026-04-09 12:50:00,2026-04-09,12:50:00,6815.31,6824.47,6815.31,6823.52,21928660,false,,false,,
2026-04-09 12:55:00,2026-04-09,12:55:00,6823.44,6823.61,6820.89,6822.36,22270740,false,,false,,
2026-04-09 13:00:00,2026-04-09,13:00:00,6822.42,6825.03,6821.69,6825.03,19324900,false,,false,,
2026-04-09 13:05:00,2026-04-09,13:05:00,6825.27,6830.29,6824.02,6829.04,20322830,false,,false,,
2026-04-09 13:10:00,2026-04-09,13:10:00,6828.99,6830.69,6827.7,6828.39,19986220,false,,false,,
2026-04-09 13:15:00,2026-04-09,13:15:00,6828.47,6833.65,6827.64,6832.18,20417280,false,,false,,
2026-04-09 13:20:00,2026-04-09,13:20:00,6832.25,6832.94,6829.43,6829.67,19608100,false,,false,,
2026-04-09 13:25:00,2026-04-09,13:25:00,6829.82,6830.14,6827.08,6827.35,17722370,false,,false,,
2026-04-09 13:30:00,2026-04-09,13:30:00,6827.34,6827.34,6821.19,6826.5,22862370,false,,false,,
2026-04-09 13:35:00,2026-04-09,13:35:00,6826.45,6834.28,6826.09,6834.23,22860730,false,,false,,
2026-04-09 13:40:00,2026-04-09,13:40:00,6834.23,6835.31,6829.67,6830.31,17571550,false,,false,,
2026-04-09 13:45:00,2026-04-09,13:45:00,6830.49,6833.07,6830.45,6832.49,19175290,false,,false,,
2026-04-09 13:50:00,2026-04-09,13:50:00,6832.4,6832.4,6828.19,6829.45,17042990,false,,false,,
2026-04-09 13:55:00,2026-04-09,13:55:00,6829.54,6829.57,6827.8,6829.47,16007870,false,,false,,
2026-04-09 14:00:00,2026-04-09,14:00:00,6829.53,6830.17,6812.01,6815.06,27190530,false,,false,,
2026-04-09 14:05:00,2026-04-09,14:05:00,6815.04,6821.68,6815.04,6818.91,22857690,false,,false,,
2026-04-09 14:10:00,2026-04-09,14:10:00,6818.9,6819.83,6814.33,6816.65,22235670,false,,false,,
2026-04-09 14:15:00,2026-04-09,14:15:00,6816.76,6819.54,6815.09,6817.48,19560200,false,,false,,
2026-04-09 14:20:00,2026-04-09,14:20:00,6817.59,6818.61,6811.69,6813.1,22672470,false,,false,,
2026-04-09 14:25:00,2026-04-09,14:25:00,6813.09,6815.11,6810.77,6813.09,21775540,false,,false,,
2026-04-09 14:30:00,2026-04-09,14:30:00,6813.09,6814.26,6809.41,6810.77,19036830,false,,false,,
2026-04-09 14:35:00,2026-04-09,14:35:00,6810.61,6817.33,6810.2,6816.81,19090690,false,,false,,
2026-04-09 14:40:00,2026-04-09,14:40:00,6816.86,6817.84,6812.83,6813.93,21073190,false,,false,,
2026-04-09 14:45:00,2026-04-09,14:45:00,6813.96,6816.29,6813.56,6815.85,20088610,false,,false,,
2026-04-09 14:50:00,2026-04-09,14:50:00,6815.89,6816.53,6812.35,6814.53,19730320,false,,false,,
2026-04-09 14:55:00,2026-04-09,14:55:00,6814.67,6817.16,6814.67,6815.81,21880270,false,,false,,
2026-04-09 15:00:00,2026-04-09,15:00:00,6815.81,6821.4,6814.27,6820.36,27635810,false,,false,,
2026-04-09 15:05:00,2026-04-09,15:05:00,6820.44,6824.61,6818.51,6824.6,23814480,false,,false,,
2026-04-09 15:10:00,2026-04-09,15:10:00,6824.63,6826.38,6823.99,6824.52,27122450,false,,false,,
2026-04-09 15:15:00,2026-04-09,15:15:00,6824.72,6825.97,6820.71,6821.41,28079360,false,,false,,
2026-04-09 15:20:00,2026-04-09,15:20:00,6821.39,6823.09,6820.56,6823.09,28998360,false,,false,,
2026-04-09 15:25:00,2026-04-09,15:25:00,6823.04,6824.97,6822.61,6823.14,32580080,false,,false,,
2026-04-09 15:30:00,2026-04-09,15:30:00,6823.31,6830.52,6823.14,6826.98,37110140,false,,false,,
2026-04-09 15:35:00,2026-04-09,15:35:00,6826.94,6829.41,6825.51,6827.17,37843100,false,,false,,
2026-04-09 15:40:00,2026-04-09,15:40:00,6827.1,6828.35,6824.08,6827.94,39489200,false,,false,,
2026-04-09 15:45:00,2026-04-09,15:45:00,6827.89,6829.33,6825.3,6825.91,49654880,false,,false,,
2026-04-09 15:50:00,2026-04-09,15:50:00,6825.94,6830.37,6825.94,6829.76,75469170,false,,false,,
2026-04-09 15:55:00,2026-04-09,15:55:00,6829.66,6829.66,6823.26,6824.96,179276630,false,,false,,
2026-04-09 16:00:00,2026-04-09,16:00:00,6824.45,6824.68,6824.45,6824.67,465214770,false,,false,,
2026-04-10 09:30:00,2026-04-10,09:30:00,6843.16,6845.77,6832.84,6833.49,62996612,false,,false,,
2026-04-10 09:35:00,2026-04-10,09:35:00,6833.34,6835.76,6828.33,6831.14,52056993,false,,false,,
2026-04-10 09:40:00,2026-04-10,09:40:00,6831.23,6834.65,6829.35,6832.93,43631290,false,,false,,
2026-04-10 09:45:00,2026-04-10,09:45:00,6833.06,6834.61,6826.6,6828.74,56100266,false,,false,,
2026-04-10 09:50:00,2026-04-10,09:50:00,6828.85,6832.16,6824.9,6831.67,44410920,false,,false,,
2026-04-10 09:55:00,2026-04-10,09:55:00,6831.55,6833.06,6829.31,6832.79,37973650,false,,false,,
2026-04-10 10:00:00,2026-04-10,10:00:00,6832.78,6832.78,6823.46,6829.23,38316610,false,,false,,
2026-04-10 10:05:00,2026-04-10,10:05:00,6828.95,6831.19,6826.78,6829.17,32161840,false,,false,,
2026-04-10 10:10:00,2026-04-10,10:10:00,6828.94,6836.47,6824.7,6836.12,36354820,false,,false,,
2026-04-10 10:15:00,2026-04-10,10:15:00,6836.21,6837.71,6833.41,6837.71,30850690,false,,false,,
2026-04-10 10:20:00,2026-04-10,10:20:00,6837.48,6838.25,6835.54,6838.24,27539950,false,,false,,
2026-04-10 10:25:00,2026-04-10,10:25:00,6838.16,6839.83,6836.72,6839.66,27305190,false,,false,,
2026-04-10 10:30:00,2026-04-10,10:30:00,6839.58,6843.43,6839.07,6839.2,41432470,false,,false,,
2026-04-10 10:35:00,2026-04-10,10:35:00,6839.25,6840.58,6837.15,6837.52,38187710,false,,false,,
2026-04-10 10:40:00,2026-04-10,10:40:00,6837.45,6838.9,6829.39,6832.56,32642260,false,,false,,
2026-04-10 10:45:00,2026-04-10,10:45:00,6832.59,6836.96,6830.36,6830.36,29201430,false,,false,,
2026-04-10 10:50:00,2026-04-10,10:50:00,6830.55,6836.53,6830.55,6831.89,27725440,false,,false,,
2026-04-10 10:55:00,2026-04-10,10:55:00,6831.89,6838.76,6830.54,6837.39,25880610,false,,false,,
2026-04-10 11:00:00,2026-04-10,11:00:00,6837.23,6837.88,6834.47,6834.71,31544930,false,,false,,
2026-04-10 11:05:00,2026-04-10,11:05:00,6834.81,6839.28,6832.52,6838.13,28661750,false,,false,,
2026-04-10 11:10:00,2026-04-10,11:10:00,6838.06,6841.1,6836.29,6840.05,26471420,false,,false,,
2026-04-10 11:15:00,2026-04-10,11:15:00,6840.04,6842.26,6838.88,6839.27,27380630,false,,false,,
2026-04-10 11:20:00,2026-04-10,11:20:00,6839.53,6844.33,6839,6843.58,28038620,false,,false,,
2026-04-10 11:25:00,2026-04-10,11:25:00,6843.53,6843.53,6835.34,6835.84,26771470,false,,false,,
2026-04-10 11:30:00,2026-04-10,11:30:00,6835.74,6837.56,6830.52,6832.18,27468800,false,,false,,
2026-04-10 11:35:00,2026-04-10,11:35:00,6832.04,6832.67,6827.78,6827.98,26392030,false,,false,,
2026-04-10 11:40:00,2026-04-10,11:40:00,6827.85,6829.03,6824.7,6828.34,26101660,false,,false,,
2026-04-10 11:45:00,2026-04-10,11:45:00,6828.29,6830.11,6825.3,6825.96,21600590,false,,false,,
2026-04-10 11:50:00,2026-04-10,11:50:00,6825.99,6826.56,6820.68,6820.7,21040340,false,,false,,
2026-04-10 11:55:00,2026-04-10,11:55:00,6820.77,6820.86,6814.7,6817.01,24089170,false,,false,,
2026-04-10 12:00:00,2026-04-10,12:00:00,6817.29,6818.36,6814.9,6816.26,20889730,false,,false,,
2026-04-10 12:05:00,2026-04-10,12:05:00,6816.3,6818.68,6814.46,6816.87,18786720,false,,false,,
2026-04-10 12:10:00,2026-04-10,12:10:00,6816.88,6824.09,6816.75,6822.58,20269040,false,,false,,
2026-04-10 12:15:00,2026-04-10,12:15:00,6822.66,6824.56,6821.05,6821.79,18685620,false,,false,,
2026-04-10 12:20:00,2026-04-10,12:20:00,6821.78,6822.32,6818.22,6822.31,20273490,false,,false,,
2026-04-10 12:25:00,2026-04-10,12:25:00,6822.28,6822.28,6818.77,6818.96,18276250,false,,false,,
2026-04-10 12:30:00,2026-04-10,12:30:00,6819.02,6820.37,6815.69,6817.2,16629310,false,,false,,
2026-04-10 12:35:00,2026-04-10,12:35:00,6817.18,6817.36,6813.86,6814.34,14864580,false,,false,,
2026-04-10 12:40:00,2026-04-10,12:40:00,6814.37,6815.05,6809.04,6810.02,17948390,false,,false,,
2026-04-10 12:45:00,2026-04-10,12:45:00,6809.96,6815.42,6809.85,6815.42,17969360,false,,false,,
2026-04-10 12:50:00,2026-04-10,12:50:00,6816.23,6819.74,6813.81,6818.87,21918680,false,,false,,
2026-04-10 12:55:00,2026-04-10,12:55:00,6818.84,6819.05,6817.15,6818.32,15681010,false,,false,,
2026-04-10 13:00:00,2026-04-10,13:00:00,6818.31,6818.34,6811.68,6811.76,17522750,false,,false,,
2026-04-10 13:05:00,2026-04-10,13:05:00,6811.75,6813.62,6810.16,6812.89,16099640,false,,false,,
2026-04-10 13:10:00,2026-04-10,13:10:00,6812.75,6815.13,6810.55,6814.54,15444760,false,,false,,
2026-04-10 13:15:00,2026-04-10,13:15:00,6814.63,6815.39,6812.13,6813.88,16973730,false,,false,,
2026-04-10 13:20:00,2026-04-10,13:20:00,6813.99,6813.99,6810.05,6812.04,18459950,false,,false,,
2026-04-10 13:25:00,2026-04-10,13:25:00,6812.08,6814.51,6810.07,6810.47,17701790,false,,false,,
2026-04-10 13:30:00,2026-04-10,13:30:00,6810.51,6813.81,6808.46,6812,18410850,false,,false,,
2026-04-10 13:35:00,2026-04-10,13:35:00,6812.09,6813.86,6810.99,6813.69,19143480,false,,false,,
2026-04-10 13:40:00,2026-04-10,13:40:00,6813.65,6815.84,6811.63,6815.29,17029660,false,,false,,
2026-04-10 13:45:00,2026-04-10,13:45:00,6815.35,6816.52,6814.95,6815.91,14735100,false,,false,,
2026-04-10 13:50:00,2026-04-10,13:50:00,6815.88,6818.71,6815.75,6818.7,15854440,false,,false,,
2026-04-10 13:55:00,2026-04-10,13:55:00,6818.67,6818.94,6817.51,6818.3,16704570,false,,false,,
2026-04-10 14:00:00,2026-04-10,14:00:00,6818.36,6818.36,6813.81,6813.82,21858580,false,,false,,
2026-04-10 14:05:00,2026-04-10,14:05:00,6813.87,6814.89,6812,6813.63,21166240,false,,false,,
2026-04-10 14:10:00,2026-04-10,14:10:00,6813.59,6816.29,6813.11,6815.24,22483970,false,,false,,
2026-04-10 14:15:00,2026-04-10,14:15:00,6815.3,6818.7,6815.3,6818.46,21253030,false,,false,,
2026-04-10 14:20:00,2026-04-10,14:20:00,6818.46,6820.31,6818.1,6818.35,19263400,false,,false,,
2026-04-10 14:25:00,2026-04-10,14:25:00,6818.4,6818.55,6816.89,6817.4,18260880,false,,false,,
2026-04-10 14:30:00,2026-04-10,14:30:00,6817.39,6817.97,6815.54,6816.88,19460020,false,,false,,
2026-04-10 14:35:00,2026-04-10,14:35:00,6816.88,6817.43,6815.38,6815.86,19774410,false,,false,,
2026-04-10 14:40:00,2026-04-10,14:40:00,6815.86,6816.54,6812.54,6814.85,17749340,false,,false,,
2026-04-10 14:45:00,2026-04-10,14:45:00,6814.68,6815.95,6814.02,6815.22,17515350,false,,false,,
2026-04-10 14:50:00,2026-04-10,14:50:00,6815.22,6816.25,6814.59,6816.25,19107190,false,,false,,
2026-04-10 14:55:00,2026-04-10,14:55:00,6816.33,6817.17,6815.02,6816.81,21512790,false,,false,,
2026-04-10 15:00:00,2026-04-10,15:00:00,6816.82,6819.99,6816.65,6819.59,22770570,false,,false,,
2026-04-10 15:05:00,2026-04-10,15:05:00,6819.57,6821.09,6818.83,6819.51,22894180,false,,false,,
2026-04-10 15:10:00,2026-04-10,15:10:00,6819.57,6823.42,6819.37,6823.08,22196020,false,,false,,
2026-04-10 15:15:00,2026-04-10,15:15:00,6823.13,6823.2,6821.31,6822.45,24486220,false,,false,,
2026-04-10 15:20:00,2026-04-10,15:20:00,6822.55,6823.37,6819.92,6820.47,28364430,false,,false,,
2026-04-10 15:25:00,2026-04-10,15:25:00,6820.36,6820.36,6818.44,6820.32,26201220,false,,false,,
2026-04-10 15:30:00,2026-04-10,15:30:00,6820.38,6820.38,6816.77,6817.18,33252520,false,,false,,
2026-04-10 15:35:00,2026-04-10,15:35:00,6817.15,6818.12,6813.29,6813.86,37482190,false,,false,,
2026-04-10 15:40:00,2026-04-10,15:40:00,6814.08,6815.6,6810.81,6814.45,39132970,false,,false,,
2026-04-10 15:45:00,2026-04-10,15:45:00,6814.5,6815.64,6810.4,6812.15,45555580,false,,false,,
2026-04-10 15:50:00,2026-04-10,15:50:00,6812.25,6815.54,6810.53,6812.53,74543030,false,,false,,
2026-04-10 15:55:00,2026-04-10,15:55:00,6812.47,6817.89,6810.73,6817.89,189558970,false,,false,,
2026-04-10 16:00:00,2026-04-10,16:00:00,6817.07,6817.08,6816.77,6816.9,452137700,false,,false,,
2026-04-13 09:30:00,2026-04-13,09:30:00,6800.98,6803.76,6794.68,6798.43,69773176,true,6800,true,6800,6800:from_above
2026-04-13 09:35:00,2026-04-13,09:35:00,6798.51,6798.51,6790.42,6796.05,46880330,true,6800,false,,
2026-04-13 09:40:00,2026-04-13,09:40:00,6795.85,6797.35,6792.34,6793.03,39988720,false,,false,,
2026-04-13 09:45:00,2026-04-13,09:45:00,6793.04,6811.7,6790.02,6811.41,41137411,true,6800,true,6800,6800:from_below
2026-04-13 09:50:00,2026-04-13,09:50:00,6811.33,6816.54,6803.53,6810.59,33146427,false,,false,,
2026-04-13 09:55:00,2026-04-13,09:55:00,6810.88,6820.13,6807.74,6820.08,31193940,false,,false,,
2026-04-13 10:00:00,2026-04-13,10:00:00,6820.77,6823.15,6812.75,6817.63,37860190,false,,false,,
2026-04-13 10:05:00,2026-04-13,10:05:00,6817.63,6821.11,6815.93,6817.89,33811050,false,,false,,
2026-04-13 10:10:00,2026-04-13,10:10:00,6817.77,6817.77,6812.57,6814.6,29490920,false,,false,,
2026-04-13 10:15:00,2026-04-13,10:15:00,6814.71,6814.74,6809.35,6813.13,26137920,false,,false,,
2026-04-13 10:20:00,2026-04-13,10:20:00,6813.24,6818.49,6808.75,6817.67,27545900,false,,false,,
2026-04-13 10:25:00,2026-04-13,10:25:00,6817.6,6819.24,6815.85,6818.86,23218560,false,,false,,
2026-04-13 10:30:00,2026-04-13,10:30:00,6819.04,6822.99,6818.5,6821.8,25323940,false,,false,,
2026-04-13 10:35:00,2026-04-13,10:35:00,6821.51,6821.51,6816.92,6818.83,24095130,false,,false,,
2026-04-13 10:40:00,2026-04-13,10:40:00,6818.79,6824.27,6818.56,6823.71,24924790,false,,false,,
2026-04-13 10:45:00,2026-04-13,10:45:00,6823.75,6824.61,6819.32,6820.08,27021660,false,,false,,
2026-04-13 10:50:00,2026-04-13,10:50:00,6820.12,6825.9,6819.22,6825.08,27070710,false,,false,,
2026-04-13 10:55:00,2026-04-13,10:55:00,6825.16,6830.41,6823.06,6829.29,30504160,false,,false,,
2026-04-13 11:00:00,2026-04-13,11:00:00,6829.23,6829.23,6821.52,6821.56,29446030,false,,false,,
2026-04-13 11:05:00,2026-04-13,11:05:00,6821.67,6824.26,6820.82,6823.35,27225570,false,,false,,
2026-04-13 11:10:00,2026-04-13,11:10:00,6823.34,6826.76,6822.27,6824.11,24386940,false,,false,,
2026-04-13 11:15:00,2026-04-13,11:15:00,6824.18,6825.8,6820.66,6820.72,24748410,false,,false,,
2026-04-13 11:20:00,2026-04-13,11:20:00,6820.89,6824.59,6820.14,6820.26,28963370,false,,false,,
2026-04-13 11:25:00,2026-04-13,11:25:00,6820.39,6822.09,6818.9,6819.63,28784950,false,,false,,
2026-04-13 11:30:00,2026-04-13,11:30:00,6819.29,6819.36,6816.11,6818.57,26893510,false,,false,,
2026-04-13 11:35:00,2026-04-13,11:35:00,6818.71,6824.95,6817.81,6823.57,26628400,false,,false,,
2026-04-13 11:40:00,2026-04-13,11:40:00,6823.62,6824.53,6818.41,6819.2,21621790,false,,false,,
2026-04-13 11:45:00,2026-04-13,11:45:00,6819.22,6820.03,6817,6818.31,21628580,false,,false,,
2026-04-13 11:50:00,2026-04-13,11:50:00,6818.35,6819.02,6817.01,6817.43,21496200,false,,false,,
2026-04-13 11:55:00,2026-04-13,11:55:00,6817.44,6819.97,6817.18,6818.66,19923390,false,,false,,
2026-04-13 12:00:00,2026-04-13,12:00:00,6818.7,6819.52,6814.08,6815.75,19989850,false,,false,,
2026-04-13 12:05:00,2026-04-13,12:05:00,6815.79,6826.81,6814.54,6821.47,25419210,false,,false,,
2026-04-13 12:10:00,2026-04-13,12:10:00,6821.45,6824.25,6820.81,6822.86,19675910,false,,false,,
2026-04-13 12:15:00,2026-04-13,12:15:00,6822.9,6826.27,6821.59,6825.79,21908560,false,,false,,
2026-04-13 12:20:00,2026-04-13,12:20:00,6825.83,6831.23,6825.79,6830.95,20771300,false,,false,,
2026-04-13 12:25:00,2026-04-13,12:25:00,6831.01,6839.38,6830.61,6837.96,21308640,false,,false,,
2026-04-13 12:30:00,2026-04-13,12:30:00,6838.03,6842.57,6835.39,6838.3,23149740,false,,false,,
2026-04-13 12:35:00,2026-04-13,12:35:00,6837.98,6845.76,6837.69,6840.35,24490070,false,,false,,
2026-04-13 12:40:00,2026-04-13,12:40:00,6839.06,6841.25,6831.29,6839.77,24497250,false,,false,,
2026-04-13 12:45:00,2026-04-13,12:45:00,6839.68,6846.54,6839.15,6844.65,24699250,false,,false,,
2026-04-13 12:50:00,2026-04-13,12:50:00,6844.69,6851.79,6844.26,6845.29,26025960,true,6850,true,6850,6850:from_below
2026-04-13 12:55:00,2026-04-13,12:55:00,6845.27,6847.83,6843.03,6847.05,18748990,false,,false,,
2026-04-13 13:00:00,2026-04-13,13:00:00,6847.12,6849.25,6846.07,6848.55,20377320,true,6850,true,6850,6850:from_below
2026-04-13 13:05:00,2026-04-13,13:05:00,6848.59,6849.23,6844.85,6846.36,17101320,true,6850,false,,
2026-04-13 13:10:00,2026-04-13,13:10:00,6846.39,6847.3,6845.8,6847.03,19719370,false,,false,,
2026-04-13 13:15:00,2026-04-13,13:15:00,6846.99,6851.29,6846.65,6849.94,19074810,true,6850,true,6850,6850:from_below
2026-04-13 13:20:00,2026-04-13,13:20:00,6850.07,6850.07,6847.01,6847.1,15872160,true,6850,false,,
2026-04-13 13:25:00,2026-04-13,13:25:00,6847.14,6848.96,6846.96,6848.95,17776050,true,6850,false,,
2026-04-13 13:30:00,2026-04-13,13:30:00,6848.98,6850.64,6847.4,6847.57,19143500,true,6850,false,,
2026-04-13 13:35:00,2026-04-13,13:35:00,6847.55,6848.22,6845.24,6846.99,20708080,true,6850,false,,
2026-04-13 13:40:00,2026-04-13,13:40:00,6846.93,6847.7,6845.19,6845.37,21830510,false,,false,,
2026-04-13 13:45:00,2026-04-13,13:45:00,6845.4,6845.56,6844.09,6844.62,17844510,false,,false,,
2026-04-13 13:50:00,2026-04-13,13:50:00,6844.59,6846,6842.59,6845.95,18624420,false,,false,,
2026-04-13 13:55:00,2026-04-13,13:55:00,6845.78,6846.95,6845.07,6845.27,17947900,false,,false,,
2026-04-13 14:00:00,2026-04-13,14:00:00,6845.27,6849.22,6845.27,6848.01,21008290,true,6850,true,6850,6850:from_below
2026-04-13 14:05:00,2026-04-13,14:05:00,6848,6849.32,6847.17,6849,20516350,true,6850,false,,
2026-04-13 14:10:00,2026-04-13,14:10:00,6849.01,6850.03,6848.95,6849.59,19112710,true,6850,false,,
2026-04-13 14:15:00,2026-04-13,14:15:00,6849.59,6850.13,6848.55,6848.62,20448650,true,6850,false,,
2026-04-13 14:20:00,2026-04-13,14:20:00,6848.66,6850,6847.66,6847.84,21408300,true,6850,false,,
2026-04-13 14:25:00,2026-04-13,14:25:00,6847.79,6848.14,6846.34,6847.37,18348140,true,6850,false,,
2026-04-13 14:30:00,2026-04-13,14:30:00,6847.34,6849.08,6846.65,6848.82,22070380,true,6850,false,,
2026-04-13 14:35:00,2026-04-13,14:35:00,6849.04,6850.55,6848.41,6850.05,20082780,true,6850,false,,
2026-04-13 14:40:00,2026-04-13,14:40:00,6850.11,6851.95,6849.07,6851.79,20592950,true,6850,false,,
2026-04-13 14:45:00,2026-04-13,14:45:00,6851.75,6855.39,6851.75,6854.82,21241530,true,6850,false,,
2026-04-13 14:50:00,2026-04-13,14:50:00,6854.82,6857.85,6854.18,6857.21,21990520,false,,false,,
2026-04-13 14:55:00,2026-04-13,14:55:00,6857.24,6858.37,6856.65,6857,20487370,false,,false,,
2026-04-13 15:00:00,2026-04-13,15:00:00,6857.02,6859.5,6856.86,6857.6,23266990,false,,false,,
2026-04-13 15:05:00,2026-04-13,15:05:00,6857.64,6857.75,6855.09,6856.73,23743640,false,,false,,
2026-04-13 15:10:00,2026-04-13,15:10:00,6856.65,6856.8,6854.54,6855.73,23761450,false,,false,,
2026-04-13 15:15:00,2026-04-13,15:15:00,6855.68,6858.91,6855.34,6858.37,25376790,false,,false,,
2026-04-13 15:20:00,2026-04-13,15:20:00,6858.46,6861.64,6858.06,6861.3,27100490,false,,false,,
2026-04-13 15:25:00,2026-04-13,15:25:00,6861.33,6862.11,6861.23,6861.99,29342640,false,,false,,
2026-04-13 15:30:00,2026-04-13,15:30:00,6861.87,6866.32,6860.66,6864.84,36018280,false,,false,,
2026-04-13 15:35:00,2026-04-13,15:35:00,6864.84,6868.58,6864.12,6865.54,37492600,false,,false,,
2026-04-13 15:40:00,2026-04-13,15:40:00,6865.49,6866.07,6863.39,6865.37,39308550,false,,false,,
2026-04-13 15:45:00,2026-04-13,15:45:00,6865.41,6865.41,6861.97,6863.93,49123020,false,,false,,
2026-04-13 15:50:00,2026-04-13,15:50:00,6863.97,6882.65,6863.97,6881.15,83571550,false,,false,,
2026-04-13 15:55:00,2026-04-13,15:55:00,6881.19,6887,6881.19,6887,197050460,false,,false,,
2026-04-13 16:00:00,2026-04-13,16:00:00,6885.55,6886.24,6885.55,6886.23,536046100,false,,false,,
2026-04-14 09:30:00,2026-04-14,09:30:00,6913.1,6913.1,6905.17,6909.29,88398047,false,,false,,
2026-04-14 09:35:00,2026-04-14,09:35:00,6909.69,6918.74,6909.56,6915.16,70223330,false,,false,,
2026-04-14 09:40:00,2026-04-14,09:40:00,6915.55,6924.56,6915.53,6923.32,54840114,false,,false,,
2026-04-14 09:45:00,2026-04-14,09:45:00,6923.16,6923.29,6919.17,6922.43,50372590,false,,false,,
2026-04-14 09:50:00,2026-04-14,09:50:00,6922.4,6922.9,6919.28,6920.57,41976170,false,,false,,
2026-04-14 09:55:00,2026-04-14,09:55:00,6920.6,6921.53,6918.37,6919.24,37608180,false,,false,,
2026-04-14 10:00:00,2026-04-14,10:00:00,6919.09,6921.96,6918.8,6920.19,38953390,false,,false,,
2026-04-14 10:05:00,2026-04-14,10:05:00,6920.07,6927.97,6920.07,6927.87,34942880,false,,false,,
2026-04-14 10:10:00,2026-04-14,10:10:00,6927.85,6933.42,6926.01,6933.23,36156660,false,,false,,
2026-04-14 10:15:00,2026-04-14,10:15:00,6933.55,6934.89,6930.51,6930.94,41432430,false,,false,,
2026-04-14 10:20:00,2026-04-14,10:20:00,6931.01,6934.87,6930.85,6932.09,35540070,false,,false,,
2026-04-14 10:25:00,2026-04-14,10:25:00,6932.34,6934.67,6930.3,6934.18,36584820,false,,false,,
2026-04-14 10:30:00,2026-04-14,10:30:00,6934.29,6934.52,6932.64,6933.24,34836660,false,,false,,
2026-04-14 10:35:00,2026-04-14,10:35:00,6933.12,6937.89,6932.36,6932.55,33660590,false,,false,,
2026-04-14 10:40:00,2026-04-14,10:40:00,6932.41,6933.89,6930.44,6932.67,31461210,false,,false,,
2026-04-14 10:45:00,2026-04-14,10:45:00,6932.77,6938.41,6932.59,6937.5,28367210,false,,false,,
2026-04-14 10:50:00,2026-04-14,10:50:00,6937.57,6940.9,6935.31,6940.76,29809480,false,,false,,
2026-04-14 10:55:00,2026-04-14,10:55:00,6940.86,6940.97,6938.94,6940.22,27624480,false,,false,,
2026-04-14 11:00:00,2026-04-14,11:00:00,6940.06,6940.11,6937.04,6937.04,28255780,false,,false,,
2026-04-14 11:05:00,2026-04-14,11:05:00,6936.94,6937.08,6933.23,6933.67,27100430,false,,false,,
2026-04-14 11:10:00,2026-04-14,11:10:00,6933.71,6935.68,6933.27,6934.02,25891430,false,,false,,
2026-04-14 11:15:00,2026-04-14,11:15:00,6934.12,6940.16,6933.71,6939.8,25040940,false,,false,,
2026-04-14 11:20:00,2026-04-14,11:20:00,6940.06,6944.14,6939.41,6943.58,26789430,false,,false,,
2026-04-14 11:25:00,2026-04-14,11:25:00,6943.56,6948.55,6943.54,6946.45,25435120,true,6950,true,6950,6950:from_below
2026-04-14 11:30:00,2026-04-14,11:30:00,6946.51,6950.58,6946.33,6949.22,27008750,true,6950,false,,
2026-04-14 11:35:00,2026-04-14,11:35:00,6949.23,6952.35,6949.2,6951.66,27256850,true,6950,false,,
2026-04-14 11:40:00,2026-04-14,11:40:00,6951.59,6954.52,6949.74,6952.61,27055510,true,6950,false,,
2026-04-14 11:45:00,2026-04-14,11:45:00,6952.61,6955.51,6952.55,6954.12,27110910,false,,false,,
2026-04-14 11:50:00,2026-04-14,11:50:00,6954.01,6957.49,6953.93,6957.24,21802360,false,,false,,
2026-04-14 11:55:00,2026-04-14,11:55:00,6956.86,6956.86,6952.69,6952.94,20584910,false,,false,,
2026-04-14 12:00:00,2026-04-14,12:00:00,6953.03,6956.17,6952.27,6955.54,21155460,false,,false,,
2026-04-14 12:05:00,2026-04-14,12:05:00,6955.53,6956.13,6953.74,6954.96,20311960,false,,false,,
2026-04-14 12:10:00,2026-04-14,12:10:00,6954.94,6955.95,6953.58,6954.57,17690760,false,,false,,
2026-04-14 12:15:00,2026-04-14,12:15:00,6954.58,6956.75,6954.07,6956.73,19161600,false,,false,,
2026-04-14 12:20:00,2026-04-14,12:20:00,6956.74,6959.27,6956.18,6959.1,19281720,false,,false,,
2026-04-14 12:25:00,2026-04-14,12:25:00,6959.25,6961.51,6958.84,6960.29,18016960,false,,false,,
2026-04-14 12:30:00,2026-04-14,12:30:00,6960.33,6961.72,6957.37,6957.5,20294350,false,,false,,
2026-04-14 12:35:00,2026-04-14,12:35:00,6957.62,6959.04,6956.42,6958.44,21602880,false,,false,,
2026-04-14 12:40:00,2026-04-14,12:40:00,6958.48,6959.8,6957.67,6959.23,20304000,false,,false,,
2026-04-14 12:45:00,2026-04-14,12:45:00,6959.42,6960.87,6958.64,6960.7,21643270,false,,false,,
2026-04-14 12:50:00,2026-04-14,12:50:00,6960.74,6961.07,6955.7,6955.89,20475150,false,,false,,
2026-04-14 12:55:00,2026-04-14,12:55:00,6955.86,6956.17,6952.32,6953.61,19272220,false,,false,,
2026-04-14 13:00:00,2026-04-14,13:00:00,6953.6,6957.1,6953.57,6956.05,19027420,false,,false,,
2026-04-14 13:05:00,2026-04-14,13:05:00,6956,6957.8,6955.34,6955.78,19282090,false,,false,,
2026-04-14 13:10:00,2026-04-14,13:10:00,6955.85,6957.63,6955.82,6957.14,16357150,false,,false,,
2026-04-14 13:15:00,2026-04-14,13:15:00,6957.14,6961.47,6956.74,6961.35,19340490,false,,false,,
2026-04-14 13:20:00,2026-04-14,13:20:00,6961.45,6964.14,6961.25,6963.37,20168020,false,,false,,
2026-04-14 13:25:00,2026-04-14,13:25:00,6963.43,6963.49,6960.75,6961.47,19572830,false,,false,,
2026-04-14 13:30:00,2026-04-14,13:30:00,6961.48,6964.65,6961.44,6964.44,19751490,false,,false,,
2026-04-14 13:35:00,2026-04-14,13:35:00,6964.41,6964.95,6963.1,6963.86,21682730,false,,false,,
2026-04-14 13:40:00,2026-04-14,13:40:00,6963.96,6965.23,6963.2,6964.75,18258760,false,,false,,
2026-04-14 13:45:00,2026-04-14,13:45:00,6964.74,6964.89,6963.76,6964.23,16874700,false,,false,,
2026-04-14 13:50:00,2026-04-14,13:50:00,6964.29,6964.78,6960.52,6961.44,17284790,false,,false,,
2026-04-14 13:55:00,2026-04-14,13:55:00,6961.24,6961.96,6959.99,6961.49,19342840,false,,false,,
2026-04-14 14:00:00,2026-04-14,14:00:00,6961.46,6963.1,6961.29,6962.33,23148340,false,,false,,
2026-04-14 14:05:00,2026-04-14,14:05:00,6962.23,6962.94,6961.18,6962.79,22467630,false,,false,,
2026-04-14 14:10:00,2026-04-14,14:10:00,6962.75,6962.75,6959.48,6959.88,20911110,false,,false,,
2026-04-14 14:15:00,2026-04-14,14:15:00,6959.88,6960.09,6952.02,6953.65,22274760,false,,false,,
2026-04-14 14:20:00,2026-04-14,14:20:00,6953.74,6954.94,6946.64,6946.89,22507020,true,6950,true,6950,6950:from_above
2026-04-14 14:25:00,2026-04-14,14:25:00,6947.13,6952.07,6945.8,6949.95,20120500,true,6950,false,,
2026-04-14 14:30:00,2026-04-14,14:30:00,6949.92,6952.39,6949.59,6950.83,18878100,true,6950,false,,
2026-04-14 14:35:00,2026-04-14,14:35:00,6950.92,6954.05,6950.92,6954.01,21347340,true,6950,false,,
2026-04-14 14:40:00,2026-04-14,14:40:00,6954.09,6955.59,6949.47,6949.87,19283410,true,6950,false,,
2026-04-14 14:45:00,2026-04-14,14:45:00,6949.91,6951.56,6947.5,6948.5,20585300,true,6950,false,,
2026-04-14 14:50:00,2026-04-14,14:50:00,6948.5,6951.19,6947.84,6950.38,20295850,true,6950,false,,
2026-04-14 14:55:00,2026-04-14,14:55:00,6950.38,6951.63,6949.69,6951.55,18803110,true,6950,false,,
2026-04-14 15:00:00,2026-04-14,15:00:00,6951.56,6956.3,6950.94,6956.09,29724860,true,6950,false,,
2026-04-14 15:05:00,2026-04-14,15:05:00,6956.06,6958.29,6955.95,6957.86,24787070,false,,false,,
2026-04-14 15:10:00,2026-04-14,15:10:00,6957.91,6961.54,6957.43,6959.44,27689070,false,,false,,
2026-04-14 15:15:00,2026-04-14,15:15:00,6959.41,6962.19,6959.35,6960.87,24697610,false,,false,,
2026-04-14 15:20:00,2026-04-14,15:20:00,6960.83,6964.85,6960.63,6964.64,25065050,false,,false,,
2026-04-14 15:25:00,2026-04-14,15:25:00,6964.73,6966.87,6964.73,6966.65,27805310,false,,false,,
2026-04-14 15:30:00,2026-04-14,15:30:00,6966.49,6969.42,6963.89,6964.09,35515360,false,,false,,
2026-04-14 15:35:00,2026-04-14,15:35:00,6964.09,6967.38,6961.33,6967.01,33367320,false,,false,,
2026-04-14 15:40:00,2026-04-14,15:40:00,6967.07,6967.29,6962.31,6964.27,38706300,false,,false,,
2026-04-14 15:45:00,2026-04-14,15:45:00,6964.37,6965.41,6962.5,6964.58,43357910,false,,false,,
2026-04-14 15:50:00,2026-04-14,15:50:00,6964.56,6967.35,6958.98,6959.19,75969800,false,,false,,
2026-04-14 15:55:00,2026-04-14,15:55:00,6959.14,6967.98,6959.14,6966.77,192643160,false,,false,,
2026-04-14 16:00:00,2026-04-14,16:00:00,6967.64,6967.79,6967.36,6967.39,534963170,false,,false,,
2026-04-15 09:30:00,2026-04-15,09:30:00,6981.54,6983.28,6975.99,6982.54,141767514,false,,false,,
2026-04-15 09:35:00,2026-04-15,09:35:00,6982.36,6988.12,6979.86,6988.12,58269619,false,,false,,
2026-04-15 09:40:00,2026-04-15,09:40:00,6987.8,6988.22,6972.04,6972.92,52831642,false,,false,,
2026-04-15 09:45:00,2026-04-15,09:45:00,6967.13,6976.47,6967.13,6974.88,49024575,false,,false,,
2026-04-15 09:50:00,2026-04-15,09:50:00,6974.83,6975.92,6969.82,6974.07,44962010,false,,false,,
2026-04-15 09:55:00,2026-04-15,09:55:00,6973.97,6981.2,6973.72,6980.76,38506620,false,,false,,
2026-04-15 10:00:00,2026-04-15,10:00:00,6981.47,6981.47,6975.34,6976.58,41465230,false,,false,,
2026-04-15 10:05:00,2026-04-15,10:05:00,6976.57,6979.49,6973.58,6978.71,36711410,false,,false,,
2026-04-15 10:10:00,2026-04-15,10:10:00,6978.74,6983.17,6977.15,6983.12,35619590,false,,false,,
2026-04-15 10:15:00,2026-04-15,10:15:00,6983.22,6987.6,6982.02,6982.47,36314580,false,,false,,
2026-04-15 10:20:00,2026-04-15,10:20:00,6982.53,6991.95,6982.47,6990.67,32258390,false,,false,,
2026-04-15 10:25:00,2026-04-15,10:25:00,6990.6,6992.88,6990,6992.78,30800740,false,,false,,
2026-04-15 10:30:00,2026-04-15,10:30:00,6992.86,6994.7,6988.71,6989.11,34143780,false,,false,,
2026-04-15 10:35:00,2026-04-15,10:35:00,6989.1,6991.43,6983.37,6983.52,33583170,false,,false,,
2026-04-15 10:40:00,2026-04-15,10:40:00,6983.7,6992.01,6983.7,6991.35,28932170,false,,false,,
2026-04-15 10:45:00,2026-04-15,10:45:00,6991.43,6994.39,6990.39,6994.17,28290910,false,,false,,
2026-04-15 10:50:00,2026-04-15,10:50:00,6994.21,6995.26,6990.68,6990.9,26795110,false,,false,,
2026-04-15 10:55:00,2026-04-15,10:55:00,6990.95,6993.75,6990.48,6991.71,28482920,false,,false,,
2026-04-15 11:00:00,2026-04-15,11:00:00,6991.64,6993.56,6989.82,6992.9,33014400,false,,false,,
2026-04-15 11:05:00,2026-04-15,11:05:00,6992.98,6993.98,6988.6,6991.01,28691120,false,,false,,
2026-04-15 11:10:00,2026-04-15,11:10:00,6990.86,6997.14,6990.52,6996.71,29060140,false,,false,,
2026-04-15 11:15:00,2026-04-15,11:15:00,6996.87,6998.26,6995.97,6997.68,28977020,true,7000,true,7000,7000:from_below
2026-04-15 11:20:00,2026-04-15,11:20:00,6997.8,6999.27,6996.55,6997.57,28488990,true,7000,false,,
2026-04-15 11:25:00,2026-04-15,11:25:00,6997.81,6999.84,6997.06,6998.11,27675760,true,7000,false,,
2026-04-15 11:30:00,2026-04-15,11:30:00,6997.96,6997.96,6992.61,6993,27837360,false,,false,,
2026-04-15 11:35:00,2026-04-15,11:35:00,6992.98,6995.7,6992.55,6994.96,27590830,false,,false,,
2026-04-15 11:40:00,2026-04-15,11:40:00,6995.01,6999.45,6995.01,6998.41,26518450,true,7000,true,7000,7000:from_below
2026-04-15 11:45:00,2026-04-15,11:45:00,6998.3,6999.51,6997.41,6998.28,30275620,true,7000,false,,
2026-04-15 11:50:00,2026-04-15,11:50:00,6998.32,6998.89,6995.99,6996.1,23660610,true,7000,false,,
2026-04-15 11:55:00,2026-04-15,11:55:00,6996.15,6996.38,6992.78,6994.95,24345450,false,,false,,
2026-04-15 12:00:00,2026-04-15,12:00:00,6993.59,6995.08,6992.21,6994.74,24231580,false,,false,,
2026-04-15 12:05:00,2026-04-15,12:05:00,6994.69,6998.26,6993.25,6998.14,21343820,true,7000,true,7000,7000:from_below
2026-04-15 12:10:00,2026-04-15,12:10:00,6998.13,6998.22,6996.26,6997.9,21031810,true,7000,false,,
2026-04-15 12:15:00,2026-04-15,12:15:00,6997.86,6999.76,6996.31,6999.7,23136020,true,7000,false,,
2026-04-15 12:20:00,2026-04-15,12:20:00,6999.68,7001.92,6999.68,7001.51,22906990,true,7000,false,,
2026-04-15 12:25:00,2026-04-15,12:25:00,7001.48,7001.48,6997.3,6997.3,22219440,true,7000,false,,
2026-04-15 12:30:00,2026-04-15,12:30:00,6997.34,6997.68,6994.53,6996.11,23944530,false,,false,,
2026-04-15 12:35:00,2026-04-15,12:35:00,6996.04,6998.74,6995.7,6995.75,21098480,true,7000,true,7000,7000:from_below
2026-04-15 12:40:00,2026-04-15,12:40:00,6995.48,6995.51,6986.56,6986.57,29620340,false,,false,,
2026-04-15 12:45:00,2026-04-15,12:45:00,6986.71,6989.93,6983.32,6989.93,28847870,false,,false,,
2026-04-15 12:50:00,2026-04-15,12:50:00,6990.18,6991.43,6983.27,6984.41,27570120,false,,false,,
2026-04-15 12:55:00,2026-04-15,12:55:00,6984.57,6989.26,6979.95,6988.82,25327620,false,,false,,
2026-04-15 13:00:00,2026-04-15,13:00:00,6988.87,6993.73,6987.74,6993.5,22424590,false,,false,,
2026-04-15 13:05:00,2026-04-15,13:05:00,6993.7,6997.85,6993.29,6995.51,21847340,false,,false,,
2026-04-15 13:10:00,2026-04-15,13:10:00,6995.69,6996.46,6994.1,6995.36,18287680,false,,false,,
2026-04-15 13:15:00,2026-04-15,13:15:00,6995.34,6998.24,6995.15,6996.8,17555010,true,7000,true,7000,7000:from_below
2026-04-15 13:20:00,2026-04-15,13:20:00,6996.8,6997.23,6994.57,6996.52,17275720,false,,false,,
2026-04-15 13:25:00,2026-04-15,13:25:00,6996.5,6999.52,6996.33,6998.15,18194000,true,7000,true,7000,7000:from_below
2026-04-15 13:30:00,2026-04-15,13:30:00,6997.92,7001.66,6997.66,7001.56,19040720,true,7000,false,,
2026-04-15 13:35:00,2026-04-15,13:35:00,7001.53,7003.82,7000.14,7000.31,20192320,true,7000,false,,
2026-04-15 13:40:00,2026-04-15,13:40:00,7000.34,7000.34,6996.61,6997.88,18744150,true,7000,false,,
2026-04-15 13:45:00,2026-04-15,13:45:00,6997.92,7000.67,6997.92,6999.56,19134170,true,7000,false,,
2026-04-15 13:50:00,2026-04-15,13:50:00,6999.52,7002.42,6999.35,7001.18,18876790,true,7000,false,,
2026-04-15 13:55:00,2026-04-15,13:55:00,7001.26,7002.07,6997.89,6998.21,18237800,true,7000,false,,
2026-04-15 14:00:00,2026-04-15,14:00:00,6998.25,7008.45,6995.71,7003.42,30151070,true,7000,false,,
2026-04-15 14:05:00,2026-04-15,14:05:00,7003.39,7005.92,7003.09,7004.86,22063970,false,,false,,
2026-04-15 14:10:00,2026-04-15,14:10:00,7004.95,7008.31,7002.91,7007.39,21297180,false,,false,,
2026-04-15 14:15:00,2026-04-15,14:15:00,7007.35,7009.86,7006.62,7007.44,20932980,false,,false,,
2026-04-15 14:20:00,2026-04-15,14:20:00,7007.4,7008.82,7005.38,7008.63,19562830,false,,false,,
2026-04-15 14:25:00,2026-04-15,14:25:00,7008.63,7009.49,7006.87,7008.5,20103740,false,,false,,
2026-04-15 14:30:00,2026-04-15,14:30:00,7008.56,7013.81,7008.56,7013.76,24848340,false,,false,,
2026-04-15 14:35:00,2026-04-15,14:35:00,7013.89,7015.51,7011.69,7013.38,21381020,false,,false,,
2026-04-15 14:40:00,2026-04-15,14:40:00,7013.47,7013.67,7009.87,7012.42,20547690,false,,false,,
2026-04-15 14:45:00,2026-04-15,14:45:00,7012.46,7016.27,7012.46,7016.27,20794420,false,,false,,
2026-04-15 14:50:00,2026-04-15,14:50:00,7016.27,7019.1,7016.27,7018.84,25024760,false,,false,,
2026-04-15 14:55:00,2026-04-15,14:55:00,7018.85,7021.66,7018.08,7020.38,21519390,false,,false,,
2026-04-15 15:00:00,2026-04-15,15:00:00,7020.25,7020.95,7017.57,7020.9,25607210,false,,false,,
2026-04-15 15:05:00,2026-04-15,15:05:00,7020.99,7022.97,7020.99,7022.35,26718850,false,,false,,
2026-04-15 15:10:00,2026-04-15,15:10:00,7022.36,7023.36,7018.19,7018.68,26641450,false,,false,,
2026-04-15 15:15:00,2026-04-15,15:15:00,7018.47,7020.02,7017.66,7019.98,25657800,false,,false,,
2026-04-15 15:20:00,2026-04-15,15:20:00,7020.06,7022.87,7019.36,7021.93,26691110,false,,false,,
2026-04-15 15:25:00,2026-04-15,15:25:00,7021.97,7024.29,7021.12,7024.22,30516140,false,,false,,
2026-04-15 15:30:00,2026-04-15,15:30:00,7024.15,7024.15,7021.64,7023.8,37362020,false,,false,,
2026-04-15 15:35:00,2026-04-15,15:35:00,7023.88,7025.1,7019.33,7019.36,37542140,false,,false,,
2026-04-15 15:40:00,2026-04-15,15:40:00,7019.31,7020.4,7016.5,7018.78,43338450,false,,false,,
2026-04-15 15:45:00,2026-04-15,15:45:00,7018.85,7021.48,7017.1,7019.01,46245680,false,,false,,
2026-04-15 15:50:00,2026-04-15,15:50:00,7019.01,7024.28,7018.72,7022.51,79323390,false,,false,,
2026-04-15 15:55:00,2026-04-15,15:55:00,7022.45,7026.24,7022.09,7022.09,198229090,false,,false,,
2026-04-15 16:00:00,2026-04-15,16:00:00,7022.58,7022.97,7022.58,7022.96,523161940,false,,false,,
2026-04-16 09:30:00,2026-04-16,09:30:00,7040.03,7040.03,7029.84,7035.36,147878436,false,,false,,
2026-04-16 09:35:00,2026-04-16,09:35:00,7035.55,7036.35,7029.55,7029.84,56933355,false,,false,,
2026-04-16 09:40:00,2026-04-16,09:40:00,7030.12,7034.7,7025.28,7032.95,49058691,false,,false,,
2026-04-16 09:45:00,2026-04-16,09:45:00,7033.01,7033.19,7027.86,7030.18,46944218,false,,false,,
2026-04-16 09:50:00,2026-04-16,09:50:00,7030.24,7030.24,7010.05,7010.05,47492720,false,,false,,
2026-04-16 09:55:00,2026-04-16,09:55:00,7010.19,7018.55,7008.52,7018.55,44446230,false,,false,,
2026-04-16 10:00:00,2026-04-16,10:00:00,7017.17,7018.8,7010.31,7017.93,47423590,false,,false,,
2026-04-16 10:05:00,2026-04-16,10:05:00,7018.05,7022.59,7016.27,7020.34,39538820,false,,false,,
2026-04-16 10:10:00,2026-04-16,10:10:00,7020.32,7025.67,7020.01,7020.55,34778480,false,,false,,
2026-04-16 10:15:00,2026-04-16,10:15:00,7020.6,7022.47,7012.8,7013.22,31427120,false,,false,,
2026-04-16 10:20:00,2026-04-16,10:20:00,7013.41,7015.29,7010.51,7014.14,27835550,false,,false,,
2026-04-16 10:25:00,2026-04-16,10:25:00,7014.02,7017.09,7012.27,7015.54,26757960,false,,false,,
2026-04-16 10:30:00,2026-04-16,10:30:00,7015.5,7017.92,7013.72,7017.5,33522970,false,,false,,
2026-04-16 10:35:00,2026-04-16,10:35:00,7017.5,7017.75,7014.45,7014.61,30265560,false,,false,,
2026-04-16 10:40:00,2026-04-16,10:40:00,7014.58,7019.06,7012.85,7019.06,27585060,false,,false,,
2026-04-16 10:45:00,2026-04-16,10:45:00,7018.97,7023.27,7018.11,7023.12,29784340,false,,false,,
2026-04-16 10:50:00,2026-04-16,10:50:00,7023.26,7025.83,7022.22,7024.84,32097270,false,,false,,
2026-04-16 10:55:00,2026-04-16,10:55:00,7024.81,7025.27,7020.23,7024.01,28604730,false,,false,,
2026-04-16 11:00:00,2026-04-16,11:00:00,7023.95,7029.87,7023.95,7029.2,29400320,false,,false,,
2026-04-16 11:05:00,2026-04-16,11:05:00,7029.11,7035.14,7027.24,7034.25,28380350,false,,false,,
2026-04-16 11:10:00,2026-04-16,11:10:00,7034.23,7038.55,7034.23,7038.18,29780110,false,,false,,
2026-04-16 11:15:00,2026-04-16,11:15:00,7038.21,7043.66,7037.58,7037.74,28853540,false,,false,,
2026-04-16 11:20:00,2026-04-16,11:20:00,7037.83,7042.15,7037.83,7040.44,25774160,false,,false,,
2026-04-16 11:25:00,2026-04-16,11:25:00,7040.48,7041.5,7033.2,7033.2,30230650,false,,false,,
2026-04-16 11:30:00,2026-04-16,11:30:00,7032.11,7035.19,7031.01,7034.94,26437810,false,,false,,
2026-04-16 11:35:00,2026-04-16,11:35:00,7035.02,7046.7,7035,7041.2,31330280,false,,false,,
2026-04-16 11:40:00,2026-04-16,11:40:00,7041.18,7041.39,7034.98,7037.65,23103940,false,,false,,
2026-04-16 11:45:00,2026-04-16,11:45:00,7037.68,7039.38,7034.28,7035.58,22994620,false,,false,,
2026-04-16 11:50:00,2026-04-16,11:50:00,7035.73,7041.84,7035.59,7040.78,21815930,false,,false,,
2026-04-16 11:55:00,2026-04-16,11:55:00,7041.06,7046.86,7040.99,7046.61,22266710,false,,false,,
2026-04-16 12:00:00,2026-04-16,12:00:00,7046.59,7048.79,7046.08,7048.31,23105780,true,7050,true,7050,7050:from_below
2026-04-16 12:05:00,2026-04-16,12:05:00,7048.36,7048.87,7045.09,7046.97,21547540,true,7050,false,,
2026-04-16 12:10:00,2026-04-16,12:10:00,7047.01,7049.14,7046.69,7048.57,22783370,true,7050,false,,
2026-04-16 12:15:00,2026-04-16,12:15:00,7048.58,7051.23,7048.54,7050.8,23072230,true,7050,false,,
2026-04-16 12:20:00,2026-04-16,12:20:00,7050.78,7051.04,7043.78,7045.57,21924720,true,7050,false,,
2026-04-16 12:25:00,2026-04-16,12:25:00,7045.51,7046.65,7043.39,7043.64,19619380,false,,false,,
2026-04-16 12:30:00,2026-04-16,12:30:00,7043.7,7044.16,7026.52,7033.28,32000640,false,,false,,
2026-04-16 12:35:00,2026-04-16,12:35:00,7033.43,7040.23,7032.34,7040.14,21643260,false,,false,,
2026-04-16 12:40:00,2026-04-16,12:40:00,7040.14,7041.81,7035.36,7037.5,19439630,false,,false,,
2026-04-16 12:45:00,2026-04-16,12:45:00,7037.59,7040.16,7037.36,7038.1,19074510,false,,false,,
2026-04-16 12:50:00,2026-04-16,12:50:00,7038.2,7039.68,7031.98,7032.41,19930060,false,,false,,
2026-04-16 12:55:00,2026-04-16,12:55:00,7032.48,7035.04,7031.06,7031.27,17384590,false,,false,,
2026-04-16 13:00:00,2026-04-16,13:00:00,7031.49,7032.04,7028.63,7029.53,20915890,false,,false,,
2026-04-16 13:05:00,2026-04-16,13:05:00,7029.65,7030.17,7025.14,7029.57,20574650,false,,false,,
2026-04-16 13:10:00,2026-04-16,13:10:00,7029.5,7030.99,7024.24,7024.27,19440060,false,,false,,
2026-04-16 13:15:00,2026-04-16,13:15:00,7024.26,7025.66,7022.4,7024.88,18838090,false,,false,,
2026-04-16 13:20:00,2026-04-16,13:20:00,7025.01,7030.84,7023.45,7030.76,19610290,false,,false,,
2026-04-16 13:25:00,2026-04-16,13:25:00,7030.76,7032.75,7029.67,7030.74,19247010,false,,false,,
2026-04-16 13:30:00,2026-04-16,13:30:00,7030.78,7034.9,7030.44,7031.76,21290330,false,,false,,
2026-04-16 13:35:00,2026-04-16,13:35:00,7031.84,7033.57,7029.74,7033.26,17176620,false,,false,,
2026-04-16 13:40:00,2026-04-16,13:40:00,7033.22,7038.28,7033.22,7037.74,19280510,false,,false,,
2026-04-16 13:45:00,2026-04-16,13:45:00,7037.73,7038.65,7035.61,7038.43,17530920,false,,false,,
2026-04-16 13:50:00,2026-04-16,13:50:00,7038.4,7038.4,7034.91,7035.13,16421150,false,,false,,
2026-04-16 13:55:00,2026-04-16,13:55:00,7035.16,7035.16,7025.25,7029.88,24119950,false,,false,,
2026-04-16 14:00:00,2026-04-16,14:00:00,7029.82,7034.25,7028.32,7030.22,24353850,false,,false,,
2026-04-16 14:05:00,2026-04-16,14:05:00,7030.23,7031.69,7023.25,7025.18,20902920,false,,false,,
2026-04-16 14:10:00,2026-04-16,14:10:00,7025.26,7029.3,7022.99,7028.66,21433750,false,,false,,
2026-04-16 14:15:00,2026-04-16,14:15:00,7028.72,7030.26,7026.61,7027.43,20354560,false,,false,,
2026-04-16 14:20:00,2026-04-16,14:20:00,7027.48,7029.6,7021.71,7021.94,20824260,false,,false,,
2026-04-16 14:25:00,2026-04-16,14:25:00,7022.23,7023.61,7018.25,7020.95,21135660,false,,false,,
2026-04-16 14:30:00,2026-04-16,14:30:00,7021,7029.3,7021,7028.22,22647760,false,,false,,
2026-04-16 14:35:00,2026-04-16,14:35:00,7028.25,7031.54,7027.43,7029.86,21116810,false,,false,,
2026-04-16 14:40:00,2026-04-16,14:40:00,7029.96,7032.6,7029.82,7031.53,22667950,false,,false,,
2026-04-16 14:45:00,2026-04-16,14:45:00,7031.51,7033.56,7030.57,7031.22,20080570,false,,false,,
2026-04-16 14:50:00,2026-04-16,14:50:00,7031.19,7031.24,7028.88,7029.57,21714140,false,,false,,
2026-04-16 14:55:00,2026-04-16,14:55:00,7029.61,7030.63,7027.56,7030.63,21179920,false,,false,,
2026-04-16 15:00:00,2026-04-16,15:00:00,7030.62,7035.12,7030.62,7033.6,28179890,false,,false,,
2026-04-16 15:05:00,2026-04-16,15:05:00,7033.65,7034.23,7030.69,7031.86,25529370,false,,false,,
2026-04-16 15:10:00,2026-04-16,15:10:00,7031.82,7033.16,7029.85,7031.2,27020650,false,,false,,
2026-04-16 15:15:00,2026-04-16,15:15:00,7031.27,7035.33,7031.27,7034.27,27496420,false,,false,,
2026-04-16 15:20:00,2026-04-16,15:20:00,7034.34,7034.93,7032.56,7033.88,27243400,false,,false,,
2026-04-16 15:25:00,2026-04-16,15:25:00,7033.88,7034.57,7032.71,7032.73,29212610,false,,false,,
2026-04-16 15:30:00,2026-04-16,15:30:00,7032.68,7035.82,7032.03,7034.94,36134700,false,,false,,
2026-04-16 15:35:00,2026-04-16,15:35:00,7034.97,7037.63,7034.08,7037.56,36656640,false,,false,,
2026-04-16 15:40:00,2026-04-16,15:40:00,7037.54,7039.47,7036.67,7036.67,43151070,false,,false,,
2026-04-16 15:45:00,2026-04-16,15:45:00,7036.59,7039.79,7035.21,7039.67,46746480,false,,false,,
2026-04-16 15:50:00,2026-04-16,15:50:00,7039.82,7042.83,7037.25,7039.88,77172340,false,,false,,
2026-04-16 15:55:00,2026-04-16,15:55:00,7039.97,7042.59,7038.81,7039.36,195566820,false,,false,,
2026-04-16 16:00:00,2026-04-16,16:00:00,7040.1,7041.29,7040.1,7041.29,487986260,false,,false,,
2026-04-17 09:30:00,2026-04-17,09:30:00,7084.85,7095.73,7083.36,7093.64,290440780,false,,false,,
2026-04-17 09:35:00,2026-04-17,09:35:00,7093.8,7100.12,7093.35,7095.2,70575450,true,7100,true,7100,7100:from_below
2026-04-17 09:40:00,2026-04-17,09:40:00,7095.16,7096.72,7091.06,7095.61,58334590,false,,false,,
2026-04-17 09:45:00,2026-04-17,09:45:00,7095.83,7099.13,7082.71,7094.78,61257700,true,7100,true,7100,7100:from_below
2026-04-17 09:50:00,2026-04-17,09:50:00,7094.96,7102.61,7094.06,7101.38,50618710,true,7100,false,,
2026-04-17 09:55:00,2026-04-17,09:55:00,7101.45,7108.32,7099.43,7108.18,48286300,true,7100,false,,
2026-04-17 10:00:00,2026-04-17,10:00:00,7108.25,7113.04,7105.95,7112.2,53123290,false,,false,,
2026-04-17 10:05:00,2026-04-17,10:05:00,7112.36,7115.48,7111.57,7115.21,50590000,false,,false,,
2026-04-17 10:10:00,2026-04-17,10:10:00,7115.21,7117.82,7111.78,7115.58,43096600,false,,false,,
2026-04-17 10:15:00,2026-04-17,10:15:00,7115.93,7117.16,7113.04,7114.7,40237560,false,,false,,
2026-04-17 10:20:00,2026-04-17,10:20:00,7114.15,7117.18,7111.63,7116.3,41230670,false,,false,,
2026-04-17 10:25:00,2026-04-17,10:25:00,7116.29,7118.04,7113.92,7116.26,37189120,false,,false,,
2026-04-17 10:30:00,2026-04-17,10:30:00,7116.6,7126.19,7116.6,7125.37,44688500,false,,false,,
2026-04-17 10:35:00,2026-04-17,10:35:00,7125.36,7127.16,7120.85,7127.16,40093800,false,,false,,
2026-04-17 10:40:00,2026-04-17,10:40:00,7127.07,7134.07,7127.07,7132.96,39848660,false,,false,,
2026-04-17 10:45:00,2026-04-17,10:45:00,7133.05,7136.86,7132.24,7136.55,34163850,false,,false,,
2026-04-17 10:50:00,2026-04-17,10:50:00,7136.36,7136.88,7132.65,7133.24,39657480,false,,false,,
2026-04-17 10:55:00,2026-04-17,10:55:00,7133.34,7133.34,7126.37,7129.13,38254000,false,,false,,
2026-04-17 11:00:00,2026-04-17,11:00:00,7129.17,7134.24,7126.57,7130.9,42358980,false,,false,,
2026-04-17 11:05:00,2026-04-17,11:05:00,7130.99,7135.4,7130.49,7133.15,32719830,false,,false,,
2026-04-17 11:10:00,2026-04-17,11:10:00,7133.14,7134.16,7125.44,7126.28,33504670,false,,false,,
2026-04-17 11:15:00,2026-04-17,11:15:00,7126.28,7131.33,7123.5,7125.91,32056630,false,,false,,
2026-04-17 11:20:00,2026-04-17,11:20:00,7125.89,7129.94,7123.5,7128.69,32390150,false,,false,,
2026-04-17 11:25:00,2026-04-17,11:25:00,7128.81,7130.92,7127.41,7130,29978960,false,,false,,
2026-04-17 11:30:00,2026-04-17,11:30:00,7130.01,7136.43,7129.78,7136.28,30708650,false,,false,,
2026-04-17 11:35:00,2026-04-17,11:35:00,7136.42,7137.32,7133.51,7136.6,27231450,false,,false,,
2026-04-17 11:40:00,2026-04-17,11:40:00,7136.71,7136.96,7128.02,7128.1,27266590,false,,false,,
2026-04-17 11:45:00,2026-04-17,11:45:00,7128.11,7134.32,7128.11,7132.35,30737170,false,,false,,
2026-04-17 11:50:00,2026-04-17,11:50:00,7132.34,7137.23,7132.02,7134.84,27541620,false,,false,,
2026-04-17 11:55:00,2026-04-17,11:55:00,7134.79,7136.13,7130.81,7131.1,28071310,false,,false,,
2026-04-17 12:00:00,2026-04-17,12:00:00,7131.02,7138.12,7129.21,7136.99,29987670,false,,false,,
2026-04-17 12:05:00,2026-04-17,12:05:00,7136.74,7140.1,7135.72,7135.9,24341580,false,,false,,
2026-04-17 12:10:00,2026-04-17,12:10:00,7135.86,7139.84,7135.28,7137.77,25355620,false,,false,,
2026-04-17 12:15:00,2026-04-17,12:15:00,7137.7,7138.93,7133.43,7136.52,26904370,false,,false,,
2026-04-17 12:20:00,2026-04-17,12:20:00,7136.55,7139.07,7135.59,7138.76,21158920,false,,false,,
2026-04-17 12:25:00,2026-04-17,12:25:00,7138.76,7139.42,7137.52,7138.89,26783790,false,,false,,
2026-04-17 12:30:00,2026-04-17,12:30:00,7138.9,7143.59,7138.9,7142.73,23280330,false,,false,,
2026-04-17 12:35:00,2026-04-17,12:35:00,7142.8,7145.28,7142.64,7144.35,24373260,false,,false,,
2026-04-17 12:40:00,2026-04-17,12:40:00,7144.4,7145.81,7142.66,7145.81,22837270,false,,false,,
2026-04-17 12:45:00,2026-04-17,12:45:00,7145.75,7147.52,7145.45,7146.01,21017410,false,,false,,
2026-04-17 12:50:00,2026-04-17,12:50:00,7146,7147.09,7144.66,7145.11,20131680,false,,false,,
2026-04-17 12:55:00,2026-04-17,12:55:00,7145.07,7145.24,7142.74,7143.26,22328790,false,,false,,
2026-04-17 13:00:00,2026-04-17,13:00:00,7143.27,7145.54,7142.81,7145,20919380,false,,false,,
2026-04-17 13:05:00,2026-04-17,13:05:00,7145.1,7145.1,7133.15,7137.31,27577430,false,,false,,
2026-04-17 13:10:00,2026-04-17,13:10:00,7137.67,7138.04,7133.57,7136.28,24011380,false,,false,,
2026-04-17 13:15:00,2026-04-17,13:15:00,7136.28,7137.45,7132.68,7133.18,21210080,false,,false,,
2026-04-17 13:20:00,2026-04-17,13:20:00,7133.03,7133.75,7116,7119.98,33125300,false,,false,,
2026-04-17 13:25:00,2026-04-17,13:25:00,7119.89,7124.6,7116.53,7122.85,23487480,false,,false,,
2026-04-17 13:30:00,2026-04-17,13:30:00,7122.78,7126.06,7120.77,7122.15,21330500,false,,false,,
2026-04-17 13:35:00,2026-04-17,13:35:00,7122.11,7127.04,7120.08,7123.96,22238180,false,,false,,
2026-04-17 13:40:00,2026-04-17,13:40:00,7124.06,7125.11,7121.86,7123.13,23193380,false,,false,,
2026-04-17 13:45:00,2026-04-17,13:45:00,7123.09,7130.55,7122.93,7128.43,22639700,false,,false,,
2026-04-17 13:50:00,2026-04-17,13:50:00,7128.38,7130.3,7127.65,7129.25,20266710,false,,false,,
2026-04-17 13:55:00,2026-04-17,13:55:00,7129.4,7130.45,7126.61,7126.84,18817630,false,,false,,
2026-04-17 14:00:00,2026-04-17,14:00:00,7126.84,7128.39,7123.4,7124.13,23005050,false,,false,,
2026-04-17 14:05:00,2026-04-17,14:05:00,7124.08,7124.45,7119.16,7119.51,24101940,false,,false,,
2026-04-17 14:10:00,2026-04-17,14:10:00,7119.5,7121.63,7117.41,7118.13,23407380,false,,false,,
2026-04-17 14:15:00,2026-04-17,14:15:00,7117.97,7122.02,7117.89,7119.78,20091720,false,,false,,
2026-04-17 14:20:00,2026-04-17,14:20:00,7120.13,7122.42,7115.44,7121.86,22768150,false,,false,,
2026-04-17 14:25:00,2026-04-17,14:25:00,7121.76,7126.44,7120.9,7122.06,24812190,false,,false,,
2026-04-17 14:30:00,2026-04-17,14:30:00,7122,7127.42,7122,7126.8,22728560,false,,false,,
2026-04-17 14:35:00,2026-04-17,14:35:00,7126.89,7127.47,7124.62,7125.23,20412910,false,,false,,
2026-04-17 14:40:00,2026-04-17,14:40:00,7125.23,7125.96,7121.79,7124.97,22815340,false,,false,,
2026-04-17 14:45:00,2026-04-17,14:45:00,7124.98,7125.65,7122.8,7123.07,21878220,false,,false,,
2026-04-17 14:50:00,2026-04-17,14:50:00,7123.13,7123.19,7117.37,7118.86,25027820,false,,false,,
2026-04-17 14:55:00,2026-04-17,14:55:00,7118.98,7123.33,7118.66,7120.57,22905550,false,,false,,
2026-04-17 15:00:00,2026-04-17,15:00:00,7120.61,7122.57,7119.82,7120.29,25039160,false,,false,,
2026-04-17 15:05:00,2026-04-17,15:05:00,7120.39,7120.39,7117.19,7118.4,26144620,false,,false,,
2026-04-17 15:10:00,2026-04-17,15:10:00,7118.41,7118.69,7114.03,7115.4,26292280,false,,false,,
2026-04-17 15:15:00,2026-04-17,15:15:00,7115.41,7119.71,7115.06,7118.11,31926170,false,,false,,
2026-04-17 15:20:00,2026-04-17,15:20:00,7118.25,7119.35,7115.88,7117.48,29230070,false,,false,,
2026-04-17 15:25:00,2026-04-17,15:25:00,7117.48,7119.18,7116.18,7116.6,27896610,false,,false,,
2026-04-17 15:30:00,2026-04-17,15:30:00,7116.52,7122.76,7116.52,7121.78,37028600,false,,false,,
2026-04-17 15:35:00,2026-04-17,15:35:00,7121.7,7125,7119.82,7123.92,37521510,false,,false,,
2026-04-17 15:40:00,2026-04-17,15:40:00,7123.99,7127.33,7122.39,7126.72,44518480,false,,false,,
2026-04-17 15:45:00,2026-04-17,15:45:00,7126.7,7126.7,7121.29,7122.33,53237570,false,,false,,
2026-04-17 15:50:00,2026-04-17,15:50:00,7122.42,7125.96,7120.88,7125.75,85727190,false,,false,,
2026-04-17 15:55:00,2026-04-17,15:55:00,7125.78,7127.01,7122.51,7125.11,212182800,false,,false,,
2026-04-17 16:00:00,2026-04-17,16:00:00,7125.57,7126.08,7125.57,7126.05,649959000,false,,false,,
2026-04-20 09:30:00,2026-04-20,09:30:00,7116.79,7120.67,7106.3,7115.41,131301939,false,,false,,
2026-04-20 09:35:00,2026-04-20,09:35:00,7115.55,7117.9,7107.53,7108.78,49921999,false,,false,,
2026-04-20 09:40:00,2026-04-20,09:40:00,7109.28,7113.22,7105.65,7111.33,42503339,false,,false,,
2026-04-20 09:45:00,2026-04-20,09:45:00,7111.46,7115.71,7108.18,7109.49,43372786,false,,false,,
2026-04-20 09:50:00,2026-04-20,09:50:00,7109.58,7117.82,7108.99,7117.7,36549547,false,,false,,
2026-04-20 09:55:00,2026-04-20,09:55:00,7117.63,7122.65,7117.01,7121.55,30606600,false,,false,,
2026-04-20 10:00:00,2026-04-20,10:00:00,7121.56,7121.86,7114.93,7115.72,33978120,false,,false,,
2026-04-20 10:05:00,2026-04-20,10:05:00,7116.43,7120.01,7114,7117.8,30811780,false,,false,,
2026-04-20 10:10:00,2026-04-20,10:10:00,7117.89,7119.97,7110.98,7116.18,32045630,false,,false,,
2026-04-20 10:15:00,2026-04-20,10:15:00,7116.27,7116.27,7111.39,7114.74,33589060,false,,false,,
2026-04-20 10:20:00,2026-04-20,10:20:00,7114.51,7119.38,7113.45,7118.97,28830040,false,,false,,
2026-04-20 10:25:00,2026-04-20,10:25:00,7119.05,7120.87,7112.23,7112.82,29859740,false,,false,,
2026-04-20 10:30:00,2026-04-20,10:30:00,7112.93,7113.55,7107.49,7109.68,27337670,false,,false,,
2026-04-20 10:35:00,2026-04-20,10:35:00,7109.66,7111.05,7106.63,7109.11,23452310,false,,false,,
2026-04-20 10:40:00,2026-04-20,10:40:00,7109.28,7109.43,7102.58,7104.8,27981640,false,,false,,
2026-04-20 10:45:00,2026-04-20,10:45:00,7104.73,7110.83,7102.62,7110.1,24447560,false,,false,,
2026-04-20 10:50:00,2026-04-20,10:50:00,7110.14,7110.88,7089.67,7100.83,39680420,true,7100,true,7100,7100:from_above
2026-04-20 10:55:00,2026-04-20,10:55:00,7101.11,7101.11,7092.81,7095.05,28176160,true,7100,false,,
2026-04-20 11:00:00,2026-04-20,11:00:00,7095.01,7099.39,7088.13,7090.11,27858960,true,7100,false,,
2026-04-20 11:05:00,2026-04-20,11:05:00,7089.97,7092.27,7084.41,7088.76,31940040,false,,false,,
2026-04-20 11:10:00,2026-04-20,11:10:00,7088.66,7094.39,7086.78,7090.63,25281830,false,,false,,
2026-04-20 11:15:00,2026-04-20,11:15:00,7090.8,7094.32,7088.18,7093.44,23353800,false,,false,,
2026-04-20 11:20:00,2026-04-20,11:20:00,7093.43,7103.95,7091.94,7100.47,28561490,true,7100,true,7100,7100:from_below
2026-04-20 11:25:00,2026-04-20,11:25:00,7100.37,7107.36,7099.75,7107.36,25683260,true,7100,false,,
2026-04-20 11:30:00,2026-04-20,11:30:00,7104.02,7105.58,7098.41,7099.38,23234930,true,7100,false,,
2026-04-20 11:35:00,2026-04-20,11:35:00,7099.5,7100.57,7096.66,7100.38,20814650,true,7100,false,,
2026-04-20 11:40:00,2026-04-20,11:40:00,7100.37,7103.87,7098.27,7099.1,21997320,true,7100,false,,
2026-04-20 11:45:00,2026-04-20,11:45:00,7099.31,7102.07,7097.09,7099.2,18866060,true,7100,false,,
2026-04-20 11:50:00,2026-04-20,11:50:00,7099.1,7099.1,7095.19,7098.72,20829870,true,7100,false,,
2026-04-20 11:55:00,2026-04-20,11:55:00,7098.85,7101.18,7098.85,7099.71,19162020,true,7100,false,,
2026-04-20 12:00:00,2026-04-20,12:00:00,7099.69,7100.54,7094.59,7095.39,19001650,true,7100,false,,
2026-04-20 12:05:00,2026-04-20,12:05:00,7095.36,7099.59,7094.93,7098.27,17275490,true,7100,false,,
2026-04-20 12:10:00,2026-04-20,12:10:00,7098.35,7101.17,7098.35,7099.82,16162700,true,7100,false,,
2026-04-20 12:15:00,2026-04-20,12:15:00,7099.88,7100.17,7094.13,7099.48,17284010,true,7100,false,,
2026-04-20 12:20:00,2026-04-20,12:20:00,7099.46,7101.83,7098.13,7100.21,16923750,true,7100,false,,
2026-04-20 12:25:00,2026-04-20,12:25:00,7100.16,7101.66,7099.48,7100.42,15798810,true,7100,false,,
2026-04-20 12:30:00,2026-04-20,12:30:00,7100.4,7104.58,7100.4,7103.61,15549620,true,7100,false,,
2026-04-20 12:35:00,2026-04-20,12:35:00,7103.51,7103.7,7097.88,7099.21,15824780,true,7100,false,,
2026-04-20 12:40:00,2026-04-20,12:40:00,7099.2,7103.47,7098.07,7101.12,16606200,true,7100,false,,
2026-04-20 12:45:00,2026-04-20,12:45:00,7101.16,7102.39,7100.13,7100.87,15598500,true,7100,false,,
2026-04-20 12:50:00,2026-04-20,12:50:00,7100.87,7101.64,7098.92,7101.03,15992490,true,7100,false,,
2026-04-20 12:55:00,2026-04-20,12:55:00,7101.12,7101.12,7098.37,7100.23,16430510,true,7100,false,,
2026-04-20 13:00:00,2026-04-20,13:00:00,7100.11,7101.65,7096.89,7098.74,18156300,true,7100,false,,
2026-04-20 13:05:00,2026-04-20,13:05:00,7098.7,7101.93,7098.02,7101.79,15658140,true,7100,false,,
2026-04-20 13:10:00,2026-04-20,13:10:00,7101.79,7104.53,7101.03,7104.19,15401590,true,7100,false,,
2026-04-20 13:15:00,2026-04-20,13:15:00,7104.22,7107.01,7103.43,7106.41,14722670,false,,false,,
2026-04-20 13:20:00,2026-04-20,13:20:00,7106.35,7107.81,7104.27,7106.39,18306040,false,,false,,
2026-04-20 13:25:00,2026-04-20,13:25:00,7106.38,7106.72,7103.28,7103.28,18289890,false,,false,,
2026-04-20 13:30:00,2026-04-20,13:30:00,7103.34,7103.53,7100.04,7100.58,19329680,true,7100,true,7100,7100:from_above
2026-04-20 13:35:00,2026-04-20,13:35:00,7100.66,7103.17,7100.12,7102.82,19759150,true,7100,false,,
2026-04-20 13:40:00,2026-04-20,13:40:00,7102.8,7105.62,7100.45,7103.06,17825490,true,7100,false,,
2026-04-20 13:45:00,2026-04-20,13:45:00,7103.09,7104.05,7102.58,7103.71,16229930,false,,false,,
2026-04-20 13:50:00,2026-04-20,13:50:00,7103.72,7104.18,7102.44,7104.07,15475940,false,,false,,
2026-04-20 13:55:00,2026-04-20,13:55:00,7104.04,7104.17,7100.69,7101.01,15446400,true,7100,true,7100,7100:from_above
2026-04-20 14:00:00,2026-04-20,14:00:00,7101.07,7101.54,7099.34,7101.18,19995080,true,7100,false,,
2026-04-20 14:05:00,2026-04-20,14:05:00,7101.16,7105.99,7101.16,7105.45,20247570,true,7100,false,,
2026-04-20 14:10:00,2026-04-20,14:10:00,7105.52,7106.01,7100.16,7105.87,21192590,true,7100,false,,
2026-04-20 14:15:00,2026-04-20,14:15:00,7105.86,7108.31,7105.09,7108.1,15912780,false,,false,,
2026-04-20 14:20:00,2026-04-20,14:20:00,7108.08,7109.98,7107.12,7109.98,17290250,false,,false,,
2026-04-20 14:25:00,2026-04-20,14:25:00,7109.95,7109.95,7105.97,7107.2,25115300,false,,false,,
2026-04-20 14:30:00,2026-04-20,14:30:00,7107.25,7108.16,7104.01,7107.05,22750880,false,,false,,
2026-04-20 14:35:00,2026-04-20,14:35:00,7107.04,7107.56,7103.28,7103.28,22290610,false,,false,,
2026-04-20 14:40:00,2026-04-20,14:40:00,7103.33,7106.78,7102.74,7105.45,18697710,false,,false,,
2026-04-20 14:45:00,2026-04-20,14:45:00,7105.45,7107.44,7104.7,7107.26,19834600,false,,false,,
2026-04-20 14:50:00,2026-04-20,14:50:00,7107.24,7109.8,7107.23,7109.76,20349770,false,,false,,
2026-04-20 14:55:00,2026-04-20,14:55:00,7109.83,7109.96,7106.04,7106.6,20870970,false,,false,,
2026-04-20 15:00:00,2026-04-20,15:00:00,7106.63,7108.19,7105.88,7106.41,23603240,false,,false,,
2026-04-20 15:05:00,2026-04-20,15:05:00,7106.42,7109.18,7106.28,7107.96,25099400,false,,false,,
2026-04-20 15:10:00,2026-04-20,15:10:00,7107.92,7108.66,7106.84,7108.46,23232070,false,,false,,
2026-04-20 15:15:00,2026-04-20,15:15:00,7108.22,7108.56,7106.38,7106.81,22568640,false,,false,,
2026-04-20 15:20:00,2026-04-20,15:20:00,7106.88,7107.3,7105.04,7105.24,25760910,false,,false,,
2026-04-20 15:25:00,2026-04-20,15:25:00,7105.29,7105.68,7103.67,7104.27,26552310,false,,false,,
2026-04-20 15:30:00,2026-04-20,15:30:00,7104.32,7105.45,7101.96,7102.04,33306760,true,7100,true,7100,7100:from_above
2026-04-20 15:35:00,2026-04-20,15:35:00,7102.01,7103.81,7101.28,7103.04,35650770,true,7100,false,,
2026-04-20 15:40:00,2026-04-20,15:40:00,7103.02,7103.84,7100.04,7100.48,36638220,true,7100,false,,
2026-04-20 15:45:00,2026-04-20,15:45:00,7100.45,7102.63,7099.72,7102.63,42614420,true,7100,false,,
2026-04-20 15:50:00,2026-04-20,15:50:00,7102.72,7105.76,7100.98,7103.8,73403680,true,7100,false,,
2026-04-20 15:55:00,2026-04-20,15:55:00,7103.79,7110.37,7101.45,7110.37,183243830,true,7100,false,,
2026-04-20 16:00:00,2026-04-20,16:00:00,7109.62,7109.7,7109.13,7109.13,425672130,false,,false,,
2026-04-21 09:30:00,2026-04-21,09:30:00,7122.64,7129.29,7114.76,7117.71,88669156,false,,false,,
2026-04-21 09:35:00,2026-04-21,09:35:00,7117.86,7118.01,7111.05,7113.9,46915163,false,,false,,
2026-04-21 09:40:00,2026-04-21,09:40:00,7113.55,7120.35,7113.33,7120.35,44525134,false,,false,,
2026-04-21 09:45:00,2026-04-21,09:45:00,7120.41,7129.03,7117.74,7126.14,44057691,false,,false,,
2026-04-21 09:50:00,2026-04-21,09:50:00,7126.35,7132.56,7125.43,7130.9,41262781,false,,false,,
2026-04-21 09:55:00,2026-04-21,09:55:00,7130.96,7133.3,7130.33,7131.63,35606750,false,,false,,
2026-04-21 10:00:00,2026-04-21,10:00:00,7131.31,7134.03,7129.33,7130.94,39906030,false,,false,,
2026-04-21 10:05:00,2026-04-21,10:05:00,7130.89,7136.28,7130.16,7135.38,34733870,false,,false,,
2026-04-21 10:10:00,2026-04-21,10:10:00,7135.2,7135.86,7131.3,7134.2,32831370,false,,false,,
2026-04-21 10:15:00,2026-04-21,10:15:00,7134.27,7137.27,7132.25,7132.77,33931920,false,,false,,
2026-04-21 10:20:00,2026-04-21,10:20:00,7132.54,7132.6,7125.7,7126.71,30187170,false,,false,,
2026-04-21 10:25:00,2026-04-21,10:25:00,7126.76,7130.31,7126.65,7129.4,28006100,false,,false,,
2026-04-21 10:30:00,2026-04-21,10:30:00,7129.43,7131.46,7124.43,7126.13,31994420,false,,false,,
2026-04-21 10:35:00,2026-04-21,10:35:00,7126.2,7126.77,7122.96,7123.34,29055700,false,,false,,
2026-04-21 10:40:00,2026-04-21,10:40:00,7123.39,7128.68,7121.73,7123.25,30493810,false,,false,,
2026-04-21 10:45:00,2026-04-21,10:45:00,7123.28,7123.51,7113.46,7115.08,31702030,false,,false,,
2026-04-21 10:50:00,2026-04-21,10:50:00,7115.15,7116.29,7110.91,7114.03,26415480,false,,false,,
2026-04-21 10:55:00,2026-04-21,10:55:00,7114.11,7114.11,7098.31,7099.03,35569930,true,7100,true,7100,7100:from_above
2026-04-21 11:00:00,2026-04-21,11:00:00,7098.87,7101.68,7086.51,7090.56,41346830,true,7100,false,,
2026-04-21 11:05:00,2026-04-21,11:05:00,7090.57,7101.65,7085.38,7101.08,33575680,true,7100,false,,
2026-04-21 11:10:00,2026-04-21,11:10:00,7101.16,7104.13,7101.06,7102.85,28292770,true,7100,false,,
2026-04-21 11:15:00,2026-04-21,11:15:00,7102.82,7105.21,7097.14,7101.98,27867140,true,7100,false,,
2026-04-21 11:20:00,2026-04-21,11:20:00,7101.99,7103.29,7095.67,7096.14,27910660,true,7100,false,,
2026-04-21 11:25:00,2026-04-21,11:25:00,7096.26,7096.26,7087.19,7090.34,28394310,false,,false,,
2026-04-21 11:30:00,2026-04-21,11:30:00,7090.12,7097.37,7090.12,7093.22,23142850,false,,false,,
2026-04-21 11:35:00,2026-04-21,11:35:00,7093.16,7093.27,7084.3,7089.65,23335760,false,,false,,
2026-04-21 11:40:00,2026-04-21,11:40:00,7090.46,7094.86,7088.48,7093.44,19447130,false,,false,,
2026-04-21 11:45:00,2026-04-21,11:45:00,7093.49,7097.54,7090.87,7094.4,22082860,false,,false,,
2026-04-21 11:50:00,2026-04-21,11:50:00,7094.49,7094.49,7088.55,7088.67,22002750,false,,false,,
2026-04-21 11:55:00,2026-04-21,11:55:00,7089.08,7093.48,7088.86,7091.06,21531530,false,,false,,
2026-04-21 12:00:00,2026-04-21,12:00:00,7090.97,7101.03,7090.97,7096.06,26965770,true,7100,true,7100,7100:from_below
2026-04-21 12:05:00,2026-04-21,12:05:00,7095.71,7098.26,7093.63,7097.81,22617740,true,7100,false,,
2026-04-21 12:10:00,2026-04-21,12:10:00,7097.75,7097.78,7090.12,7092.44,21211200,false,,false,,
2026-04-21 12:15:00,2026-04-21,12:15:00,7092.53,7095.59,7091.76,7094.42,21014820,false,,false,,
2026-04-21 12:20:00,2026-04-21,12:20:00,7094.28,7094.34,7088.29,7089.26,20224940,false,,false,,
2026-04-21 12:25:00,2026-04-21,12:25:00,7089.36,7089.81,7086.57,7087.1,19371840,false,,false,,
2026-04-21 12:30:00,2026-04-21,12:30:00,7087.14,7092.94,7086.77,7092.93,19751480,false,,false,,
2026-04-21 12:35:00,2026-04-21,12:35:00,7092.97,7094.93,7086.76,7088.67,21558310,false,,false,,
2026-04-21 12:40:00,2026-04-21,12:40:00,7088.61,7089.7,7081.03,7082.29,19489160,false,,false,,
2026-04-21 12:45:00,2026-04-21,12:45:00,7082.38,7089.89,7082.38,7089.83,19225510,false,,false,,
2026-04-21 12:50:00,2026-04-21,12:50:00,7089.71,7090.07,7084.58,7084.82,17246990,false,,false,,
2026-04-21 12:55:00,2026-04-21,12:55:00,7085.12,7085.25,7079.44,7079.93,18028990,false,,false,,
2026-04-21 13:00:00,2026-04-21,13:00:00,7079.83,7086.88,7079.76,7083.84,20505750,false,,false,,
2026-04-21 13:05:00,2026-04-21,13:05:00,7083.9,7083.9,7072.16,7078.89,30279430,false,,false,,
2026-04-21 13:10:00,2026-04-21,13:10:00,7079.05,7079.05,7067.47,7070.72,24522980,false,,false,,
2026-04-21 13:15:00,2026-04-21,13:15:00,7070.72,7072.59,7063.47,7063.78,22438010,false,,false,,
2026-04-21 13:20:00,2026-04-21,13:20:00,7064.03,7069.1,7062.09,7067.86,23997260,false,,false,,
2026-04-21 13:25:00,2026-04-21,13:25:00,7067.78,7072.89,7067.67,7069.77,18563710,false,,false,,
2026-04-21 13:30:00,2026-04-21,13:30:00,7069.74,7077.02,7069.56,7075.73,21555210,false,,false,,
2026-04-21 13:35:00,2026-04-21,13:35:00,7075.63,7090.75,7073.48,7086.73,27762470,false,,false,,
2026-04-21 13:40:00,2026-04-21,13:40:00,7086.84,7094.42,7086.07,7089.23,26088690,false,,false,,
2026-04-21 13:45:00,2026-04-21,13:45:00,7089.14,7089.16,7082.18,7085.34,17698350,false,,false,,
2026-04-21 13:50:00,2026-04-21,13:50:00,7085.23,7087.69,7080.57,7081.59,18361480,false,,false,,
2026-04-21 13:55:00,2026-04-21,13:55:00,7081.63,7081.66,7077.08,7081.54,17366480,false,,false,,
2026-04-21 14:00:00,2026-04-21,14:00:00,7081.48,7087.8,7081.48,7083.41,26596950,false,,false,,
2026-04-21 14:05:00,2026-04-21,14:05:00,7083.45,7086.41,7081.76,7082.03,25423420,false,,false,,
2026-04-21 14:10:00,2026-04-21,14:10:00,7082.04,7082.5,7078.58,7082.5,18151610,false,,false,,
2026-04-21 14:15:00,2026-04-21,14:15:00,7082.66,7085.45,7072.24,7074.9,28787990,false,,false,,
2026-04-21 14:20:00,2026-04-21,14:20:00,7074.84,7076.15,7072.17,7073.43,16863120,false,,false,,
2026-04-21 14:25:00,2026-04-21,14:25:00,7073.48,7075.75,7072.83,7074.44,17284540,false,,false,,
2026-04-21 14:30:00,2026-04-21,14:30:00,7074.37,7080.9,7074.37,7080.83,19736140,false,,false,,
2026-04-21 14:35:00,2026-04-21,14:35:00,7080.86,7081,7076.1,7077.7,18235470,false,,false,,
2026-04-21 14:40:00,2026-04-21,14:40:00,7077.7,7078.95,7076.6,7078.3,18257160,false,,false,,
2026-04-21 14:45:00,2026-04-21,14:45:00,7078.31,7078.72,7075.09,7075.25,19797760,false,,false,,
2026-04-21 14:50:00,2026-04-21,14:50:00,7075.3,7089.53,7073.84,7088.42,26722540,false,,false,,
2026-04-21 14:55:00,2026-04-21,14:55:00,7087.55,7090.84,7081.98,7087.38,26206600,false,,false,,
2026-04-21 15:00:00,2026-04-21,15:00:00,7087.29,7091.92,7087.29,7090.28,23879070,false,,false,,
2026-04-21 15:05:00,2026-04-21,15:05:00,7090.17,7092.16,7088.42,7090.6,22124760,false,,false,,
2026-04-21 15:10:00,2026-04-21,15:10:00,7090.68,7096.2,7087.2,7089.37,28364170,false,,false,,
2026-04-21 15:15:00,2026-04-21,15:15:00,7089.46,7092.38,7087.84,7090.57,27393370,false,,false,,
2026-04-21 15:20:00,2026-04-21,15:20:00,7090.56,7099.73,7090.56,7099.49,29584040,true,7100,true,7100,7100:from_below
2026-04-21 15:25:00,2026-04-21,15:25:00,7099.53,7101.35,7098.46,7101.09,28008460,true,7100,false,,
2026-04-21 15:30:00,2026-04-21,15:30:00,7101.09,7102.46,7095.64,7096.53,34194160,true,7100,false,,
2026-04-21 15:35:00,2026-04-21,15:35:00,7096.73,7096.73,7081.44,7085.58,39286760,false,,false,,
2026-04-21 15:40:00,2026-04-21,15:40:00,7085.64,7086.2,7050.2,7054.1,64627530,true,7050,true,7050,7050:from_above
2026-04-21 15:45:00,2026-04-21,15:45:00,7054.63,7067.22,7054.46,7063.32,53789430,false,,false,,
2026-04-21 15:50:00,2026-04-21,15:50:00,7063.49,7068.98,7057.56,7059.93,79443690,false,,false,,
2026-04-21 15:55:00,2026-04-21,15:55:00,7060.19,7066.59,7057.98,7064.06,190442390,false,,false,,
2026-04-21 16:00:00,2026-04-21,16:00:00,7064.45,7064.45,7064.01,7064.02,475971360,false,,false,,
2026-04-22 09:30:00,2026-04-22,09:30:00,7112.27,7117.32,7109.16,7110.29,130773455,false,,false,,
2026-04-22 09:35:00,2026-04-22,09:35:00,7110.2,7113.67,7106.29,7112.31,49932108,false,,false,,
2026-04-22 09:40:00,2026-04-22,09:40:00,7112.5,7114.77,7109.89,7110.88,43544195,false,,false,,
2026-04-22 09:45:00,2026-04-22,09:45:00,7110.87,7118.41,7108.26,7109.58,44304292,false,,false,,
2026-04-22 09:50:00,2026-04-22,09:50:00,7109.64,7115.49,7106.38,7115.42,39392230,false,,false,,
2026-04-22 09:55:00,2026-04-22,09:55:00,7115.6,7117.29,7111.62,7117.29,37095620,false,,false,,
2026-04-22 10:00:00,2026-04-22,10:00:00,7117.52,7123.14,7117.36,7117.8,37852770,false,,false,,
2026-04-22 10:05:00,2026-04-22,10:05:00,7117.67,7121.62,7111.88,7119.32,38548380,false,,false,,
2026-04-22 10:10:00,2026-04-22,10:10:00,7119.29,7124.92,7119.29,7124.87,37113020,false,,false,,
2026-04-22 10:15:00,2026-04-22,10:15:00,7124.77,7127.56,7124.77,7126.67,34580630,false,,false,,
2026-04-22 10:20:00,2026-04-22,10:20:00,7126.96,7130.46,7126.05,7127.24,33496200,false,,false,,
2026-04-22 10:25:00,2026-04-22,10:25:00,7127.17,7130.04,7126.75,7129.03,34861940,false,,false,,
2026-04-22 10:30:00,2026-04-22,10:30:00,7129.13,7129.87,7120.87,7122.97,39283610,false,,false,,
2026-04-22 10:35:00,2026-04-22,10:35:00,7123.18,7129.76,7118.95,7129.41,33045800,false,,false,,
2026-04-22 10:40:00,2026-04-22,10:40:00,7129.44,7130.43,7120.05,7120.94,28966520,false,,false,,
2026-04-22 10:45:00,2026-04-22,10:45:00,7121.09,7126.84,7121.09,7126.03,29824550,false,,false,,
2026-04-22 10:50:00,2026-04-22,10:50:00,7125.94,7127.67,7119.15,7122.82,25338610,false,,false,,
2026-04-22 10:55:00,2026-04-22,10:55:00,7122.26,7124.54,7120.11,7124.47,23521100,false,,false,,
2026-04-22 11:00:00,2026-04-22,11:00:00,7124.43,7124.83,7117.13,7117.59,24785450,false,,false,,
2026-04-22 11:05:00,2026-04-22,11:05:00,7117.95,7125.99,7117.51,7123.33,25745190,false,,false,,
2026-04-22 11:10:00,2026-04-22,11:10:00,7123.07,7125.47,7121.64,7122.39,22293620,false,,false,,
2026-04-22 11:15:00,2026-04-22,11:15:00,7122.69,7123.49,7119.65,7123.29,22994650,false,,false,,
2026-04-22 11:20:00,2026-04-22,11:20:00,7123.36,7128.8,7122.95,7126.12,22954480,false,,false,,
2026-04-22 11:25:00,2026-04-22,11:25:00,7126.19,7127.69,7122.25,7126.71,26375410,false,,false,,
2026-04-22 11:30:00,2026-04-22,11:30:00,7126.52,7128.36,7124.26,7125.38,23754590,false,,false,,
2026-04-22 11:35:00,2026-04-22,11:35:00,7125.26,7125.79,7121.31,7122.44,24892200,false,,false,,
2026-04-22 11:40:00,2026-04-22,11:40:00,7122.42,7123.86,7116.5,7116.57,23893730,false,,false,,
2026-04-22 11:45:00,2026-04-22,11:45:00,7116.65,7123.18,7115.67,7122.11,22676390,false,,false,,
2026-04-22 11:50:00,2026-04-22,11:50:00,7122.04,7122.05,7118.81,7120.6,19100670,false,,false,,
2026-04-22 11:55:00,2026-04-22,11:55:00,7120.61,7124.48,7119.95,7120.4,19597840,false,,false,,
2026-04-22 12:00:00,2026-04-22,12:00:00,7120.52,7123.31,7118.13,7123.1,20012570,false,,false,,
2026-04-22 12:05:00,2026-04-22,12:05:00,7123.13,7124.98,7122.58,7123.98,18688600,false,,false,,
2026-04-22 12:10:00,2026-04-22,12:10:00,7124.01,7124.44,7120.33,7123.37,18808440,false,,false,,
2026-04-22 12:15:00,2026-04-22,12:15:00,7123.42,7124.55,7118.23,7118.23,18113450,false,,false,,
2026-04-22 12:20:00,2026-04-22,12:20:00,7118.22,7122.19,7118.17,7120.09,19253130,false,,false,,
2026-04-22 12:25:00,2026-04-22,12:25:00,7119.99,7120,7115.16,7115.46,18733720,false,,false,,
2026-04-22 12:30:00,2026-04-22,12:30:00,7115.52,7116.83,7112.6,7116.41,20346810,false,,false,,
2026-04-22 12:35:00,2026-04-22,12:35:00,7116.32,7119.55,7115.19,7119.21,18300420,false,,false,,
2026-04-22 12:40:00,2026-04-22,12:40:00,7119.12,7120.41,7113.79,7115.11,20173770,false,,false,,
2026-04-22 12:45:00,2026-04-22,12:45:00,7114.96,7118.04,7113.47,7117.93,16792770,false,,false,,
2026-04-22 12:50:00,2026-04-22,12:50:00,7117.91,7117.97,7113.99,7116.73,16647800,false,,false,,
2026-04-22 12:55:00,2026-04-22,12:55:00,7116.73,7116.78,7112.4,7112.99,18709610,false,,false,,
2026-04-22 13:00:00,2026-04-22,13:00:00,7112.98,7120.3,7112.98,7120.3,25172120,false,,false,,
2026-04-22 13:05:00,2026-04-22,13:05:00,7120.15,7121.58,7118.1,7121.58,17871610,false,,false,,
2026-04-22 13:10:00,2026-04-22,13:10:00,7121.65,7127.1,7121.51,7123.2,19360490,false,,false,,
2026-04-22 13:15:00,2026-04-22,13:15:00,7123.25,7124.7,7120.02,7120.93,18022460,false,,false,,
2026-04-22 13:20:00,2026-04-22,13:20:00,7120.88,7127.95,7120.88,7125.44,18814510,false,,false,,
2026-04-22 13:25:00,2026-04-22,13:25:00,7125.42,7126.34,7123.83,7124.16,15733260,false,,false,,
2026-04-22 13:30:00,2026-04-22,13:30:00,7124.12,7127.09,7123.99,7124.89,19364080,false,,false,,
2026-04-22 13:35:00,2026-04-22,13:35:00,7124.88,7125.76,7123.08,7124.29,17566580,false,,false,,
2026-04-22 13:40:00,2026-04-22,13:40:00,7124.29,7127.26,7124.29,7126.12,16924630,false,,false,,
2026-04-22 13:45:00,2026-04-22,13:45:00,7126.17,7126.97,7122.39,7125.95,20398500,false,,false,,
2026-04-22 13:50:00,2026-04-22,13:50:00,7126.07,7127.07,7124.57,7125.21,16220800,false,,false,,
2026-04-22 13:55:00,2026-04-22,13:55:00,7125.3,7125.82,7123.97,7123.97,19153600,false,,false,,
2026-04-22 14:00:00,2026-04-22,14:00:00,7124.01,7125.67,7122.97,7124.51,18789760,false,,false,,
2026-04-22 14:05:00,2026-04-22,14:05:00,7124.56,7125.74,7123.36,7123.4,19187590,false,,false,,
2026-04-22 14:10:00,2026-04-22,14:10:00,7123.4,7125.02,7122.94,7123.8,18408080,false,,false,,
2026-04-22 14:15:00,2026-04-22,14:15:00,7123.8,7123.8,7120.28,7120.94,20475390,false,,false,,
2026-04-22 14:20:00,2026-04-22,14:20:00,7120.84,7120.84,7116.38,7118.82,20332680,false,,false,,
2026-04-22 14:25:00,2026-04-22,14:25:00,7118.87,7120.18,7118.19,7118.55,18116090,false,,false,,
2026-04-22 14:30:00,2026-04-22,14:30:00,7118.56,7122.26,7117.99,7120.71,17904590,false,,false,,
2026-04-22 14:35:00,2026-04-22,14:35:00,7120.6,7123.04,7120.57,7122.92,18254410,false,,false,,
2026-04-22 14:40:00,2026-04-22,14:40:00,7122.92,7123.61,7122.42,7122.92,19991900,false,,false,,
2026-04-22 14:45:00,2026-04-22,14:45:00,7122.9,7124.16,7121.84,7123.64,20331440,false,,false,,
2026-04-22 14:50:00,2026-04-22,14:50:00,7123.57,7124.59,7122.59,7122.59,23051620,false,,false,,
2026-04-22 14:55:00,2026-04-22,14:55:00,7122.55,7122.77,7119.4,7120.6,22341350,false,,false,,
2026-04-22 15:00:00,2026-04-22,15:00:00,7120.71,7120.79,7116.25,7119.3,27714790,false,,false,,
2026-04-22 15:05:00,2026-04-22,15:05:00,7119.29,7123.22,7118.49,7123.13,25400050,false,,false,,
2026-04-22 15:10:00,2026-04-22,15:10:00,7123.12,7124.13,7122,7123.71,24473880,false,,false,,
2026-04-22 15:15:00,2026-04-22,15:15:00,7123.74,7127.68,7123.64,7127.65,25837370,false,,false,,
2026-04-22 15:20:00,2026-04-22,15:20:00,7127.62,7128.48,7126.21,7126.73,28778400,false,,false,,
2026-04-22 15:25:00,2026-04-22,15:25:00,7127.05,7129.83,7126.78,7128.92,29474250,false,,false,,
2026-04-22 15:30:00,2026-04-22,15:30:00,7128.85,7129.82,7125.98,7126.7,38864610,false,,false,,
2026-04-22 15:35:00,2026-04-22,15:35:00,7126.74,7128.93,7125.03,7128.05,35347810,false,,false,,
2026-04-22 15:40:00,2026-04-22,15:40:00,7128.11,7129.35,7127.55,7128.46,39541050,false,,false,,
2026-04-22 15:45:00,2026-04-22,15:45:00,7128.49,7130.74,7127.79,7130.74,46549960,false,,false,,
2026-04-22 15:50:00,2026-04-22,15:50:00,7130.89,7136.72,7128.9,7135.17,81452470,false,,false,,
2026-04-22 15:55:00,2026-04-22,15:55:00,7135.2,7138.64,7133.74,7137.11,193409740,false,,false,,
2026-04-22 16:00:00,2026-04-22,16:00:00,7137,7137.97,7137,7137.87,462396240,false,,false,,
2026-04-22 16:05:00,2026-04-22,16:05:00,7137.89,7137.89,7137.89,7137.89,6134300,false,,false,,
2026-04-23 09:30:00,2026-04-23,09:30:00,7118.8,7124.42,7116.12,7119.14,109030860,false,,false,,
2026-04-23 09:35:00,2026-04-23,09:35:00,7119.25,7128.09,7118.41,7127.37,61785710,false,,false,,
2026-04-23 09:40:00,2026-04-23,09:40:00,7127.33,7130.58,7124.6,7129.89,55982761,false,,false,,
2026-04-23 09:45:00,2026-04-23,09:45:00,7129.77,7136.84,7128.29,7133.75,52976890,false,,false,,
2026-04-23 09:50:00,2026-04-23,09:50:00,7133.88,7133.88,7126.55,7130.27,48548810,false,,false,,
2026-04-23 09:55:00,2026-04-23,09:55:00,7130.14,7130.14,7125.42,7125.76,43503340,false,,false,,
2026-04-23 10:00:00,2026-04-23,10:00:00,7126.06,7126.31,7115.89,7123.69,50894860,false,,false,,
2026-04-23 10:05:00,2026-04-23,10:05:00,7123.23,7126.73,7120.4,7126.16,45720430,false,,false,,
2026-04-23 10:10:00,2026-04-23,10:10:00,7126.33,7126.55,7123.25,7124.74,39870570,false,,false,,
2026-04-23 10:15:00,2026-04-23,10:15:00,7124.8,7130.45,7124.26,7124.8,38892790,false,,false,,
2026-04-23 10:20:00,2026-04-23,10:20:00,7124.99,7132.99,7124.62,7132.29,35603180,false,,false,,
2026-04-23 10:25:00,2026-04-23,10:25:00,7132.19,7132.89,7127.24,7128.73,34242470,false,,false,,
2026-04-23 10:30:00,2026-04-23,10:30:00,7128.84,7135.64,7128.84,7131.44,35455700,false,,false,,
2026-04-23 10:35:00,2026-04-23,10:35:00,7131.39,7134.31,7128.19,7130.35,31668660,false,,false,,
2026-04-23 10:40:00,2026-04-23,10:40:00,7130.51,7134.45,7128.58,7133.67,28001040,false,,false,,
2026-04-23 10:45:00,2026-04-23,10:45:00,7133.72,7136.64,7133.39,7135.11,27865480,false,,false,,
2026-04-23 10:50:00,2026-04-23,10:50:00,7134.9,7138.96,7133.74,7138.55,28566020,false,,false,,
2026-04-23 10:55:00,2026-04-23,10:55:00,7138.86,7144.59,7138.86,7141.64,28763410,false,,false,,
2026-04-23 11:00:00,2026-04-23,11:00:00,7141.48,7143.68,7140.53,7140.98,31542150,false,,false,,
2026-04-23 11:05:00,2026-04-23,11:05:00,7140.97,7141.88,7138.78,7141.71,27250480,false,,false,,
2026-04-23 11:10:00,2026-04-23,11:10:00,7141.69,7144.14,7140.81,7140.81,29248410,false,,false,,
2026-04-23 11:15:00,2026-04-23,11:15:00,7140.72,7146.09,7139.04,7145.14,27669820,false,,false,,
2026-04-23 11:20:00,2026-04-23,11:20:00,7145.12,7146.54,7143.01,7145.66,29006080,false,,false,,
2026-04-23 11:25:00,2026-04-23,11:25:00,7145.46,7147.08,7143.61,7143.61,27668330,false,,false,,
2026-04-23 11:30:00,2026-04-23,11:30:00,7143.62,7147.78,7141.97,7145.78,27343520,false,,false,,
2026-04-23 11:35:00,2026-04-23,11:35:00,7145.77,7145.77,7142,7142.31,23920930,false,,false,,
2026-04-23 11:40:00,2026-04-23,11:40:00,7142.36,7143.58,7139.26,7139.9,24825220,false,,false,,
2026-04-23 11:45:00,2026-04-23,11:45:00,7140.01,7140.06,7132.89,7136.1,26499770,false,,false,,
2026-04-23 11:50:00,2026-04-23,11:50:00,7136.1,7136.1,7130.89,7130.98,25210960,false,,false,,
2026-04-23 11:55:00,2026-04-23,11:55:00,7130.92,7138.2,7130.92,7135.35,24557280,false,,false,,
2026-04-23 12:00:00,2026-04-23,12:00:00,7135.43,7136.25,7127.88,7127.88,23633130,false,,false,,
2026-04-23 12:05:00,2026-04-23,12:05:00,7127.86,7130.39,7126.85,7128.37,23927850,false,,false,,
2026-04-23 12:10:00,2026-04-23,12:10:00,7128.44,7133.38,7128.38,7133.21,23309720,false,,false,,
2026-04-23 12:15:00,2026-04-23,12:15:00,7133.29,7134.62,7131.9,7133.19,22960060,false,,false,,
2026-04-23 12:20:00,2026-04-23,12:20:00,7133.38,7133.79,7128.43,7131.9,21335270,false,,false,,
2026-04-23 12:25:00,2026-04-23,12:25:00,7131.94,7133.86,7130.25,7130.94,20135690,false,,false,,
2026-04-23 12:30:00,2026-04-23,12:30:00,7131.04,7134.66,7130.22,7134.45,20383110,false,,false,,
2026-04-23 12:35:00,2026-04-23,12:35:00,7134.33,7136,7131.69,7131.83,20391830,false,,false,,
2026-04-23 12:40:00,2026-04-23,12:40:00,7131.86,7133.49,7131.32,7132.99,19146220,false,,false,,
2026-04-23 12:45:00,2026-04-23,12:45:00,7132.97,7135.29,7131.69,7132.71,19782910,false,,false,,
2026-04-23 12:50:00,2026-04-23,12:50:00,7132.83,7134.57,7131.59,7133.07,20167380,false,,false,,
2026-04-23 12:55:00,2026-04-23,12:55:00,7133.12,7135.75,7130.27,7132.34,18702810,false,,false,,
2026-04-23 13:00:00,2026-04-23,13:00:00,7132.4,7134.37,7114.49,7115.94,36007710,false,,false,,
2026-04-23 13:05:00,2026-04-23,13:05:00,7116.06,7116.19,7103.31,7103.51,27784340,false,,false,,
2026-04-23 13:10:00,2026-04-23,13:10:00,7103.28,7104.51,7097.4,7100.6,28699080,true,7100,true,7100,7100:from_above
2026-04-23 13:15:00,2026-04-23,13:15:00,7100.76,7100.76,7085.88,7088.31,31549070,true,7100,false,,
2026-04-23 13:20:00,2026-04-23,13:20:00,7088.44,7092.34,7083.67,7086.13,26531030,false,,false,,
2026-04-23 13:25:00,2026-04-23,13:25:00,7086.17,7096.54,7083.43,7084.34,28974810,false,,false,,
2026-04-23 13:30:00,2026-04-23,13:30:00,7084.18,7096.84,7082.07,7096.56,26496010,false,,false,,
2026-04-23 13:35:00,2026-04-23,13:35:00,7096.51,7099.7,7080.23,7080.74,26820700,true,7100,true,7100,7100:from_below
2026-04-23 13:40:00,2026-04-23,13:40:00,7081.4,7081.57,7057.09,7060.19,39407510,false,,false,,
2026-04-23 13:45:00,2026-04-23,13:45:00,7060.07,7064,7046.55,7058.07,45034120,true,7050,true,7050,7050:from_above
2026-04-23 13:50:00,2026-04-23,13:50:00,7058.03,7087.83,7052.27,7080.8,51780610,false,,false,,
2026-04-23 13:55:00,2026-04-23,13:55:00,7080.57,7092.6,7079.05,7090.53,29251430,false,,false,,
2026-04-23 14:00:00,2026-04-23,14:00:00,7090.58,7101.16,7087.08,7096.25,31392430,true,7100,true,7100,7100:from_below
2026-04-23 14:05:00,2026-04-23,14:05:00,7096.36,7102.81,7093.33,7097.58,21948080,true,7100,false,,
2026-04-23 14:10:00,2026-04-23,14:10:00,7097.62,7104.54,7096.25,7101.39,24333800,true,7100,false,,
2026-04-23 14:15:00,2026-04-23,14:15:00,7101.43,7106.15,7101.06,7105.13,23314620,true,7100,false,,
2026-04-23 14:20:00,2026-04-23,14:20:00,7105.29,7108.19,7101.62,7106.7,22414300,true,7100,false,,
2026-04-23 14:25:00,2026-04-23,14:25:00,7106.66,7109.46,7104.57,7109.06,19056390,false,,false,,
2026-04-23 14:30:00,2026-04-23,14:30:00,7108.9,7115.3,7108.9,7114.82,22596730,false,,false,,
2026-04-23 14:35:00,2026-04-23,14:35:00,7114.95,7118.46,7112.26,7112.9,21210520,false,,false,,
2026-04-23 14:40:00,2026-04-23,14:40:00,7113.02,7113.71,7105.46,7110.32,23263870,false,,false,,
2026-04-23 14:45:00,2026-04-23,14:45:00,7110.25,7110.28,7104.29,7104.68,19914150,false,,false,,
2026-04-23 14:50:00,2026-04-23,14:50:00,7104.35,7107.38,7100.89,7105.01,21489870,true,7100,true,7100,7100:from_above
2026-04-23 14:55:00,2026-04-23,14:55:00,7105.05,7105.58,7092.15,7094.76,24966230,true,7100,false,,
2026-04-23 15:00:00,2026-04-23,15:00:00,7094.79,7096.61,7091.77,7095.55,25770450,false,,false,,
2026-04-23 15:05:00,2026-04-23,15:05:00,7095.53,7104.25,7095.53,7103.1,25998030,true,7100,true,7100,7100:from_below
2026-04-23 15:10:00,2026-04-23,15:10:00,7102.78,7105.46,7100.77,7105.38,24545990,true,7100,false,,
2026-04-23 15:15:00,2026-04-23,15:15:00,7105.47,7109.8,7105.47,7108.34,28767400,false,,false,,
2026-04-23 15:20:00,2026-04-23,15:20:00,7108.27,7109.17,7106.02,7107.29,26722650,false,,false,,
2026-04-23 15:25:00,2026-04-23,15:25:00,7107.56,7109.47,7106.41,7107.81,30720050,false,,false,,
2026-04-23 15:30:00,2026-04-23,15:30:00,7107.93,7112.18,7102.94,7102.99,33753640,false,,false,,
2026-04-23 15:35:00,2026-04-23,15:35:00,7103.05,7103.05,7095.48,7098.86,40226790,true,7100,true,7100,7100:from_above
2026-04-23 15:40:00,2026-04-23,15:40:00,7098.91,7103.8,7096.86,7097.14,39583680,true,7100,false,,
2026-04-23 15:45:00,2026-04-23,15:45:00,7096.9,7102.74,7096.37,7102.67,46466980,true,7100,false,,
2026-04-23 15:50:00,2026-04-23,15:50:00,7102.82,7105.61,7091.61,7104.12,88253040,true,7100,false,,
2026-04-23 15:55:00,2026-04-23,15:55:00,7104.35,7112.13,7102.6,7109.27,193397930,false,,false,,
2026-04-23 16:00:00,2026-04-23,16:00:00,7108.89,7108.89,7108.29,7108.41,482380900,false,,false,,
2026-04-24 09:30:00,2026-04-24,09:30:00,7136.48,7137.12,7122.43,7122.77,202497993,false,,false,,
2026-04-24 09:35:00,2026-04-24,09:35:00,7122.51,7128.49,7117.82,7126.33,64107686,false,,false,,
2026-04-24 09:40:00,2026-04-24,09:40:00,7126.4,7128.76,7122.16,7123.69,55798531,false,,false,,
2026-04-24 09:45:00,2026-04-24,09:45:00,7123.9,7127.45,7121.16,7126.98,52284220,false,,false,,
2026-04-24 09:50:00,2026-04-24,09:50:00,7127.31,7128.7,7117.07,7117.58,44726620,false,,false,,
2026-04-24 09:55:00,2026-04-24,09:55:00,7118.08,7123.74,7112.82,7123.44,42328670,false,,false,,
2026-04-24 10:00:00,2026-04-24,10:00:00,7123.26,7123.27,7114.62,7119.49,46286220,false,,false,,
2026-04-24 10:05:00,2026-04-24,10:05:00,7119.87,7126.42,7117.05,7123.89,41884220,false,,false,,
2026-04-24 10:10:00,2026-04-24,10:10:00,7123.55,7130,7121.14,7124.05,44157180,false,,false,,
2026-04-24 10:15:00,2026-04-24,10:15:00,7123.99,7129.17,7122.32,7127.71,34953160,false,,false,,
2026-04-24 10:20:00,2026-04-24,10:20:00,7127.63,7130.06,7123.75,7127.66,32385720,false,,false,,
2026-04-24 10:25:00,2026-04-24,10:25:00,7127.41,7127.41,7118.29,7121.07,33260360,false,,false,,
2026-04-24 10:30:00,2026-04-24,10:30:00,7121.51,7125.59,7118.26,7124.27,34553140,false,,false,,
2026-04-24 10:35:00,2026-04-24,10:35:00,7124.25,7131.8,7122.51,7129.51,34990930,false,,false,,
2026-04-24 10:40:00,2026-04-24,10:40:00,7129.58,7133.97,7129.16,7133.53,34416960,false,,false,,
2026-04-24 10:45:00,2026-04-24,10:45:00,7133.6,7137.97,7130.93,7135.59,43280290,false,,false,,
2026-04-24 10:50:00,2026-04-24,10:50:00,7135.26,7136.64,7132.9,7134.84,31408710,false,,false,,
2026-04-24 10:55:00,2026-04-24,10:55:00,7134.79,7139.65,7134.79,7138.04,34056430,false,,false,,
2026-04-24 11:00:00,2026-04-24,11:00:00,7137.92,7140.39,7136.8,7138.63,33679170,false,,false,,
2026-04-24 11:05:00,2026-04-24,11:05:00,7138.79,7139.78,7135.83,7139.16,35799540,false,,false,,
2026-04-24 11:10:00,2026-04-24,11:10:00,7139.09,7142.14,7139.09,7141,30147170,false,,false,,
2026-04-24 11:15:00,2026-04-24,11:15:00,7141.23,7141.98,7139.18,7140.13,32549120,false,,false,,
2026-04-24 11:20:00,2026-04-24,11:20:00,7140.18,7145.17,7138.81,7144.48,29538810,false,,false,,
2026-04-24 11:25:00,2026-04-24,11:25:00,7144.24,7144.24,7140.21,7142.3,28903730,false,,false,,
2026-04-24 11:30:00,2026-04-24,11:30:00,7142.57,7145.55,7141.84,7143.3,30342430,false,,false,,
2026-04-24 11:35:00,2026-04-24,11:35:00,7143.33,7144.28,7139.7,7140.69,26509070,false,,false,,
2026-04-24 11:40:00,2026-04-24,11:40:00,7140.76,7157.91,7140.26,7156.17,29949790,true,7150,true,7150,7150:from_below
2026-04-24 11:45:00,2026-04-24,11:45:00,7157.06,7163.73,7151.28,7156.74,41349200,true,7150,false,,
2026-04-24 11:50:00,2026-04-24,11:50:00,7156.68,7164.12,7156.68,7163.18,31593220,false,,false,,
2026-04-24 11:55:00,2026-04-24,11:55:00,7163.45,7164.45,7160.1,7161.89,26239200,false,,false,,
2026-04-24 12:00:00,2026-04-24,12:00:00,7161.88,7162.78,7158.73,7162.13,26801700,false,,false,,
2026-04-24 12:05:00,2026-04-24,12:05:00,7162.18,7163.42,7154.6,7156.03,27383560,false,,false,,
2026-04-24 12:10:00,2026-04-24,12:10:00,7156.13,7161.55,7155.54,7157.71,22754530,false,,false,,
2026-04-24 12:15:00,2026-04-24,12:15:00,7157.69,7157.86,7154.24,7156.77,22748640,false,,false,,
2026-04-24 12:20:00,2026-04-24,12:20:00,7157.08,7158.98,7156.44,7158.23,23356960,false,,false,,
2026-04-24 12:25:00,2026-04-24,12:25:00,7158.29,7159.91,7155.79,7156.56,23716450,false,,false,,
2026-04-24 12:30:00,2026-04-24,12:30:00,7156.48,7162.45,7156.48,7160.75,24064610,false,,false,,
2026-04-24 12:35:00,2026-04-24,12:35:00,7160.79,7161.11,7157.65,7158.21,21299910,false,,false,,
2026-04-24 12:40:00,2026-04-24,12:40:00,7158.34,7158.57,7152.37,7154.82,20319360,false,,false,,
2026-04-24 12:45:00,2026-04-24,12:45:00,7154.95,7157.28,7154.12,7155.96,22115050,false,,false,,
2026-04-24 12:50:00,2026-04-24,12:50:00,7155.81,7159.4,7155.81,7157.95,19936220,false,,false,,
2026-04-24 12:55:00,2026-04-24,12:55:00,7157.9,7160.97,7157.42,7159.92,20044490,false,,false,,
2026-04-24 13:00:00,2026-04-24,13:00:00,7159.88,7161.67,7159.15,7159.75,23021960,false,,false,,
2026-04-24 13:05:00,2026-04-24,13:05:00,7159.64,7160.22,7157.09,7157.56,23579420,false,,false,,
2026-04-24 13:10:00,2026-04-24,13:10:00,7157.6,7159.76,7156.67,7157.53,19886980,false,,false,,
2026-04-24 13:15:00,2026-04-24,13:15:00,7157.58,7157.73,7154.66,7154.77,20859080,false,,false,,
2026-04-24 13:20:00,2026-04-24,13:20:00,7154.88,7155.35,7150.39,7154.97,23032620,true,7150,true,7150,7150:from_above
2026-04-24 13:25:00,2026-04-24,13:25:00,7155.1,7156.59,7153.87,7153.87,20481980,false,,false,,
2026-04-24 13:30:00,2026-04-24,13:30:00,7153.85,7155.16,7151.48,7154.62,21059770,true,7150,true,7150,7150:from_above
2026-04-24 13:35:00,2026-04-24,13:35:00,7154.6,7159.08,7154.14,7155.67,20410830,false,,false,,
2026-04-24 13:40:00,2026-04-24,13:40:00,7155.75,7159.39,7155.69,7159.26,19519500,false,,false,,
2026-04-24 13:45:00,2026-04-24,13:45:00,7159.23,7160,7158.01,7158.34,18373850,false,,false,,
2026-04-24 13:50:00,2026-04-24,13:50:00,7158.23,7167.23,7157.79,7163.01,22944170,false,,false,,
2026-04-24 13:55:00,2026-04-24,13:55:00,7162.9,7163.86,7160.21,7160.57,21504250,false,,false,,
2026-04-24 14:00:00,2026-04-24,14:00:00,7160.74,7161.49,7158.62,7159.6,22139920,false,,false,,
2026-04-24 14:05:00,2026-04-24,14:05:00,7159.59,7161.25,7156.69,7160.51,21677330,false,,false,,
2026-04-24 14:10:00,2026-04-24,14:10:00,7160.59,7161.13,7157.61,7158.63,19922220,false,,false,,
2026-04-24 14:15:00,2026-04-24,14:15:00,7158.71,7159.5,7154.5,7156.15,20501910,false,,false,,
2026-04-24 14:20:00,2026-04-24,14:20:00,7156.23,7156.23,7153.51,7156,20016210,false,,false,,
2026-04-24 14:25:00,2026-04-24,14:25:00,7155.99,7158,7153.76,7153.94,20748850,false,,false,,
2026-04-24 14:30:00,2026-04-24,14:30:00,7153.89,7158.44,7153.61,7158.24,21418820,false,,false,,
2026-04-24 14:35:00,2026-04-24,14:35:00,7158.18,7159.5,7157.17,7158.49,20794690,false,,false,,
2026-04-24 14:40:00,2026-04-24,14:40:00,7158.81,7160.1,7156.23,7157.33,20568880,false,,false,,
2026-04-24 14:45:00,2026-04-24,14:45:00,7157.42,7158.38,7155.3,7156.62,23467010,false,,false,,
2026-04-24 14:50:00,2026-04-24,14:50:00,7156.65,7158.87,7155.68,7157.2,23070090,false,,false,,
2026-04-24 14:55:00,2026-04-24,14:55:00,7157.17,7159.77,7156.75,7159.6,21400820,false,,false,,
2026-04-24 15:00:00,2026-04-24,15:00:00,7159.59,7162.19,7159.59,7161.08,27111920,false,,false,,
2026-04-24 15:05:00,2026-04-24,15:05:00,7161.06,7165.32,7160.68,7165.06,27913170,false,,false,,
2026-04-24 15:10:00,2026-04-24,15:10:00,7165.25,7167.53,7164.88,7166.48,24774130,false,,false,,
2026-04-24 15:15:00,2026-04-24,15:15:00,7166.35,7168.59,7165.73,7166.63,26929280,false,,false,,
2026-04-24 15:20:00,2026-04-24,15:20:00,7166.57,7166.58,7161.7,7162.08,28355480,false,,false,,
2026-04-24 15:25:00,2026-04-24,15:25:00,7162.09,7162.58,7159.49,7161.67,29980230,false,,false,,
2026-04-24 15:30:00,2026-04-24,15:30:00,7161.53,7162.16,7158.55,7160.75,39423560,false,,false,,
2026-04-24 15:35:00,2026-04-24,15:35:00,7160.72,7160.72,7158.37,7160.39,38415930,false,,false,,
2026-04-24 15:40:00,2026-04-24,15:40:00,7160.21,7163.12,7159.97,7161.63,39530830,false,,false,,
2026-04-24 15:45:00,2026-04-24,15:45:00,7161.57,7161.87,7158.99,7161.87,48310180,false,,false,,
2026-04-24 15:50:00,2026-04-24,15:50:00,7161.95,7164.95,7159.2,7164.95,83288460,false,,false,,
2026-04-24 15:55:00,2026-04-24,15:55:00,7164.81,7167.67,7163.11,7164.28,213086600,false,,false,,
2026-04-24 16:00:00,2026-04-24,16:00:00,7163.7,7165.07,7163.7,7165.07,447521200,false,,false,,
2026-04-27 09:30:00,2026-04-27,09:30:00,7153.99,7165.63,7151.84,7160.85,184644867,true,7150,true,7150,7150:from_above
2026-04-27 09:35:00,2026-04-27,09:35:00,7160.45,7166.96,7159.79,7166.74,58932298,false,,false,,
2026-04-27 09:40:00,2026-04-27,09:40:00,7166.94,7167.7,7160.06,7160.24,50493965,false,,false,,
2026-04-27 09:45:00,2026-04-27,09:45:00,7160.4,7161.01,7149.95,7150.72,56971360,true,7150,true,7150,7150:from_above
2026-04-27 09:50:00,2026-04-27,09:50:00,7150.86,7164.45,7148.42,7164.45,54329940,true,7150,false,,
2026-04-27 09:55:00,2026-04-27,09:55:00,7164.15,7166.7,7162.63,7164.92,41976400,false,,false,,
2026-04-27 10:00:00,2026-04-27,10:00:00,7163.88,7165.82,7160.88,7162.54,44242280,false,,false,,
2026-04-27 10:05:00,2026-04-27,10:05:00,7162.35,7165.42,7160.71,7160.71,36909030,false,,false,,
2026-04-27 10:10:00,2026-04-27,10:10:00,7160.81,7164.15,7157.79,7162.17,34379240,false,,false,,
2026-04-27 10:15:00,2026-04-27,10:15:00,7162.03,7162.5,7157.11,7157.64,35182950,false,,false,,
2026-04-27 10:20:00,2026-04-27,10:20:00,7157.42,7160.23,7156.52,7159.93,31675970,false,,false,,
2026-04-27 10:25:00,2026-04-27,10:25:00,7159.94,7161.67,7157.54,7157.54,33128830,false,,false,,
2026-04-27 10:30:00,2026-04-27,10:30:00,7157.37,7157.69,7153.74,7157.5,37590530,false,,false,,
2026-04-27 10:35:00,2026-04-27,10:35:00,7157.67,7166.68,7157.12,7163.22,34639700,false,,false,,
2026-04-27 10:40:00,2026-04-27,10:40:00,7163.45,7164.45,7159.18,7163.48,26602140,false,,false,,
2026-04-27 10:45:00,2026-04-27,10:45:00,7163.6,7163.96,7159,7161.06,26303140,false,,false,,
2026-04-27 10:50:00,2026-04-27,10:50:00,7160.9,7162.72,7156.8,7158.96,26502370,false,,false,,
2026-04-27 10:55:00,2026-04-27,10:55:00,7159.28,7160.86,7157.01,7159.96,26160350,false,,false,,
2026-04-27 11:00:00,2026-04-27,11:00:00,7160.15,7161.43,7152.31,7152.31,26567910,false,,false,,
2026-04-27 11:05:00,2026-04-27,11:05:00,7152.45,7155.6,7151.18,7153.85,26896880,true,7150,true,7150,7150:from_above
2026-04-27 11:10:00,2026-04-27,11:10:00,7153.98,7155.28,7151.78,7152.15,22021040,true,7150,false,,
2026-04-27 11:15:00,2026-04-27,11:15:00,7152.29,7155.56,7150.75,7151.48,23647660,true,7150,false,,
2026-04-27 11:20:00,2026-04-27,11:20:00,7151.52,7152.66,7146.72,7148.53,24863870,true,7150,false,,
2026-04-27 11:25:00,2026-04-27,11:25:00,7148.44,7153.25,7147.36,7152.95,23223730,true,7150,false,,
2026-04-27 11:30:00,2026-04-27,11:30:00,7153.03,7155.38,7151.12,7153.16,23316120,true,7150,false,,
2026-04-27 11:35:00,2026-04-27,11:35:00,7153.22,7154.32,7151.86,7153.93,23026820,true,7150,false,,
2026-04-27 11:40:00,2026-04-27,11:40:00,7153.84,7157.11,7152.87,7155.95,22082560,false,,false,,
2026-04-27 11:45:00,2026-04-27,11:45:00,7155.98,7157.66,7154.4,7154.43,22302340,false,,false,,
2026-04-27 11:50:00,2026-04-27,11:50:00,7154.4,7156.07,7153.86,7155.37,20655850,false,,false,,
2026-04-27 11:55:00,2026-04-27,11:55:00,7155.46,7157.97,7154.91,7157.13,20239500,false,,false,,
2026-04-27 12:00:00,2026-04-27,12:00:00,7157.79,7159.41,7155.4,7158.76,23245050,false,,false,,
2026-04-27 12:05:00,2026-04-27,12:05:00,7158.67,7161.99,7158.66,7160.89,21059300,false,,false,,
2026-04-27 12:10:00,2026-04-27,12:10:00,7160.98,7163.63,7160.43,7163.1,20341920,false,,false,,
2026-04-27 12:15:00,2026-04-27,12:15:00,7163.12,7164.67,7162.84,7163.95,20292970,false,,false,,
2026-04-27 12:20:00,2026-04-27,12:20:00,7163.93,7164.14,7160.71,7161.52,18311930,false,,false,,
2026-04-27 12:25:00,2026-04-27,12:25:00,7161.6,7163.84,7161.6,7162.41,16275950,false,,false,,
2026-04-27 12:30:00,2026-04-27,12:30:00,7162.51,7165.78,7162.51,7165.2,22551190,false,,false,,
2026-04-27 12:35:00,2026-04-27,12:35:00,7165.27,7167.5,7164.84,7166.93,22911910,false,,false,,
2026-04-27 12:40:00,2026-04-27,12:40:00,7167.05,7167.15,7164.79,7165.13,21556770,false,,false,,
2026-04-27 12:45:00,2026-04-27,12:45:00,7165.64,7167.01,7164.64,7166.37,21229470,false,,false,,
2026-04-27 12:50:00,2026-04-27,12:50:00,7166.18,7166.18,7164.05,7164.36,19984320,false,,false,,
2026-04-27 12:55:00,2026-04-27,12:55:00,7164.39,7165.43,7162.14,7165.32,17822960,false,,false,,
2026-04-27 13:00:00,2026-04-27,13:00:00,7165.4,7167.63,7165.4,7166.23,21466920,false,,false,,
2026-04-27 13:05:00,2026-04-27,13:05:00,7166.2,7166.64,7164.66,7165.96,19206110,false,,false,,
2026-04-27 13:10:00,2026-04-27,13:10:00,7166,7167.48,7164.51,7167.46,20418370,false,,false,,
2026-04-27 13:15:00,2026-04-27,13:15:00,7167.4,7167.93,7162.67,7165.04,20174840,false,,false,,
2026-04-27 13:20:00,2026-04-27,13:20:00,7165.13,7170.03,7164.13,7167.55,20400880,false,,false,,
2026-04-27 13:25:00,2026-04-27,13:25:00,7167.58,7170.34,7167.18,7169.8,19667120,false,,false,,
2026-04-27 13:30:00,2026-04-27,13:30:00,7169.68,7175.76,7169.4,7175.76,30095790,false,,false,,
2026-04-27 13:35:00,2026-04-27,13:35:00,7175.77,7175.84,7170.83,7170.92,20968260,false,,false,,
2026-04-27 13:40:00,2026-04-27,13:40:00,7171.03,7172.37,7170.53,7171.91,19381020,false,,false,,
2026-04-27 13:45:00,2026-04-27,13:45:00,7172.1,7173.18,7171.25,7172.85,20803630,false,,false,,
2026-04-27 13:50:00,2026-04-27,13:50:00,7172.78,7174.07,7170.13,7171.06,19316620,false,,false,,
2026-04-27 13:55:00,2026-04-27,13:55:00,7171.05,7172.86,7170.72,7172.6,18972260,false,,false,,
2026-04-27 14:00:00,2026-04-27,14:00:00,7172.5,7173.87,7171.12,7172.73,20952780,false,,false,,
2026-04-27 14:05:00,2026-04-27,14:05:00,7172.8,7174.08,7172,7173.32,19460680,false,,false,,
2026-04-27 14:10:00,2026-04-27,14:10:00,7173.34,7174.79,7172.83,7174.53,19186760,false,,false,,
2026-04-27 14:15:00,2026-04-27,14:15:00,7174.34,7176.12,7173.81,7175.6,17405240,false,,false,,
2026-04-27 14:20:00,2026-04-27,14:20:00,7175.64,7175.69,7174.3,7175,19221630,false,,false,,
2026-04-27 14:25:00,2026-04-27,14:25:00,7175,7175.45,7173.5,7174.61,19664160,false,,false,,
2026-04-27 14:30:00,2026-04-27,14:30:00,7174.47,7175.91,7174.1,7174.9,19540830,false,,false,,
2026-04-27 14:35:00,2026-04-27,14:35:00,7174.94,7175.67,7174.25,7175.23,21163280,false,,false,,
2026-04-27 14:40:00,2026-04-27,14:40:00,7175.22,7175.58,7172.38,7172.71,21417460,false,,false,,
2026-04-27 14:45:00,2026-04-27,14:45:00,7172.75,7173.92,7170.69,7173.82,21862900,false,,false,,
2026-04-27 14:50:00,2026-04-27,14:50:00,7173.76,7175,7172.08,7172.53,20604920,false,,false,,
2026-04-27 14:55:00,2026-04-27,14:55:00,7172.36,7174.3,7172.25,7172.25,25137200,false,,false,,
2026-04-27 15:00:00,2026-04-27,15:00:00,7172.11,7174.51,7171.84,7173.14,26744740,false,,false,,
2026-04-27 15:05:00,2026-04-27,15:05:00,7173.11,7173.42,7170.62,7171.91,25995670,false,,false,,
2026-04-27 15:10:00,2026-04-27,15:10:00,7171.91,7173.85,7170.81,7173.3,23459570,false,,false,,
2026-04-27 15:15:00,2026-04-27,15:15:00,7173.31,7175.71,7173.18,7175.49,29502080,false,,false,,
2026-04-27 15:20:00,2026-04-27,15:20:00,7175.14,7175.65,7173.73,7174.86,30152980,false,,false,,
2026-04-27 15:25:00,2026-04-27,15:25:00,7174.86,7175.78,7174.12,7174.78,33365100,false,,false,,
2026-04-27 15:30:00,2026-04-27,15:30:00,7174.87,7176.28,7174,7174.43,41058640,false,,false,,
2026-04-27 15:35:00,2026-04-27,15:35:00,7174.65,7176.07,7172.27,7174.81,35655410,false,,false,,
2026-04-27 15:40:00,2026-04-27,15:40:00,7174.84,7175.68,7173.62,7175.09,36439020,false,,false,,
2026-04-27 15:45:00,2026-04-27,15:45:00,7174.91,7178.52,7174.88,7178.48,46010520,false,,false,,
2026-04-27 15:50:00,2026-04-27,15:50:00,7178.54,7178.74,7174.92,7174.92,81441470,false,,false,,
2026-04-27 15:55:00,2026-04-27,15:55:00,7175.05,7176.39,7173.33,7173.75,187864760,false,,false,,
2026-04-27 16:00:00,2026-04-27,16:00:00,7174.34,7174.34,7173.92,7173.92,523266500,false,,false,,
2026-04-28 09:30:00,2026-04-28,09:30:00,7133.74,7140.48,7129.36,7138.14,191855258,false,,false,,
2026-04-28 09:35:00,2026-04-28,09:35:00,7138.54,7145.25,7138.54,7144.1,59183327,false,,false,,
2026-04-28 09:40:00,2026-04-28,09:40:00,7143.53,7152.52,7142.55,7147.58,51293615,true,7150,true,7150,7150:from_below
2026-04-28 09:45:00,2026-04-28,09:45:00,7147.32,7148.97,7144.53,7145.44,51063430,true,7150,false,,
2026-04-28 09:50:00,2026-04-28,09:50:00,7145.43,7146.72,7138.26,7139.21,39825330,false,,false,,
2026-04-28 09:55:00,2026-04-28,09:55:00,7139.14,7141.34,7132.53,7139.44,38380740,false,,false,,
2026-04-28 10:00:00,2026-04-28,10:00:00,7138.73,7141.4,7134.86,7137.33,45854820,false,,false,,
2026-04-28 10:05:00,2026-04-28,10:05:00,7137.12,7146.39,7136.92,7144.99,37810250,false,,false,,
2026-04-28 10:10:00,2026-04-28,10:10:00,7145.18,7145.41,7138.91,7139.92,33580850,false,,false,,
2026-04-28 10:15:00,2026-04-28,10:15:00,7139.95,7141.47,7134.59,7136.75,37283280,false,,false,,
2026-04-28 10:20:00,2026-04-28,10:20:00,7136.97,7139.67,7134.59,7136.32,35932920,false,,false,,
2026-04-28 10:25:00,2026-04-28,10:25:00,7136.47,7139.49,7133.16,7135.12,38291730,false,,false,,
2026-04-28 10:30:00,2026-04-28,10:30:00,7135.19,7138.32,7131.12,7131.37,34121690,false,,false,,
2026-04-28 10:35:00,2026-04-28,10:35:00,7131.68,7131.68,7118.97,7122.84,41659870,false,,false,,
2026-04-28 10:40:00,2026-04-28,10:40:00,7123.32,7129.21,7119.49,7127.6,39355090,false,,false,,
2026-04-28 10:45:00,2026-04-28,10:45:00,7127.63,7128.95,7120.98,7123.97,35763070,false,,false,,
2026-04-28 10:50:00,2026-04-28,10:50:00,7123.8,7123.8,7115.17,7118.8,39561380,false,,false,,
2026-04-28 10:55:00,2026-04-28,10:55:00,7119.05,7128.25,7116.03,7127.98,35172140,false,,false,,
2026-04-28 11:00:00,2026-04-28,11:00:00,7128.2,7133.56,7127.88,7128.91,32677120,false,,false,,
2026-04-28 11:05:00,2026-04-28,11:05:00,7128.86,7130.54,7121.94,7123.87,30118830,false,,false,,
2026-04-28 11:10:00,2026-04-28,11:10:00,7123.98,7130.29,7123.23,7130.09,28039750,false,,false,,
2026-04-28 11:15:00,2026-04-28,11:15:00,7129.91,7130.8,7125.28,7129.44,25333890,false,,false,,
2026-04-28 11:20:00,2026-04-28,11:20:00,7129.38,7129.6,7122.15,7125.55,25560700,false,,false,,
2026-04-28 11:25:00,2026-04-28,11:25:00,7125.61,7125.61,7120.97,7122.06,22844450,false,,false,,
2026-04-28 11:30:00,2026-04-28,11:30:00,7122.17,7122.21,7117.55,7120.56,25242670,false,,false,,
2026-04-28 11:35:00,2026-04-28,11:35:00,7120.19,7124.58,7117.6,7122.4,22709190,false,,false,,
2026-04-28 11:40:00,2026-04-28,11:40:00,7122.07,7124.03,7120.2,7120.97,22344020,false,,false,,
2026-04-28 11:45:00,2026-04-28,11:45:00,7120.96,7122.45,7116.93,7118.34,21908050,false,,false,,
2026-04-28 11:50:00,2026-04-28,11:50:00,7118.36,7121.8,7118.36,7121.53,19775420,false,,false,,
2026-04-28 11:55:00,2026-04-28,11:55:00,7121.56,7122.97,7118.47,7122.7,20598150,false,,false,,
2026-04-28 12:00:00,2026-04-28,12:00:00,7122.78,7125.75,7121.08,7124.46,22113540,false,,false,,
2026-04-28 12:05:00,2026-04-28,12:05:00,7124.5,7127.76,7124.37,7126.01,20564640,false,,false,,
2026-04-28 12:10:00,2026-04-28,12:10:00,7125.98,7127.69,7123.94,7127.62,19303700,false,,false,,
2026-04-28 12:15:00,2026-04-28,12:15:00,7127.75,7127.96,7124.45,7126.76,19422160,false,,false,,
2026-04-28 12:20:00,2026-04-28,12:20:00,7126.87,7129.1,7126.38,7128.07,18831080,false,,false,,
2026-04-28 12:25:00,2026-04-28,12:25:00,7128.23,7129.13,7126.02,7126.72,17546650,false,,false,,
2026-04-28 12:30:00,2026-04-28,12:30:00,7126.82,7128.03,7121.8,7121.8,19959230,false,,false,,
2026-04-28 12:35:00,2026-04-28,12:35:00,7121.67,7122.35,7119.11,7120.02,19746270,false,,false,,
2026-04-28 12:40:00,2026-04-28,12:40:00,7120.2,7121.62,7117.49,7118.63,16957860,false,,false,,
2026-04-28 12:45:00,2026-04-28,12:45:00,7118.64,7121,7117.87,7120.75,17902620,false,,false,,
2026-04-28 12:50:00,2026-04-28,12:50:00,7120.74,7126.93,7118.78,7125.92,19626800,false,,false,,
2026-04-28 12:55:00,2026-04-28,12:55:00,7125.97,7126.73,7122.59,7124.82,19756030,false,,false,,
2026-04-28 13:00:00,2026-04-28,13:00:00,7124.8,7126.39,7119.23,7119.72,18973180,false,,false,,
2026-04-28 13:05:00,2026-04-28,13:05:00,7119.86,7122.01,7117.71,7122.01,17483370,false,,false,,
2026-04-28 13:10:00,2026-04-28,13:10:00,7121.87,7123.31,7119.76,7122.69,16888980,false,,false,,
2026-04-28 13:15:00,2026-04-28,13:15:00,7122.76,7123.31,7118.96,7119.97,16163460,false,,false,,
2026-04-28 13:20:00,2026-04-28,13:20:00,7120.08,7122.12,7119.73,7122.02,15623540,false,,false,,
2026-04-28 13:25:00,2026-04-28,13:25:00,7122.06,7126.59,7121.87,7124.7,21764760,false,,false,,
2026-04-28 13:30:00,2026-04-28,13:30:00,7124.85,7128.15,7124.85,7128.15,20833140,false,,false,,
2026-04-28 13:35:00,2026-04-28,13:35:00,7128.23,7131.03,7128.23,7129.76,20265050,false,,false,,
2026-04-28 13:40:00,2026-04-28,13:40:00,7129.77,7132.79,7128.79,7130.85,17503440,false,,false,,
2026-04-28 13:45:00,2026-04-28,13:45:00,7130.84,7132.62,7130.59,7130.8,18510500,false,,false,,
2026-04-28 13:50:00,2026-04-28,13:50:00,7130.73,7132.46,7129.36,7131.66,20690050,false,,false,,
2026-04-28 13:55:00,2026-04-28,13:55:00,7131.53,7134.41,7131.35,7133.56,18599480,false,,false,,
2026-04-28 14:00:00,2026-04-28,14:00:00,7133.62,7134.68,7131.77,7132.07,20073630,false,,false,,
2026-04-28 14:05:00,2026-04-28,14:05:00,7132.12,7134.04,7130.82,7133.15,23776520,false,,false,,
2026-04-28 14:10:00,2026-04-28,14:10:00,7133.14,7134.43,7131.83,7133.92,19048680,false,,false,,
2026-04-28 14:15:00,2026-04-28,14:15:00,7133.86,7137.99,7133.79,7137.39,21931470,false,,false,,
2026-04-28 14:20:00,2026-04-28,14:20:00,7137.46,7138.83,7135.42,7137.46,22885900,false,,false,,
2026-04-28 14:25:00,2026-04-28,14:25:00,7137.46,7138.13,7136.02,7137.21,20750480,false,,false,,
2026-04-28 14:30:00,2026-04-28,14:30:00,7137.09,7137.12,7132.85,7134.03,25274040,false,,false,,
2026-04-28 14:35:00,2026-04-28,14:35:00,7134.08,7134.37,7131.82,7134.3,20397140,false,,false,,
2026-04-28 14:40:00,2026-04-28,14:40:00,7134.21,7137.3,7133.96,7137.3,19861870,false,,false,,
2026-04-28 14:45:00,2026-04-28,14:45:00,7137.33,7137.78,7135.88,7136.93,20079670,false,,false,,
2026-04-28 14:50:00,2026-04-28,14:50:00,7136.92,7139.26,7136.4,7138.91,20380750,false,,false,,
2026-04-28 14:55:00,2026-04-28,14:55:00,7138.86,7139.36,7136.11,7138.67,21816200,false,,false,,
2026-04-28 15:00:00,2026-04-28,15:00:00,7138.71,7140.21,7137.84,7139.37,24811200,false,,false,,
2026-04-28 15:05:00,2026-04-28,15:05:00,7139.64,7143.19,7139.6,7142.87,23779770,false,,false,,
2026-04-28 15:10:00,2026-04-28,15:10:00,7142.88,7144.95,7141.7,7142.38,26120110,false,,false,,
2026-04-28 15:15:00,2026-04-28,15:15:00,7142.48,7142.54,7138.79,7139.68,30296060,false,,false,,
2026-04-28 15:20:00,2026-04-28,15:20:00,7139.52,7141.69,7137.62,7139.89,29169920,false,,false,,
2026-04-28 15:25:00,2026-04-28,15:25:00,7140.04,7140.81,7138.61,7139.21,30901030,false,,false,,
2026-04-28 15:30:00,2026-04-28,15:30:00,7139.4,7139.71,7135.44,7135.54,37599830,false,,false,,
2026-04-28 15:35:00,2026-04-28,15:35:00,7135.67,7138.6,7135.45,7138.6,34846410,false,,false,,
2026-04-28 15:40:00,2026-04-28,15:40:00,7138.53,7141.11,7138.47,7139.36,36409590,false,,false,,
2026-04-28 15:45:00,2026-04-28,15:45:00,7139.44,7140.69,7138.59,7140.38,42500520,false,,false,,
2026-04-28 15:50:00,2026-04-28,15:50:00,7140.38,7142.85,7137.13,7139.37,77950400,false,,false,,
2026-04-28 15:55:00,2026-04-28,15:55:00,7139.47,7141.68,7137.39,7139.23,194397230,false,,false,,
2026-04-28 16:00:00,2026-04-28,16:00:00,7139.31,7139.31,7138.76,7138.81,510077120,false,,false,,
2026-04-29 09:30:00,2026-04-29,09:30:00,7135.75,7135.75,7122.96,7125.35,147822985,false,,false,,
2026-04-29 09:35:00,2026-04-29,09:35:00,7125.24,7130.69,7123.19,7129.57,56942148,false,,false,,
2026-04-29 09:40:00,2026-04-29,09:40:00,7129.64,7131.23,7123.59,7123.59,50443844,false,,false,,
2026-04-29 09:45:00,2026-04-29,09:45:00,7123.5,7125.35,7119.54,7122.9,50974913,false,,false,,
2026-04-29 09:50:00,2026-04-29,09:50:00,7123.02,7131.04,7122.77,7129.99,44555610,false,,false,,
2026-04-29 09:55:00,2026-04-29,09:55:00,7130.16,7133.2,7129.08,7131.92,42201750,false,,false,,
2026-04-29 10:00:00,2026-04-29,10:00:00,7131.97,7131.97,7125.64,7130.22,46941020,false,,false,,
2026-04-29 10:05:00,2026-04-29,10:05:00,7130.3,7131.69,7128.22,7131.4,41849230,false,,false,,
2026-04-29 10:10:00,2026-04-29,10:10:00,7131.3,7136.19,7130.06,7135.65,41411240,false,,false,,
2026-04-29 10:15:00,2026-04-29,10:15:00,7135.71,7136.68,7132.79,7133.6,40024260,false,,false,,
2026-04-29 10:20:00,2026-04-29,10:20:00,7133.35,7137.36,7132.32,7137.09,36390970,false,,false,,
2026-04-29 10:25:00,2026-04-29,10:25:00,7137.6,7140.61,7136.67,7138.31,37489380,false,,false,,
2026-04-29 10:30:00,2026-04-29,10:30:00,7138.37,7142.88,7136,7142.45,39143330,false,,false,,
2026-04-29 10:35:00,2026-04-29,10:35:00,7142.51,7145.63,7141.69,7142.33,35650020,false,,false,,
2026-04-29 10:40:00,2026-04-29,10:40:00,7142.32,7142.43,7139.58,7142.3,33458220,false,,false,,
2026-04-29 10:45:00,2026-04-29,10:45:00,7142.26,7143.08,7138.23,7138.39,30741880,false,,false,,
2026-04-29 10:50:00,2026-04-29,10:50:00,7138.32,7140.14,7137.23,7139.43,31388740,false,,false,,
2026-04-29 10:55:00,2026-04-29,10:55:00,7139.38,7139.57,7137,7137.75,33420310,false,,false,,
2026-04-29 11:00:00,2026-04-29,11:00:00,7138,7138.38,7132.87,7134.33,34798150,false,,false,,
2026-04-29 11:05:00,2026-04-29,11:05:00,7134.27,7135.55,7129.32,7129.34,30068280,false,,false,,
2026-04-29 11:10:00,2026-04-29,11:10:00,7129.27,7129.95,7124.75,7125.54,31002010,false,,false,,
2026-04-29 11:15:00,2026-04-29,11:15:00,7125.48,7131.62,7124.24,7129.63,28429300,false,,false,,
2026-04-29 11:20:00,2026-04-29,11:20:00,7129.86,7132.39,7129.3,7131.54,27610900,false,,false,,
2026-04-29 11:25:00,2026-04-29,11:25:00,7131.54,7133.99,7129.78,7132.56,27048080,false,,false,,
2026-04-29 11:30:00,2026-04-29,11:30:00,7132.35,7134.44,7129.91,7131.8,29923910,false,,false,,
2026-04-29 11:35:00,2026-04-29,11:35:00,7131.92,7133.33,7129.19,7130.13,26112450,false,,false,,
2026-04-29 11:40:00,2026-04-29,11:40:00,7130.25,7130.91,7127.24,7128.91,23144710,false,,false,,
2026-04-29 11:45:00,2026-04-29,11:45:00,7128.88,7133.11,7128.72,7132.01,22014690,false,,false,,
2026-04-29 11:50:00,2026-04-29,11:50:00,7131.9,7133.22,7116.16,7117.84,32727670,false,,false,,
2026-04-29 11:55:00,2026-04-29,11:55:00,7118.21,7124.28,7115.99,7123.58,26548470,false,,false,,
2026-04-29 12:00:00,2026-04-29,12:00:00,7123.65,7127.28,7122.71,7127.28,28395110,false,,false,,
2026-04-29 12:05:00,2026-04-29,12:05:00,7127.24,7129.84,7125.9,7127.67,21392360,false,,false,,
2026-04-29 12:10:00,2026-04-29,12:10:00,7127.61,7130.24,7125.63,7125.85,19565410,false,,false,,
2026-04-29 12:15:00,2026-04-29,12:15:00,7125.68,7128.22,7121.33,7121.98,22667090,false,,false,,
2026-04-29 12:20:00,2026-04-29,12:20:00,7121.76,7126.17,7121.37,7125.32,22148000,false,,false,,
2026-04-29 12:25:00,2026-04-29,12:25:00,7125.32,7126.13,7120.17,7120.55,21545660,false,,false,,
2026-04-29 12:30:00,2026-04-29,12:30:00,7120.5,7120.5,7112.67,7113.5,25769460,false,,false,,
2026-04-29 12:35:00,2026-04-29,12:35:00,7113.67,7117.94,7113.01,7117.42,23809060,false,,false,,
2026-04-29 12:40:00,2026-04-29,12:40:00,7117.63,7121.85,7117.63,7120.66,22343770,false,,false,,
2026-04-29 12:45:00,2026-04-29,12:45:00,7120.7,7122.14,7119.12,7121.56,20349660,false,,false,,
2026-04-29 12:50:00,2026-04-29,12:50:00,7121.44,7123.21,7119.93,7121,19238500,false,,false,,
2026-04-29 12:55:00,2026-04-29,12:55:00,7120.99,7122.02,7117.26,7119.53,20089730,false,,false,,
2026-04-29 13:00:00,2026-04-29,13:00:00,7119.63,7120.4,7115.83,7117.83,20730010,false,,false,,
2026-04-29 13:05:00,2026-04-29,13:05:00,7118.11,7120.89,7117.54,7119.79,17619590,false,,false,,
2026-04-29 13:10:00,2026-04-29,13:10:00,7119.93,7121.73,7118.34,7119.67,18164690,false,,false,,
2026-04-29 13:15:00,2026-04-29,13:15:00,7119.62,7121.24,7117.7,7119.78,17928120,false,,false,,
2026-04-29 13:20:00,2026-04-29,13:20:00,7119.57,7123.91,7119.57,7120.37,19614330,false,,false,,
2026-04-29 13:25:00,2026-04-29,13:25:00,7120.26,7121.97,7118.2,7121.94,17123930,false,,false,,
2026-04-29 13:30:00,2026-04-29,13:30:00,7122.13,7125.36,7121.65,7122.91,21212740,false,,false,,
2026-04-29 13:35:00,2026-04-29,13:35:00,7122.98,7124.36,7122.19,7123.79,21984520,false,,false,,
2026-04-29 13:40:00,2026-04-29,13:40:00,7123.82,7124.17,7121.21,7123.46,22698300,false,,false,,
2026-04-29 13:45:00,2026-04-29,13:45:00,7123.57,7129.66,7122.75,7127.84,20086090,false,,false,,
2026-04-29 13:50:00,2026-04-29,13:50:00,7127.89,7130.37,7126.58,7126.82,24654780,false,,false,,
2026-04-29 13:55:00,2026-04-29,13:55:00,7126.9,7128.72,7125.89,7128.72,19240060,false,,false,,
2026-04-29 14:00:00,2026-04-29,14:00:00,7128.8,7129.48,7116.94,7117.49,26024410,false,,false,,
2026-04-29 14:05:00,2026-04-29,14:05:00,7117.37,7120.63,7110.59,7111.14,27366740,false,,false,,
2026-04-29 14:10:00,2026-04-29,14:10:00,7111.15,7114.86,7108.21,7114.06,26635180,false,,false,,
2026-04-29 14:15:00,2026-04-29,14:15:00,7113.97,7122.01,7113.16,7118.91,31405910,false,,false,,
2026-04-29 14:20:00,2026-04-29,14:20:00,7118.89,7121.86,7117.84,7118.59,25107410,false,,false,,
2026-04-29 14:25:00,2026-04-29,14:25:00,7118.68,7118.68,7114.72,7115.8,22999470,false,,false,,
2026-04-29 14:30:00,2026-04-29,14:30:00,7115.75,7116.09,7110.6,7113.48,26645650,false,,false,,
2026-04-29 14:35:00,2026-04-29,14:35:00,7113.42,7124.17,7113.28,7116.88,31256150,false,,false,,
2026-04-29 14:40:00,2026-04-29,14:40:00,7116.93,7117.13,7109.96,7110.03,26756910,false,,false,,
2026-04-29 14:45:00,2026-04-29,14:45:00,7110.17,7118.31,7107.86,7118.02,27956600,false,,false,,
2026-04-29 14:50:00,2026-04-29,14:50:00,7118.23,7122.93,7118.23,7119.34,28378160,false,,false,,
2026-04-29 14:55:00,2026-04-29,14:55:00,7119.31,7129.53,7118.88,7129.11,30359540,false,,false,,
2026-04-29 15:00:00,2026-04-29,15:00:00,7128.99,7130.95,7126.15,7127.07,33229120,false,,false,,
2026-04-29 15:05:00,2026-04-29,15:05:00,7126.93,7128.03,7123.49,7127.53,31524850,false,,false,,
2026-04-29 15:10:00,2026-04-29,15:10:00,7127.61,7136.06,7126.84,7135.85,28627650,false,,false,,
2026-04-29 15:15:00,2026-04-29,15:15:00,7135.75,7138.59,7134.33,7136.15,30714940,false,,false,,
2026-04-29 15:20:00,2026-04-29,15:20:00,7136.14,7136.69,7132.64,7135.55,37681000,false,,false,,
2026-04-29 15:25:00,2026-04-29,15:25:00,7135.56,7136.28,7132.02,7132.2,37158220,false,,false,,
2026-04-29 15:30:00,2026-04-29,15:30:00,7131.98,7132.11,7124.17,7126.67,48306540,false,,false,,
2026-04-29 15:35:00,2026-04-29,15:35:00,7126.79,7133.23,7125.68,7132.8,46612590,false,,false,,
2026-04-29 15:40:00,2026-04-29,15:40:00,7132.79,7133.51,7127.89,7128.44,41067790,false,,false,,
2026-04-29 15:45:00,2026-04-29,15:45:00,7128.56,7132,7128.5,7130.54,50722470,false,,false,,
2026-04-29 15:50:00,2026-04-29,15:50:00,7130.45,7133.5,7127.29,7133.44,97127480,false,,false,,
2026-04-29 15:55:00,2026-04-29,15:55:00,7133.27,7137.55,7128.98,7137.55,222603480,false,,false,,
2026-04-29 16:00:00,2026-04-29,16:00:00,7138.56,7138.56,7135.99,7135.99,483023200,false,,false,,
2026-04-29 16:05:00,2026-04-29,16:05:00,7135.96,7135.96,7135.96,7135.96,5568500,false,,false,,
2026-04-30 09:30:00,2026-04-30,09:30:00,7170.05,7170.52,7151.53,7152.19,190420193,true,7150,true,7150,7150:from_below
2026-04-30 09:35:00,2026-04-30,09:35:00,7151.67,7154.42,7141.71,7141.86,68192984,true,7150,false,,
2026-04-30 09:40:00,2026-04-30,09:40:00,7141.49,7153.07,7136.51,7152.52,57992023,true,7150,false,,
2026-04-30 09:45:00,2026-04-30,09:45:00,7152.44,7154.94,7142.8,7148.96,55574960,true,7150,false,,
2026-04-30 09:50:00,2026-04-30,09:50:00,7149.11,7151.82,7137.66,7137.72,51165320,true,7150,false,,
2026-04-30 09:55:00,2026-04-30,09:55:00,7137.35,7138.14,7130.33,7135.82,51512960,false,,false,,
2026-04-30 10:00:00,2026-04-30,10:00:00,7136.16,7144.77,7135.22,7140.42,52285530,false,,false,,
2026-04-30 10:05:00,2026-04-30,10:05:00,7140.55,7144.93,7129.73,7133.87,49313080,false,,false,,
2026-04-30 10:10:00,2026-04-30,10:10:00,7133.79,7141.68,7130.76,7138.16,47832220,false,,false,,
2026-04-30 10:15:00,2026-04-30,10:15:00,7138.14,7138.36,7126.15,7137.82,55611970,false,,false,,
2026-04-30 10:20:00,2026-04-30,10:20:00,7137.48,7145.99,7137.4,7141.29,42407470,false,,false,,
2026-04-30 10:25:00,2026-04-30,10:25:00,7141.28,7142.91,7134.83,7142.47,44314680,false,,false,,
2026-04-30 10:30:00,2026-04-30,10:30:00,7142.19,7150.31,7137.6,7139.36,46709960,true,7150,true,7150,7150:from_below
2026-04-30 10:35:00,2026-04-30,10:35:00,7140.53,7142.36,7134.25,7135,45679000,false,,false,,
2026-04-30 10:40:00,2026-04-30,10:40:00,7134.92,7146.09,7134.92,7144.88,42378050,false,,false,,
2026-04-30 10:45:00,2026-04-30,10:45:00,7144.81,7153.73,7144.81,7150.6,36786760,true,7150,true,7150,7150:from_below
2026-04-30 10:50:00,2026-04-30,10:50:00,7150.32,7161.98,7149.08,7160.46,34680830,true,7150,false,,
2026-04-30 10:55:00,2026-04-30,10:55:00,7160.25,7164.9,7160.02,7162.18,33788020,false,,false,,
2026-04-30 11:00:00,2026-04-30,11:00:00,7162.1,7167.95,7160.81,7163.1,37320600,false,,false,,
2026-04-30 11:05:00,2026-04-30,11:05:00,7162.65,7166.83,7158.13,7166.83,35988540,false,,false,,
2026-04-30 11:10:00,2026-04-30,11:10:00,7167.04,7168.76,7162.66,7166.66,32292070,false,,false,,
2026-04-30 11:15:00,2026-04-30,11:15:00,7166.99,7167.81,7163.1,7164.74,33066780,false,,false,,
2026-04-30 11:20:00,2026-04-30,11:20:00,7164.72,7165.55,7161.46,7165.1,31442160,false,,false,,
2026-04-30 11:25:00,2026-04-30,11:25:00,7165.3,7168.91,7164.59,7167.51,30832810,false,,false,,
2026-04-30 11:30:00,2026-04-30,11:30:00,7167.13,7172.37,7166.95,7167.85,32233980,false,,false,,
2026-04-30 11:35:00,2026-04-30,11:35:00,7167.55,7167.55,7161.35,7162.64,30021440,false,,false,,
2026-04-30 11:40:00,2026-04-30,11:40:00,7162.54,7163.38,7160.29,7162.35,25654380,false,,false,,
2026-04-30 11:45:00,2026-04-30,11:45:00,7161.76,7163.5,7157.3,7163.5,25748240,false,,false,,
2026-04-30 11:50:00,2026-04-30,11:50:00,7163.65,7170.25,7163.2,7169.62,26923930,false,,false,,
2026-04-30 11:55:00,2026-04-30,11:55:00,7169.7,7173.07,7168.56,7168.7,24675840,false,,false,,
2026-04-30 12:00:00,2026-04-30,12:00:00,7168.6,7169.68,7163.8,7168.66,24593050,false,,false,,
2026-04-30 12:05:00,2026-04-30,12:05:00,7168.57,7172.35,7168.52,7170.14,24028230,false,,false,,
2026-04-30 12:10:00,2026-04-30,12:10:00,7170.18,7176.91,7169.34,7176.6,23371120,false,,false,,
2026-04-30 12:15:00,2026-04-30,12:15:00,7176.56,7177.07,7172.2,7175.32,23366160,false,,false,,
2026-04-30 12:20:00,2026-04-30,12:20:00,7175.1,7176.23,7171.86,7171.86,20522140,false,,false,,
2026-04-30 12:25:00,2026-04-30,12:25:00,7171.94,7174.66,7170.47,7174.66,24275480,false,,false,,
2026-04-30 12:30:00,2026-04-30,12:30:00,7174.57,7176.15,7173.07,7173.36,21935390,false,,false,,
2026-04-30 12:35:00,2026-04-30,12:35:00,7173.26,7174.66,7171.96,7174.55,23453340,false,,false,,
2026-04-30 12:40:00,2026-04-30,12:40:00,7174.62,7174.88,7169.99,7170.2,26744690,false,,false,,
2026-04-30 12:45:00,2026-04-30,12:45:00,7170.02,7171.37,7167.53,7170.7,23590270,false,,false,,
2026-04-30 12:50:00,2026-04-30,12:50:00,7170.7,7171.01,7164.43,7166.51,22763180,false,,false,,
2026-04-30 12:55:00,2026-04-30,12:55:00,7166.52,7166.78,7162.15,7166.08,22450880,false,,false,,
2026-04-30 13:00:00,2026-04-30,13:00:00,7166.22,7174.63,7166.16,7172.22,25581120,false,,false,,
2026-04-30 13:05:00,2026-04-30,13:05:00,7172.34,7175.51,7171.26,7175.15,20798420,false,,false,,
2026-04-30 13:10:00,2026-04-30,13:10:00,7175.28,7179.41,7174.5,7178.68,24444990,false,,false,,
2026-04-30 13:15:00,2026-04-30,13:15:00,7178.63,7178.63,7174.85,7177.38,21065990,false,,false,,
2026-04-30 13:20:00,2026-04-30,13:20:00,7176.95,7180.48,7176.05,7180.22,23968630,false,,false,,
2026-04-30 13:25:00,2026-04-30,13:25:00,7180.07,7181.39,7178.25,7181.36,20435270,false,,false,,
2026-04-30 13:30:00,2026-04-30,13:30:00,7181.25,7189.44,7181.11,7185.55,27451340,false,,false,,
2026-04-30 13:35:00,2026-04-30,13:35:00,7185.65,7188.26,7185.55,7188.24,23640360,false,,false,,
2026-04-30 13:40:00,2026-04-30,13:40:00,7188.2,7188.2,7185.93,7187.04,21185560,false,,false,,
2026-04-30 13:45:00,2026-04-30,13:45:00,7186.96,7191.49,7186.96,7190.57,20364360,false,,false,,
2026-04-30 13:50:00,2026-04-30,13:50:00,7190.4,7191.06,7189.04,7190.06,21942500,false,,false,,
2026-04-30 13:55:00,2026-04-30,13:55:00,7190.03,7194.65,7189.71,7194.05,22760420,false,,false,,
2026-04-30 14:00:00,2026-04-30,14:00:00,7194.09,7202.23,7193.61,7200.9,29555040,true,7200,true,7200,7200:from_below
2026-04-30 14:05:00,2026-04-30,14:05:00,7200.84,7201.68,7198.18,7198.65,27300780,true,7200,false,,
2026-04-30 14:10:00,2026-04-30,14:10:00,7198.76,7201.95,7197.93,7201.66,24307030,true,7200,false,,
2026-04-30 14:15:00,2026-04-30,14:15:00,7201.71,7204.77,7201.44,7202,24303470,true,7200,false,,
2026-04-30 14:20:00,2026-04-30,14:20:00,7202,7202.6,7199.8,7200.06,22727420,true,7200,false,,
2026-04-30 14:25:00,2026-04-30,14:25:00,7199.94,7202.55,7199.74,7202.42,24998180,true,7200,false,,
2026-04-30 14:30:00,2026-04-30,14:30:00,7202.41,7205.51,7202.23,7204.46,26833030,false,,false,,
2026-04-30 14:35:00,2026-04-30,14:35:00,7204.42,7209.12,7204.42,7207.92,26357430,false,,false,,
2026-04-30 14:40:00,2026-04-30,14:40:00,7208,7209.96,7207.68,7209.22,26536390,false,,false,,
2026-04-30 14:45:00,2026-04-30,14:45:00,7209.02,7210.23,7208.54,7209.66,27603910,false,,false,,
2026-04-30 14:50:00,2026-04-30,14:50:00,7209.75,7210.87,7207.38,7208.33,26477040,false,,false,,
2026-04-30 14:55:00,2026-04-30,14:55:00,7208.29,7209.35,7206.04,7206.93,28818210,false,,false,,
2026-04-30 15:00:00,2026-04-30,15:00:00,7206.92,7211.11,7205.74,7210.94,33272200,false,,false,,
2026-04-30 15:05:00,2026-04-30,15:05:00,7210.93,7213.96,7209.8,7212.14,29230140,false,,false,,
2026-04-30 15:10:00,2026-04-30,15:10:00,7212.2,7216.67,7212.2,7216.5,29880120,false,,false,,
2026-04-30 15:15:00,2026-04-30,15:15:00,7216.43,7217.19,7214.74,7214.74,33885030,false,,false,,
2026-04-30 15:20:00,2026-04-30,15:20:00,7214.65,7216.22,7213.51,7216.1,31361270,false,,false,,
2026-04-30 15:25:00,2026-04-30,15:25:00,7216.24,7216.55,7213.6,7214.14,38088300,false,,false,,
2026-04-30 15:30:00,2026-04-30,15:30:00,7214.24,7214.27,7210.86,7212.43,49389280,false,,false,,
2026-04-30 15:35:00,2026-04-30,15:35:00,7212.43,7215.02,7211.85,7214.79,41791230,false,,false,,
2026-04-30 15:40:00,2026-04-30,15:40:00,7214.85,7217.27,7211.92,7216.87,45552910,false,,false,,
2026-04-30 15:45:00,2026-04-30,15:45:00,7216.96,7218.3,7214.87,7217.92,57964660,false,,false,,
2026-04-30 15:50:00,2026-04-30,15:50:00,7217.91,7219.83,7210.98,7214.84,113555160,false,,false,,
2026-04-30 15:55:00,2026-04-30,15:55:00,7214.96,7218.69,7209.83,7210.25,260513500,false,,false,,
2026-04-30 16:00:00,2026-04-30,16:00:00,7209.22,7209.22,7208.96,7209.02,819887100,false,,false,,
2026-05-01 09:30:00,2026-05-01,09:30:00,7237.7,7248.38,7232.75,7247.69,134244881,true,7250,true,7250,7250:from_below
2026-05-01 09:35:00,2026-05-01,09:35:00,7247.43,7251.01,7244.43,7245.07,56312602,true,7250,false,,
2026-05-01 09:40:00,2026-05-01,09:40:00,7244.67,7250.11,7244.67,7249.3,50282107,true,7250,false,,
2026-05-01 09:45:00,2026-05-01,09:45:00,7249.11,7249.25,7242.84,7246.67,46335470,true,7250,false,,
2026-05-01 09:50:00,2026-05-01,09:50:00,7246.29,7252.15,7241.77,7250.5,42714200,true,7250,false,,
2026-05-01 09:55:00,2026-05-01,09:55:00,7249.59,7265.08,7249.59,7265.08,45924210,true,7250,false,,
2026-05-01 10:00:00,2026-05-01,10:00:00,7265.76,7269.97,7263.91,7267.14,49610550,false,,false,,
2026-05-01 10:05:00,2026-05-01,10:05:00,7267.48,7267.56,7261.82,7264.5,42650990,false,,false,,
2026-05-01 10:10:00,2026-05-01,10:10:00,7264.56,7270.19,7263.6,7267.87,39709960,false,,false,,
2026-05-01 10:15:00,2026-05-01,10:15:00,7267.79,7269.38,7264.81,7268.09,39169220,false,,false,,
2026-05-01 10:20:00,2026-05-01,10:20:00,7268.24,7272.52,7268.24,7269.59,33581830,false,,false,,
2026-05-01 10:25:00,2026-05-01,10:25:00,7269.53,7269.83,7265.08,7265.92,32447910,false,,false,,
2026-05-01 10:30:00,2026-05-01,10:30:00,7265.86,7265.88,7254.37,7255.34,42575020,false,,false,,
2026-05-01 10:35:00,2026-05-01,10:35:00,7255.55,7256.39,7246.03,7251.47,35953730,true,7250,true,7250,7250:from_above
2026-05-01 10:40:00,2026-05-01,10:40:00,7251.61,7256.5,7248.16,7252.71,30506230,true,7250,false,,
2026-05-01 10:45:00,2026-05-01,10:45:00,7252.84,7257.48,7251.81,7254.58,27548350,true,7250,false,,
2026-05-01 10:50:00,2026-05-01,10:50:00,7254.67,7256.06,7250.34,7252.65,29119290,true,7250,false,,
2026-05-01 10:55:00,2026-05-01,10:55:00,7252.71,7255.55,7250.88,7250.88,32851520,true,7250,false,,
2026-05-01 11:00:00,2026-05-01,11:00:00,7250.78,7251.16,7244.49,7248.81,28666420,true,7250,false,,
2026-05-01 11:05:00,2026-05-01,11:05:00,7247.42,7249.73,7245.47,7249.53,25093820,true,7250,false,,
2026-05-01 11:10:00,2026-05-01,11:10:00,7249.61,7253.55,7247.01,7253.47,26754690,true,7250,false,,
2026-05-01 11:15:00,2026-05-01,11:15:00,7253.62,7255.24,7251.86,7253.82,27270620,true,7250,false,,
2026-05-01 11:20:00,2026-05-01,11:20:00,7253.9,7257.22,7253.9,7255.91,25603760,false,,false,,
2026-05-01 11:25:00,2026-05-01,11:25:00,7256.17,7257.36,7253.75,7256.62,25071810,false,,false,,
2026-05-01 11:30:00,2026-05-01,11:30:00,7256.49,7258.6,7255.78,7256.39,24944990,false,,false,,
2026-05-01 11:35:00,2026-05-01,11:35:00,7256.46,7263.63,7255.67,7261.48,25616300,false,,false,,
2026-05-01 11:40:00,2026-05-01,11:40:00,7261.56,7263.72,7261.35,7263.57,22183300,false,,false,,
2026-05-01 11:45:00,2026-05-01,11:45:00,7263.42,7266.7,7263.2,7266.22,22003010,false,,false,,
2026-05-01 11:50:00,2026-05-01,11:50:00,7266.15,7267.09,7252.29,7257.49,34874700,false,,false,,
2026-05-01 11:55:00,2026-05-01,11:55:00,7257.65,7260.5,7256.17,7257.28,23447220,false,,false,,
2026-05-01 12:00:00,2026-05-01,12:00:00,7257.48,7258.89,7255.96,7256.75,21518750,false,,false,,
2026-05-01 12:05:00,2026-05-01,12:05:00,7256.89,7257.33,7248.15,7248.61,25505640,true,7250,true,7250,7250:from_above
2026-05-01 12:10:00,2026-05-01,12:10:00,7248.74,7250.8,7247.31,7248.3,19732470,true,7250,false,,
2026-05-01 12:15:00,2026-05-01,12:15:00,7248.16,7253.14,7247.97,7253.02,23208950,true,7250,false,,
2026-05-01 12:20:00,2026-05-01,12:20:00,7253.13,7255.24,7245.72,7249.14,29705910,true,7250,false,,
2026-05-01 12:25:00,2026-05-01,12:25:00,7249.09,7249.56,7243.02,7245.52,20985070,true,7250,false,,
2026-05-01 12:30:00,2026-05-01,12:30:00,7245.37,7245.77,7240.32,7243.41,21217900,false,,false,,
2026-05-01 12:35:00,2026-05-01,12:35:00,7243.38,7246.13,7242.03,7245.56,19243540,false,,false,,
2026-05-01 12:40:00,2026-05-01,12:40:00,7245.73,7246.32,7240.65,7240.65,18469550,false,,false,,
2026-05-01 12:45:00,2026-05-01,12:45:00,7240.46,7242.26,7237.9,7239.71,19671350,false,,false,,
2026-05-01 12:50:00,2026-05-01,12:50:00,7239.9,7245.02,7238.98,7244.53,18883770,false,,false,,
2026-05-01 12:55:00,2026-05-01,12:55:00,7244.5,7246.56,7242.24,7242.3,18459840,false,,false,,
2026-05-01 13:00:00,2026-05-01,13:00:00,7242.29,7247.31,7242.15,7244.94,18175370,false,,false,,
2026-05-01 13:05:00,2026-05-01,13:05:00,7244.85,7246.8,7244.43,7245.05,16982430,false,,false,,
2026-05-01 13:10:00,2026-05-01,13:10:00,7245.12,7247.89,7245.12,7247.86,17204630,false,,false,,
2026-05-01 13:15:00,2026-05-01,13:15:00,7247.81,7250.12,7247.08,7250.03,18787450,true,7250,true,7250,7250:from_below
2026-05-01 13:20:00,2026-05-01,13:20:00,7250.06,7252.11,7249.85,7250.63,17134620,true,7250,false,,
2026-05-01 13:25:00,2026-05-01,13:25:00,7250.7,7253.07,7250.15,7253.07,19573950,true,7250,false,,
2026-05-01 13:30:00,2026-05-01,13:30:00,7253.13,7254.29,7252.11,7253.04,19123440,false,,false,,
2026-05-01 13:35:00,2026-05-01,13:35:00,7252.91,7253.25,7249.51,7251.24,18011210,true,7250,true,7250,7250:from_above
2026-05-01 13:40:00,2026-05-01,13:40:00,7251.24,7253.66,7251.24,7252.1,19496530,true,7250,false,,
2026-05-01 13:45:00,2026-05-01,13:45:00,7252.18,7252.79,7251.19,7251.78,17318030,true,7250,false,,
2026-05-01 13:50:00,2026-05-01,13:50:00,7251.85,7255.13,7250.73,7253.04,17891380,true,7250,false,,
2026-05-01 13:55:00,2026-05-01,13:55:00,7253.07,7254.01,7251.31,7251.4,19925750,true,7250,false,,
2026-05-01 14:00:00,2026-05-01,14:00:00,7251.26,7252.37,7247.79,7248.3,23653140,true,7250,false,,
2026-05-01 14:05:00,2026-05-01,14:05:00,7248.28,7248.57,7245.05,7248.1,20927190,true,7250,false,,
2026-05-01 14:10:00,2026-05-01,14:10:00,7248.13,7248.13,7241.41,7241.44,24891490,true,7250,false,,
2026-05-01 14:15:00,2026-05-01,14:15:00,7241.55,7242.87,7238.34,7241.76,22479540,false,,false,,
2026-05-01 14:20:00,2026-05-01,14:20:00,7241.77,7244.12,7240.78,7244.12,20985180,false,,false,,
2026-05-01 14:25:00,2026-05-01,14:25:00,7244.23,7244.57,7241.95,7242.5,18930100,false,,false,,
2026-05-01 14:30:00,2026-05-01,14:30:00,7244.9,7245.03,7238.49,7238.76,24094840,false,,false,,
2026-05-01 14:35:00,2026-05-01,14:35:00,7238.79,7238.79,7235.96,7236.44,20065790,false,,false,,
2026-05-01 14:40:00,2026-05-01,14:40:00,7236.53,7237.53,7234.52,7235.48,20050260,false,,false,,
2026-05-01 14:45:00,2026-05-01,14:45:00,7235.46,7235.93,7231.39,7234.15,24344930,false,,false,,
2026-05-01 14:50:00,2026-05-01,14:50:00,7234.16,7236.08,7232.84,7233.75,20865290,false,,false,,
2026-05-01 14:55:00,2026-05-01,14:55:00,7233.85,7236.18,7233.27,7234.86,22472400,false,,false,,
2026-05-01 15:00:00,2026-05-01,15:00:00,7234.83,7239.13,7234.11,7237.3,25426790,false,,false,,
2026-05-01 15:05:00,2026-05-01,15:05:00,7237.34,7241.23,7237.27,7240.9,25663780,false,,false,,
2026-05-01 15:10:00,2026-05-01,15:10:00,7240.99,7244.26,7239.82,7243.87,25634070,false,,false,,
2026-05-01 15:15:00,2026-05-01,15:15:00,7243.86,7245.81,7243.08,7244.73,29260580,false,,false,,
2026-05-01 15:20:00,2026-05-01,15:20:00,7244.88,7246.24,7243.82,7245.63,28607960,false,,false,,
2026-05-01 15:25:00,2026-05-01,15:25:00,7245.64,7248.96,7245.51,7247.54,33010270,true,7250,true,7250,7250:from_below
2026-05-01 15:30:00,2026-05-01,15:30:00,7247.49,7247.96,7243.28,7245.59,43301280,false,,false,,
2026-05-01 15:35:00,2026-05-01,15:35:00,7245.53,7246.87,7243.51,7246.41,31639620,false,,false,,
2026-05-01 15:40:00,2026-05-01,15:40:00,7246.55,7247.51,7243.56,7244.39,36724300,false,,false,,
2026-05-01 15:45:00,2026-05-01,15:45:00,7244.51,7244.95,7241.77,7242.5,46823640,false,,false,,
2026-05-01 15:50:00,2026-05-01,15:50:00,7242.63,7243.66,7234.73,7236.17,80053650,false,,false,,
2026-05-01 15:55:00,2026-05-01,15:55:00,7236.23,7236.23,7231.3,7231.37,189057680,false,,false,,
2026-05-01 16:00:00,2026-05-01,16:00:00,7229.32,7230.28,7229.32,7230.11,405946890,false,,false,,
2026-05-04 09:30:00,2026-05-04,09:30:00,7221.75,7225.25,7214.77,7220.54,160783976,false,,false,,
2026-05-04 09:35:00,2026-05-04,09:35:00,7220.72,7225.76,7218.1,7221.53,55896468,false,,false,,
2026-05-04 09:40:00,2026-05-04,09:40:00,7221.67,7226.47,7220.01,7222.43,49346010,false,,false,,
2026-05-04 09:45:00,2026-05-04,09:45:00,7222.99,7230.18,7221.51,7227.68,48576616,false,,false,,
2026-05-04 09:50:00,2026-05-04,09:50:00,7227.26,7230.17,7224.36,7228.47,42213900,false,,false,,
2026-05-04 09:55:00,2026-05-04,09:55:00,7228.66,7231.7,7224.72,7231.7,39937340,false,,false,,
2026-05-04 10:00:00,2026-05-04,10:00:00,7230.97,7231.33,7226,7226.28,39221140,false,,false,,
2026-05-04 10:05:00,2026-05-04,10:05:00,7226.11,7230.97,7222.79,7224.11,36057670,false,,false,,
2026-05-04 10:10:00,2026-05-04,10:10:00,7224.08,7235.76,7223.7,7233.54,31117730,false,,false,,
2026-05-04 10:15:00,2026-05-04,10:15:00,7233.69,7237.62,7232.73,7237.08,36360860,false,,false,,
2026-05-04 10:20:00,2026-05-04,10:20:00,7237.46,7240.79,7236.02,7236.73,32307870,false,,false,,
2026-05-04 10:25:00,2026-05-04,10:25:00,7236.31,7239.22,7233.63,7234.72,35028800,false,,false,,
2026-05-04 10:30:00,2026-05-04,10:30:00,7234.68,7242.3,7234.21,7239.61,32272550,false,,false,,
2026-05-04 10:35:00,2026-05-04,10:35:00,7239.76,7243.62,7238.81,7241.9,28906860,false,,false,,
2026-05-04 10:40:00,2026-05-04,10:40:00,7241.98,7244.54,7241.87,7242.92,28503880,false,,false,,
2026-05-04 10:45:00,2026-05-04,10:45:00,7243.03,7244.35,7240.46,7241.04,27186600,false,,false,,
2026-05-04 10:50:00,2026-05-04,10:50:00,7241.1,7244.46,7240.58,7243.16,25506460,false,,false,,
2026-05-04 10:55:00,2026-05-04,10:55:00,7242.89,7243.99,7231.91,7232.3,28359930,false,,false,,
2026-05-04 11:00:00,2026-05-04,11:00:00,7232.39,7237.35,7226.66,7233.27,27915370,false,,false,,
2026-05-04 11:05:00,2026-05-04,11:05:00,7233.15,7234.71,7228.76,7231.79,24790800,false,,false,,
2026-05-04 11:10:00,2026-05-04,11:10:00,7231.65,7232.45,7223.21,7225.3,24423120,false,,false,,
2026-05-04 11:15:00,2026-05-04,11:15:00,7225.53,7227.51,7211.02,7211.02,31093650,false,,false,,
2026-05-04 11:20:00,2026-05-04,11:20:00,7210.33,7210.33,7197.79,7199.34,38575030,true,7200,true,7200,7200:from_above
2026-05-04 11:25:00,2026-05-04,11:25:00,7199.38,7209.85,7198.99,7206.76,30501680,true,7200,false,,
2026-05-04 11:30:00,2026-05-04,11:30:00,7206.62,7207.74,7198.1,7203.84,26913250,true,7200,false,,
2026-05-04 11:35:00,2026-05-04,11:35:00,7203.62,7206.84,7196.62,7201.34,28968870,true,7200,false,,
2026-05-04 11:40:00,2026-05-04,11:40:00,7201.48,7206.39,7195.45,7205.82,31678620,true,7200,false,,
2026-05-04 11:45:00,2026-05-04,11:45:00,7205.83,7205.83,7198.6,7199.61,23936400,true,7200,false,,
2026-05-04 11:50:00,2026-05-04,11:50:00,7199.47,7203.55,7193.04,7202.96,28395170,true,7200,false,,
2026-05-04 11:55:00,2026-05-04,11:55:00,7203,7205.36,7198.13,7198.86,21885210,true,7200,false,,
2026-05-04 12:00:00,2026-05-04,12:00:00,7198.79,7199.94,7192.65,7195.36,21351130,true,7200,false,,
2026-05-04 12:05:00,2026-05-04,12:05:00,7195.52,7196.09,7174.12,7183.03,35505030,false,,false,,
2026-05-04 12:10:00,2026-05-04,12:10:00,7183.07,7187.59,7178.39,7182.5,23178470,false,,false,,
2026-05-04 12:15:00,2026-05-04,12:15:00,7182.34,7197.2,7177.6,7194.13,28628980,false,,false,,
2026-05-04 12:20:00,2026-05-04,12:20:00,7194.58,7199.95,7193.99,7197.28,21865340,true,7200,true,7200,7200:from_below
2026-05-04 12:25:00,2026-05-04,12:25:00,7197.16,7199.99,7191.65,7192.52,18783520,true,7200,false,,
2026-05-04 12:30:00,2026-05-04,12:30:00,7192.6,7198.77,7191.27,7197.65,18657870,true,7200,false,,
2026-05-04 12:35:00,2026-05-04,12:35:00,7197.87,7198.35,7189.4,7191.07,21092200,true,7200,false,,
2026-05-04 12:40:00,2026-05-04,12:40:00,7191.03,7195.43,7191.03,7192.3,21954650,false,,false,,
2026-05-04 12:45:00,2026-05-04,12:45:00,7192.26,7192.98,7189.5,7191.36,21647170,false,,false,,
2026-05-04 12:50:00,2026-05-04,12:50:00,7191.53,7192.22,7186.79,7188.71,19905560,false,,false,,
2026-05-04 12:55:00,2026-05-04,12:55:00,7188.74,7191.17,7187.48,7188.44,19852890,false,,false,,
2026-05-04 13:00:00,2026-05-04,13:00:00,7188.37,7194.41,7188.08,7193.75,21279480,false,,false,,
2026-05-04 13:05:00,2026-05-04,13:05:00,7193.72,7197.57,7193.21,7196.84,17807070,false,,false,,
2026-05-04 13:10:00,2026-05-04,13:10:00,7196.95,7198.75,7194.56,7197.45,17596710,true,7200,true,7200,7200:from_below
2026-05-04 13:15:00,2026-05-04,13:15:00,7197.33,7206.81,7195.81,7205.69,26731360,true,7200,false,,
2026-05-04 13:20:00,2026-05-04,13:20:00,7205.7,7208.7,7204.62,7207.54,25669890,false,,false,,
2026-05-04 13:25:00,2026-05-04,13:25:00,7207.51,7208.46,7204.79,7207.87,17441340,false,,false,,
2026-05-04 13:30:00,2026-05-04,13:30:00,7208,7208.35,7204.02,7204.02,19732970,false,,false,,
2026-05-04 13:35:00,2026-05-04,13:35:00,7204.07,7204.27,7199.44,7203.32,17844100,true,7200,true,7200,7200:from_above
2026-05-04 13:40:00,2026-05-04,13:40:00,7203.36,7205.69,7201.65,7204.99,18040890,true,7200,false,,
2026-05-04 13:45:00,2026-05-04,13:45:00,7205.04,7206.25,7203.67,7205.78,16742850,false,,false,,
2026-05-04 13:50:00,2026-05-04,13:50:00,7205.73,7209.09,7205.48,7206.59,17623880,false,,false,,
2026-05-04 13:55:00,2026-05-04,13:55:00,7206.58,7208.6,7206.08,7206.08,18484620,false,,false,,
2026-05-04 14:00:00,2026-05-04,14:00:00,7206.08,7211.93,7206.04,7211.78,21661110,false,,false,,
2026-05-04 14:05:00,2026-05-04,14:05:00,7211.83,7212.79,7208.55,7209.66,23107650,false,,false,,
2026-05-04 14:10:00,2026-05-04,14:10:00,7209.67,7210.38,7207.24,7207.24,17968070,false,,false,,
2026-05-04 14:15:00,2026-05-04,14:15:00,7207.27,7207.59,7204.47,7205.17,16467230,false,,false,,
2026-05-04 14:20:00,2026-05-04,14:20:00,7205.16,7205.21,7198.89,7200.13,18329980,true,7200,true,7200,7200:from_above
2026-05-04 14:25:00,2026-05-04,14:25:00,7200.05,7200.95,7195.41,7200.6,20332700,true,7200,false,,
2026-05-04 14:30:00,2026-05-04,14:30:00,7200.47,7201.22,7197.63,7199.11,18318840,true,7200,false,,
2026-05-04 14:35:00,2026-05-04,14:35:00,7199.24,7199.24,7195.77,7197.73,17042340,true,7200,false,,
2026-05-04 14:40:00,2026-05-04,14:40:00,7197.89,7198.41,7193.23,7193.42,18423130,true,7200,false,,
2026-05-04 14:45:00,2026-05-04,14:45:00,7193.54,7197.57,7191.15,7197.39,22021910,false,,false,,
2026-05-04 14:50:00,2026-05-04,14:50:00,7197.57,7198.64,7193.74,7193.85,23421080,true,7200,true,7200,7200:from_below
2026-05-04 14:55:00,2026-05-04,14:55:00,7194,7199.16,7193.85,7198.06,24235940,true,7200,false,,
2026-05-04 15:00:00,2026-05-04,15:00:00,7197.97,7198.54,7194.24,7196.98,21855940,true,7200,false,,
2026-05-04 15:05:00,2026-05-04,15:05:00,7196.88,7204.13,7195.39,7202.55,29344050,true,7200,false,,
2026-05-04 15:10:00,2026-05-04,15:10:00,7202.44,7203.41,7201.05,7203.41,23615470,true,7200,false,,
2026-05-04 15:15:00,2026-05-04,15:15:00,7203.47,7204.82,7202.33,7202.66,26532110,false,,false,,
2026-05-04 15:20:00,2026-05-04,15:20:00,7202.61,7202.92,7200.35,7201.62,27920270,true,7200,true,7200,7200:from_above
2026-05-04 15:25:00,2026-05-04,15:25:00,7201.66,7203.12,7198.49,7200.36,31260350,true,7200,false,,
2026-05-04 15:30:00,2026-05-04,15:30:00,7200.36,7203.23,7200.36,7202.68,36600640,true,7200,false,,
2026-05-04 15:35:00,2026-05-04,15:35:00,7202.96,7205.29,7202.31,7202.55,35061700,false,,false,,
2026-05-04 15:40:00,2026-05-04,15:40:00,7202.52,7202.99,7199.92,7200.95,37562190,true,7200,true,7200,7200:from_above
2026-05-04 15:45:00,2026-05-04,15:45:00,7200.76,7204.14,7199.11,7204,42405520,true,7200,false,,
2026-05-04 15:50:00,2026-05-04,15:50:00,7204.04,7204.04,7196.22,7197.81,75900300,true,7200,false,,
2026-05-04 15:55:00,2026-05-04,15:55:00,7197.78,7201.88,7196.7,7201.4,188320370,true,7200,false,,
2026-05-04 16:00:00,2026-05-04,16:00:00,7201.93,7201.93,7200.76,7200.76,466174210,true,7200,false,,
2026-05-05 09:30:00,2026-05-05,09:30:00,7239.53,7247.66,7237.66,7246.23,85256394,false,,false,,
2026-05-05 09:35:00,2026-05-05,09:35:00,7246.36,7249.51,7242.44,7245.73,63087836,true,7250,true,7250,7250:from_below
2026-05-05 09:40:00,2026-05-05,09:40:00,7245.13,7248.9,7242.08,7245.09,58352359,true,7250,false,,
2026-05-05 09:45:00,2026-05-05,09:45:00,7245.54,7250.13,7245.11,7245.18,51530180,true,7250,false,,
2026-05-05 09:50:00,2026-05-05,09:50:00,7245.26,7252.04,7245.04,7247.12,45244040,true,7250,false,,
2026-05-05 09:55:00,2026-05-05,09:55:00,7246.87,7249.73,7246.41,7248.54,39723750,true,7250,false,,
2026-05-05 10:00:00,2026-05-05,10:00:00,7249.43,7251.08,7243.9,7250.6,44991570,true,7250,false,,
2026-05-05 10:05:00,2026-05-05,10:05:00,7250.7,7254.96,7249.23,7254.96,39162100,true,7250,false,,
2026-05-05 10:10:00,2026-05-05,10:10:00,7254.9,7257,7245.51,7246.42,39998120,true,7250,false,,
2026-05-05 10:15:00,2026-05-05,10:15:00,7246.45,7250.66,7241.78,7244.13,43367970,true,7250,false,,
2026-05-05 10:20:00,2026-05-05,10:20:00,7243.89,7255.98,7243.08,7255.98,41385710,true,7250,false,,
2026-05-05 10:25:00,2026-05-05,10:25:00,7255.65,7259.54,7254.63,7256.12,37563080,false,,false,,
2026-05-05 10:30:00,2026-05-05,10:30:00,7256.1,7257.37,7252.09,7253.85,38601190,false,,false,,
2026-05-05 10:35:00,2026-05-05,10:35:00,7253.69,7254.8,7249.15,7250.37,36683380,true,7250,true,7250,7250:from_above
2026-05-05 10:40:00,2026-05-05,10:40:00,7250.4,7254.74,7249.53,7250.62,35266000,true,7250,false,,
2026-05-05 10:45:00,2026-05-05,10:45:00,7250.73,7252.35,7248.19,7250.88,29039850,true,7250,false,,
2026-05-05 10:50:00,2026-05-05,10:50:00,7250.83,7252.84,7248.26,7252.84,31036960,true,7250,false,,
2026-05-05 10:55:00,2026-05-05,10:55:00,7253.08,7255.13,7252.37,7254.46,30315260,false,,false,,
2026-05-05 11:00:00,2026-05-05,11:00:00,7254.28,7258.67,7253.65,7258.38,32256460,false,,false,,
2026-05-05 11:05:00,2026-05-05,11:05:00,7258.66,7259.53,7256.62,7257.04,28404370,false,,false,,
2026-05-05 11:10:00,2026-05-05,11:10:00,7256.95,7259.85,7256.45,7259.61,28782030,false,,false,,
2026-05-05 11:15:00,2026-05-05,11:15:00,7259.29,7259.92,7256.65,7256.87,30765160,false,,false,,
2026-05-05 11:20:00,2026-05-05,11:20:00,7256.92,7258.17,7254.93,7255,25726860,false,,false,,
2026-05-05 11:25:00,2026-05-05,11:25:00,7254.44,7257.51,7254.11,7257.51,27219840,false,,false,,
2026-05-05 11:30:00,2026-05-05,11:30:00,7257.82,7258.24,7252.35,7252.68,27883270,false,,false,,
2026-05-05 11:35:00,2026-05-05,11:35:00,7252.79,7255.27,7252.53,7253.53,27558320,false,,false,,
2026-05-05 11:40:00,2026-05-05,11:40:00,7254.22,7254.82,7252.73,7254.24,22731680,false,,false,,
2026-05-05 11:45:00,2026-05-05,11:45:00,7254.23,7257.11,7254.13,7256.4,21974860,false,,false,,
2026-05-05 11:50:00,2026-05-05,11:50:00,7256.36,7257.42,7255.15,7256.18,21684940,false,,false,,
2026-05-05 11:55:00,2026-05-05,11:55:00,7256.1,7256.1,7252.82,7253.57,26576880,false,,false,,
2026-05-05 12:00:00,2026-05-05,12:00:00,7253.75,7257.23,7253.03,7256.77,22965370,false,,false,,
2026-05-05 12:05:00,2026-05-05,12:05:00,7257.11,7259.31,7257.11,7258.61,24292750,false,,false,,
2026-05-05 12:10:00,2026-05-05,12:10:00,7258.57,7259.63,7258.45,7258.49,24911450,false,,false,,
2026-05-05 12:15:00,2026-05-05,12:15:00,7258.39,7259.65,7257.49,7259.19,24686860,false,,false,,
2026-05-05 12:20:00,2026-05-05,12:20:00,7259.26,7261.78,7259.26,7260.64,21813410,false,,false,,
2026-05-05 12:25:00,2026-05-05,12:25:00,7260.41,7261.42,7254.65,7258.76,26446170,false,,false,,
2026-05-05 12:30:00,2026-05-05,12:30:00,7258.68,7259.05,7257.13,7257.87,25545490,false,,false,,
2026-05-05 12:35:00,2026-05-05,12:35:00,7257.93,7260.26,7257.18,7257.33,23377810,false,,false,,
2026-05-05 12:40:00,2026-05-05,12:40:00,7257.18,7258.33,7255.78,7257.58,22078260,false,,false,,
2026-05-05 12:45:00,2026-05-05,12:45:00,7257.63,7261.09,7256.91,7259.31,18404880,false,,false,,
2026-05-05 12:50:00,2026-05-05,12:50:00,7259.37,7259.78,7257.61,7258.59,19147690,false,,false,,
2026-05-05 12:55:00,2026-05-05,12:55:00,7258.68,7259.98,7257.39,7257.89,19134670,false,,false,,
2026-05-05 13:00:00,2026-05-05,13:00:00,7257.84,7259.3,7256.78,7258.45,23081080,false,,false,,
2026-05-05 13:05:00,2026-05-05,13:05:00,7258.38,7258.91,7254.99,7255.6,20111530,false,,false,,
2026-05-05 13:10:00,2026-05-05,13:10:00,7255.47,7257.09,7254.72,7256.32,18738740,false,,false,,
2026-05-05 13:15:00,2026-05-05,13:15:00,7256.4,7259.41,7256.4,7259.29,19318970,false,,false,,
2026-05-05 13:20:00,2026-05-05,13:20:00,7259.36,7260.06,7257.68,7258.89,18498270,false,,false,,
2026-05-05 13:25:00,2026-05-05,13:25:00,7259.03,7261.78,7258.75,7261.67,21961950,false,,false,,
2026-05-05 13:30:00,2026-05-05,13:30:00,7261.66,7262.65,7259.7,7260.89,19564300,false,,false,,
2026-05-05 13:35:00,2026-05-05,13:35:00,7260.94,7263.47,7260.55,7261.03,17836990,false,,false,,
2026-05-05 13:40:00,2026-05-05,13:40:00,7261.14,7262.81,7260.51,7261.91,20757830,false,,false,,
2026-05-05 13:45:00,2026-05-05,13:45:00,7261.96,7262.68,7261.62,7262.09,19923950,false,,false,,
2026-05-05 13:50:00,2026-05-05,13:50:00,7262.16,7264.79,7261.78,7263.91,19589300,false,,false,,
2026-05-05 13:55:00,2026-05-05,13:55:00,7264.07,7264.46,7262.76,7263.03,22608130,false,,false,,
2026-05-05 14:00:00,2026-05-05,14:00:00,7263.02,7264.86,7262.63,7264.8,25756660,false,,false,,
2026-05-05 14:05:00,2026-05-05,14:05:00,7264.81,7266.68,7264.22,7266.04,23151250,false,,false,,
2026-05-05 14:10:00,2026-05-05,14:10:00,7266.14,7269.39,7265.88,7269.05,23435680,false,,false,,
2026-05-05 14:15:00,2026-05-05,14:15:00,7269.13,7269.9,7268.07,7268.32,20673020,false,,false,,
2026-05-05 14:20:00,2026-05-05,14:20:00,7268.42,7269.51,7267.82,7268.07,20466340,false,,false,,
2026-05-05 14:25:00,2026-05-05,14:25:00,7268.06,7269.39,7267.23,7267.98,20309760,false,,false,,
2026-05-05 14:30:00,2026-05-05,14:30:00,7267.87,7268.64,7265.81,7265.85,23849220,false,,false,,
2026-05-05 14:35:00,2026-05-05,14:35:00,7265.83,7267.37,7264.71,7264.75,24095430,false,,false,,
2026-05-05 14:40:00,2026-05-05,14:40:00,7264.74,7266.26,7264.38,7266.16,21795370,false,,false,,
2026-05-05 14:45:00,2026-05-05,14:45:00,7266.07,7267.81,7265.81,7267.06,22424400,false,,false,,
2026-05-05 14:50:00,2026-05-05,14:50:00,7267.17,7267.59,7263.95,7265.48,25930070,false,,false,,
2026-05-05 14:55:00,2026-05-05,14:55:00,7265.48,7266.6,7265.25,7266.05,24146920,false,,false,,
2026-05-05 15:00:00,2026-05-05,15:00:00,7266.13,7267.56,7266.07,7267.56,27882440,false,,false,,
2026-05-05 15:05:00,2026-05-05,15:05:00,7267.58,7270.36,7267.47,7270.36,26569030,false,,false,,
2026-05-05 15:10:00,2026-05-05,15:10:00,7270.32,7272.41,7270.11,7270.43,30586390,false,,false,,
2026-05-05 15:15:00,2026-05-05,15:15:00,7270.38,7271.78,7269.08,7271.6,29348690,false,,false,,
2026-05-05 15:20:00,2026-05-05,15:20:00,7271.63,7272.91,7269.92,7272.76,29713190,false,,false,,
2026-05-05 15:25:00,2026-05-05,15:25:00,7272.65,7273.26,7270.17,7270.17,36691070,false,,false,,
2026-05-05 15:30:00,2026-05-05,15:30:00,7270.12,7271.42,7268.83,7269.25,36826330,false,,false,,
2026-05-05 15:35:00,2026-05-05,15:35:00,7269.28,7270.89,7267.77,7270.37,38856800,false,,false,,
2026-05-05 15:40:00,2026-05-05,15:40:00,7270.22,7270.63,7268.4,7270.45,40597200,false,,false,,
2026-05-05 15:45:00,2026-05-05,15:45:00,7270.48,7270.48,7266.88,7267.09,48417730,false,,false,,
2026-05-05 15:50:00,2026-05-05,15:50:00,7267.06,7267.06,7258.56,7259.7,82168010,false,,false,,
2026-05-05 15:55:00,2026-05-05,15:55:00,7259.67,7260.53,7255.45,7259.46,203761130,false,,false,,
2026-05-05 16:00:00,2026-05-05,16:00:00,7259.34,7259.36,7259.2,7259.21,511583090,false,,false,,
2026-05-06 09:30:00,2026-05-06,09:30:00,7294.14,7315.7,7294.14,7315.19,142657017,true,7300,true,7300,7300:from_below
2026-05-06 09:35:00,2026-05-06,09:35:00,7314.92,7319.35,7312.47,7314.94,85430398,false,,false,,
2026-05-06 09:40:00,2026-05-06,09:40:00,7314.94,7316.93,7311.82,7315.26,67084290,false,,false,,
2026-05-06 09:45:00,2026-05-06,09:45:00,7315.74,7319.41,7312.05,7314.3,62357860,false,,false,,
2026-05-06 09:50:00,2026-05-06,09:50:00,7314.21,7320.87,7306.36,7319.74,55824560,false,,false,,
2026-05-06 09:55:00,2026-05-06,09:55:00,7319.94,7322.19,7314.87,7319.96,54594240,false,,false,,
2026-05-06 10:00:00,2026-05-06,10:00:00,7321.02,7323.5,7316.49,7317.19,56508270,false,,false,,
2026-05-06 10:05:00,2026-05-06,10:05:00,7317.03,7321.71,7310.78,7321.57,54650990,false,,false,,
2026-05-06 10:10:00,2026-05-06,10:10:00,7321.27,7325.56,7320.44,7323.78,48317320,false,,false,,
2026-05-06 10:15:00,2026-05-06,10:15:00,7323.96,7326.31,7319.13,7320.04,51713130,false,,false,,
2026-05-06 10:20:00,2026-05-06,10:20:00,7319.96,7325.69,7319.89,7325.26,47591410,false,,false,,
2026-05-06 10:25:00,2026-05-06,10:25:00,7325.54,7330.88,7322.57,7322.57,44517180,false,,false,,
2026-05-06 10:30:00,2026-05-06,10:30:00,7322.58,7333.73,7322.52,7333.35,42666770,false,,false,,
2026-05-06 10:35:00,2026-05-06,10:35:00,7333.48,7336.88,7332.74,7336.25,37178570,false,,false,,
2026-05-06 10:40:00,2026-05-06,10:40:00,7336.14,7341.83,7336.14,7341.83,38140520,false,,false,,
2026-05-06 10:45:00,2026-05-06,10:45:00,7342.3,7344,7339.51,7341.71,38800000,false,,false,,
2026-05-06 10:50:00,2026-05-06,10:50:00,7341.78,7343.13,7340.92,7342.66,33147280,false,,false,,
2026-05-06 10:55:00,2026-05-06,10:55:00,7342.8,7344.97,7342.66,7344.97,32463890,false,,false,,
2026-05-06 11:00:00,2026-05-06,11:00:00,7344.89,7348,7344.32,7346.51,35145150,true,7350,true,7350,7350:from_below
2026-05-06 11:05:00,2026-05-06,11:05:00,7346.6,7348.35,7341.51,7341.62,35410170,true,7350,false,,
2026-05-06 11:10:00,2026-05-06,11:10:00,7341.63,7345.54,7337.12,7340.33,37276220,false,,false,,
2026-05-06 11:15:00,2026-05-06,11:15:00,7340.44,7345.35,7339.38,7345.33,32594000,false,,false,,
2026-05-06 11:20:00,2026-05-06,11:20:00,7345.23,7347.55,7344.84,7346.15,31373990,false,,false,,
2026-05-06 11:25:00,2026-05-06,11:25:00,7346.32,7347.3,7343.83,7344.11,32428500,false,,false,,
2026-05-06 11:30:00,2026-05-06,11:30:00,7343.93,7345.63,7341.79,7344.41,30931120,false,,false,,
2026-05-06 11:35:00,2026-05-06,11:35:00,7343.74,7344.53,7338.15,7338.65,29622080,false,,false,,
2026-05-06 11:40:00,2026-05-06,11:40:00,7338.48,7340.18,7333.42,7337.35,29377050,false,,false,,
2026-05-06 11:45:00,2026-05-06,11:45:00,7337.43,7340.44,7335.65,7339.34,27784820,false,,false,,
2026-05-06 11:50:00,2026-05-06,11:50:00,7339.36,7341.59,7337.42,7341.53,26764560,false,,false,,
2026-05-06 11:55:00,2026-05-06,11:55:00,7341.71,7343.28,7339.85,7340.42,27533180,false,,false,,
2026-05-06 12:00:00,2026-05-06,12:00:00,7340.41,7342.92,7338.86,7341.66,23387330,false,,false,,
2026-05-06 12:05:00,2026-05-06,12:05:00,7341.83,7343.42,7339.38,7340.25,22107290,false,,false,,
2026-05-06 12:10:00,2026-05-06,12:10:00,7340.35,7343.72,7339.92,7342.91,23891550,false,,false,,
2026-05-06 12:15:00,2026-05-06,12:15:00,7343.05,7343.61,7341.71,7341.98,27559020,false,,false,,
2026-05-06 12:20:00,2026-05-06,12:20:00,7342.12,7343.15,7341.26,7342.47,23495400,false,,false,,
2026-05-06 12:25:00,2026-05-06,12:25:00,7342.36,7344.44,7341.03,7341.33,24088170,false,,false,,
2026-05-06 12:30:00,2026-05-06,12:30:00,7341.25,7342.21,7340.43,7340.92,23524610,false,,false,,
2026-05-06 12:35:00,2026-05-06,12:35:00,7340.72,7341.04,7338.45,7340.42,22489570,false,,false,,
2026-05-06 12:40:00,2026-05-06,12:40:00,7340.46,7342,7338.73,7339.43,20374880,false,,false,,
2026-05-06 12:45:00,2026-05-06,12:45:00,7339.43,7340.05,7335.12,7337.14,22828460,false,,false,,
2026-05-06 12:50:00,2026-05-06,12:50:00,7337.07,7337.72,7332.35,7332.47,20801890,false,,false,,
2026-05-06 12:55:00,2026-05-06,12:55:00,7332.33,7335.15,7329.34,7333.81,24429420,false,,false,,
2026-05-06 13:00:00,2026-05-06,13:00:00,7333.69,7336.36,7330.64,7336.26,24293880,false,,false,,
2026-05-06 13:05:00,2026-05-06,13:05:00,7336.12,7339.29,7335.87,7338.41,20007150,false,,false,,
2026-05-06 13:10:00,2026-05-06,13:10:00,7338.45,7341.18,7338.44,7339.36,22891160,false,,false,,
2026-05-06 13:15:00,2026-05-06,13:15:00,7339.32,7340.22,7337.6,7339.63,21380930,false,,false,,
2026-05-06 13:20:00,2026-05-06,13:20:00,7339.68,7341.36,7339.18,7339.8,19085500,false,,false,,
2026-05-06 13:25:00,2026-05-06,13:25:00,7339.91,7340.4,7338.44,7340.12,20778010,false,,false,,
2026-05-06 13:30:00,2026-05-06,13:30:00,7340.04,7342.28,7339.77,7341.13,22945970,false,,false,,
2026-05-06 13:35:00,2026-05-06,13:35:00,7341.07,7342.88,7340.14,7340.14,21286020,false,,false,,
2026-05-06 13:40:00,2026-05-06,13:40:00,7340.08,7342.45,7339.21,7342.26,20128820,false,,false,,
2026-05-06 13:45:00,2026-05-06,13:45:00,7342.24,7343.86,7341.43,7342.5,20883120,false,,false,,
2026-05-06 13:50:00,2026-05-06,13:50:00,7342.39,7344.36,7341.54,7343.59,19719270,false,,false,,
2026-05-06 13:55:00,2026-05-06,13:55:00,7343.45,7344.72,7343.17,7344.55,20543620,false,,false,,
2026-05-06 14:00:00,2026-05-06,14:00:00,7344.58,7346.42,7344.11,7345.17,24963690,false,,false,,
2026-05-06 14:05:00,2026-05-06,14:05:00,7345.2,7348.47,7345.2,7348.2,25680820,true,7350,true,7350,7350:from_below
2026-05-06 14:10:00,2026-05-06,14:10:00,7348.27,7348.94,7346.27,7348.17,25078950,true,7350,false,,
2026-05-06 14:15:00,2026-05-06,14:15:00,7348.11,7353.58,7348.11,7352.42,25479340,true,7350,false,,
2026-05-06 14:20:00,2026-05-06,14:20:00,7352.39,7354.92,7352.11,7354.13,22662820,false,,false,,
2026-05-06 14:25:00,2026-05-06,14:25:00,7354.16,7354.78,7353.06,7353.79,25075370,false,,false,,
2026-05-06 14:30:00,2026-05-06,14:30:00,7353.84,7355.11,7351.92,7355.11,25382570,true,7350,true,7350,7350:from_above
2026-05-06 14:35:00,2026-05-06,14:35:00,7355.09,7357.56,7354.07,7355.12,28249990,false,,false,,
2026-05-06 14:40:00,2026-05-06,14:40:00,7355.21,7355.28,7353.75,7353.75,25071590,false,,false,,
2026-05-06 14:45:00,2026-05-06,14:45:00,7353.51,7354.55,7350.54,7352.06,26732970,true,7350,true,7350,7350:from_above
2026-05-06 14:50:00,2026-05-06,14:50:00,7352,7353.95,7350.76,7353.81,23967160,true,7350,false,,
2026-05-06 14:55:00,2026-05-06,14:55:00,7353.81,7354.55,7352.56,7352.56,30209330,false,,false,,
2026-05-06 15:00:00,2026-05-06,15:00:00,7352.55,7357.28,7352.24,7356.42,31839770,false,,false,,
2026-05-06 15:05:00,2026-05-06,15:05:00,7356.56,7360.18,7355.61,7358.7,32263970,false,,false,,
2026-05-06 15:10:00,2026-05-06,15:10:00,7358.58,7361.53,7358.55,7360.89,32958120,false,,false,,
2026-05-06 15:15:00,2026-05-06,15:15:00,7361.13,7361.56,7359.47,7360.94,33869430,false,,false,,
2026-05-06 15:20:00,2026-05-06,15:20:00,7361.01,7363.4,7360.62,7362.22,38257730,false,,false,,
2026-05-06 15:25:00,2026-05-06,15:25:00,7362.14,7362.88,7360.3,7362.01,46004040,false,,false,,
2026-05-06 15:30:00,2026-05-06,15:30:00,7361.93,7361.93,7358.75,7359.49,42561450,false,,false,,
2026-05-06 15:35:00,2026-05-06,15:35:00,7359.5,7363.31,7359.31,7362.95,41121950,false,,false,,
2026-05-06 15:40:00,2026-05-06,15:40:00,7362.86,7363.45,7360.15,7360.15,50259720,false,,false,,
2026-05-06 15:45:00,2026-05-06,15:45:00,7360.18,7362.79,7359.39,7359.97,57099030,false,,false,,
2026-05-06 15:50:00,2026-05-06,15:50:00,7360.05,7368.47,7360.05,7367.59,89537500,false,,false,,
2026-05-06 15:55:00,2026-05-06,15:55:00,7367.69,7369.22,7363.46,7363.46,243983700,false,,false,,
2026-05-06 16:00:00,2026-05-06,16:00:00,7363.07,7365.09,7363.07,7365.09,638523200,false,,false,,
2026-05-06 16:05:00,2026-05-06,16:05:00,7365.11,7365.11,7365.11,7365.11,23635500,false,,false,,
2026-05-07 09:30:00,2026-05-07,09:30:00,7376.78,7376.78,7369.05,7369.69,176354764,false,,false,,
2026-05-07 09:35:00,2026-05-07,09:35:00,7370.12,7370.93,7367.42,7370.26,61832972,false,,false,,
2026-05-07 09:40:00,2026-05-07,09:40:00,7369.96,7370.55,7364.99,7366.17,58054914,false,,false,,
2026-05-07 09:45:00,2026-05-07,09:45:00,7366.12,7367.49,7360.26,7360.86,59720640,false,,false,,
2026-05-07 09:50:00,2026-05-07,09:50:00,7360.89,7364.51,7359.77,7364.51,47735020,false,,false,,
2026-05-07 09:55:00,2026-05-07,09:55:00,7364.36,7367.86,7361.1,7363.62,46864300,false,,false,,
2026-05-07 10:00:00,2026-05-07,10:00:00,7364.55,7370.2,7363.56,7369.75,46076540,false,,false,,
2026-05-07 10:05:00,2026-05-07,10:05:00,7369.86,7373.66,7367.79,7371.18,44329460,false,,false,,
2026-05-07 10:10:00,2026-05-07,10:10:00,7370.99,7372.67,7368.97,7369.78,43242860,false,,false,,
2026-05-07 10:15:00,2026-05-07,10:15:00,7369.65,7372.27,7366.15,7369.75,45921290,false,,false,,
2026-05-07 10:20:00,2026-05-07,10:20:00,7369.93,7375.02,7368.59,7369.6,46065670,false,,false,,
2026-05-07 10:25:00,2026-05-07,10:25:00,7369.68,7373.28,7369.6,7369.6,37691040,false,,false,,
2026-05-07 10:30:00,2026-05-07,10:30:00,7369.66,7372.83,7368.36,7371.58,36388100,false,,false,,
2026-05-07 10:35:00,2026-05-07,10:35:00,7371.41,7376.56,7369.81,7376.56,34482110,false,,false,,
2026-05-07 10:40:00,2026-05-07,10:40:00,7376.68,7377.4,7375.16,7376.16,33364160,false,,false,,
2026-05-07 10:45:00,2026-05-07,10:45:00,7376.26,7379.27,7374.54,7375.76,33474970,false,,false,,
2026-05-07 10:50:00,2026-05-07,10:50:00,7375.83,7381.2,7375.42,7380.69,35784380,false,,false,,
2026-05-07 10:55:00,2026-05-07,10:55:00,7380.65,7385.02,7380.65,7384.76,37860800,false,,false,,
2026-05-07 11:00:00,2026-05-07,11:00:00,7384.71,7384.92,7380.5,7381.61,35966150,false,,false,,
2026-05-07 11:05:00,2026-05-07,11:05:00,7381.7,7381.71,7375.67,7380.42,38427000,false,,false,,
2026-05-07 11:10:00,2026-05-07,11:10:00,7380.5,7381.51,7375.83,7376.06,32990530,false,,false,,
2026-05-07 11:15:00,2026-05-07,11:15:00,7376.11,7380,7375.94,7377.77,30572350,false,,false,,
2026-05-07 11:20:00,2026-05-07,11:20:00,7377.85,7379.31,7374.32,7375.04,30700580,false,,false,,
2026-05-07 11:25:00,2026-05-07,11:25:00,7375.15,7376.13,7367.37,7372.15,33290500,false,,false,,
2026-05-07 11:30:00,2026-05-07,11:30:00,7372.23,7379.83,7372.23,7379.64,29918890,false,,false,,
2026-05-07 11:35:00,2026-05-07,11:35:00,7379.57,7379.57,7376.21,7376.21,25793350,false,,false,,
2026-05-07 11:40:00,2026-05-07,11:40:00,7376.26,7378.93,7373.92,7377.05,27689250,false,,false,,
2026-05-07 11:45:00,2026-05-07,11:45:00,7376.96,7377.89,7371.99,7372.02,29258070,false,,false,,
2026-05-07 11:50:00,2026-05-07,11:50:00,7372.26,7373.73,7368.53,7372.61,29072560,false,,false,,
2026-05-07 11:55:00,2026-05-07,11:55:00,7372.72,7372.82,7361.46,7363.22,32890580,false,,false,,
2026-05-07 12:00:00,2026-05-07,12:00:00,7363.22,7363.56,7357.06,7358.27,32511860,false,,false,,
2026-05-07 12:05:00,2026-05-07,12:05:00,7357.67,7357.67,7352.88,7356.66,30695210,false,,false,,
2026-05-07 12:10:00,2026-05-07,12:10:00,7356.63,7356.63,7348.66,7350.15,27003640,true,7350,true,7350,7350:from_above
2026-05-07 12:15:00,2026-05-07,12:15:00,7350.21,7350.21,7340.33,7341.62,35293530,true,7350,false,,
2026-05-07 12:20:00,2026-05-07,12:20:00,7341.37,7350.33,7339.83,7350.33,30273090,true,7350,false,,
2026-05-07 12:25:00,2026-05-07,12:25:00,7350.25,7357.44,7350.12,7357.07,26788130,true,7350,false,,
2026-05-07 12:30:00,2026-05-07,12:30:00,7357.01,7361.82,7354.93,7359.69,34392070,false,,false,,
2026-05-07 12:35:00,2026-05-07,12:35:00,7359.66,7359.8,7350.51,7350.79,24002470,true,7350,true,7350,7350:from_above
2026-05-07 12:40:00,2026-05-07,12:40:00,7350.76,7354.74,7348.5,7350.88,22845370,true,7350,false,,
2026-05-07 12:45:00,2026-05-07,12:45:00,7350.98,7351.78,7347.41,7348.52,21459470,true,7350,false,,
2026-05-07 12:50:00,2026-05-07,12:50:00,7348.46,7348.46,7343.23,7347.04,23652040,true,7350,false,,
2026-05-07 12:55:00,2026-05-07,12:55:00,7347.16,7347.99,7339.28,7343.86,22115650,false,,false,,
2026-05-07 13:00:00,2026-05-07,13:00:00,7343.78,7345.29,7340.24,7343.56,21035280,false,,false,,
2026-05-07 13:05:00,2026-05-07,13:05:00,7343.51,7349.47,7341.33,7344.36,23255660,true,7350,true,7350,7350:from_below
2026-05-07 13:10:00,2026-05-07,13:10:00,7344.42,7345.68,7339.73,7343.07,23902940,false,,false,,
2026-05-07 13:15:00,2026-05-07,13:15:00,7342.96,7342.96,7334.88,7336.81,29392130,false,,false,,
2026-05-07 13:20:00,2026-05-07,13:20:00,7336.53,7344.77,7334.4,7344.56,26468090,false,,false,,
2026-05-07 13:25:00,2026-05-07,13:25:00,7344.6,7347.45,7321.66,7329.73,35117590,false,,false,,
2026-05-07 13:30:00,2026-05-07,13:30:00,7329.85,7334.04,7325.77,7333.11,26617160,false,,false,,
2026-05-07 13:35:00,2026-05-07,13:35:00,7332.77,7339.12,7330.63,7337.01,23449790,false,,false,,
2026-05-07 13:40:00,2026-05-07,13:40:00,7337.07,7340.1,7329.88,7330.14,23697470,false,,false,,
2026-05-07 13:45:00,2026-05-07,13:45:00,7330.24,7331.48,7327.19,7328.48,20834810,false,,false,,
2026-05-07 13:50:00,2026-05-07,13:50:00,7328.36,7330.03,7324.67,7327.64,22032290,false,,false,,
2026-05-07 13:55:00,2026-05-07,13:55:00,7327.75,7341.1,7327.15,7340.92,24176990,false,,false,,
2026-05-07 14:00:00,2026-05-07,14:00:00,7340.77,7341.57,7335.41,7337.31,22943070,false,,false,,
2026-05-07 14:05:00,2026-05-07,14:05:00,7337.4,7343.99,7335.12,7335.61,25872980,false,,false,,
2026-05-07 14:10:00,2026-05-07,14:10:00,7335.67,7339.74,7333.98,7338.6,25403400,false,,false,,
2026-05-07 14:15:00,2026-05-07,14:15:00,7338.85,7344.67,7338.78,7341.14,23886150,false,,false,,
2026-05-07 14:20:00,2026-05-07,14:20:00,7341.26,7343.39,7336.99,7337.33,22601330,false,,false,,
2026-05-07 14:25:00,2026-05-07,14:25:00,7337.4,7337.84,7334.61,7335.93,25973880,false,,false,,
2026-05-07 14:30:00,2026-05-07,14:30:00,7336.03,7342.37,7335.73,7340.32,23968160,false,,false,,
2026-05-07 14:35:00,2026-05-07,14:35:00,7340.43,7341.71,7333.4,7336.87,21884570,false,,false,,
2026-05-07 14:40:00,2026-05-07,14:40:00,7337.15,7337.81,7323.89,7325.92,25649300,false,,false,,
2026-05-07 14:45:00,2026-05-07,14:45:00,7325.9,7329.81,7321.25,7325.52,24138140,false,,false,,
2026-05-07 14:50:00,2026-05-07,14:50:00,7325.12,7329.63,7322.43,7328.73,25474280,false,,false,,
2026-05-07 14:55:00,2026-05-07,14:55:00,7328.78,7334.45,7326.48,7334.03,28603350,false,,false,,
2026-05-07 15:00:00,2026-05-07,15:00:00,7334.19,7336.86,7329.57,7331.75,26610590,false,,false,,
2026-05-07 15:05:00,2026-05-07,15:05:00,7331.52,7334.34,7330.33,7331.65,28546510,false,,false,,
2026-05-07 15:10:00,2026-05-07,15:10:00,7332.04,7337.84,7331.24,7335.37,30338340,false,,false,,
2026-05-07 15:15:00,2026-05-07,15:15:00,7335.3,7336,7326.71,7328.58,32961060,false,,false,,
2026-05-07 15:20:00,2026-05-07,15:20:00,7328.61,7329.68,7324.04,7324.64,31193970,false,,false,,
2026-05-07 15:25:00,2026-05-07,15:25:00,7324.73,7330.05,7323.05,7327.68,37640620,false,,false,,
2026-05-07 15:30:00,2026-05-07,15:30:00,7327.72,7332.96,7326.9,7332.01,36766030,false,,false,,
2026-05-07 15:35:00,2026-05-07,15:35:00,7331.99,7336.54,7331,7335.97,38854980,false,,false,,
2026-05-07 15:40:00,2026-05-07,15:40:00,7335.9,7337.55,7332.78,7335.14,42458260,false,,false,,
2026-05-07 15:45:00,2026-05-07,15:45:00,7335.45,7336.73,7332.34,7335.07,55516070,false,,false,,
2026-05-07 15:50:00,2026-05-07,15:50:00,7335.1,7341.4,7330.62,7331.91,88662970,false,,false,,
2026-05-07 15:55:00,2026-05-07,15:55:00,7332.15,7338.58,7331.92,7337.1,231988460,false,,false,,
2026-05-07 16:00:00,2026-05-07,16:00:00,7337.02,7337.1,7337.02,7337.1,581492700,false,,false,,
2026-05-08 09:30:00,2026-05-08,09:30:00,7362.97,7376.38,7362.97,7374.92,149310875,false,,false,,
2026-05-08 09:35:00,2026-05-08,09:35:00,7375.19,7377.76,7371.45,7372.22,59752682,false,,false,,
2026-05-08 09:40:00,2026-05-08,09:40:00,7372.34,7376.01,7368.68,7374.55,53404598,false,,false,,
2026-05-08 09:45:00,2026-05-08,09:45:00,7375.74,7385.85,7375.74,7383.38,49031765,false,,false,,
2026-05-08 09:50:00,2026-05-08,09:50:00,7383.43,7386.19,7381.13,7382.57,44673920,false,,false,,
2026-05-08 09:55:00,2026-05-08,09:55:00,7382.68,7389.46,7381.31,7389.46,41239800,false,,false,,
2026-05-08 10:00:00,2026-05-08,10:00:00,7389.32,7392.5,7385.94,7390.13,43496080,false,,false,,
2026-05-08 10:05:00,2026-05-08,10:05:00,7390.2,7390.48,7386.03,7387.43,40643430,false,,false,,
2026-05-08 10:10:00,2026-05-08,10:10:00,7387.64,7390.99,7384.2,7390.22,43079080,false,,false,,
2026-05-08 10:15:00,2026-05-08,10:15:00,7390.13,7391.79,7387.12,7391.45,37244030,false,,false,,
2026-05-08 10:20:00,2026-05-08,10:20:00,7391.7,7395.93,7390.87,7394.38,36427950,false,,false,,
2026-05-08 10:25:00,2026-05-08,10:25:00,7394.43,7397.56,7388.6,7389.68,36757530,false,,false,,
2026-05-08 10:30:00,2026-05-08,10:30:00,7389.8,7391.23,7385.43,7388.17,33533220,false,,false,,
2026-05-08 10:35:00,2026-05-08,10:35:00,7388.2,7391.9,7382.71,7391.69,33090910,false,,false,,
2026-05-08 10:40:00,2026-05-08,10:40:00,7391.84,7394.38,7389.48,7394.31,31817470,false,,false,,
2026-05-08 10:45:00,2026-05-08,10:45:00,7394.51,7397.05,7392.38,7395.03,28065170,false,,false,,
2026-05-08 10:50:00,2026-05-08,10:50:00,7395.3,7396,7393.21,7395.89,28533000,false,,false,,
2026-05-08 10:55:00,2026-05-08,10:55:00,7395.88,7397.37,7393.27,7393.73,32762450,false,,false,,
2026-05-08 11:00:00,2026-05-08,11:00:00,7393.43,7395.99,7392.71,7393.83,31181070,false,,false,,
2026-05-08 11:05:00,2026-05-08,11:05:00,7393.76,7395.54,7389.46,7389.72,30371760,false,,false,,
2026-05-08 11:10:00,2026-05-08,11:10:00,7389.65,7392.35,7386.97,7387.8,29241150,false,,false,,
2026-05-08 11:15:00,2026-05-08,11:15:00,7387.74,7387.98,7383.27,7385.84,26478430,false,,false,,
2026-05-08 11:20:00,2026-05-08,11:20:00,7386.07,7391.87,7385.77,7388.2,25569840,false,,false,,
2026-05-08 11:25:00,2026-05-08,11:25:00,7388.32,7391.22,7387.73,7391.22,25417600,false,,false,,
2026-05-08 11:30:00,2026-05-08,11:30:00,7391.29,7391.73,7386.01,7391.31,27314530,false,,false,,
2026-05-08 11:35:00,2026-05-08,11:35:00,7391.29,7396,7391.29,7395.12,29943430,false,,false,,
2026-05-08 11:40:00,2026-05-08,11:40:00,7395.09,7395.92,7388.99,7390.13,27179540,false,,false,,
2026-05-08 11:45:00,2026-05-08,11:45:00,7390.24,7396.37,7389.1,7393.59,26079580,false,,false,,
2026-05-08 11:50:00,2026-05-08,11:50:00,7393.55,7394.35,7390.21,7393.27,24477700,false,,false,,
2026-05-08 11:55:00,2026-05-08,11:55:00,7393.26,7393.74,7389.68,7390.96,24845070,false,,false,,
2026-05-08 12:00:00,2026-05-08,12:00:00,7391.2,7395.38,7391.1,7394.48,20937170,false,,false,,
2026-05-08 12:05:00,2026-05-08,12:05:00,7394.45,7397.04,7394.08,7394.96,20937500,false,,false,,
2026-05-08 12:10:00,2026-05-08,12:10:00,7395.03,7397.18,7393.29,7396.64,22571560,false,,false,,
2026-05-08 12:15:00,2026-05-08,12:15:00,7396.44,7397.53,7395.18,7395.21,19520870,false,,false,,
2026-05-08 12:20:00,2026-05-08,12:20:00,7395.29,7397.27,7394.98,7396.73,23020440,false,,false,,
2026-05-08 12:25:00,2026-05-08,12:25:00,7396.85,7400.09,7396.14,7397.55,25918590,true,7400,true,7400,7400:from_below
2026-05-08 12:30:00,2026-05-08,12:30:00,7397.67,7398.76,7395.26,7396.86,21711310,true,7400,false,,
2026-05-08 12:35:00,2026-05-08,12:35:00,7396.86,7398.74,7393.89,7396.93,23033730,true,7400,false,,
2026-05-08 12:40:00,2026-05-08,12:40:00,7396.97,7397.39,7390.22,7390.25,21133570,false,,false,,
2026-05-08 12:45:00,2026-05-08,12:45:00,7390.43,7395.52,7390.43,7395.41,28285960,false,,false,,
2026-05-08 12:50:00,2026-05-08,12:50:00,7395.77,7395.77,7392.07,7392.9,32466990,false,,false,,
2026-05-08 12:55:00,2026-05-08,12:55:00,7392.94,7393.29,7391.14,7391.49,27949410,false,,false,,
2026-05-08 13:00:00,2026-05-08,13:00:00,7391.46,7397.63,7390.55,7397.04,34329470,false,,false,,
2026-05-08 13:05:00,2026-05-08,13:05:00,7396.99,7398.09,7393.94,7396.71,30874850,true,7400,true,7400,7400:from_below
2026-05-08 13:10:00,2026-05-08,13:10:00,7396.61,7396.89,7394.21,7394.63,25185070,false,,false,,
2026-05-08 13:15:00,2026-05-08,13:15:00,7394.55,7397.6,7394.39,7397.6,26547870,false,,false,,
2026-05-08 13:20:00,2026-05-08,13:20:00,7397.44,7400.3,7396.46,7399.15,25959260,true,7400,true,7400,7400:from_below
2026-05-08 13:25:00,2026-05-08,13:25:00,7399.1,7400.98,7398.63,7399.56,23814030,true,7400,false,,
2026-05-08 13:30:00,2026-05-08,13:30:00,7399.7,7400.36,7397.99,7399.58,22163750,true,7400,false,,
2026-05-08 13:35:00,2026-05-08,13:35:00,7399.54,7401.01,7396.57,7396.69,25330300,true,7400,false,,
2026-05-08 13:40:00,2026-05-08,13:40:00,7396.58,7397.27,7394.87,7395.13,21958790,false,,false,,
2026-05-08 13:45:00,2026-05-08,13:45:00,7395.16,7398.03,7394.55,7395.38,19605050,true,7400,true,7400,7400:from_below
2026-05-08 13:50:00,2026-05-08,13:50:00,7395.12,7396.36,7392.94,7396.27,24403530,false,,false,,
2026-05-08 13:55:00,2026-05-08,13:55:00,7396.26,7397.46,7394.27,7394.3,23853840,false,,false,,
2026-05-08 14:00:00,2026-05-08,14:00:00,7394.18,7401.5,7393.95,7397.98,27591410,true,7400,true,7400,7400:from_below
2026-05-08 14:05:00,2026-05-08,14:05:00,7397.94,7399.59,7395.52,7395.98,22547130,true,7400,false,,
2026-05-08 14:10:00,2026-05-08,14:10:00,7395.83,7400.24,7395.65,7399.77,23187630,true,7400,false,,
2026-05-08 14:15:00,2026-05-08,14:15:00,7399.96,7401.34,7398.55,7400.12,23996760,true,7400,false,,
2026-05-08 14:20:00,2026-05-08,14:20:00,7400.11,7401.4,7399.52,7400.08,21855740,true,7400,false,,
2026-05-08 14:25:00,2026-05-08,14:25:00,7400.21,7400.3,7398.3,7399.49,21268510,true,7400,false,,
2026-05-08 14:30:00,2026-05-08,14:30:00,7399.37,7401.37,7398.35,7398.69,20904720,true,7400,false,,
2026-05-08 14:35:00,2026-05-08,14:35:00,7398.59,7398.86,7396.18,7397.18,19554090,true,7400,false,,
2026-05-08 14:40:00,2026-05-08,14:40:00,7397.14,7397.95,7394.77,7394.82,22501330,false,,false,,
2026-05-08 14:45:00,2026-05-08,14:45:00,7394.57,7394.57,7391.14,7391.69,23692330,false,,false,,
2026-05-08 14:50:00,2026-05-08,14:50:00,7391.73,7393.04,7387.59,7388,25321950,false,,false,,
2026-05-08 14:55:00,2026-05-08,14:55:00,7388.1,7390.01,7384.09,7386.05,30189980,false,,false,,
2026-05-08 15:00:00,2026-05-08,15:00:00,7386,7390.6,7386,7388.93,26969520,false,,false,,
2026-05-08 15:05:00,2026-05-08,15:05:00,7389.21,7393.48,7387.88,7391.37,29958710,false,,false,,
2026-05-08 15:10:00,2026-05-08,15:10:00,7391.3,7392.87,7390.01,7391.01,29795850,false,,false,,
2026-05-08 15:15:00,2026-05-08,15:15:00,7391.02,7394.14,7390.77,7394.14,29299140,false,,false,,
2026-05-08 15:20:00,2026-05-08,15:20:00,7394.12,7394.62,7392.11,7392.77,33426310,false,,false,,
2026-05-08 15:25:00,2026-05-08,15:25:00,7392.93,7393.48,7388.99,7388.99,36008420,false,,false,,
2026-05-08 15:30:00,2026-05-08,15:30:00,7389.06,7393.16,7388.24,7392.97,37506980,false,,false,,
2026-05-08 15:35:00,2026-05-08,15:35:00,7393.05,7394.61,7391.52,7393.58,39578150,false,,false,,
2026-05-08 15:40:00,2026-05-08,15:40:00,7393.75,7396.26,7393.55,7395.87,45170230,false,,false,,
2026-05-08 15:45:00,2026-05-08,15:45:00,7395.96,7397.38,7395.11,7395.11,52329950,false,,false,,
2026-05-08 15:50:00,2026-05-08,15:50:00,7395.08,7398.06,7394.21,7398.06,80966230,true,7400,true,7400,7400:from_below
2026-05-08 15:55:00,2026-05-08,15:55:00,7397.93,7398.84,7394.44,7397.42,234914860,true,7400,false,,
2026-05-08 16:00:00,2026-05-08,16:00:00,7398.53,7398.95,7398.5,7398.92,520050700,true,7400,false,,
2026-05-11 09:30:00,2026-05-11,09:30:00,7388.85,7401.05,7384.2,7401.05,203906375,true,7400,true,7400,7400:indeterminate
2026-05-11 09:35:00,2026-05-11,09:35:00,7401.28,7401.28,7395.27,7398.35,67158065,true,7400,false,,
2026-05-11 09:40:00,2026-05-11,09:40:00,7398.52,7405.79,7397.26,7405.62,57141350,true,7400,false,,
2026-05-11 09:45:00,2026-05-11,09:45:00,7405.68,7414.12,7405.59,7409.2,53920870,false,,false,,
2026-05-11 09:50:00,2026-05-11,09:50:00,7409.06,7412.99,7405.28,7406.99,45308570,false,,false,,
2026-05-11 09:55:00,2026-05-11,09:55:00,7406.95,7409.19,7404.34,7407.83,43177490,false,,false,,
2026-05-11 10:00:00,2026-05-11,10:00:00,7409.29,7410.29,7406.37,7407.72,42861100,false,,false,,
2026-05-11 10:05:00,2026-05-11,10:05:00,7407.5,7410.45,7407.24,7409.06,38131300,false,,false,,
2026-05-11 10:10:00,2026-05-11,10:10:00,7409.41,7412.28,7406.6,7412.28,36386710,false,,false,,
2026-05-11 10:15:00,2026-05-11,10:15:00,7412.29,7416.6,7411.08,7415.9,33519300,false,,false,,
2026-05-11 10:20:00,2026-05-11,10:20:00,7415.68,7417.78,7415.14,7415.93,33557900,false,,false,,
2026-05-11 10:25:00,2026-05-11,10:25:00,7416.01,7417.28,7405.7,7405.77,40178680,false,,false,,
2026-05-11 10:30:00,2026-05-11,10:30:00,7405.82,7408.67,7397.65,7405.41,38879500,true,7400,true,7400,7400:from_above
2026-05-11 10:35:00,2026-05-11,10:35:00,7405.45,7409.2,7404.12,7407.67,37476240,false,,false,,
2026-05-11 10:40:00,2026-05-11,10:40:00,7407.79,7412.48,7407.63,7410.78,33017580,false,,false,,
2026-05-11 10:45:00,2026-05-11,10:45:00,7410.98,7412.86,7408.86,7412.68,35438950,false,,false,,
2026-05-11 10:50:00,2026-05-11,10:50:00,7412.74,7420.18,7411.61,7419.37,36985330,false,,false,,
2026-05-11 10:55:00,2026-05-11,10:55:00,7419.53,7421.11,7415.08,7417.92,31653770,false,,false,,
2026-05-11 11:00:00,2026-05-11,11:00:00,7418.03,7418.91,7415.45,7417.5,32203640,false,,false,,
2026-05-11 11:05:00,2026-05-11,11:05:00,7417.56,7418.95,7415.86,7418.48,33642230,false,,false,,
2026-05-11 11:10:00,2026-05-11,11:10:00,7418.6,7418.6,7412.13,7412.55,31862970,false,,false,,
2026-05-11 11:15:00,2026-05-11,11:15:00,7412.8,7416.39,7411.45,7415.94,30306510,false,,false,,
2026-05-11 11:20:00,2026-05-11,11:20:00,7416.04,7419.85,7415.35,7419.36,28112280,false,,false,,
2026-05-11 11:25:00,2026-05-11,11:25:00,7419.46,7422.91,7418.58,7422.61,31099290,false,,false,,
2026-05-11 11:30:00,2026-05-11,11:30:00,7422.46,7423.59,7419.82,7421.47,30149170,false,,false,,
2026-05-11 11:35:00,2026-05-11,11:35:00,7421.35,7422.87,7419.06,7422.31,28533710,false,,false,,
2026-05-11 11:40:00,2026-05-11,11:40:00,7422.51,7423.7,7419.28,7420.86,28575950,false,,false,,
2026-05-11 11:45:00,2026-05-11,11:45:00,7420.91,7421.81,7419.75,7421.34,25102950,false,,false,,
2026-05-11 11:50:00,2026-05-11,11:50:00,7421.07,7424.53,7418.69,7423.98,25796390,false,,false,,
2026-05-11 11:55:00,2026-05-11,11:55:00,7423.9,7425.04,7422.3,7423.93,23161870,false,,false,,
2026-05-11 12:00:00,2026-05-11,12:00:00,7423.79,7425.18,7422.07,7422.7,25039630,false,,false,,
2026-05-11 12:05:00,2026-05-11,12:05:00,7422.84,7423.75,7421.98,7422.82,23996170,false,,false,,
2026-05-11 12:10:00,2026-05-11,12:10:00,7422.8,7424.22,7422.02,7422.89,22894870,false,,false,,
2026-05-11 12:15:00,2026-05-11,12:15:00,7422.88,7424.51,7422.29,7423.1,25135860,false,,false,,
2026-05-11 12:20:00,2026-05-11,12:20:00,7422.96,7424.68,7421.55,7424.49,22220430,false,,false,,
2026-05-11 12:25:00,2026-05-11,12:25:00,7424.56,7426.23,7424.56,7425.29,21592670,false,,false,,
2026-05-11 12:30:00,2026-05-11,12:30:00,7425.34,7426.27,7423.57,7424.79,21343110,false,,false,,
2026-05-11 12:35:00,2026-05-11,12:35:00,7424.79,7425.36,7422.33,7422.54,29137610,false,,false,,
2026-05-11 12:40:00,2026-05-11,12:40:00,7422.5,7423.06,7410.8,7417.92,31067940,false,,false,,
2026-05-11 12:45:00,2026-05-11,12:45:00,7417.84,7420.49,7416.95,7416.97,27142490,false,,false,,
2026-05-11 12:50:00,2026-05-11,12:50:00,7416.9,7417.98,7414,7415.22,24716190,false,,false,,
2026-05-11 12:55:00,2026-05-11,12:55:00,7415.18,7416.4,7412.6,7415.02,24037840,false,,false,,
2026-05-11 13:00:00,2026-05-11,13:00:00,7414.95,7417.84,7414.95,7417.08,26688220,false,,false,,
2026-05-11 13:05:00,2026-05-11,13:05:00,7417.16,7418.35,7415.08,7416.22,23183120,false,,false,,
2026-05-11 13:10:00,2026-05-11,13:10:00,7416.28,7416.38,7411.41,7412.09,23530140,false,,false,,
2026-05-11 13:15:00,2026-05-11,13:15:00,7412.1,7413.01,7410.32,7411.38,20420310,false,,false,,
2026-05-11 13:20:00,2026-05-11,13:20:00,7411.41,7418.06,7410.78,7418.01,21670320,false,,false,,
2026-05-11 13:25:00,2026-05-11,13:25:00,7417.58,7420.43,7417.23,7419.55,21489630,false,,false,,
2026-05-11 13:30:00,2026-05-11,13:30:00,7419.52,7423.45,7419.33,7423.02,21135270,false,,false,,
2026-05-11 13:35:00,2026-05-11,13:35:00,7423,7425.79,7422.42,7424.54,22396570,false,,false,,
2026-05-11 13:40:00,2026-05-11,13:40:00,7424.57,7427.92,7423.86,7427.86,21300020,false,,false,,
2026-05-11 13:45:00,2026-05-11,13:45:00,7427.86,7428.97,7424.81,7425.13,23588250,false,,false,,
2026-05-11 13:50:00,2026-05-11,13:50:00,7425.05,7426.09,7423.34,7423.61,22392450,false,,false,,
2026-05-11 13:55:00,2026-05-11,13:55:00,7423.66,7425.09,7422.78,7423.3,20920040,false,,false,,
2026-05-11 14:00:00,2026-05-11,14:00:00,7423.47,7428.38,7423.4,7427.33,25581180,false,,false,,
2026-05-11 14:05:00,2026-05-11,14:05:00,7427.45,7427.88,7426.72,7427.45,22156910,false,,false,,
2026-05-11 14:10:00,2026-05-11,14:10:00,7427.51,7427.51,7424.25,7425.24,20562500,false,,false,,
2026-05-11 14:15:00,2026-05-11,14:15:00,7425.1,7425.38,7423.73,7424.68,22240490,false,,false,,
2026-05-11 14:20:00,2026-05-11,14:20:00,7424.68,7426.52,7422.93,7424.55,22244260,false,,false,,
2026-05-11 14:25:00,2026-05-11,14:25:00,7424.51,7425.42,7423.84,7425.11,25213630,false,,false,,
2026-05-11 14:30:00,2026-05-11,14:30:00,7425.16,7425.18,7422.07,7422.57,28135720,false,,false,,
2026-05-11 14:35:00,2026-05-11,14:35:00,7422.52,7423.37,7419.58,7419.62,24950170,false,,false,,
2026-05-11 14:40:00,2026-05-11,14:40:00,7419.7,7420.25,7417.78,7419.48,25253330,false,,false,,
2026-05-11 14:45:00,2026-05-11,14:45:00,7419.4,7419.71,7416.36,7416.74,24857980,false,,false,,
2026-05-11 14:50:00,2026-05-11,14:50:00,7416.73,7416.87,7414.14,7414.71,25601850,false,,false,,
2026-05-11 14:55:00,2026-05-11,14:55:00,7414.75,7415.26,7406.65,7407.1,32791700,false,,false,,
2026-05-11 15:00:00,2026-05-11,15:00:00,7407,7409.62,7404.4,7404.65,27789040,false,,false,,
2026-05-11 15:05:00,2026-05-11,15:05:00,7404.65,7411.36,7404.39,7411.18,27491760,false,,false,,
2026-05-11 15:10:00,2026-05-11,15:10:00,7411.27,7413.3,7408.34,7409.47,30507750,false,,false,,
2026-05-11 15:15:00,2026-05-11,15:15:00,7409.5,7409.92,7405.82,7406.89,29781870,false,,false,,
2026-05-11 15:20:00,2026-05-11,15:20:00,7407.2,7408.1,7403.37,7405.21,32356570,false,,false,,
2026-05-11 15:25:00,2026-05-11,15:25:00,7405.26,7407.88,7404.29,7406.64,38881950,false,,false,,
2026-05-11 15:30:00,2026-05-11,15:30:00,7406.62,7410.14,7405.07,7407.64,37305830,false,,false,,
2026-05-11 15:35:00,2026-05-11,15:35:00,7407.46,7408.13,7405.25,7407.84,38486050,false,,false,,
2026-05-11 15:40:00,2026-05-11,15:40:00,7407.85,7408.81,7403.32,7403.39,44525030,false,,false,,
2026-05-11 15:45:00,2026-05-11,15:45:00,7403.4,7408.19,7402.74,7407.08,51829920,false,,false,,
2026-05-11 15:50:00,2026-05-11,15:50:00,7407.26,7411.35,7407.26,7410.5,77302630,false,,false,,
2026-05-11 15:55:00,2026-05-11,15:55:00,7410.52,7412.73,7409.22,7412.5,200687790,false,,false,,
2026-05-11 16:00:00,2026-05-11,16:00:00,7413.56,7413.56,7412.84,7412.85,587523900,false,,false,,
2026-05-12 09:30:00,2026-05-12,09:30:00,7390.63,7394.37,7380.88,7385.4,161706232,false,,false,,
2026-05-12 09:35:00,2026-05-12,09:35:00,7385.12,7385.12,7376,7381.59,53026323,false,,false,,
2026-05-12 09:40:00,2026-05-12,09:40:00,7382.06,7389.11,7378.58,7388.79,49628220,false,,false,,
2026-05-12 09:45:00,2026-05-12,09:45:00,7389.03,7389.61,7376.62,7379.39,46539155,false,,false,,
2026-05-12 09:50:00,2026-05-12,09:50:00,7378.92,7385.51,7374.92,7381.24,37932980,false,,false,,
2026-05-12 09:55:00,2026-05-12,09:55:00,7380.83,7381.15,7369.16,7371.19,45165480,false,,false,,
2026-05-12 10:00:00,2026-05-12,10:00:00,7371.81,7373.88,7367.12,7370.57,43592790,false,,false,,
2026-05-12 10:05:00,2026-05-12,10:05:00,7371.81,7377.4,7370.41,7374.6,37112720,false,,false,,
2026-05-12 10:10:00,2026-05-12,10:10:00,7374.7,7383.31,7371.42,7382.05,34892340,false,,false,,
2026-05-12 10:15:00,2026-05-12,10:15:00,7382.36,7385.28,7378.86,7383.85,36352680,false,,false,,
2026-05-12 10:20:00,2026-05-12,10:20:00,7383.83,7384.65,7375.44,7376.72,29923310,false,,false,,
2026-05-12 10:25:00,2026-05-12,10:25:00,7376.91,7379.52,7366.62,7369.32,41061380,false,,false,,
2026-05-12 10:30:00,2026-05-12,10:30:00,7369.45,7369.58,7355.25,7360.68,44425520,false,,false,,
2026-05-12 10:35:00,2026-05-12,10:35:00,7360.61,7366.86,7355.5,7366.78,35398250,false,,false,,
2026-05-12 10:40:00,2026-05-12,10:40:00,7366.82,7371.98,7363.17,7366.8,29501270,false,,false,,
2026-05-12 10:45:00,2026-05-12,10:45:00,7366.67,7366.9,7360.95,7361.55,30297130,false,,false,,
2026-05-12 10:50:00,2026-05-12,10:50:00,7361.46,7363.79,7357.34,7360.85,32521400,false,,false,,
2026-05-12 10:55:00,2026-05-12,10:55:00,7360.9,7362.74,7356.77,7358.41,30471840,false,,false,,
2026-05-12 11:00:00,2026-05-12,11:00:00,7358.94,7360.22,7354.26,7354.76,34385100,false,,false,,
2026-05-12 11:05:00,2026-05-12,11:05:00,7355.06,7361.3,7352.79,7360.82,31923520,false,,false,,
2026-05-12 11:10:00,2026-05-12,11:10:00,7360.83,7361.22,7352.25,7352.84,28830050,false,,false,,
2026-05-12 11:15:00,2026-05-12,11:15:00,7352.69,7353,7346.69,7350.2,35799380,true,7350,true,7350,7350:from_above
2026-05-12 11:20:00,2026-05-12,11:20:00,7350.02,7350.85,7340.08,7340.99,33775140,true,7350,false,,
2026-05-12 11:25:00,2026-05-12,11:25:00,7341.71,7344.89,7338.54,7343.48,36248640,false,,false,,
2026-05-12 11:30:00,2026-05-12,11:30:00,7343.51,7350.85,7342.12,7349.97,30416120,true,7350,true,7350,7350:from_below
2026-05-12 11:35:00,2026-05-12,11:35:00,7349.47,7353.97,7345.89,7351.86,25749800,true,7350,false,,
2026-05-12 11:40:00,2026-05-12,11:40:00,7352.08,7356.46,7348.73,7355.95,25369630,true,7350,false,,
2026-05-12 11:45:00,2026-05-12,11:45:00,7355.84,7358.05,7353.75,7354.14,23059320,false,,false,,
2026-05-12 11:50:00,2026-05-12,11:50:00,7354.12,7355.52,7351,7352.49,25686080,true,7350,true,7350,7350:from_above
2026-05-12 11:55:00,2026-05-12,11:55:00,7352.23,7352.82,7344.14,7345.73,27617470,true,7350,false,,
2026-05-12 12:00:00,2026-05-12,12:00:00,7345.4,7353.93,7341.64,7352.67,26262830,true,7350,false,,
2026-05-12 12:05:00,2026-05-12,12:05:00,7352.7,7353.8,7346.9,7348.38,21210080,true,7350,false,,
2026-05-12 12:10:00,2026-05-12,12:10:00,7348.48,7355.37,7347.49,7354.45,22750590,true,7350,false,,
2026-05-12 12:15:00,2026-05-12,12:15:00,7354.4,7354.5,7350.66,7350.66,18985430,true,7350,false,,
2026-05-12 12:20:00,2026-05-12,12:20:00,7350.74,7353.07,7346.39,7348.94,23663530,true,7350,false,,
2026-05-12 12:25:00,2026-05-12,12:25:00,7348.97,7350.68,7347.39,7348.16,20104950,true,7350,false,,
2026-05-12 12:30:00,2026-05-12,12:30:00,7348.17,7348.72,7342.31,7346.23,23927480,true,7350,false,,
2026-05-12 12:35:00,2026-05-12,12:35:00,7345.88,7350.85,7345.88,7348.42,23340390,true,7350,false,,
2026-05-12 12:40:00,2026-05-12,12:40:00,7348.43,7350.41,7343.19,7344.7,26129610,true,7350,false,,
2026-05-12 12:45:00,2026-05-12,12:45:00,7344.65,7346.39,7338.89,7341.78,24465390,false,,false,,
2026-05-12 12:50:00,2026-05-12,12:50:00,7341.86,7343.98,7338.74,7340.36,25008020,false,,false,,
2026-05-12 12:55:00,2026-05-12,12:55:00,7340.41,7342.61,7338.72,7341.31,24809150,false,,false,,
2026-05-12 13:00:00,2026-05-12,13:00:00,7341.56,7350.22,7340.82,7349.19,25623200,true,7350,true,7350,7350:from_below
2026-05-12 13:05:00,2026-05-12,13:05:00,7349.12,7354.41,7348.96,7350.53,24825910,true,7350,false,,
2026-05-12 13:10:00,2026-05-12,13:10:00,7350.57,7354.19,7350.18,7353.58,26990630,true,7350,false,,
2026-05-12 13:15:00,2026-05-12,13:15:00,7353.58,7361.4,7353.53,7361.29,25655700,false,,false,,
2026-05-12 13:20:00,2026-05-12,13:20:00,7361.13,7369.8,7361.13,7365.73,25882940,false,,false,,
2026-05-12 13:25:00,2026-05-12,13:25:00,7366.02,7366.29,7361.66,7364.1,23692300,false,,false,,
2026-05-12 13:30:00,2026-05-12,13:30:00,7364.18,7370.64,7362.32,7369.77,28652790,false,,false,,
2026-05-12 13:35:00,2026-05-12,13:35:00,7369.94,7370.47,7362.78,7367.35,20656600,false,,false,,
2026-05-12 13:40:00,2026-05-12,13:40:00,7367.25,7369.79,7366.69,7368.71,18133240,false,,false,,
2026-05-12 13:45:00,2026-05-12,13:45:00,7368.57,7369.47,7365.2,7367.4,17632310,false,,false,,
2026-05-12 13:50:00,2026-05-12,13:50:00,7367.41,7371.64,7365.72,7371.63,17411450,false,,false,,
2026-05-12 13:55:00,2026-05-12,13:55:00,7371.8,7372.93,7368.36,7371.31,25858330,false,,false,,
2026-05-12 14:00:00,2026-05-12,14:00:00,7371.47,7373.51,7368.76,7372.61,25401050,false,,false,,
2026-05-12 14:05:00,2026-05-12,14:05:00,7372.57,7372.97,7368.25,7369.97,22796470,false,,false,,
2026-05-12 14:10:00,2026-05-12,14:10:00,7370.05,7372.5,7368.14,7371.91,21322310,false,,false,,
2026-05-12 14:15:00,2026-05-12,14:15:00,7371.84,7374.33,7371.01,7373.3,24076080,false,,false,,
2026-05-12 14:20:00,2026-05-12,14:20:00,7373.05,7378.83,7372.71,7378.48,21224900,false,,false,,
2026-05-12 14:25:00,2026-05-12,14:25:00,7378.48,7385.19,7378.48,7382.95,26594890,false,,false,,
2026-05-12 14:30:00,2026-05-12,14:30:00,7382.95,7385.46,7381.95,7382.31,22096570,false,,false,,
2026-05-12 14:35:00,2026-05-12,14:35:00,7382.13,7385.26,7379.93,7382.68,19873830,false,,false,,
2026-05-12 14:40:00,2026-05-12,14:40:00,7381.97,7384.48,7381.95,7383.18,20137540,false,,false,,
2026-05-12 14:45:00,2026-05-12,14:45:00,7383.07,7383.42,7378.32,7381.53,22735440,false,,false,,
2026-05-12 14:50:00,2026-05-12,14:50:00,7381.48,7384.51,7380.2,7382.66,23783830,false,,false,,
2026-05-12 14:55:00,2026-05-12,14:55:00,7382.73,7386.49,7379.6,7380.58,27110820,false,,false,,
2026-05-12 15:00:00,2026-05-12,15:00:00,7380.65,7384.39,7380.65,7383.22,23344020,false,,false,,
2026-05-12 15:05:00,2026-05-12,15:05:00,7383.25,7387.15,7381.95,7385,27027170,false,,false,,
2026-05-12 15:10:00,2026-05-12,15:10:00,7385.46,7393.86,7385.17,7392,28224070,false,,false,,
2026-05-12 15:15:00,2026-05-12,15:15:00,7391.99,7394.87,7390.57,7390.93,28235540,false,,false,,
2026-05-12 15:20:00,2026-05-12,15:20:00,7391.22,7391.44,7386.19,7390.26,30548450,false,,false,,
2026-05-12 15:25:00,2026-05-12,15:25:00,7390.5,7392.27,7390,7391.85,39271700,false,,false,,
2026-05-12 15:30:00,2026-05-12,15:30:00,7391.75,7401.61,7391.75,7400.08,36570550,true,7400,true,7400,7400:from_below
2026-05-12 15:35:00,2026-05-12,15:35:00,7399.99,7400.32,7397.82,7399.24,36958980,true,7400,false,,
2026-05-12 15:40:00,2026-05-12,15:40:00,7399.19,7401.49,7397.25,7401.16,39467150,true,7400,false,,
2026-05-12 15:45:00,2026-05-12,15:45:00,7401.07,7403,7398.33,7401.64,49115080,true,7400,false,,
2026-05-12 15:50:00,2026-05-12,15:50:00,7401.56,7409.57,7401.56,7404.01,75924060,true,7400,false,,
2026-05-12 15:55:00,2026-05-12,15:55:00,7404.16,7406.23,7400.39,7400.44,190786650,true,7400,false,,
2026-05-12 16:00:00,2026-05-12,16:00:00,7401.23,7401.23,7400.95,7400.97,568123430,true,7400,false,,
2026-05-13 09:30:00,2026-05-13,09:30:00,7409.12,7409.12,7393.95,7398.12,93154251,true,7400,true,7400,7400:indeterminate
2026-05-13 09:35:00,2026-05-13,09:35:00,7397.6,7398.39,7386.44,7388.86,56572927,true,7400,false,,
2026-05-13 09:40:00,2026-05-13,09:40:00,7389.34,7394.89,7386.13,7388.36,47381896,false,,false,,
2026-05-13 09:45:00,2026-05-13,09:45:00,7389,7389.06,7375.13,7384.17,54472639,false,,false,,
2026-05-13 09:50:00,2026-05-13,09:50:00,7383.98,7391.42,7379.92,7391.06,41966150,false,,false,,
2026-05-13 09:55:00,2026-05-13,09:55:00,7391.49,7394.46,7385.49,7390.73,38166330,false,,false,,
2026-05-13 10:00:00,2026-05-13,10:00:00,7390.96,7396.03,7389.66,7394.03,39898760,false,,false,,
2026-05-13 10:05:00,2026-05-13,10:05:00,7394.2,7396.64,7391.47,7393.23,40708630,false,,false,,
2026-05-13 10:10:00,2026-05-13,10:10:00,7393.26,7398.12,7390.65,7397.35,37597670,true,7400,true,7400,7400:from_below
2026-05-13 10:15:00,2026-05-13,10:15:00,7397.35,7399.75,7392.77,7393.4,41552530,true,7400,false,,
2026-05-13 10:20:00,2026-05-13,10:20:00,7393.91,7406.02,7393.77,7405.24,38077520,true,7400,false,,
2026-05-13 10:25:00,2026-05-13,10:25:00,7405.43,7409.17,7403.17,7404.38,37912030,false,,false,,
2026-05-13 10:30:00,2026-05-13,10:30:00,7404.18,7407.91,7402.24,7407.91,39756750,false,,false,,
2026-05-13 10:35:00,2026-05-13,10:35:00,7408.21,7408.79,7398.61,7400.67,34145320,true,7400,true,7400,7400:from_above
2026-05-13 10:40:00,2026-05-13,10:40:00,7400.52,7407,7399.1,7404.96,29563970,true,7400,false,,
2026-05-13 10:45:00,2026-05-13,10:45:00,7404.83,7407.2,7401.52,7406.44,32718430,true,7400,false,,
2026-05-13 10:50:00,2026-05-13,10:50:00,7406.64,7411.36,7404.71,7410.58,28730800,false,,false,,
2026-05-13 10:55:00,2026-05-13,10:55:00,7410.73,7411.78,7408.19,7410.22,32719420,false,,false,,
2026-05-13 11:00:00,2026-05-13,11:00:00,7410.4,7415.53,7410.11,7413.48,36211900,false,,false,,
2026-05-13 11:05:00,2026-05-13,11:05:00,7413.42,7413.72,7409.97,7412.39,32736420,false,,false,,
2026-05-13 11:10:00,2026-05-13,11:10:00,7412.55,7413.9,7407.91,7410.51,35083440,false,,false,,
2026-05-13 11:15:00,2026-05-13,11:15:00,7410.73,7414.39,7410.61,7413.79,31031460,false,,false,,
2026-05-13 11:20:00,2026-05-13,11:20:00,7413.94,7415.41,7412.04,7413.09,27008370,false,,false,,
2026-05-13 11:25:00,2026-05-13,11:25:00,7413.18,7415.21,7409.99,7414.35,26483470,false,,false,,
2026-05-13 11:30:00,2026-05-13,11:30:00,7414.33,7417.34,7410.3,7416.9,30418900,false,,false,,
2026-05-13 11:35:00,2026-05-13,11:35:00,7416.98,7419.76,7416.18,7419.02,25030840,false,,false,,
2026-05-13 11:40:00,2026-05-13,11:40:00,7419.08,7424.13,7419.08,7423.13,24629670,false,,false,,
2026-05-13 11:45:00,2026-05-13,11:45:00,7423.24,7423.24,7419.52,7419.91,23234960,false,,false,,
2026-05-13 11:50:00,2026-05-13,11:50:00,7419.7,7421.69,7416.52,7421.11,24444340,false,,false,,
2026-05-13 11:55:00,2026-05-13,11:55:00,7420.94,7420.94,7416.62,7418.68,26737020,false,,false,,
2026-05-13 12:00:00,2026-05-13,12:00:00,7418.5,7423.55,7417.08,7423.52,25770290,false,,false,,
2026-05-13 12:05:00,2026-05-13,12:05:00,7423.49,7425.04,7421.12,7424.7,24348800,false,,false,,
2026-05-13 12:10:00,2026-05-13,12:10:00,7424.88,7428.29,7424.45,7427.99,25007790,false,,false,,
2026-05-13 12:15:00,2026-05-13,12:15:00,7428.14,7429.26,7426.4,7427.83,26325750,false,,false,,
2026-05-13 12:20:00,2026-05-13,12:20:00,7428.15,7439.4,7427.56,7437.99,26509000,false,,false,,
2026-05-13 12:25:00,2026-05-13,12:25:00,7437.97,7440.57,7435.66,7438.64,23968840,false,,false,,
2026-05-13 12:30:00,2026-05-13,12:30:00,7438.64,7439.97,7435.9,7439.18,23801670,false,,false,,
2026-05-13 12:35:00,2026-05-13,12:35:00,7439.3,7440.11,7438.02,7438.7,22700090,false,,false,,
2026-05-13 12:40:00,2026-05-13,12:40:00,7438.36,7440.37,7437.97,7437.97,26025470,false,,false,,
2026-05-13 12:45:00,2026-05-13,12:45:00,7438,7439.41,7436.53,7437.13,22590250,false,,false,,
2026-05-13 12:50:00,2026-05-13,12:50:00,7437.21,7439.92,7436.66,7439.84,23131960,false,,false,,
2026-05-13 12:55:00,2026-05-13,12:55:00,7439.82,7444.04,7439.82,7441.31,21225370,false,,false,,
2026-05-13 13:00:00,2026-05-13,13:00:00,7441.37,7446.84,7441.37,7445.74,28067470,false,,false,,
2026-05-13 13:05:00,2026-05-13,13:05:00,7445.66,7450.68,7445.66,7449.02,26765590,true,7450,true,7450,7450:from_below
2026-05-13 13:10:00,2026-05-13,13:10:00,7449.16,7450.94,7447.48,7449.06,24712870,true,7450,false,,
2026-05-13 13:15:00,2026-05-13,13:15:00,7448.66,7449.43,7445.81,7446.7,23085070,true,7450,false,,
2026-05-13 13:20:00,2026-05-13,13:20:00,7446.51,7448.19,7445.08,7445.14,19586920,true,7450,false,,
2026-05-13 13:25:00,2026-05-13,13:25:00,7445.04,7449.25,7444.81,7448.07,19038510,true,7450,false,,
2026-05-13 13:30:00,2026-05-13,13:30:00,7448.01,7448.53,7443.36,7444.58,27903170,true,7450,false,,
2026-05-13 13:35:00,2026-05-13,13:35:00,7444.49,7446.09,7443.1,7444.97,21605840,false,,false,,
2026-05-13 13:40:00,2026-05-13,13:40:00,7444.93,7447.96,7444.9,7447.55,20501400,false,,false,,
2026-05-13 13:45:00,2026-05-13,13:45:00,7447.63,7448.72,7446.58,7446.75,21036530,true,7450,true,7450,7450:from_below
2026-05-13 13:50:00,2026-05-13,13:50:00,7446.68,7448.53,7446.51,7446.51,20628260,true,7450,false,,
2026-05-13 13:55:00,2026-05-13,13:55:00,7446.49,7447.45,7442.06,7442.12,22117850,false,,false,,
2026-05-13 14:00:00,2026-05-13,14:00:00,7442.27,7449.22,7442.02,7448.82,27514020,true,7450,true,7450,7450:from_below
2026-05-13 14:05:00,2026-05-13,14:05:00,7448.79,7450.62,7447.93,7449.91,23558200,true,7450,false,,
2026-05-13 14:10:00,2026-05-13,14:10:00,7449.7,7454.8,7449.02,7454.63,24500810,true,7450,false,,
2026-05-13 14:15:00,2026-05-13,14:15:00,7454.61,7459.29,7454.61,7457.55,25439030,false,,false,,
2026-05-13 14:20:00,2026-05-13,14:20:00,7457.57,7460.04,7457.13,7457.55,23534740,false,,false,,
2026-05-13 14:25:00,2026-05-13,14:25:00,7457.9,7458.93,7455.96,7456.33,27347700,false,,false,,
2026-05-13 14:30:00,2026-05-13,14:30:00,7456.32,7456.43,7453.31,7454.41,24652910,false,,false,,
2026-05-13 14:35:00,2026-05-13,14:35:00,7454.56,7454.56,7449.46,7451.8,24538790,true,7450,true,7450,7450:from_above
2026-05-13 14:40:00,2026-05-13,14:40:00,7451.8,7453.61,7449.53,7449.53,28389640,true,7450,false,,
2026-05-13 14:45:00,2026-05-13,14:45:00,7449.66,7452.95,7449.55,7451.58,28930340,true,7450,false,,
2026-05-13 14:50:00,2026-05-13,14:50:00,7451.65,7453.85,7450.62,7452.98,26420810,true,7450,false,,
2026-05-13 14:55:00,2026-05-13,14:55:00,7452.97,7452.97,7446.84,7447.12,25296150,true,7450,false,,
2026-05-13 15:00:00,2026-05-13,15:00:00,7447.17,7452.15,7447.17,7451.96,26803810,true,7450,false,,
2026-05-13 15:05:00,2026-05-13,15:05:00,7451.9,7454.73,7450.39,7454.6,29750540,true,7450,false,,
2026-05-13 15:10:00,2026-05-13,15:10:00,7454.53,7456.92,7454.09,7456.8,30279390,false,,false,,
2026-05-13 15:15:00,2026-05-13,15:15:00,7456.73,7458.21,7454.43,7457.41,29557030,false,,false,,
2026-05-13 15:20:00,2026-05-13,15:20:00,7457.32,7458.07,7451.87,7452.19,31074950,true,7450,true,7450,7450:from_above
2026-05-13 15:25:00,2026-05-13,15:25:00,7452.13,7456.21,7451.18,7456.21,39557440,true,7450,false,,
2026-05-13 15:30:00,2026-05-13,15:30:00,7456.32,7456.56,7452.3,7453.12,38343800,false,,false,,
2026-05-13 15:35:00,2026-05-13,15:35:00,7453.33,7455.57,7451.36,7455,37491900,true,7450,true,7450,7450:from_above
2026-05-13 15:40:00,2026-05-13,15:40:00,7455.05,7456.01,7453.88,7455.86,40884390,false,,false,,
2026-05-13 15:45:00,2026-05-13,15:45:00,7455.47,7457.11,7454.17,7455.07,48439740,false,,false,,
2026-05-13 15:50:00,2026-05-13,15:50:00,7454.95,7454.95,7444,7445.58,82274300,true,7450,true,7450,7450:from_above
2026-05-13 15:55:00,2026-05-13,15:55:00,7445.66,7446.99,7443.67,7444.87,198049830,false,,false,,
2026-05-13 16:00:00,2026-05-13,16:00:00,7444.08,7444.35,7444.08,7444.26,512900840,false,,false,,
2026-05-14 09:30:00,2026-05-14,09:30:00,7462.72,7471.58,7459.82,7469.43,159984882,false,,false,,
2026-05-14 09:35:00,2026-05-14,09:35:00,7469.66,7476.75,7464.51,7475.48,59366510,false,,false,,
2026-05-14 09:40:00,2026-05-14,09:40:00,7475.33,7478.83,7474.46,7475.69,52618268,false,,false,,
2026-05-14 09:45:00,2026-05-14,09:45:00,7475.69,7480.83,7473.68,7478.02,49085120,false,,false,,
2026-05-14 09:50:00,2026-05-14,09:50:00,7477.8,7481.05,7472.22,7472.3,44689320,false,,false,,
2026-05-14 09:55:00,2026-05-14,09:55:00,7472.41,7476.45,7465.06,7465.06,46069300,false,,false,,
2026-05-14 10:00:00,2026-05-14,10:00:00,7466.35,7474.74,7464.84,7474.44,44057940,false,,false,,
2026-05-14 10:05:00,2026-05-14,10:05:00,7474.75,7476.56,7469.32,7471.43,40280060,false,,false,,
2026-05-14 10:10:00,2026-05-14,10:10:00,7471.27,7478.29,7470.04,7476.06,37613140,false,,false,,
2026-05-14 10:15:00,2026-05-14,10:15:00,7475.9,7483.27,7475.87,7482.14,40055590,false,,false,,
2026-05-14 10:20:00,2026-05-14,10:20:00,7482.26,7486.26,7480.07,7480.9,42694670,false,,false,,
2026-05-14 10:25:00,2026-05-14,10:25:00,7481.16,7481.63,7476.68,7480.99,41776800,false,,false,,
2026-05-14 10:30:00,2026-05-14,10:30:00,7481.25,7483.14,7479.45,7482.27,32616790,false,,false,,
2026-05-14 10:35:00,2026-05-14,10:35:00,7482.32,7488.22,7479.97,7488.22,34642700,false,,false,,
2026-05-14 10:40:00,2026-05-14,10:40:00,7488.18,7491.82,7487.16,7491.64,32540900,false,,false,,
2026-05-14 10:45:00,2026-05-14,10:45:00,7491.78,7494.61,7491.78,7494.52,33244140,false,,false,,
2026-05-14 10:50:00,2026-05-14,10:50:00,7494.59,7497.38,7492.25,7495.26,32116320,false,,false,,
2026-05-14 10:55:00,2026-05-14,10:55:00,7495.32,7497.29,7493.18,7493.83,32627510,false,,false,,
2026-05-14 11:00:00,2026-05-14,11:00:00,7494.03,7500.14,7492.35,7497.81,29265260,true,7500,true,7500,7500:from_below
2026-05-14 11:05:00,2026-05-14,11:05:00,7497.53,7500.62,7497.02,7499.83,29565360,true,7500,false,,
2026-05-14 11:10:00,2026-05-14,11:10:00,7499.89,7502.45,7498.66,7502.39,28539370,true,7500,false,,
2026-05-14 11:15:00,2026-05-14,11:15:00,7502.45,7507.25,7502.45,7506.4,26145430,false,,false,,
2026-05-14 11:20:00,2026-05-14,11:20:00,7506.49,7509.34,7504.69,7506.7,26551700,false,,false,,
2026-05-14 11:25:00,2026-05-14,11:25:00,7506.79,7509.78,7506.73,7507.25,26589570,false,,false,,
2026-05-14 11:30:00,2026-05-14,11:30:00,7507.11,7510.29,7506.25,7508.21,28574200,false,,false,,
2026-05-14 11:35:00,2026-05-14,11:35:00,7508.22,7508.69,7503.88,7505.79,28644650,false,,false,,
2026-05-14 11:40:00,2026-05-14,11:40:00,7505.85,7509.88,7504.93,7509.57,27774150,false,,false,,
2026-05-14 11:45:00,2026-05-14,11:45:00,7509.46,7509.63,7507.16,7509.6,25352650,false,,false,,
2026-05-14 11:50:00,2026-05-14,11:50:00,7509.83,7509.88,7508.09,7508.65,25418460,false,,false,,
2026-05-14 11:55:00,2026-05-14,11:55:00,7508.62,7514.37,7508.42,7513.71,24531350,false,,false,,
2026-05-14 12:00:00,2026-05-14,12:00:00,7513.71,7516.5,7513.47,7515.79,25492400,false,,false,,
2026-05-14 12:05:00,2026-05-14,12:05:00,7515.85,7517.12,7513.57,7513.67,22245330,false,,false,,
2026-05-14 12:10:00,2026-05-14,12:10:00,7513.65,7515.29,7510.68,7510.81,22782810,false,,false,,
2026-05-14 12:15:00,2026-05-14,12:15:00,7510.97,7514.96,7510.97,7512.1,21572450,false,,false,,
2026-05-14 12:20:00,2026-05-14,12:20:00,7512.23,7515.43,7508.79,7508.79,22935050,false,,false,,
2026-05-14 12:25:00,2026-05-14,12:25:00,7508.57,7509.18,7500.29,7501.84,20826460,true,7500,true,7500,7500:from_above
2026-05-14 12:30:00,2026-05-14,12:30:00,7501.53,7504.14,7496.11,7497.99,21946100,true,7500,false,,
2026-05-14 12:35:00,2026-05-14,12:35:00,7497.88,7502.83,7497.82,7502.82,18941730,true,7500,false,,
2026-05-14 12:40:00,2026-05-14,12:40:00,7502.71,7505.31,7500.22,7500.74,19873970,true,7500,false,,
2026-05-14 12:45:00,2026-05-14,12:45:00,7500.52,7503.44,7496.13,7502.27,20996210,true,7500,false,,
2026-05-14 12:50:00,2026-05-14,12:50:00,7502.3,7502.46,7496.93,7499.11,23019440,true,7500,false,,
2026-05-14 12:55:00,2026-05-14,12:55:00,7499.29,7499.67,7493.09,7499.48,20868060,true,7500,false,,
2026-05-14 13:00:00,2026-05-14,13:00:00,7499.55,7504.4,7499.55,7503.03,18693170,true,7500,false,,
2026-05-14 13:05:00,2026-05-14,13:05:00,7503.14,7503.22,7496.03,7496.06,18903420,true,7500,false,,
2026-05-14 13:10:00,2026-05-14,13:10:00,7496.05,7498.97,7490.92,7491.87,24284770,true,7500,false,,
2026-05-14 13:15:00,2026-05-14,13:15:00,7492.13,7493.14,7484.9,7486.65,24444010,false,,false,,
2026-05-14 13:20:00,2026-05-14,13:20:00,7486.6,7490.68,7485.27,7488.27,23963380,false,,false,,
2026-05-14 13:25:00,2026-05-14,13:25:00,7488.16,7490.65,7484.35,7490.55,23988970,false,,false,,
2026-05-14 13:30:00,2026-05-14,13:30:00,7490.59,7495.16,7489.17,7492.28,22139880,false,,false,,
2026-05-14 13:35:00,2026-05-14,13:35:00,7492.29,7499.35,7492.11,7498.74,19101920,true,7500,true,7500,7500:from_below
2026-05-14 13:40:00,2026-05-14,13:40:00,7498.64,7500.77,7495.91,7498.8,19208530,true,7500,false,,
2026-05-14 13:45:00,2026-05-14,13:45:00,7498.94,7504.03,7498.93,7503.48,21354620,true,7500,false,,
2026-05-14 13:50:00,2026-05-14,13:50:00,7503.56,7504.37,7500.38,7500.82,20896510,true,7500,false,,
2026-05-14 13:55:00,2026-05-14,13:55:00,7500.68,7503.07,7498.93,7499.16,25121280,true,7500,false,,
2026-05-14 14:00:00,2026-05-14,14:00:00,7499.2,7499.2,7488.02,7489.6,22514470,true,7500,false,,
2026-05-14 14:05:00,2026-05-14,14:05:00,7489.75,7494.17,7489.44,7494.06,20464490,false,,false,,
2026-05-14 14:10:00,2026-05-14,14:10:00,7494.17,7499.04,7493.2,7499.04,24294060,true,7500,true,7500,7500:from_below
2026-05-14 14:15:00,2026-05-14,14:15:00,7499.11,7503.89,7498.91,7503.63,21490970,true,7500,false,,
2026-05-14 14:20:00,2026-05-14,14:20:00,7503.75,7504.01,7499.45,7501.22,21009740,true,7500,false,,
2026-05-14 14:25:00,2026-05-14,14:25:00,7501.1,7501.71,7495.36,7496.81,22105870,true,7500,false,,
2026-05-14 14:30:00,2026-05-14,14:30:00,7496.79,7501.88,7496.65,7499.82,21857580,true,7500,false,,
2026-05-14 14:35:00,2026-05-14,14:35:00,7499.68,7500.88,7496.8,7498.86,19338260,true,7500,false,,
2026-05-14 14:40:00,2026-05-14,14:40:00,7498.82,7500.55,7495.1,7498.85,20032700,true,7500,false,,
2026-05-14 14:45:00,2026-05-14,14:45:00,7498.83,7501.66,7496.96,7501.31,18901400,true,7500,false,,
2026-05-14 14:50:00,2026-05-14,14:50:00,7501.35,7502.29,7499.34,7501.21,23479960,true,7500,false,,
2026-05-14 14:55:00,2026-05-14,14:55:00,7501.15,7504.86,7500.77,7504.03,23908730,true,7500,false,,
2026-05-14 15:00:00,2026-05-14,15:00:00,7504.01,7507.62,7504.01,7505.75,24647100,false,,false,,
2026-05-14 15:05:00,2026-05-14,15:05:00,7505.63,7507.01,7504.13,7506.92,22852930,false,,false,,
2026-05-14 15:10:00,2026-05-14,15:10:00,7507.12,7508.06,7503.1,7505.18,25370850,false,,false,,
2026-05-14 15:15:00,2026-05-14,15:15:00,7505.18,7507.39,7504.76,7505.92,24062270,false,,false,,
2026-05-14 15:20:00,2026-05-14,15:20:00,7505.78,7507.8,7504.45,7504.99,25356980,false,,false,,
2026-05-14 15:25:00,2026-05-14,15:25:00,7505.24,7505.96,7501.73,7501.73,28927890,true,7500,true,7500,7500:from_above
2026-05-14 15:30:00,2026-05-14,15:30:00,7501.87,7506.48,7501.58,7504.53,31256240,true,7500,false,,
2026-05-14 15:35:00,2026-05-14,15:35:00,7504.56,7506.4,7502.39,7505.39,33769830,false,,false,,
2026-05-14 15:40:00,2026-05-14,15:40:00,7505.1,7507.96,7504.51,7506.23,36358740,false,,false,,
2026-05-14 15:45:00,2026-05-14,15:45:00,7506.26,7507.31,7503.7,7504.52,43751150,false,,false,,
2026-05-14 15:50:00,2026-05-14,15:50:00,7504.53,7505.3,7499.44,7502.72,68670310,true,7500,true,7500,7500:from_above
2026-05-14 15:55:00,2026-05-14,15:55:00,7502.52,7502.52,7499.08,7501.47,186663260,true,7500,false,,
2026-05-14 16:00:00,2026-05-14,16:00:00,7501.65,7501.65,7501.24,7501.25,444358140,true,7500,false,,
2026-05-15 09:30:00,2026-05-15,09:30:00,7437.98,7437.98,7411.38,7420.25,250276020,false,,false,,
2026-05-15 09:35:00,2026-05-15,09:35:00,7420.13,7420.13,7408.84,7410.59,55406890,false,,false,,
2026-05-15 09:40:00,2026-05-15,09:40:00,7410.33,7420.23,7404.76,7405.91,48501870,false,,false,,
2026-05-15 09:45:00,2026-05-15,09:45:00,7405.71,7416.34,7397.5,7416.34,58362970,true,7400,true,7400,7400:from_above
2026-05-15 09:50:00,2026-05-15,09:50:00,7416.28,7427.2,7407.97,7424.27,39064620,false,,false,,
2026-05-15 09:55:00,2026-05-15,09:55:00,7424.53,7429.87,7409.63,7410.58,43800530,false,,false,,
2026-05-15 10:00:00,2026-05-15,10:00:00,7411.46,7420.71,7409.75,7414.59,40351600,false,,false,,
2026-05-15 10:05:00,2026-05-15,10:05:00,7414.34,7420.79,7410.88,7416.58,39153450,false,,false,,
2026-05-15 10:10:00,2026-05-15,10:10:00,7416.84,7432.03,7415.09,7432.03,49172050,false,,false,,
2026-05-15 10:15:00,2026-05-15,10:15:00,7431.83,7442.07,7427.96,7439.44,38255820,false,,false,,
2026-05-15 10:20:00,2026-05-15,10:20:00,7439.31,7447.25,7439.2,7439.26,36711660,false,,false,,
2026-05-15 10:25:00,2026-05-15,10:25:00,7439.37,7439.64,7428.26,7430.03,31192640,false,,false,,
2026-05-15 10:30:00,2026-05-15,10:30:00,7430.67,7441.29,7430.67,7441.17,35675370,false,,false,,
2026-05-15 10:35:00,2026-05-15,10:35:00,7441.5,7443.16,7436.33,7439.64,27857230,false,,false,,
2026-05-15 10:40:00,2026-05-15,10:40:00,7438.79,7442.66,7436.68,7440.21,26504740,false,,false,,
2026-05-15 10:45:00,2026-05-15,10:45:00,7440.35,7441.27,7429.03,7430.57,28325420,false,,false,,
2026-05-15 10:50:00,2026-05-15,10:50:00,7430.67,7434.13,7423.9,7434.13,28510590,false,,false,,
2026-05-15 10:55:00,2026-05-15,10:55:00,7434.08,7436.92,7428.75,7429.44,25872120,false,,false,,
2026-05-15 11:00:00,2026-05-15,11:00:00,7429.55,7434.52,7424.1,7428.31,26426690,false,,false,,
2026-05-15 11:05:00,2026-05-15,11:05:00,7428.42,7433,7421.69,7433,26308840,false,,false,,
2026-05-15 11:10:00,2026-05-15,11:10:00,7433.06,7434.14,7425.45,7428.79,25098180,false,,false,,
2026-05-15 11:15:00,2026-05-15,11:15:00,7428.93,7433.7,7427.45,7432.35,23518400,false,,false,,
2026-05-15 11:20:00,2026-05-15,11:20:00,7432.78,7438.21,7431.96,7432.89,24647090,false,,false,,
2026-05-15 11:25:00,2026-05-15,11:25:00,7432.83,7434.54,7428.29,7431.89,26805030,false,,false,,
2026-05-15 11:30:00,2026-05-15,11:30:00,7432.36,7439.6,7432.36,7434.3,27314730,false,,false,,
2026-05-15 11:35:00,2026-05-15,11:35:00,7434.31,7438.94,7430.82,7430.88,30050860,false,,false,,
2026-05-15 11:40:00,2026-05-15,11:40:00,7430.76,7432.92,7419.01,7420.51,24459970,false,,false,,
2026-05-15 11:45:00,2026-05-15,11:45:00,7420.52,7423.54,7417.76,7419.21,20765500,false,,false,,
2026-05-15 11:50:00,2026-05-15,11:50:00,7419.01,7419.01,7413.49,7414.93,23265360,false,,false,,
2026-05-15 11:55:00,2026-05-15,11:55:00,7415.04,7423.66,7411.02,7422.69,22623880,false,,false,,
2026-05-15 12:00:00,2026-05-15,12:00:00,7422.69,7426.6,7418.62,7420.38,22434700,false,,false,,
2026-05-15 12:05:00,2026-05-15,12:05:00,7420.36,7423.89,7417.25,7423.17,20687000,false,,false,,
2026-05-15 12:10:00,2026-05-15,12:10:00,7423.45,7424.39,7417.16,7424.39,20921670,false,,false,,
2026-05-15 12:15:00,2026-05-15,12:15:00,7424.3,7424.3,7418.82,7422.78,18406130,false,,false,,
2026-05-15 12:20:00,2026-05-15,12:20:00,7422.89,7432.4,7422.47,7431.72,20507280,false,,false,,
2026-05-15 12:25:00,2026-05-15,12:25:00,7431.56,7433.81,7429.58,7432.66,19290630,false,,false,,
2026-05-15 12:30:00,2026-05-15,12:30:00,7433.81,7434.73,7431.27,7433.87,19288340,false,,false,,
2026-05-15 12:35:00,2026-05-15,12:35:00,7433.57,7434,7430.96,7432.91,19605870,false,,false,,
2026-05-15 12:40:00,2026-05-15,12:40:00,7432.97,7435.68,7431.09,7435.54,19964500,false,,false,,
2026-05-15 12:45:00,2026-05-15,12:45:00,7435.62,7436.61,7433.38,7434.27,18542930,false,,false,,
2026-05-15 12:50:00,2026-05-15,12:50:00,7434.17,7435.59,7423.31,7423.52,18213130,false,,false,,
2026-05-15 12:55:00,2026-05-15,12:55:00,7424,7430.94,7423.93,7429.19,17586420,false,,false,,
2026-05-15 13:00:00,2026-05-15,13:00:00,7429.26,7431.5,7427.14,7431.29,17102680,false,,false,,
2026-05-15 13:05:00,2026-05-15,13:05:00,7431.16,7436.23,7430.15,7435.62,16913340,false,,false,,
2026-05-15 13:10:00,2026-05-15,13:10:00,7435.89,7437.76,7434.95,7436.59,17188400,false,,false,,
2026-05-15 13:15:00,2026-05-15,13:15:00,7436.6,7437.93,7433.42,7437.93,18364730,false,,false,,
2026-05-15 13:20:00,2026-05-15,13:20:00,7437.98,7445.2,7437.41,7445.2,18092340,false,,false,,
2026-05-15 13:25:00,2026-05-15,13:25:00,7445.09,7449.06,7445.05,7445.69,23226620,true,7450,true,7450,7450:from_below
2026-05-15 13:30:00,2026-05-15,13:30:00,7445.67,7448.79,7445.12,7448.58,23656380,true,7450,false,,
2026-05-15 13:35:00,2026-05-15,13:35:00,7448.66,7449.01,7444.12,7446.72,21409580,true,7450,false,,
2026-05-15 13:40:00,2026-05-15,13:40:00,7446.81,7447.43,7441.06,7444.84,19211790,false,,false,,
2026-05-15 13:45:00,2026-05-15,13:45:00,7444.87,7446.64,7442.79,7443.38,19232410,false,,false,,
2026-05-15 13:50:00,2026-05-15,13:50:00,7443.21,7447.39,7443.17,7446.82,22678610,false,,false,,
2026-05-15 13:55:00,2026-05-15,13:55:00,7446.97,7450.21,7445.69,7449.91,17963560,true,7450,true,7450,7450:from_below
2026-05-15 14:00:00,2026-05-15,14:00:00,7449.92,7451.91,7449.83,7450.97,23259960,true,7450,false,,
2026-05-15 14:05:00,2026-05-15,14:05:00,7450.94,7454.85,7450.07,7450.52,22842870,true,7450,false,,
2026-05-15 14:10:00,2026-05-15,14:10:00,7450.6,7452.04,7449.52,7449.99,20887610,true,7450,false,,
2026-05-15 14:15:00,2026-05-15,14:15:00,7449.91,7450.27,7436.39,7437.06,23666980,true,7450,false,,
2026-05-15 14:20:00,2026-05-15,14:20:00,7437.43,7446.63,7436.96,7443.02,20989890,false,,false,,
2026-05-15 14:25:00,2026-05-15,14:25:00,7442.98,7443.94,7435.37,7436.87,21076800,false,,false,,
2026-05-15 14:30:00,2026-05-15,14:30:00,7436.88,7437.82,7425.13,7428.22,24300330,false,,false,,
2026-05-15 14:35:00,2026-05-15,14:35:00,7428.5,7434.89,7428.5,7434.88,19803660,false,,false,,
2026-05-15 14:40:00,2026-05-15,14:40:00,7434.91,7434.98,7429.57,7433.69,20189720,false,,false,,
2026-05-15 14:45:00,2026-05-15,14:45:00,7433.83,7434.09,7429.39,7432.57,20954490,false,,false,,
2026-05-15 14:50:00,2026-05-15,14:50:00,7432.69,7437.59,7431.09,7437.05,22869400,false,,false,,
2026-05-15 14:55:00,2026-05-15,14:55:00,7437.14,7438.86,7432.27,7435.95,23936150,false,,false,,
2026-05-15 15:00:00,2026-05-15,15:00:00,7435.96,7437.16,7428.6,7428.66,22667870,false,,false,,
2026-05-15 15:05:00,2026-05-15,15:05:00,7428.77,7430.34,7425.24,7426.77,24471720,false,,false,,
2026-05-15 15:10:00,2026-05-15,15:10:00,7426.67,7426.67,7422.41,7425.55,25695390,false,,false,,
2026-05-15 15:15:00,2026-05-15,15:15:00,7425.68,7426.05,7419.97,7423.82,28078220,false,,false,,
2026-05-15 15:20:00,2026-05-15,15:20:00,7424.06,7426.95,7421.39,7421.39,28360040,false,,false,,
2026-05-15 15:25:00,2026-05-15,15:25:00,7421.37,7423.23,7420.47,7421.01,31576880,false,,false,,
2026-05-15 15:30:00,2026-05-15,15:30:00,7421.14,7425.93,7420.63,7423.01,38065420,false,,false,,
2026-05-15 15:35:00,2026-05-15,15:35:00,7422.99,7426.9,7420.55,7426.36,33952630,false,,false,,
2026-05-15 15:40:00,2026-05-15,15:40:00,7426.25,7427.55,7419.14,7419.55,41735300,false,,false,,
2026-05-15 15:45:00,2026-05-15,15:45:00,7419.7,7423.48,7417.58,7421.67,53757850,false,,false,,
2026-05-15 15:50:00,2026-05-15,15:50:00,7421.77,7421.77,7407.24,7407.88,90846060,false,,false,,
2026-05-15 15:55:00,2026-05-15,15:55:00,7408.11,7411.57,7404.65,7409.17,236874030,false,,false,,
2026-05-15 16:00:00,2026-05-15,16:00:00,7409.63,7409.63,7408.49,7408.49,651302170,false,,false,,
2026-05-18 09:30:00,2026-05-18,09:30:00,7419.77,7420.42,7403.08,7403.08,160578302,false,,false,,
2026-05-18 09:35:00,2026-05-18,09:35:00,7404.13,7408.85,7400.93,7406.38,58111670,true,7400,true,7400,7400:from_above
2026-05-18 09:40:00,2026-05-18,09:40:00,7405.85,7410.84,7398.45,7398.92,56264838,true,7400,false,,
2026-05-18 09:45:00,2026-05-18,09:45:00,7399.21,7412.63,7394.11,7407.05,51455180,true,7400,false,,
2026-05-18 09:50:00,2026-05-18,09:50:00,7407.13,7428.88,7407.13,7427.61,45867420,false,,false,,
2026-05-18 09:55:00,2026-05-18,09:55:00,7428.28,7434.06,7424.29,7424.97,48894120,false,,false,,
2026-05-18 10:00:00,2026-05-18,10:00:00,7425.75,7425.75,7408.88,7411.46,44667310,false,,false,,
2026-05-18 10:05:00,2026-05-18,10:05:00,7411.15,7422.88,7405.9,7422.88,45670370,false,,false,,
2026-05-18 10:10:00,2026-05-18,10:10:00,7422.54,7426.58,7415.84,7419.11,36497820,false,,false,,
2026-05-18 10:15:00,2026-05-18,10:15:00,7418.99,7426,7417.95,7424.83,37367220,false,,false,,
2026-05-18 10:20:00,2026-05-18,10:20:00,7425.26,7427.61,7415.43,7419.21,34823400,false,,false,,
2026-05-18 10:25:00,2026-05-18,10:25:00,7419.12,7422.99,7411.16,7413.84,33810760,false,,false,,
2026-05-18 10:30:00,2026-05-18,10:30:00,7413.69,7417.23,7390.47,7392.93,42776760,true,7400,true,7400,7400:from_above
2026-05-18 10:35:00,2026-05-18,10:35:00,7392.85,7399.1,7383.31,7398.25,44082790,true,7400,false,,
2026-05-18 10:40:00,2026-05-18,10:40:00,7398.09,7406.86,7391.72,7402.63,29078630,true,7400,false,,
2026-05-18 10:45:00,2026-05-18,10:45:00,7402.44,7403.29,7391.53,7393.62,31864160,true,7400,false,,
2026-05-18 10:50:00,2026-05-18,10:50:00,7393.6,7406.11,7392.52,7401.18,33326440,true,7400,false,,
2026-05-18 10:55:00,2026-05-18,10:55:00,7401.16,7405,7399.59,7402.4,28155770,true,7400,false,,
2026-05-18 11:00:00,2026-05-18,11:00:00,7401.86,7409.6,7387.69,7391.38,37341530,true,7400,false,,
2026-05-18 11:05:00,2026-05-18,11:05:00,7391.83,7394.6,7387.12,7387.18,30738050,false,,false,,
2026-05-18 11:10:00,2026-05-18,11:10:00,7387.14,7394,7384.49,7390.92,28251260,false,,false,,
2026-05-18 11:15:00,2026-05-18,11:15:00,7390.78,7392.65,7378.75,7381.64,25714190,false,,false,,
2026-05-18 11:20:00,2026-05-18,11:20:00,7381.43,7385.93,7378.44,7382.4,25622110,false,,false,,
2026-05-18 11:25:00,2026-05-18,11:25:00,7382.39,7388.27,7374.34,7375.07,23629060,false,,false,,
2026-05-18 11:30:00,2026-05-18,11:30:00,7375.02,7384.26,7371.75,7383.92,24294110,false,,false,,
2026-05-18 11:35:00,2026-05-18,11:35:00,7384.22,7391.41,7383.84,7386.49,22503790,false,,false,,
2026-05-18 11:40:00,2026-05-18,11:40:00,7386.7,7392.04,7381.26,7381.45,23924190,false,,false,,
2026-05-18 11:45:00,2026-05-18,11:45:00,7381.46,7389.22,7380.35,7385.27,20346180,false,,false,,
2026-05-18 11:50:00,2026-05-18,11:50:00,7384.76,7389.12,7379.25,7388.76,19542900,false,,false,,
2026-05-18 11:55:00,2026-05-18,11:55:00,7388.69,7390.86,7381.49,7382.14,19497620,false,,false,,
2026-05-18 12:00:00,2026-05-18,12:00:00,7382.39,7384.22,7376.3,7377.57,18710630,false,,false,,
2026-05-18 12:05:00,2026-05-18,12:05:00,7377.67,7383.3,7377.04,7381.36,19695790,false,,false,,
2026-05-18 12:10:00,2026-05-18,12:10:00,7381.41,7388.02,7381.27,7387.93,19409070,false,,false,,
2026-05-18 12:15:00,2026-05-18,12:15:00,7388.09,7392.37,7387.76,7391.14,19473840,false,,false,,
2026-05-18 12:20:00,2026-05-18,12:20:00,7390.82,7397.92,7383.8,7386.6,25648690,false,,false,,
2026-05-18 12:25:00,2026-05-18,12:25:00,7386.57,7387.17,7364.93,7366.47,29327430,false,,false,,
2026-05-18 12:30:00,2026-05-18,12:30:00,7366.78,7376.57,7361.47,7372.77,24577890,false,,false,,
2026-05-18 12:35:00,2026-05-18,12:35:00,7372.82,7380.05,7371.63,7376.06,22213280,false,,false,,
2026-05-18 12:40:00,2026-05-18,12:40:00,7376.17,7376.84,7369.39,7369.97,20340420,false,,false,,
2026-05-18 12:45:00,2026-05-18,12:45:00,7369.88,7373.92,7369.88,7373.38,20048070,false,,false,,
2026-05-18 12:50:00,2026-05-18,12:50:00,7373.45,7388.12,7373.36,7387.68,19835390,false,,false,,
2026-05-18 12:55:00,2026-05-18,12:55:00,7387.59,7392.25,7383.71,7384.3,22682900,false,,false,,
2026-05-18 13:00:00,2026-05-18,13:00:00,7384.42,7388.15,7379.5,7388.01,18465430,false,,false,,
2026-05-18 13:05:00,2026-05-18,13:05:00,7387.88,7392.2,7386.46,7388.54,17921620,false,,false,,
2026-05-18 13:10:00,2026-05-18,13:10:00,7388.92,7392.99,7386.66,7386.86,15630940,false,,false,,
2026-05-18 13:15:00,2026-05-18,13:15:00,7386.77,7392.76,7386.07,7391.12,21084660,false,,false,,
2026-05-18 13:20:00,2026-05-18,13:20:00,7391.32,7391.46,7385.84,7387.92,18944560,false,,false,,
2026-05-18 13:25:00,2026-05-18,13:25:00,7387.84,7392.92,7386.02,7392.67,18670780,false,,false,,
2026-05-18 13:30:00,2026-05-18,13:30:00,7392.84,7393.2,7386.41,7387.76,20547710,false,,false,,
2026-05-18 13:35:00,2026-05-18,13:35:00,7387.91,7387.91,7381.79,7383.48,19364090,false,,false,,
2026-05-18 13:40:00,2026-05-18,13:40:00,7383.6,7390.24,7382.95,7387.46,17500290,false,,false,,
2026-05-18 13:45:00,2026-05-18,13:45:00,7387.54,7388.12,7382.91,7385.93,17225180,false,,false,,
2026-05-18 13:50:00,2026-05-18,13:50:00,7385.8,7391.96,7385.28,7388.44,20509010,false,,false,,
2026-05-18 13:55:00,2026-05-18,13:55:00,7388.38,7390.37,7386.48,7389.64,16341870,false,,false,,
2026-05-18 14:00:00,2026-05-18,14:00:00,7389.47,7390.16,7377.57,7377.91,22887770,false,,false,,
2026-05-18 14:05:00,2026-05-18,14:05:00,7377.95,7380.08,7373.33,7375.08,21332770,false,,false,,
2026-05-18 14:10:00,2026-05-18,14:10:00,7375.03,7376.35,7369.97,7370.22,19095650,false,,false,,
2026-05-18 14:15:00,2026-05-18,14:15:00,7370.13,7370.13,7361.14,7363.68,24383170,false,,false,,
2026-05-18 14:20:00,2026-05-18,14:20:00,7364.05,7364.96,7360.38,7362.27,22389170,false,,false,,
2026-05-18 14:25:00,2026-05-18,14:25:00,7362.21,7365.83,7356.1,7365.41,24558500,false,,false,,
2026-05-18 14:30:00,2026-05-18,14:30:00,7365.64,7370.12,7364.1,7366.32,22562880,false,,false,,
2026-05-18 14:35:00,2026-05-18,14:35:00,7366.22,7369.51,7362.67,7362.77,20330640,false,,false,,
2026-05-18 14:40:00,2026-05-18,14:40:00,7362.66,7364.2,7358.35,7363.75,20878680,false,,false,,
2026-05-18 14:45:00,2026-05-18,14:45:00,7364.15,7365.76,7357.93,7357.93,22280470,false,,false,,
2026-05-18 14:50:00,2026-05-18,14:50:00,7357.89,7358.92,7353.17,7355.93,21624150,false,,false,,
2026-05-18 14:55:00,2026-05-18,14:55:00,7355.89,7359.81,7353.51,7355.34,28010010,false,,false,,
2026-05-18 15:00:00,2026-05-18,15:00:00,7355.35,7396.99,7355.01,7383.73,52106660,false,,false,,
2026-05-18 15:05:00,2026-05-18,15:05:00,7383.69,7389.12,7375.15,7381.51,33571610,false,,false,,
2026-05-18 15:10:00,2026-05-18,15:10:00,7381.27,7385.06,7378.04,7379.14,29193770,false,,false,,
2026-05-18 15:15:00,2026-05-18,15:15:00,7379.18,7382.93,7374.85,7375.99,28956290,false,,false,,
2026-05-18 15:20:00,2026-05-18,15:20:00,7376.22,7380.67,7371.1,7371.1,30029890,false,,false,,
2026-05-18 15:25:00,2026-05-18,15:25:00,7371.27,7373.96,7366.47,7373.67,34170900,false,,false,,
2026-05-18 15:30:00,2026-05-18,15:30:00,7373.75,7381.6,7371.68,7379.16,36651880,false,,false,,
2026-05-18 15:35:00,2026-05-18,15:35:00,7379.29,7388.71,7379.16,7388.34,36744620,false,,false,,
2026-05-18 15:40:00,2026-05-18,15:40:00,7388.48,7396.41,7388.48,7395.95,44188570,false,,false,,
2026-05-18 15:45:00,2026-05-18,15:45:00,7396.06,7403.06,7394.3,7400.98,54424750,true,7400,true,7400,7400:from_below
2026-05-18 15:50:00,2026-05-18,15:50:00,7401.45,7406.03,7397.57,7403.41,74083340,true,7400,false,,
2026-05-18 15:55:00,2026-05-18,15:55:00,7403.46,7405.61,7396.71,7402.39,194139030,true,7400,false,,
2026-05-18 16:00:00,2026-05-18,16:00:00,7403.61,7403.61,7403,7403.04,510094040,false,,false,,
2026-05-19 09:30:00,2026-05-19,09:30:00,7371.25,7373.17,7360.87,7363.69,136764107,false,,false,,
2026-05-19 09:35:00,2026-05-19,09:35:00,7362.85,7376.16,7356.47,7374.09,60272916,false,,false,,
2026-05-19 09:40:00,2026-05-19,09:40:00,7374.1,7374.33,7353.04,7353.77,44091529,false,,false,,
2026-05-19 09:45:00,2026-05-19,09:45:00,7353.99,7371.45,7349.5,7364.94,47940468,true,7350,true,7350,7350:from_above
2026-05-19 09:50:00,2026-05-19,09:50:00,7364.65,7378.81,7360.37,7377.15,45815970,false,,false,,
2026-05-19 09:55:00,2026-05-19,09:55:00,7377.11,7381.64,7371.2,7371.81,42239600,false,,false,,
2026-05-19 10:00:00,2026-05-19,10:00:00,7372.55,7372.55,7358.68,7369.01,43947940,false,,false,,
2026-05-19 10:05:00,2026-05-19,10:05:00,7368.41,7369.64,7346.46,7351.38,46567440,true,7350,true,7350,7350:from_above
2026-05-19 10:10:00,2026-05-19,10:10:00,7351.6,7356.81,7346.26,7347.56,48073240,true,7350,false,,
2026-05-19 10:15:00,2026-05-19,10:15:00,7346.95,7349.35,7341.66,7343.05,50891800,true,7350,false,,
2026-05-19 10:20:00,2026-05-19,10:20:00,7342.78,7345.25,7335.05,7344.92,43402600,false,,false,,
2026-05-19 10:25:00,2026-05-19,10:25:00,7345.05,7348.73,7339.28,7341.47,38398130,true,7350,true,7350,7350:from_below
2026-05-19 10:30:00,2026-05-19,10:30:00,7341.6,7350,7338.48,7340.23,36276470,true,7350,false,,
2026-05-19 10:35:00,2026-05-19,10:35:00,7340.43,7349.76,7340.43,7348.11,32301300,true,7350,false,,
2026-05-19 10:40:00,2026-05-19,10:40:00,7348.24,7352.22,7343.11,7345.19,31344210,true,7350,false,,
2026-05-19 10:45:00,2026-05-19,10:45:00,7345.44,7347.6,7333.68,7337.59,33282040,false,,false,,
2026-05-19 10:50:00,2026-05-19,10:50:00,7337.63,7341.2,7334.01,7337.42,30673010,false,,false,,
2026-05-19 10:55:00,2026-05-19,10:55:00,7337.47,7349.47,7336.8,7349.31,28837590,true,7350,true,7350,7350:from_below
2026-05-19 11:00:00,2026-05-19,11:00:00,7349.74,7353.88,7346.22,7352.36,32157090,true,7350,false,,
2026-05-19 11:05:00,2026-05-19,11:05:00,7352.2,7352.79,7344.84,7350.51,29469400,true,7350,false,,
2026-05-19 11:10:00,2026-05-19,11:10:00,7350.71,7355.47,7350.71,7353.84,26707960,true,7350,false,,
2026-05-19 11:15:00,2026-05-19,11:15:00,7353.88,7358.1,7349.01,7349.01,31820750,true,7350,false,,
2026-05-19 11:20:00,2026-05-19,11:20:00,7348.6,7350.44,7338.54,7338.54,25920150,true,7350,false,,
2026-05-19 11:25:00,2026-05-19,11:25:00,7338.73,7344.5,7335.84,7341.45,26532570,false,,false,,
2026-05-19 11:30:00,2026-05-19,11:30:00,7341.11,7350.84,7339.5,7346.19,27451180,true,7350,true,7350,7350:from_below
2026-05-19 11:35:00,2026-05-19,11:35:00,7345.29,7354.01,7343.11,7352.68,22689260,true,7350,false,,
2026-05-19 11:40:00,2026-05-19,11:40:00,7352.42,7357.26,7350.34,7354.42,25492840,true,7350,false,,
2026-05-19 11:45:00,2026-05-19,11:45:00,7354.45,7357.02,7350.61,7356.99,24133800,true,7350,false,,
2026-05-19 11:50:00,2026-05-19,11:50:00,7357.23,7357.65,7350.25,7352.26,24884990,true,7350,false,,
2026-05-19 11:55:00,2026-05-19,11:55:00,7352.09,7352.09,7344.38,7347.68,21438690,true,7350,false,,
2026-05-19 12:00:00,2026-05-19,12:00:00,7348.06,7357.9,7347.93,7354.75,22365420,true,7350,false,,
2026-05-19 12:05:00,2026-05-19,12:05:00,7355.34,7355.75,7345.36,7345.62,24316120,true,7350,false,,
2026-05-19 12:10:00,2026-05-19,12:10:00,7345.28,7346.96,7341.75,7346.19,22371500,false,,false,,
2026-05-19 12:15:00,2026-05-19,12:15:00,7346.23,7356.07,7346.23,7355.28,20193050,true,7350,true,7350,7350:from_below
2026-05-19 12:20:00,2026-05-19,12:20:00,7355.52,7359.11,7352.61,7359.05,18469440,false,,false,,
2026-05-19 12:25:00,2026-05-19,12:25:00,7359.03,7366.01,7359,7363.71,24048880,false,,false,,
2026-05-19 12:30:00,2026-05-19,12:30:00,7363.61,7369.78,7362.35,7367.65,25196240,false,,false,,
2026-05-19 12:35:00,2026-05-19,12:35:00,7367.52,7369.94,7363.38,7369,22980980,false,,false,,
2026-05-19 12:40:00,2026-05-19,12:40:00,7369.17,7373.03,7369.13,7372.77,20331940,false,,false,,
2026-05-19 12:45:00,2026-05-19,12:45:00,7373.08,7374.94,7371.46,7373.9,21057470,false,,false,,
2026-05-19 12:50:00,2026-05-19,12:50:00,7373.97,7380.3,7372.42,7379.3,20738850,false,,false,,
2026-05-19 12:55:00,2026-05-19,12:55:00,7379.38,7381.94,7378.23,7380.54,20771190,false,,false,,
2026-05-19 13:00:00,2026-05-19,13:00:00,7380.36,7386.04,7378.8,7385.37,20953090,false,,false,,
2026-05-19 13:05:00,2026-05-19,13:05:00,7385.33,7386.14,7382.83,7385.12,21300050,false,,false,,
2026-05-19 13:10:00,2026-05-19,13:10:00,7385.49,7389.1,7384.57,7387.61,20271300,false,,false,,
2026-05-19 13:15:00,2026-05-19,13:15:00,7387.57,7393.43,7387.56,7391.6,23149240,false,,false,,
2026-05-19 13:20:00,2026-05-19,13:20:00,7391.8,7395.32,7390.39,7394.28,25895360,false,,false,,
2026-05-19 13:25:00,2026-05-19,13:25:00,7394.12,7395.05,7386.18,7388.8,24182530,false,,false,,
2026-05-19 13:30:00,2026-05-19,13:30:00,7388.8,7394.56,7387.55,7387.55,22869010,false,,false,,
2026-05-19 13:35:00,2026-05-19,13:35:00,7387.29,7391.15,7386.67,7390.87,20481680,false,,false,,
2026-05-19 13:40:00,2026-05-19,13:40:00,7390.92,7392.87,7389.31,7390.42,21356210,false,,false,,
2026-05-19 13:45:00,2026-05-19,13:45:00,7390.36,7390.61,7381.59,7385.79,19903960,false,,false,,
2026-05-19 13:50:00,2026-05-19,13:50:00,7385.94,7385.94,7378.55,7383.52,19094790,false,,false,,
2026-05-19 13:55:00,2026-05-19,13:55:00,7383.36,7386.8,7382.5,7386.79,19229180,false,,false,,
2026-05-19 14:00:00,2026-05-19,14:00:00,7386.89,7389.29,7385.13,7388.19,19576790,false,,false,,
2026-05-19 14:05:00,2026-05-19,14:05:00,7388.25,7390.76,7386.27,7390.4,19056690,false,,false,,
2026-05-19 14:10:00,2026-05-19,14:10:00,7390.37,7391.53,7388.5,7388.5,20772810,false,,false,,
2026-05-19 14:15:00,2026-05-19,14:15:00,7388.54,7389.86,7384.66,7386.59,22873670,false,,false,,
2026-05-19 14:20:00,2026-05-19,14:20:00,7386.62,7386.82,7378.22,7381.41,22937330,false,,false,,
2026-05-19 14:25:00,2026-05-19,14:25:00,7381.31,7385.65,7377.56,7377.66,22905520,false,,false,,
2026-05-19 14:30:00,2026-05-19,14:30:00,7377.72,7381.3,7375.6,7379.42,21790800,false,,false,,
2026-05-19 14:35:00,2026-05-19,14:35:00,7379.5,7382.65,7375.37,7375.76,18740390,false,,false,,
2026-05-19 14:40:00,2026-05-19,14:40:00,7375.76,7377.74,7374.04,7377.19,18442940,false,,false,,
2026-05-19 14:45:00,2026-05-19,14:45:00,7377.32,7377.34,7372.48,7376.14,19531400,false,,false,,
2026-05-19 14:50:00,2026-05-19,14:50:00,7376.08,7376.08,7367.75,7367.75,24027160,false,,false,,
2026-05-19 14:55:00,2026-05-19,14:55:00,7367.91,7367.91,7362.07,7363.52,27901320,false,,false,,
2026-05-19 15:00:00,2026-05-19,15:00:00,7363.34,7367.85,7363.11,7364.04,25994410,false,,false,,
2026-05-19 15:05:00,2026-05-19,15:05:00,7364.09,7372.92,7363.33,7371.3,26595460,false,,false,,
2026-05-19 15:10:00,2026-05-19,15:10:00,7371.36,7378.56,7371.04,7378.27,25402620,false,,false,,
2026-05-19 15:15:00,2026-05-19,15:15:00,7378.44,7379.6,7372.09,7372.09,25611270,false,,false,,
2026-05-19 15:20:00,2026-05-19,15:20:00,7371.83,7372.75,7360.58,7360.58,27023440,false,,false,,
2026-05-19 15:25:00,2026-05-19,15:25:00,7360.57,7366.75,7357.68,7365.77,30137810,false,,false,,
2026-05-19 15:30:00,2026-05-19,15:30:00,7365.73,7368.74,7361.7,7361.71,35351520,false,,false,,
2026-05-19 15:35:00,2026-05-19,15:35:00,7361.68,7362.99,7358.65,7360.55,33481310,false,,false,,
2026-05-19 15:40:00,2026-05-19,15:40:00,7360.51,7360.74,7356.59,7357.27,38480370,false,,false,,
2026-05-19 15:45:00,2026-05-19,15:45:00,7357.31,7358.85,7354.81,7355.67,46554320,false,,false,,
2026-05-19 15:50:00,2026-05-19,15:50:00,7355.82,7356.63,7345.71,7346.22,77488110,true,7350,true,7350,7350:from_above
2026-05-19 15:55:00,2026-05-19,15:55:00,7346.38,7356.54,7344.1,7354.95,220939580,true,7350,false,,
2026-05-19 16:00:00,2026-05-19,16:00:00,7354.82,7354.82,7353.61,7353.62,565537840,false,,false,,
2026-05-20 09:30:00,2026-05-20,09:30:00,7369.19,7378.09,7368.62,7374.74,152411467,false,,false,,
2026-05-20 09:35:00,2026-05-20,09:35:00,7374.45,7375.27,7360.96,7368.13,56845687,false,,false,,
2026-05-20 09:40:00,2026-05-20,09:40:00,7368.53,7379.5,7365.33,7379.22,46434498,false,,false,,
2026-05-20 09:45:00,2026-05-20,09:45:00,7379.2,7391.6,7377.26,7379.66,44727148,false,,false,,
2026-05-20 09:50:00,2026-05-20,09:50:00,7379.53,7385.26,7371.85,7377.93,39993920,false,,false,,
2026-05-20 09:55:00,2026-05-20,09:55:00,7378.15,7381.45,7374.65,7379.87,38235820,false,,false,,
2026-05-20 10:00:00,2026-05-20,10:00:00,7380.88,7380.88,7369.09,7370.22,38861690,false,,false,,
2026-05-20 10:05:00,2026-05-20,10:05:00,7370.13,7371.63,7365.01,7366,36927730,false,,false,,
2026-05-20 10:10:00,2026-05-20,10:10:00,7366.12,7376.53,7357.46,7370.21,44493430,false,,false,,
2026-05-20 10:15:00,2026-05-20,10:15:00,7370.79,7402.18,7370.71,7391.66,50516940,true,7400,true,7400,7400:from_below
2026-05-20 10:20:00,2026-05-20,10:20:00,7391.89,7400.04,7386.09,7387.33,41994710,true,7400,false,,
2026-05-20 10:25:00,2026-05-20,10:25:00,7387.34,7398.14,7384.56,7396.74,33753890,true,7400,false,,
2026-05-20 10:30:00,2026-05-20,10:30:00,7397.57,7408.46,7397.57,7400.54,37843240,true,7400,false,,
2026-05-20 10:35:00,2026-05-20,10:35:00,7400.63,7402.67,7394.39,7398.35,32446010,true,7400,false,,
2026-05-20 10:40:00,2026-05-20,10:40:00,7398.22,7400.97,7395.83,7400.97,29054170,true,7400,false,,
2026-05-20 10:45:00,2026-05-20,10:45:00,7401.7,7403.42,7394.93,7398.6,29314280,true,7400,false,,
2026-05-20 10:50:00,2026-05-20,10:50:00,7399.04,7407.22,7397.89,7406.96,25695100,true,7400,false,,
2026-05-20 10:55:00,2026-05-20,10:55:00,7406.79,7413.19,7404.86,7411.84,31720240,false,,false,,
2026-05-20 11:00:00,2026-05-20,11:00:00,7411.3,7413.52,7406.28,7406.66,29157340,false,,false,,
2026-05-20 11:05:00,2026-05-20,11:05:00,7406.63,7408.7,7404.51,7407.79,28497990,false,,false,,
2026-05-20 11:10:00,2026-05-20,11:10:00,7407.77,7408.35,7406.06,7407,26621140,false,,false,,
2026-05-20 11:15:00,2026-05-20,11:15:00,7407.06,7435.69,7407.06,7421.9,56349370,false,,false,,
2026-05-20 11:20:00,2026-05-20,11:20:00,7422.47,7425.88,7419.53,7420.64,28116940,false,,false,,
2026-05-20 11:25:00,2026-05-20,11:25:00,7420.59,7421.01,7410.61,7410.61,31389280,false,,false,,
2026-05-20 11:30:00,2026-05-20,11:30:00,7410.99,7417.7,7410.98,7417.62,25766380,false,,false,,
2026-05-20 11:35:00,2026-05-20,11:35:00,7417.91,7420.41,7417.37,7418.01,29568180,false,,false,,
2026-05-20 11:40:00,2026-05-20,11:40:00,7417.9,7422.47,7416.15,7421.79,25016260,false,,false,,
2026-05-20 11:45:00,2026-05-20,11:45:00,7421.79,7426.05,7420.93,7425.86,22673100,false,,false,,
2026-05-20 11:50:00,2026-05-20,11:50:00,7425.99,7428,7423.65,7425.79,27340440,false,,false,,
2026-05-20 11:55:00,2026-05-20,11:55:00,7425.74,7426.17,7418.63,7421.05,25642890,false,,false,,
2026-05-20 12:00:00,2026-05-20,12:00:00,7421.17,7422.71,7417.73,7421.2,21004770,false,,false,,
2026-05-20 12:05:00,2026-05-20,12:05:00,7421.01,7423.43,7418.72,7420.33,20892380,false,,false,,
2026-05-20 12:10:00,2026-05-20,12:10:00,7420.37,7421.29,7416.73,7419.34,23824000,false,,false,,
2026-05-20 12:15:00,2026-05-20,12:15:00,7419.41,7419.47,7414.1,7415.47,22476390,false,,false,,
2026-05-20 12:20:00,2026-05-20,12:20:00,7415.58,7415.85,7408.38,7410.83,26733450,false,,false,,
2026-05-20 12:25:00,2026-05-20,12:25:00,7410.68,7410.68,7404.83,7408.36,24418970,false,,false,,
2026-05-20 12:30:00,2026-05-20,12:30:00,7408.24,7412.18,7404.88,7405.91,21395240,false,,false,,
2026-05-20 12:35:00,2026-05-20,12:35:00,7405.92,7409.14,7404.4,7407.23,19859320,false,,false,,
2026-05-20 12:40:00,2026-05-20,12:40:00,7407.37,7416.89,7406.57,7416.89,19668280,false,,false,,
2026-05-20 12:45:00,2026-05-20,12:45:00,7417.31,7418.41,7407.4,7409.96,20383150,false,,false,,
2026-05-20 12:50:00,2026-05-20,12:50:00,7410.17,7413.33,7410.17,7412.79,18593200,false,,false,,
2026-05-20 12:55:00,2026-05-20,12:55:00,7412.86,7414.08,7406.4,7412.23,20348250,false,,false,,
2026-05-20 13:00:00,2026-05-20,13:00:00,7412.32,7415.47,7408.64,7409.09,19842720,false,,false,,
2026-05-20 13:05:00,2026-05-20,13:05:00,7409.18,7410.42,7407.54,7408.73,17737520,false,,false,,
2026-05-20 13:10:00,2026-05-20,13:10:00,7408.81,7419.14,7406.64,7415.4,22319270,false,,false,,
2026-05-20 13:15:00,2026-05-20,13:15:00,7415.36,7417.91,7414.48,7415.93,21303150,false,,false,,
2026-05-20 13:20:00,2026-05-20,13:20:00,7415.98,7418.32,7414.64,7415.47,18895540,false,,false,,
2026-05-20 13:25:00,2026-05-20,13:25:00,7415.65,7421.56,7415.21,7420.29,18307640,false,,false,,
2026-05-20 13:30:00,2026-05-20,13:30:00,7420.36,7422.61,7416.89,7418.33,21302930,false,,false,,
2026-05-20 13:35:00,2026-05-20,13:35:00,7418.42,7425.81,7417.81,7423.56,22134090,false,,false,,
2026-05-20 13:40:00,2026-05-20,13:40:00,7423.51,7423.51,7420.63,7421.29,20404940,false,,false,,
2026-05-20 13:45:00,2026-05-20,13:45:00,7421.42,7421.85,7418.38,7420.02,19448090,false,,false,,
2026-05-20 13:50:00,2026-05-20,13:50:00,7420.09,7420.56,7415.62,7415.62,19681700,false,,false,,
2026-05-20 13:55:00,2026-05-20,13:55:00,7415.62,7418.35,7415.17,7417.39,19042410,false,,false,,
2026-05-20 14:00:00,2026-05-20,14:00:00,7417.49,7421.05,7412.35,7419.32,26695610,false,,false,,
2026-05-20 14:05:00,2026-05-20,14:05:00,7419.4,7422.74,7418.34,7418.8,21910390,false,,false,,
2026-05-20 14:10:00,2026-05-20,14:10:00,7418.97,7420.21,7417.12,7419.53,17986840,false,,false,,
2026-05-20 14:15:00,2026-05-20,14:15:00,7419.62,7421.62,7419.13,7419.88,18834810,false,,false,,
2026-05-20 14:20:00,2026-05-20,14:20:00,7419.85,7421.18,7416.25,7416.5,20123890,false,,false,,
2026-05-20 14:25:00,2026-05-20,14:25:00,7416.32,7419.47,7415.47,7419.25,18545520,false,,false,,
2026-05-20 14:30:00,2026-05-20,14:30:00,7419.35,7422.85,7419.35,7422.65,19841520,false,,false,,
2026-05-20 14:35:00,2026-05-20,14:35:00,7422.61,7427.21,7422.19,7425.83,19395500,false,,false,,
2026-05-20 14:40:00,2026-05-20,14:40:00,7425.86,7426.5,7417.72,7417.72,21671520,false,,false,,
2026-05-20 14:45:00,2026-05-20,14:45:00,7416.98,7420.5,7416.3,7419.21,20446200,false,,false,,
2026-05-20 14:50:00,2026-05-20,14:50:00,7419.25,7420.81,7416.89,7419.27,20129220,false,,false,,
2026-05-20 14:55:00,2026-05-20,14:55:00,7419.38,7421.18,7419.21,7419.84,22159960,false,,false,,
2026-05-20 15:00:00,2026-05-20,15:00:00,7419.88,7425.33,7419.58,7421.56,24918570,false,,false,,
2026-05-20 15:05:00,2026-05-20,15:05:00,7421.29,7422.17,7419.38,7420.47,26091360,false,,false,,
2026-05-20 15:10:00,2026-05-20,15:10:00,7420.48,7423.98,7419.13,7423.77,24518640,false,,false,,
2026-05-20 15:15:00,2026-05-20,15:15:00,7423.84,7425.77,7422.45,7425.15,26934790,false,,false,,
2026-05-20 15:20:00,2026-05-20,15:20:00,7425.15,7427.94,7424.52,7425.69,27178720,false,,false,,
2026-05-20 15:25:00,2026-05-20,15:25:00,7425.72,7426.86,7425.01,7426.36,28432070,false,,false,,
2026-05-20 15:30:00,2026-05-20,15:30:00,7426.54,7428.33,7424.59,7427.01,35835530,false,,false,,
2026-05-20 15:35:00,2026-05-20,15:35:00,7426.99,7433.59,7426.99,7431.74,38734370,false,,false,,
2026-05-20 15:40:00,2026-05-20,15:40:00,7432.11,7432.56,7430.38,7430.7,35293350,false,,false,,
2026-05-20 15:45:00,2026-05-20,15:45:00,7430.07,7432.85,7428.27,7429.01,45275770,false,,false,,
2026-05-20 15:50:00,2026-05-20,15:50:00,7428.98,7433.2,7424.7,7428.92,75092920,false,,false,,
2026-05-20 15:55:00,2026-05-20,15:55:00,7428.68,7433.08,7426.34,7432.76,206590550,false,,false,,
2026-05-20 16:00:00,2026-05-20,16:00:00,7432.68,7432.96,7432.68,7432.96,567700900,false,,false,,
2026-05-21 09:30:00,2026-05-21,09:30:00,7406.07,7406.07,7394.68,7404.38,70341432,true,7400,true,7400,7400:from_above
2026-05-21 09:35:00,2026-05-21,09:35:00,7404.71,7404.71,7393.07,7395.36,54573751,true,7400,false,,
2026-05-21 09:40:00,2026-05-21,09:40:00,7395.31,7401.03,7393.22,7394.85,43855116,true,7400,false,,
2026-05-21 09:45:00,2026-05-21,09:45:00,7395.15,7401.88,7392.03,7392.83,41881570,true,7400,false,,
2026-05-21 09:50:00,2026-05-21,09:50:00,7393.05,7415.59,7392.86,7415.59,40731730,true,7400,false,,
2026-05-21 09:55:00,2026-05-21,09:55:00,7415.81,7418.86,7408.77,7416.56,39138410,false,,false,,
2026-05-21 10:00:00,2026-05-21,10:00:00,7416.09,7424.43,7415.17,7418.61,38293750,false,,false,,
2026-05-21 10:05:00,2026-05-21,10:05:00,7418.4,7422.52,7414.2,7422.52,33965950,false,,false,,
2026-05-21 10:10:00,2026-05-21,10:10:00,7422.55,7422.55,7409.66,7411.53,41275030,false,,false,,
2026-05-21 10:15:00,2026-05-21,10:15:00,7411.66,7412.53,7399.52,7399.52,40402830,true,7400,true,7400,7400:from_above
2026-05-21 10:20:00,2026-05-21,10:20:00,7399.64,7401.33,7392.02,7395.83,39364680,true,7400,false,,
2026-05-21 10:25:00,2026-05-21,10:25:00,7395.8,7402.46,7394.25,7401.75,28226720,true,7400,false,,
2026-05-21 10:30:00,2026-05-21,10:30:00,7402.17,7409.45,7399.35,7401.84,31548150,true,7400,false,,
2026-05-21 10:35:00,2026-05-21,10:35:00,7401.7,7408.63,7401.16,7407.22,26452400,true,7400,false,,
2026-05-21 10:40:00,2026-05-21,10:40:00,7407.2,7407.63,7398.02,7403.39,24424090,true,7400,false,,
2026-05-21 10:45:00,2026-05-21,10:45:00,7403.43,7405.44,7394.34,7398.23,23509620,true,7400,false,,
2026-05-21 10:50:00,2026-05-21,10:50:00,7398.69,7403.8,7394.62,7403.6,22091970,true,7400,false,,
2026-05-21 10:55:00,2026-05-21,10:55:00,7403.78,7409.93,7402.49,7406.69,22257290,false,,false,,
2026-05-21 11:00:00,2026-05-21,11:00:00,7406.64,7408.82,7402.02,7402.37,23496770,false,,false,,
2026-05-21 11:05:00,2026-05-21,11:05:00,7402.46,7403.05,7390.28,7393.27,24947100,true,7400,true,7400,7400:from_above
2026-05-21 11:10:00,2026-05-21,11:10:00,7393.63,7409.43,7389.48,7407.03,27802880,true,7400,false,,
2026-05-21 11:15:00,2026-05-21,11:15:00,7406.94,7408.32,7404.75,7407.86,22386480,false,,false,,
2026-05-21 11:20:00,2026-05-21,11:20:00,7407.82,7410.94,7404.93,7406.17,24348360,false,,false,,
2026-05-21 11:25:00,2026-05-21,11:25:00,7406.44,7408.75,7404.79,7405.45,22742150,false,,false,,
2026-05-21 11:30:00,2026-05-21,11:30:00,7405.41,7406.99,7396.34,7397.41,22384330,true,7400,true,7400,7400:from_above
2026-05-21 11:35:00,2026-05-21,11:35:00,7397.38,7406.83,7396.41,7406.78,21174340,true,7400,false,,
2026-05-21 11:40:00,2026-05-21,11:40:00,7406.84,7410.62,7405.42,7408.34,18552810,false,,false,,
2026-05-21 11:45:00,2026-05-21,11:45:00,7408.58,7414.29,7408.58,7414.18,19811310,false,,false,,
2026-05-21 11:50:00,2026-05-21,11:50:00,7414.14,7415.13,7411.61,7413.09,15819370,false,,false,,
2026-05-21 11:55:00,2026-05-21,11:55:00,7413.02,7413.87,7409.88,7410,20658760,false,,false,,
2026-05-21 12:00:00,2026-05-21,12:00:00,7410.1,7416.17,7410.1,7414.93,19497540,false,,false,,
2026-05-21 12:05:00,2026-05-21,12:05:00,7414.8,7417.02,7411.74,7416.78,18789610,false,,false,,
2026-05-21 12:10:00,2026-05-21,12:10:00,7416.92,7416.92,7410.43,7412.04,22567550,false,,false,,
2026-05-21 12:15:00,2026-05-21,12:15:00,7412.21,7412.99,7408.91,7409.47,16741940,false,,false,,
2026-05-21 12:20:00,2026-05-21,12:20:00,7409.43,7410.92,7401.97,7405.92,16569360,true,7400,true,7400,7400:from_above
2026-05-21 12:25:00,2026-05-21,12:25:00,7405.89,7406.62,7403.33,7405.61,15640920,false,,false,,
2026-05-21 12:30:00,2026-05-21,12:30:00,7405.58,7408.9,7404.43,7407.87,17537220,false,,false,,
2026-05-21 12:35:00,2026-05-21,12:35:00,7407.63,7409.15,7401.49,7404.39,16652510,true,7400,true,7400,7400:from_above
2026-05-21 12:40:00,2026-05-21,12:40:00,7404.43,7407.23,7403.24,7406.41,19441000,false,,false,,
2026-05-21 12:45:00,2026-05-21,12:45:00,7406.49,7408.81,7401.09,7402.5,16852970,true,7400,true,7400,7400:from_above
2026-05-21 12:50:00,2026-05-21,12:50:00,7402.46,7404.8,7398.83,7403.69,15658240,true,7400,false,,
2026-05-21 12:55:00,2026-05-21,12:55:00,7403.73,7407.07,7403.3,7407.07,16733080,false,,false,,
2026-05-21 13:00:00,2026-05-21,13:00:00,7406.97,7411.18,7406.97,7408.43,18400340,false,,false,,
2026-05-21 13:05:00,2026-05-21,13:05:00,7408.46,7410.52,7408.43,7408.76,15334760,false,,false,,
2026-05-21 13:10:00,2026-05-21,13:10:00,7408.62,7428.1,7408.41,7422.11,30620360,false,,false,,
2026-05-21 13:15:00,2026-05-21,13:15:00,7422.14,7440.75,7420.88,7435,39660660,false,,false,,
2026-05-21 13:20:00,2026-05-21,13:20:00,7434.89,7447.29,7428.66,7437.06,35612160,false,,false,,
2026-05-21 13:25:00,2026-05-21,13:25:00,7437.04,7439.79,7436.49,7438.79,23013590,false,,false,,
2026-05-21 13:30:00,2026-05-21,13:30:00,7438.73,7444.09,7438.27,7440.47,23175990,false,,false,,
2026-05-21 13:35:00,2026-05-21,13:35:00,7440.43,7445.96,7440.36,7445.3,20798320,false,,false,,
2026-05-21 13:40:00,2026-05-21,13:40:00,7445.34,7453.48,7445.34,7452.94,25577740,true,7450,true,7450,7450:from_below
2026-05-21 13:45:00,2026-05-21,13:45:00,7453.01,7455.77,7450.29,7455.61,24087530,true,7450,false,,
2026-05-21 13:50:00,2026-05-21,13:50:00,7455.68,7463.58,7454.11,7463.16,27864240,false,,false,,
2026-05-21 13:55:00,2026-05-21,13:55:00,7463.13,7465.96,7454.14,7454.27,28631300,false,,false,,
2026-05-21 14:00:00,2026-05-21,14:00:00,7454.17,7458.63,7447.34,7447.8,25643670,true,7450,true,7450,7450:from_above
2026-05-21 14:05:00,2026-05-21,14:05:00,7447.79,7454.22,7446.39,7452.49,24916170,true,7450,false,,
2026-05-21 14:10:00,2026-05-21,14:10:00,7452.52,7452.87,7446.37,7446.58,22835760,true,7450,false,,
2026-05-21 14:15:00,2026-05-21,14:15:00,7446.72,7450.17,7444.2,7449.93,23200140,true,7450,false,,
2026-05-21 14:20:00,2026-05-21,14:20:00,7449.9,7452.69,7448.35,7452.69,22642550,true,7450,false,,
2026-05-21 14:25:00,2026-05-21,14:25:00,7452.69,7453.68,7450.19,7451.04,22608030,true,7450,false,,
2026-05-21 14:30:00,2026-05-21,14:30:00,7451.07,7453.11,7449.4,7450.29,21225020,true,7450,false,,
2026-05-21 14:35:00,2026-05-21,14:35:00,7450.28,7451.51,7447.6,7448.73,19490850,true,7450,false,,
2026-05-21 14:40:00,2026-05-21,14:40:00,7448.72,7454.2,7448.63,7452.7,20032440,true,7450,false,,
2026-05-21 14:45:00,2026-05-21,14:45:00,7452.62,7454,7440.37,7441.81,28272520,true,7450,false,,
2026-05-21 14:50:00,2026-05-21,14:50:00,7441.94,7447,7422.85,7422.85,30610940,false,,false,,
2026-05-21 14:55:00,2026-05-21,14:55:00,7421.49,7427.32,7420.04,7427.27,26630200,false,,false,,
2026-05-21 15:00:00,2026-05-21,15:00:00,7427.39,7436.26,7427.39,7436.17,22404460,false,,false,,
2026-05-21 15:05:00,2026-05-21,15:05:00,7435.98,7441.42,7431.44,7441.38,27379730,false,,false,,
2026-05-21 15:10:00,2026-05-21,15:10:00,7441.5,7442.59,7438.41,7442.54,22173170,false,,false,,
2026-05-21 15:15:00,2026-05-21,15:15:00,7442.66,7445.73,7442.28,7445.18,24194870,false,,false,,
2026-05-21 15:20:00,2026-05-21,15:20:00,7445.35,7446.15,7441.57,7443.99,25430500,false,,false,,
2026-05-21 15:25:00,2026-05-21,15:25:00,7443.91,7446.1,7442.57,7444.23,28018200,false,,false,,
2026-05-21 15:30:00,2026-05-21,15:30:00,7444.17,7446.06,7441.26,7441.43,31982980,false,,false,,
2026-05-21 15:35:00,2026-05-21,15:35:00,7441.59,7445.68,7441.59,7444.67,33686500,false,,false,,
2026-05-21 15:40:00,2026-05-21,15:40:00,7444.84,7447.37,7438.73,7441.76,36408540,false,,false,,
2026-05-21 15:45:00,2026-05-21,15:45:00,7441.72,7445.48,7439.56,7443.25,42436180,false,,false,,
2026-05-21 15:50:00,2026-05-21,15:50:00,7443.47,7447.24,7437.77,7440.89,72164700,false,,false,,
2026-05-21 15:55:00,2026-05-21,15:55:00,7440.81,7448.86,7437.82,7444.86,186626210,true,7450,true,7450,7450:from_below
2026-05-21 16:00:00,2026-05-21,16:00:00,7445.3,7445.74,7445.3,7445.73,501006400,false,,false,,
2026-05-22 09:30:00,2026-05-22,09:30:00,7477.35,7491.08,7473.67,7489.99,129107233,false,,false,,
2026-05-22 09:35:00,2026-05-22,09:35:00,7491.06,7497.54,7488.59,7496.03,53234820,false,,false,,
2026-05-22 09:40:00,2026-05-22,09:40:00,7496.37,7499.46,7489.03,7491.99,47402345,true,7500,true,7500,7500:from_below
2026-05-22 09:45:00,2026-05-22,09:45:00,7492.24,7498.58,7489.17,7491.99,42937952,true,7500,false,,
2026-05-22 09:50:00,2026-05-22,09:50:00,7492.19,7493.02,7485.2,7490.87,38485820,false,,false,,
2026-05-22 09:55:00,2026-05-22,09:55:00,7490.72,7493.27,7486.38,7493.27,32974880,false,,false,,
2026-05-22 10:00:00,2026-05-22,10:00:00,7494.13,7494.13,7476.77,7480.06,40956180,false,,false,,
2026-05-22 10:05:00,2026-05-22,10:05:00,7479.75,7479.75,7471.82,7479.17,34463180,false,,false,,
2026-05-22 10:10:00,2026-05-22,10:10:00,7479.23,7481.4,7473.97,7474,35342860,false,,false,,
2026-05-22 10:15:00,2026-05-22,10:15:00,7474.01,7478.52,7471.88,7471.97,36882020,false,,false,,
2026-05-22 10:20:00,2026-05-22,10:20:00,7472.07,7473.29,7463.29,7466.94,33103610,false,,false,,
2026-05-22 10:25:00,2026-05-22,10:25:00,7467.13,7474.41,7466.85,7474.4,32535630,false,,false,,
2026-05-22 10:30:00,2026-05-22,10:30:00,7474.47,7477.53,7472.33,7477.15,33452450,false,,false,,
2026-05-22 10:35:00,2026-05-22,10:35:00,7477.02,7481.26,7476.62,7478.37,30542170,false,,false,,
2026-05-22 10:40:00,2026-05-22,10:40:00,7478.26,7482.92,7478.2,7481.75,28480210,false,,false,,
2026-05-22 10:45:00,2026-05-22,10:45:00,7481.99,7482.32,7476.18,7480.16,31048420,false,,false,,
2026-05-22 10:50:00,2026-05-22,10:50:00,7480.17,7480.17,7477.03,7479.98,26937990,false,,false,,
2026-05-22 10:55:00,2026-05-22,10:55:00,7479.88,7484.3,7478.99,7481.98,27657690,false,,false,,
2026-05-22 11:00:00,2026-05-22,11:00:00,7482.03,7486.11,7482.01,7485.98,26918040,false,,false,,
2026-05-22 11:05:00,2026-05-22,11:05:00,7485.77,7488.45,7484.81,7487.63,22837220,false,,false,,
2026-05-22 11:10:00,2026-05-22,11:10:00,7488.02,7488.22,7484.89,7487.6,22240580,false,,false,,
2026-05-22 11:15:00,2026-05-22,11:15:00,7487.68,7491.86,7486.72,7491.83,24162440,false,,false,,
2026-05-22 11:20:00,2026-05-22,11:20:00,7491.71,7491.71,7488.27,7489.88,22446990,false,,false,,
2026-05-22 11:25:00,2026-05-22,11:25:00,7489.91,7496.4,7488.39,7496.4,21240450,false,,false,,
2026-05-22 11:30:00,2026-05-22,11:30:00,7496.57,7497.77,7492.83,7493.88,21565070,false,,false,,
2026-05-22 11:35:00,2026-05-22,11:35:00,7493.85,7496.19,7492.38,7494.02,21122120,false,,false,,
2026-05-22 11:40:00,2026-05-22,11:40:00,7494.02,7495,7492.37,7494.52,19278200,false,,false,,
2026-05-22 11:45:00,2026-05-22,11:45:00,7494.45,7495.33,7490.94,7491.09,18882690,false,,false,,
2026-05-22 11:50:00,2026-05-22,11:50:00,7491.06,7495.39,7490.92,7494.48,19238380,false,,false,,
2026-05-22 11:55:00,2026-05-22,11:55:00,7494.1,7494.83,7492.75,7494.16,16964410,false,,false,,
2026-05-22 12:00:00,2026-05-22,12:00:00,7494.23,7494.95,7490.54,7493.46,18914210,false,,false,,
2026-05-22 12:05:00,2026-05-22,12:05:00,7493.5,7494.11,7490.84,7491.34,19582740,false,,false,,
2026-05-22 12:10:00,2026-05-22,12:10:00,7491.44,7493.3,7489.91,7491.96,17468840,false,,false,,
2026-05-22 12:15:00,2026-05-22,12:15:00,7491.85,7491.85,7487.1,7487.23,18469540,false,,false,,
2026-05-22 12:20:00,2026-05-22,12:20:00,7487.21,7490.74,7486.83,7487.64,18514590,false,,false,,
2026-05-22 12:25:00,2026-05-22,12:25:00,7487.64,7491.04,7487.02,7491,20350670,false,,false,,
2026-05-22 12:30:00,2026-05-22,12:30:00,7491.09,7493.98,7488.12,7488.26,19817120,false,,false,,
2026-05-22 12:35:00,2026-05-22,12:35:00,7488.05,7490.9,7486.7,7488.02,17060930,false,,false,,
2026-05-22 12:40:00,2026-05-22,12:40:00,7488.17,7490.24,7487.21,7488.21,16353490,false,,false,,
2026-05-22 12:45:00,2026-05-22,12:45:00,7488.48,7492.9,7488.37,7489.17,15989030,false,,false,,
2026-05-22 12:50:00,2026-05-22,12:50:00,7489.19,7492.5,7488.81,7492.4,15692480,false,,false,,
2026-05-22 12:55:00,2026-05-22,12:55:00,7492.34,7492.5,7489.27,7490.35,17297310,false,,false,,
2026-05-22 13:00:00,2026-05-22,13:00:00,7490.38,7495.29,7490.38,7495.2,16809200,false,,false,,
2026-05-22 13:05:00,2026-05-22,13:05:00,7495.21,7496.17,7493.8,7494.93,18069670,false,,false,,
2026-05-22 13:10:00,2026-05-22,13:10:00,7494.91,7496.21,7493.84,7494.31,19544420,false,,false,,
2026-05-22 13:15:00,2026-05-22,13:15:00,7494.26,7495.78,7491.88,7491.88,16350450,false,,false,,
2026-05-22 13:20:00,2026-05-22,13:20:00,7485.54,7491.94,7485.54,7490.8,19999080,false,,false,,
2026-05-22 13:25:00,2026-05-22,13:25:00,7491.41,7505.27,7490.87,7505.21,30772530,true,7500,true,7500,7500:from_below
2026-05-22 13:30:00,2026-05-22,13:30:00,7505.3,7506.32,7496.69,7497,21683550,true,7500,false,,
2026-05-22 13:35:00,2026-05-22,13:35:00,7496.89,7500.59,7495.83,7499.99,19878110,true,7500,false,,
2026-05-22 13:40:00,2026-05-22,13:40:00,7500.09,7500.84,7497.7,7497.71,18028750,true,7500,false,,
2026-05-22 13:45:00,2026-05-22,13:45:00,7497.71,7498.14,7495.21,7495.54,19255720,true,7500,false,,
2026-05-22 13:50:00,2026-05-22,13:50:00,7495.45,7495.73,7489.47,7490.81,19471730,false,,false,,
2026-05-22 13:55:00,2026-05-22,13:55:00,7490.81,7493.5,7490.23,7490.82,18508580,false,,false,,
2026-05-22 14:00:00,2026-05-22,14:00:00,7491,7493.96,7487.23,7489.19,25911400,false,,false,,
2026-05-22 14:05:00,2026-05-22,14:05:00,7489.22,7492.08,7488.68,7491.34,16455980,false,,false,,
2026-05-22 14:10:00,2026-05-22,14:10:00,7491.33,7492.27,7488.46,7489.73,16279630,false,,false,,
2026-05-22 14:15:00,2026-05-22,14:15:00,7489.84,7491.79,7487.6,7490.49,17547040,false,,false,,
2026-05-22 14:20:00,2026-05-22,14:20:00,7490.45,7492.99,7490.03,7492.83,19045830,false,,false,,
2026-05-22 14:25:00,2026-05-22,14:25:00,7492.92,7493.09,7489.66,7490.73,17595790,false,,false,,
2026-05-22 14:30:00,2026-05-22,14:30:00,7490.61,7491.52,7488.84,7490.1,17620970,false,,false,,
2026-05-22 14:35:00,2026-05-22,14:35:00,7490.1,7492.35,7486.18,7489.81,21476400,false,,false,,
2026-05-22 14:40:00,2026-05-22,14:40:00,7489.73,7492.45,7489.23,7491.06,16517310,false,,false,,
2026-05-22 14:45:00,2026-05-22,14:45:00,7491.2,7492.29,7487.89,7488.94,18476540,false,,false,,
2026-05-22 14:50:00,2026-05-22,14:50:00,7488.91,7492.61,7488.32,7491.67,17588100,false,,false,,
2026-05-22 14:55:00,2026-05-22,14:55:00,7491.73,7491.76,7488.85,7489.17,18382970,false,,false,,
2026-05-22 15:00:00,2026-05-22,15:00:00,7489.2,7490.1,7480.29,7483.07,31261500,false,,false,,
2026-05-22 15:05:00,2026-05-22,15:05:00,7482.97,7483.97,7479.66,7482.71,22813630,false,,false,,
2026-05-22 15:10:00,2026-05-22,15:10:00,7482.7,7484.33,7479.87,7481.2,22895690,false,,false,,
2026-05-22 15:15:00,2026-05-22,15:15:00,7481.23,7482.12,7478.56,7481.59,25561100,false,,false,,
2026-05-22 15:20:00,2026-05-22,15:20:00,7481.38,7481.38,7477.48,7479.01,25456710,false,,false,,
2026-05-22 15:25:00,2026-05-22,15:25:00,7478.94,7479.46,7472.88,7473.24,29909600,false,,false,,
2026-05-22 15:30:00,2026-05-22,15:30:00,7473.27,7476.69,7470.43,7475.82,31205810,false,,false,,
2026-05-22 15:35:00,2026-05-22,15:35:00,7475.85,7478.65,7474.79,7476.87,36902010,false,,false,,
2026-05-22 15:40:00,2026-05-22,15:40:00,7476.74,7477.13,7470.79,7474.01,34792390,false,,false,,
2026-05-22 15:45:00,2026-05-22,15:45:00,7473.88,7473.88,7467.6,7471.77,44939950,false,,false,,
2026-05-22 15:50:00,2026-05-22,15:50:00,7470.07,7474.55,7468.05,7471.31,66439350,false,,false,,
2026-05-22 15:55:00,2026-05-22,15:55:00,7471.3,7479.33,7471.3,7474.06,173640370,false,,false,,
2026-05-22 16:00:00,2026-05-22,16:00:00,7473.27,7473.55,7473.27,7473.48,465371200,false,,false,,
2026-05-26 09:30:00,2026-05-26,09:30:00,7511.79,7519.93,7511.08,7511.53,185906996,false,,false,,
2026-05-26 09:35:00,2026-05-26,09:35:00,7512.01,7517.71,7508.39,7513.95,57503456,false,,false,,
2026-05-26 09:40:00,2026-05-26,09:40:00,7513.79,7524.49,7513.68,7523.52,48105608,false,,false,,
2026-05-26 09:45:00,2026-05-26,09:45:00,7523.83,7529.04,7523.83,7527.63,52295020,false,,false,,
2026-05-26 09:50:00,2026-05-26,09:50:00,7527.8,7528.39,7514.84,7519.27,45198520,false,,false,,
2026-05-26 09:55:00,2026-05-26,09:55:00,7519.44,7525.65,7519.21,7524.96,39905400,false,,false,,
2026-05-26 10:00:00,2026-05-26,10:00:00,7526.8,7529.28,7523.5,7529.28,46448730,false,,false,,
2026-05-26 10:05:00,2026-05-26,10:05:00,7529.36,7532.34,7528.38,7530.28,39555960,false,,false,,
2026-05-26 10:10:00,2026-05-26,10:10:00,7530.69,7532.91,7528.89,7532.77,39349100,false,,false,,
2026-05-26 10:15:00,2026-05-26,10:15:00,7532.68,7534.45,7530.22,7533.59,37492620,false,,false,,
2026-05-26 10:20:00,2026-05-26,10:20:00,7533.74,7535.93,7532.48,7533.42,34326980,false,,false,,
2026-05-26 10:25:00,2026-05-26,10:25:00,7533.62,7536.61,7530.79,7533.5,32834260,false,,false,,
2026-05-26 10:30:00,2026-05-26,10:30:00,7533.46,7535.43,7531.49,7531.73,39852750,false,,false,,
2026-05-26 10:35:00,2026-05-26,10:35:00,7531.97,7538.91,7531.9,7535.47,31376320,false,,false,,
2026-05-26 10:40:00,2026-05-26,10:40:00,7535.33,7539.09,7534.85,7538.42,31892300,false,,false,,
2026-05-26 10:45:00,2026-05-26,10:45:00,7538.36,7538.68,7535.37,7535.47,30922610,false,,false,,
2026-05-26 10:50:00,2026-05-26,10:50:00,7535.5,7538.1,7532.49,7533.3,28198030,false,,false,,
2026-05-26 10:55:00,2026-05-26,10:55:00,7533.44,7533.97,7529.6,7531.49,30420150,false,,false,,
2026-05-26 11:00:00,2026-05-26,11:00:00,7531.66,7532.68,7524.83,7525.2,27671110,false,,false,,
2026-05-26 11:05:00,2026-05-26,11:05:00,7525.43,7527.06,7521.24,7527.06,29755750,false,,false,,
2026-05-26 11:10:00,2026-05-26,11:10:00,7527.03,7527.49,7522.9,7524.16,25754140,false,,false,,
2026-05-26 11:15:00,2026-05-26,11:15:00,7524.17,7524.17,7518.91,7521.95,27845190,false,,false,,
2026-05-26 11:20:00,2026-05-26,11:20:00,7521.89,7522.36,7517.99,7519.52,24673040,false,,false,,
2026-05-26 11:25:00,2026-05-26,11:25:00,7519.9,7522.49,7515.44,7516.22,27025940,false,,false,,
2026-05-26 11:30:00,2026-05-26,11:30:00,7516.16,7517.91,7513.73,7516.29,26200330,false,,false,,
2026-05-26 11:35:00,2026-05-26,11:35:00,7516.06,7517.52,7509.96,7516.11,23544230,false,,false,,
2026-05-26 11:40:00,2026-05-26,11:40:00,7516.06,7516.19,7511.07,7511.5,23851290,false,,false,,
2026-05-26 11:45:00,2026-05-26,11:45:00,7511.64,7512.23,7507.6,7508.56,20184770,false,,false,,
2026-05-26 11:50:00,2026-05-26,11:50:00,7508.7,7509.51,7502.1,7503.7,21861150,false,,false,,
2026-05-26 11:55:00,2026-05-26,11:55:00,7503.5,7507.22,7501.1,7506.41,22499360,true,7500,true,7500,7500:from_above
2026-05-26 12:00:00,2026-05-26,12:00:00,7506.88,7512.42,7506.62,7510,21404570,false,,false,,
2026-05-26 12:05:00,2026-05-26,12:05:00,7510.04,7511.68,7505.43,7506.17,18673300,false,,false,,
2026-05-26 12:10:00,2026-05-26,12:10:00,7506.53,7508.65,7503.57,7506.12,19586180,false,,false,,
2026-05-26 12:15:00,2026-05-26,12:15:00,7506.44,7511.22,7505.45,7510.95,20194940,false,,false,,
2026-05-26 12:20:00,2026-05-26,12:20:00,7511.06,7512.31,7509.04,7511.95,18601310,false,,false,,
2026-05-26 12:25:00,2026-05-26,12:25:00,7512.29,7515.46,7511.62,7515.29,21392460,false,,false,,
2026-05-26 12:30:00,2026-05-26,12:30:00,7515.23,7517.14,7515.02,7516.72,20461040,false,,false,,
2026-05-26 12:35:00,2026-05-26,12:35:00,7516.78,7517.57,7514.38,7514.38,17217570,false,,false,,
2026-05-26 12:40:00,2026-05-26,12:40:00,7514.46,7514.46,7509.59,7509.72,20505640,false,,false,,
2026-05-26 12:45:00,2026-05-26,12:45:00,7509.76,7511.95,7506.63,7506.66,17793930,false,,false,,
2026-05-26 12:50:00,2026-05-26,12:50:00,7506.51,7509.84,7506.51,7509.8,19763830,false,,false,,
2026-05-26 12:55:00,2026-05-26,12:55:00,7509.69,7510.2,7507.28,7507.55,18551230,false,,false,,
2026-05-26 13:00:00,2026-05-26,13:00:00,7507.53,7512.14,7506.63,7509.03,19162550,false,,false,,
2026-05-26 13:05:00,2026-05-26,13:05:00,7508.97,7510.38,7507.14,7508.42,21153570,false,,false,,
2026-05-26 13:10:00,2026-05-26,13:10:00,7508.47,7511.18,7507.7,7510.52,16618210,false,,false,,
2026-05-26 13:15:00,2026-05-26,13:15:00,7510.43,7510.71,7505.66,7506.05,16213380,false,,false,,
2026-05-26 13:20:00,2026-05-26,13:20:00,7506.01,7508.02,7503.68,7504.55,17855020,false,,false,,
2026-05-26 13:25:00,2026-05-26,13:25:00,7504.71,7505.64,7502.98,7504.22,18077810,false,,false,,
2026-05-26 13:30:00,2026-05-26,13:30:00,7504.17,7508.32,7502.56,7508.32,17647780,false,,false,,
2026-05-26 13:35:00,2026-05-26,13:35:00,7508.28,7508.91,7505.79,7506.04,17921350,false,,false,,
2026-05-26 13:40:00,2026-05-26,13:40:00,7505.92,7507.38,7503.81,7506.42,17210840,false,,false,,
2026-05-26 13:45:00,2026-05-26,13:45:00,7506.36,7510.02,7506.29,7509.6,18968830,false,,false,,
2026-05-26 13:50:00,2026-05-26,13:50:00,7509.68,7510.8,7508.4,7508.4,16638450,false,,false,,
2026-05-26 13:55:00,2026-05-26,13:55:00,7508.38,7508.4,7505.13,7507.72,18711320,false,,false,,
2026-05-26 14:00:00,2026-05-26,14:00:00,7507.56,7509.42,7505.33,7509.09,21881440,false,,false,,
2026-05-26 14:05:00,2026-05-26,14:05:00,7509.06,7511.64,7508.82,7511.49,18773050,false,,false,,
2026-05-26 14:10:00,2026-05-26,14:10:00,7511.61,7514.3,7511.58,7513.33,17816950,false,,false,,
2026-05-26 14:15:00,2026-05-26,14:15:00,7513.46,7516.96,7513.46,7516.88,19428510,false,,false,,
2026-05-26 14:20:00,2026-05-26,14:20:00,7516.99,7517.94,7515.31,7516.32,18516830,false,,false,,
2026-05-26 14:25:00,2026-05-26,14:25:00,7516.36,7517.42,7513.82,7514.24,18980000,false,,false,,
2026-05-26 14:30:00,2026-05-26,14:30:00,7514.24,7517.59,7514.2,7517.31,19337210,false,,false,,
2026-05-26 14:35:00,2026-05-26,14:35:00,7517.28,7517.41,7514.22,7515.02,18729410,false,,false,,
2026-05-26 14:40:00,2026-05-26,14:40:00,7515,7515.02,7511.66,7511.7,17772950,false,,false,,
2026-05-26 14:45:00,2026-05-26,14:45:00,7511.67,7513.09,7510.87,7511.27,18890260,false,,false,,
2026-05-26 14:50:00,2026-05-26,14:50:00,7511.13,7513.75,7510.12,7511.81,21417580,false,,false,,
2026-05-26 14:55:00,2026-05-26,14:55:00,7511.81,7512.45,7507.82,7508.28,23052390,false,,false,,
2026-05-26 15:00:00,2026-05-26,15:00:00,7508.29,7510.36,7506.38,7509.44,24198420,false,,false,,
2026-05-26 15:05:00,2026-05-26,15:05:00,7509.45,7512.45,7508.37,7512.08,24124910,false,,false,,
2026-05-26 15:10:00,2026-05-26,15:10:00,7512.11,7512.24,7509.32,7509.9,25712890,false,,false,,
2026-05-26 15:15:00,2026-05-26,15:15:00,7509.96,7513.02,7509.96,7512.35,26558130,false,,false,,
2026-05-26 15:20:00,2026-05-26,15:20:00,7512.25,7513.67,7511.1,7512.65,25496920,false,,false,,
2026-05-26 15:25:00,2026-05-26,15:25:00,7512.88,7513.48,7511.65,7513.14,29322730,false,,false,,
2026-05-26 15:30:00,2026-05-26,15:30:00,7513.1,7517.31,7513.1,7516.94,31199140,false,,false,,
2026-05-26 15:35:00,2026-05-26,15:35:00,7517.05,7519.92,7516.5,7519.85,30577680,false,,false,,
2026-05-26 15:40:00,2026-05-26,15:40:00,7519.91,7522.84,7519.27,7522.6,37205410,false,,false,,
2026-05-26 15:45:00,2026-05-26,15:45:00,7522.65,7524.55,7521.44,7522.64,45086580,false,,false,,
2026-05-26 15:50:00,2026-05-26,15:50:00,7522.48,7526,7521.62,7523.58,71305780,false,,false,,
2026-05-26 15:55:00,2026-05-26,15:55:00,7523.63,7523.63,7517.82,7518.8,190225950,false,,false,,
2026-05-26 16:00:00,2026-05-26,16:00:00,7520.13,7520.13,7519.07,7519.11,629412860,false,,false,,
2026-05-27 09:30:00,2026-05-27,09:30:00,7526.01,7530.59,7521.01,7524.59,179323492,false,,false,,
2026-05-27 09:35:00,2026-05-27,09:35:00,7524.59,7527.3,7518.87,7521.22,71557841,false,,false,,
2026-05-27 09:40:00,2026-05-27,09:40:00,7520.43,7521.3,7507.83,7510.76,62691487,false,,false,,
2026-05-27 09:45:00,2026-05-27,09:45:00,7509.98,7516.41,7508.58,7511.93,59452340,false,,false,,
2026-05-27 09:50:00,2026-05-27,09:50:00,7511.82,7520.96,7511.82,7517.98,49453680,false,,false,,
2026-05-27 09:55:00,2026-05-27,09:55:00,7518.17,7522.93,7515.09,7521.19,45910250,false,,false,,
2026-05-27 10:00:00,2026-05-27,10:00:00,7521.47,7530.59,7518.95,7529.73,46303770,false,,false,,
2026-05-27 10:05:00,2026-05-27,10:05:00,7529.83,7530.42,7518.38,7523.23,41113780,false,,false,,
2026-05-27 10:10:00,2026-05-27,10:10:00,7523.13,7526.06,7519.5,7525.06,37406050,false,,false,,
2026-05-27 10:15:00,2026-05-27,10:15:00,7525,7530.72,7523.41,7529.29,40093990,false,,false,,
2026-05-27 10:20:00,2026-05-27,10:20:00,7529.65,7530.59,7518.02,7518.02,42380770,false,,false,,
2026-05-27 10:25:00,2026-05-27,10:25:00,7518.06,7518.62,7511.87,7516.77,43784120,false,,false,,
2026-05-27 10:30:00,2026-05-27,10:30:00,7516.69,7522.84,7510.89,7519.93,42175240,false,,false,,
2026-05-27 10:35:00,2026-05-27,10:35:00,7520.01,7526.44,7518.3,7526.44,35772100,false,,false,,
2026-05-27 10:40:00,2026-05-27,10:40:00,7526.5,7527.32,7519.12,7521.02,33852260,false,,false,,
2026-05-27 10:45:00,2026-05-27,10:45:00,7521.1,7522.39,7517.54,7517.54,31364320,false,,false,,
2026-05-27 10:50:00,2026-05-27,10:50:00,7517.25,7520.93,7517.01,7519.89,29206310,false,,false,,
2026-05-27 10:55:00,2026-05-27,10:55:00,7519.78,7519.78,7511.51,7513.39,30991480,false,,false,,
2026-05-27 11:00:00,2026-05-27,11:00:00,7513.36,7517.79,7510.95,7514.56,28753360,false,,false,,
2026-05-27 11:05:00,2026-05-27,11:05:00,7514.62,7518.65,7512.62,7517.21,30448110,false,,false,,
2026-05-27 11:10:00,2026-05-27,11:10:00,7517.11,7518.58,7514.76,7515.18,29169170,false,,false,,
2026-05-27 11:15:00,2026-05-27,11:15:00,7515.14,7515.14,7508.3,7508.42,29638200,false,,false,,
2026-05-27 11:20:00,2026-05-27,11:20:00,7508.39,7511.61,7506.24,7511.07,27218360,false,,false,,
2026-05-27 11:25:00,2026-05-27,11:25:00,7511.17,7512.34,7509.34,7511.8,25478360,false,,false,,
2026-05-27 11:30:00,2026-05-27,11:30:00,7512.02,7518.66,7512.02,7515.49,25702200,false,,false,,
2026-05-27 11:35:00,2026-05-27,11:35:00,7515.4,7516.48,7507.67,7507.88,26042770,false,,false,,
2026-05-27 11:40:00,2026-05-27,11:40:00,7507.88,7511.44,7503.21,7503.7,25201600,false,,false,,
2026-05-27 11:45:00,2026-05-27,11:45:00,7503.7,7507.52,7500.86,7503.55,23082790,true,7500,true,7500,7500:from_above
2026-05-27 11:50:00,2026-05-27,11:50:00,7503.71,7509.53,7502.47,7507.38,22892540,false,,false,,
2026-05-27 11:55:00,2026-05-27,11:55:00,7507.39,7509.04,7504.71,7507.71,21176080,false,,false,,
2026-05-27 12:00:00,2026-05-27,12:00:00,7507.37,7510.05,7503.42,7504.95,23410890,false,,false,,
2026-05-27 12:05:00,2026-05-27,12:05:00,7504.87,7511.39,7504.69,7511.39,20779640,false,,false,,
2026-05-27 12:10:00,2026-05-27,12:10:00,7511.71,7514.16,7511.19,7512.88,22251860,false,,false,,
2026-05-27 12:15:00,2026-05-27,12:15:00,7512.86,7515.21,7510.69,7511.18,21698190,false,,false,,
2026-05-27 12:20:00,2026-05-27,12:20:00,7511.24,7514.86,7510.95,7514.03,20798980,false,,false,,
2026-05-27 12:25:00,2026-05-27,12:25:00,7514.02,7514.29,7511.92,7514.17,18902880,false,,false,,
2026-05-27 12:30:00,2026-05-27,12:30:00,7514.05,7516.89,7512.17,7515.18,19333310,false,,false,,
2026-05-27 12:35:00,2026-05-27,12:35:00,7515.13,7518.69,7514.98,7518.06,30227120,false,,false,,
2026-05-27 12:40:00,2026-05-27,12:40:00,7517.94,7521.35,7517.94,7520.07,23494950,false,,false,,
2026-05-27 12:45:00,2026-05-27,12:45:00,7520.11,7522.95,7518.99,7522.84,24262130,false,,false,,
2026-05-27 12:50:00,2026-05-27,12:50:00,7522.84,7523.32,7517.6,7517.86,19191740,false,,false,,
2026-05-27 12:55:00,2026-05-27,12:55:00,7517.96,7518.18,7513.24,7514.79,15233390,false,,false,,
2026-05-27 13:00:00,2026-05-27,13:00:00,7515.12,7515.5,7512.51,7512.65,20389460,false,,false,,
2026-05-27 13:05:00,2026-05-27,13:05:00,7512.6,7513.68,7499.72,7499.8,20320790,true,7500,true,7500,7500:from_above
2026-05-27 13:10:00,2026-05-27,13:10:00,7500,7505.38,7500,7505.25,21252210,true,7500,false,,
2026-05-27 13:15:00,2026-05-27,13:15:00,7505.49,7510.99,7504.74,7510.15,18384440,false,,false,,
2026-05-27 13:20:00,2026-05-27,13:20:00,7510.15,7511.5,7509.62,7511.24,18590400,false,,false,,
2026-05-27 13:25:00,2026-05-27,13:25:00,7511.2,7512.14,7509.01,7509.08,16527740,false,,false,,
2026-05-27 13:30:00,2026-05-27,13:30:00,7509.13,7512.98,7509.11,7512.64,19972420,false,,false,,
2026-05-27 13:35:00,2026-05-27,13:35:00,7512.78,7516.33,7512.25,7513.7,18536200,false,,false,,
2026-05-27 13:40:00,2026-05-27,13:40:00,7513.62,7514.09,7510.17,7510.69,17216830,false,,false,,
2026-05-27 13:45:00,2026-05-27,13:45:00,7510.56,7511.79,7509.02,7511.28,16687500,false,,false,,
2026-05-27 13:50:00,2026-05-27,13:50:00,7511.36,7515.32,7511.36,7515.21,19916400,false,,false,,
2026-05-27 13:55:00,2026-05-27,13:55:00,7515.51,7517.45,7513.81,7513.99,17559810,false,,false,,
2026-05-27 14:00:00,2026-05-27,14:00:00,7514.04,7515.02,7510.89,7512.55,21242120,false,,false,,
2026-05-27 14:05:00,2026-05-27,14:05:00,7512.56,7515.92,7510.56,7515.5,23919900,false,,false,,
2026-05-27 14:10:00,2026-05-27,14:10:00,7515.59,7517.37,7514.58,7517.37,20733540,false,,false,,
2026-05-27 14:15:00,2026-05-27,14:15:00,7517.36,7520.96,7516.45,7520.58,18438530,false,,false,,
2026-05-27 14:20:00,2026-05-27,14:20:00,7520.58,7523.27,7520,7522.99,22335300,false,,false,,
2026-05-27 14:25:00,2026-05-27,14:25:00,7523.05,7525.04,7522.69,7524.09,19397040,false,,false,,
2026-05-27 14:30:00,2026-05-27,14:30:00,7524.25,7525.91,7523.23,7524.5,20584450,false,,false,,
2026-05-27 14:35:00,2026-05-27,14:35:00,7524.55,7524.9,7521.27,7524.38,23660470,false,,false,,
2026-05-27 14:40:00,2026-05-27,14:40:00,7524.32,7526.01,7523.56,7525.16,20538260,false,,false,,
2026-05-27 14:45:00,2026-05-27,14:45:00,7525.12,7527.04,7524.91,7525.04,21231720,false,,false,,
2026-05-27 14:50:00,2026-05-27,14:50:00,7525,7527.59,7524.17,7525.63,20659470,false,,false,,
2026-05-27 14:55:00,2026-05-27,14:55:00,7525.7,7527.05,7524.9,7525.56,20680310,false,,false,,
2026-05-27 15:00:00,2026-05-27,15:00:00,7525.53,7526.92,7523.65,7526.5,23627430,false,,false,,
2026-05-27 15:05:00,2026-05-27,15:05:00,7526.37,7528.15,7525.11,7526.84,23507800,false,,false,,
2026-05-27 15:10:00,2026-05-27,15:10:00,7526.77,7527.62,7525.49,7526.33,23100620,false,,false,,
2026-05-27 15:15:00,2026-05-27,15:15:00,7526.13,7526.88,7524.98,7525.23,27942670,false,,false,,
2026-05-27 15:20:00,2026-05-27,15:20:00,7525.52,7526.63,7523.93,7524.4,26091540,false,,false,,
2026-05-27 15:25:00,2026-05-27,15:25:00,7524.41,7524.58,7520.46,7522.7,32948770,false,,false,,
2026-05-27 15:30:00,2026-05-27,15:30:00,7522.57,7524.55,7520.86,7522.58,32410530,false,,false,,
2026-05-27 15:35:00,2026-05-27,15:35:00,7522.63,7525.61,7522.56,7524.62,36645580,false,,false,,
2026-05-27 15:40:00,2026-05-27,15:40:00,7524.68,7525.54,7522.34,7525.54,39159670,false,,false,,
2026-05-27 15:45:00,2026-05-27,15:45:00,7525.7,7525.7,7519.94,7519.94,48730870,false,,false,,
2026-05-27 15:50:00,2026-05-27,15:50:00,7520,7523.75,7518.24,7520.22,73321420,false,,false,,
2026-05-27 15:55:00,2026-05-27,15:55:00,7520.02,7522.91,7519.02,7521.28,193802190,false,,false,,
2026-05-27 16:00:00,2026-05-27,16:00:00,7521.07,7521.07,7520.34,7520.37,480184400,false,,false,,
2026-05-28 09:30:00,2026-05-28,09:30:00,7518.53,7520.77,7510.64,7513.33,70534188,false,,false,,
2026-05-28 09:35:00,2026-05-28,09:35:00,7513.92,7513.92,7508.04,7510.19,47295446,false,,false,,
2026-05-28 09:40:00,2026-05-28,09:40:00,7509.91,7513.02,7508.35,7511.67,44305602,false,,false,,
2026-05-28 09:45:00,2026-05-28,09:45:00,7511.77,7514.71,7508.73,7509.95,44706306,false,,false,,
2026-05-28 09:50:00,2026-05-28,09:50:00,7509.81,7519.93,7508.68,7514.55,43215470,false,,false,,
2026-05-28 09:55:00,2026-05-28,09:55:00,7514.55,7518.58,7513.95,7518.48,38933550,false,,false,,
2026-05-28 10:00:00,2026-05-28,10:00:00,7518.25,7524.03,7517.53,7520.88,45795280,false,,false,,
2026-05-28 10:05:00,2026-05-28,10:05:00,7520.73,7523.61,7516.69,7523.61,40048290,false,,false,,
2026-05-28 10:10:00,2026-05-28,10:10:00,7523.51,7554.73,7518.19,7547.97,70687530,true,7550,true,7550,7550:from_below
2026-05-28 10:15:00,2026-05-28,10:15:00,7548.25,7551.65,7539.47,7547.19,50636740,true,7550,false,,
2026-05-28 10:20:00,2026-05-28,10:20:00,7547.71,7548.79,7536.27,7540.99,42447860,true,7550,false,,
2026-05-28 10:25:00,2026-05-28,10:25:00,7540.92,7544.96,7540.31,7544.31,30459700,false,,false,,
2026-05-28 10:30:00,2026-05-28,10:30:00,7544.5,7547.1,7535.55,7535.55,36437130,false,,false,,
2026-05-28 10:35:00,2026-05-28,10:35:00,7535.73,7539.62,7534.6,7536.52,35815520,false,,false,,
2026-05-28 10:40:00,2026-05-28,10:40:00,7536.53,7542.1,7536,7542.05,33627280,false,,false,,
2026-05-28 10:45:00,2026-05-28,10:45:00,7541.78,7544.64,7537.19,7539.81,33553380,false,,false,,
2026-05-28 10:50:00,2026-05-28,10:50:00,7539.97,7546.11,7539.97,7545.56,29121030,false,,false,,
2026-05-28 10:55:00,2026-05-28,10:55:00,7545.72,7546.26,7542.25,7545.65,29082400,false,,false,,
2026-05-28 11:00:00,2026-05-28,11:00:00,7545.71,7554.78,7544.84,7554.43,32786210,true,7550,true,7550,7550:from_below
2026-05-28 11:05:00,2026-05-28,11:05:00,7554.85,7556.52,7551.26,7552.97,30164510,true,7550,false,,
2026-05-28 11:10:00,2026-05-28,11:10:00,7553.14,7553.72,7550.41,7550.7,27743470,true,7550,false,,
2026-05-28 11:15:00,2026-05-28,11:15:00,7550.83,7552.67,7548.95,7551.86,27847500,true,7550,false,,
2026-05-28 11:20:00,2026-05-28,11:20:00,7552.03,7554.7,7551.95,7554.12,26631280,true,7550,false,,
2026-05-28 11:25:00,2026-05-28,11:25:00,7553.94,7558.64,7553.65,7556.91,31337510,false,,false,,
2026-05-28 11:30:00,2026-05-28,11:30:00,7556.77,7558.33,7555.54,7557.74,28086930,false,,false,,
2026-05-28 11:35:00,2026-05-28,11:35:00,7557.6,7560.08,7556.35,7559.08,26729850,false,,false,,
2026-05-28 11:40:00,2026-05-28,11:40:00,7559.34,7559.54,7556.65,7558.01,24604590,false,,false,,
2026-05-28 11:45:00,2026-05-28,11:45:00,7557.89,7558.84,7556.21,7557,25003460,false,,false,,
2026-05-28 11:50:00,2026-05-28,11:50:00,7556.89,7559.85,7556.89,7557.43,22745160,false,,false,,
2026-05-28 11:55:00,2026-05-28,11:55:00,7557.31,7560.19,7556.46,7557.96,21341610,false,,false,,
2026-05-28 12:00:00,2026-05-28,12:00:00,7557.84,7558.02,7554.66,7556.47,23292850,false,,false,,
2026-05-28 12:05:00,2026-05-28,12:05:00,7556.45,7558.26,7556.45,7557.97,22000170,false,,false,,
2026-05-28 12:10:00,2026-05-28,12:10:00,7558.05,7559.35,7557.76,7558.85,19799550,false,,false,,
2026-05-28 12:15:00,2026-05-28,12:15:00,7558.77,7562.76,7557.27,7562.24,22636370,false,,false,,
2026-05-28 12:20:00,2026-05-28,12:20:00,7562.17,7565.59,7560.12,7564.81,22086570,false,,false,,
2026-05-28 12:25:00,2026-05-28,12:25:00,7564.89,7564.89,7560.72,7560.99,19282370,false,,false,,
2026-05-28 12:30:00,2026-05-28,12:30:00,7561.05,7561.91,7559.37,7559.84,19011470,false,,false,,
2026-05-28 12:35:00,2026-05-28,12:35:00,7559.97,7560.85,7558.36,7559.59,18348650,false,,false,,
2026-05-28 12:40:00,2026-05-28,12:40:00,7559.67,7562.07,7559.39,7561.01,23753850,false,,false,,
2026-05-28 12:45:00,2026-05-28,12:45:00,7561.01,7563.17,7560.16,7560.35,21028610,false,,false,,
2026-05-28 12:50:00,2026-05-28,12:50:00,7560.41,7561.23,7559.51,7560.27,20991070,false,,false,,
2026-05-28 12:55:00,2026-05-28,12:55:00,7560.24,7565.62,7560.16,7564.64,20844200,false,,false,,
2026-05-28 13:00:00,2026-05-28,13:00:00,7564.68,7566.58,7564.31,7565.04,22596430,false,,false,,
2026-05-28 13:05:00,2026-05-28,13:05:00,7565.14,7565.7,7561.61,7561.61,22107300,false,,false,,
2026-05-28 13:10:00,2026-05-28,13:10:00,7561.67,7562.67,7560.46,7560.65,20617600,false,,false,,
2026-05-28 13:15:00,2026-05-28,13:15:00,7560.69,7561.09,7558.71,7558.86,21375410,false,,false,,
2026-05-28 13:20:00,2026-05-28,13:20:00,7558.89,7562.67,7558.81,7562.34,19770620,false,,false,,
2026-05-28 13:25:00,2026-05-28,13:25:00,7562.35,7562.78,7559.83,7559.83,24538040,false,,false,,
2026-05-28 13:30:00,2026-05-28,13:30:00,7559.9,7562.06,7558.76,7558.76,22311980,false,,false,,
2026-05-28 13:35:00,2026-05-28,13:35:00,7558.68,7561.91,7558.36,7561.81,23321600,false,,false,,
2026-05-28 13:40:00,2026-05-28,13:40:00,7561.84,7563.02,7560.84,7561.86,22063460,false,,false,,
2026-05-28 13:45:00,2026-05-28,13:45:00,7561.79,7565.51,7561.71,7565.08,20692730,false,,false,,
2026-05-28 13:50:00,2026-05-28,13:50:00,7565.2,7566.63,7564.65,7566.15,23490440,false,,false,,
2026-05-28 13:55:00,2026-05-28,13:55:00,7566.09,7566.18,7563.37,7563.92,22303810,false,,false,,
2026-05-28 14:00:00,2026-05-28,14:00:00,7564.23,7566.85,7562.8,7566.82,24358660,false,,false,,
2026-05-28 14:05:00,2026-05-28,14:05:00,7566.59,7566.91,7564.39,7564.49,23776660,false,,false,,
2026-05-28 14:10:00,2026-05-28,14:10:00,7564.46,7564.82,7561.86,7562.14,26998660,false,,false,,
2026-05-28 14:15:00,2026-05-28,14:15:00,7562.26,7565.07,7561.75,7563.72,22439420,false,,false,,
2026-05-28 14:20:00,2026-05-28,14:20:00,7563.63,7565.59,7562.6,7565.26,21407130,false,,false,,
2026-05-28 14:25:00,2026-05-28,14:25:00,7565.27,7565.81,7564.51,7565.06,21823430,false,,false,,
2026-05-28 14:30:00,2026-05-28,14:30:00,7565.02,7565.14,7562.49,7563.1,23889620,false,,false,,
2026-05-28 14:35:00,2026-05-28,14:35:00,7562.95,7563.28,7560.61,7560.91,22575700,false,,false,,
2026-05-28 14:40:00,2026-05-28,14:40:00,7560.96,7562.92,7559.84,7561.12,22083540,false,,false,,
2026-05-28 14:45:00,2026-05-28,14:45:00,7561.13,7561.59,7559.38,7560.21,24521270,false,,false,,
2026-05-28 14:50:00,2026-05-28,14:50:00,7560.31,7563.05,7559.38,7562.52,26279090,false,,false,,
2026-05-28 14:55:00,2026-05-28,14:55:00,7562.61,7563.3,7559.16,7559.16,27941830,false,,false,,
2026-05-28 15:00:00,2026-05-28,15:00:00,7559.14,7561.1,7558.19,7560.75,27611570,false,,false,,
2026-05-28 15:05:00,2026-05-28,15:05:00,7560.68,7562.09,7560.65,7561.04,25597170,false,,false,,
2026-05-28 15:10:00,2026-05-28,15:10:00,7561.11,7562.74,7559.17,7559.45,25912320,false,,false,,
2026-05-28 15:15:00,2026-05-28,15:15:00,7559.55,7561.41,7558.89,7560.22,29551080,false,,false,,
2026-05-28 15:20:00,2026-05-28,15:20:00,7560.16,7562.53,7559.31,7562.53,29412330,false,,false,,
2026-05-28 15:25:00,2026-05-28,15:25:00,7562.44,7564.74,7562.36,7564.7,33016630,false,,false,,
2026-05-28 15:30:00,2026-05-28,15:30:00,7564.76,7567.42,7564.44,7566.5,37666060,false,,false,,
2026-05-28 15:35:00,2026-05-28,15:35:00,7566.41,7568.6,7565.86,7568.55,33394460,false,,false,,
2026-05-28 15:40:00,2026-05-28,15:40:00,7568.65,7568.72,7564.22,7564.31,37618300,false,,false,,
2026-05-28 15:45:00,2026-05-28,15:45:00,7564.35,7566.51,7563.65,7563.75,45866510,false,,false,,
2026-05-28 15:50:00,2026-05-28,15:50:00,7563.66,7565.6,7561.64,7564.5,76189450,false,,false,,
2026-05-28 15:55:00,2026-05-28,15:55:00,7564.54,7565.34,7562.21,7563.24,192342160,false,,false,,
2026-05-28 16:00:00,2026-05-28,16:00:00,7563.87,7563.87,7563.62,7563.62,555534940,false,,false,,
2026-05-29 09:30:00,2026-05-29,09:30:00,7579.33,7581.99,7574.14,7578.28,189390830,false,,false,,
2026-05-29 09:35:00,2026-05-29,09:35:00,7578,7585.96,7577.22,7585.26,67242911,false,,false,,
2026-05-29 09:40:00,2026-05-29,09:40:00,7585.62,7593.39,7585.1,7593.39,66953589,false,,false,,
2026-05-29 09:45:00,2026-05-29,09:45:00,7593.37,7595.7,7591.54,7594.93,58683490,false,,false,,
2026-05-29 09:50:00,2026-05-29,09:50:00,7595.16,7597.33,7592.1,7597.06,51032480,false,,false,,
2026-05-29 09:55:00,2026-05-29,09:55:00,7597.13,7597.49,7593.46,7596.38,46919190,false,,false,,
2026-05-29 10:00:00,2026-05-29,10:00:00,7597.62,7599.38,7593.74,7595.24,58161210,true,7600,true,7600,7600:from_below
2026-05-29 10:05:00,2026-05-29,10:05:00,7595.44,7596.18,7590.2,7590.65,46887050,false,,false,,
2026-05-29 10:10:00,2026-05-29,10:10:00,7590.64,7595.78,7589.07,7590.34,44181670,false,,false,,
2026-05-29 10:15:00,2026-05-29,10:15:00,7590.46,7590.68,7582.34,7585.32,39975000,false,,false,,
2026-05-29 10:20:00,2026-05-29,10:20:00,7585.06,7587.41,7579.91,7579.91,40910510,false,,false,,
2026-05-29 10:25:00,2026-05-29,10:25:00,7579.62,7584.07,7575,7583.73,42834170,false,,false,,
2026-05-29 10:30:00,2026-05-29,10:30:00,7583.88,7587.13,7579.6,7587.13,40973300,false,,false,,
2026-05-29 10:35:00,2026-05-29,10:35:00,7587.35,7587.36,7572.63,7573.46,43480380,false,,false,,
2026-05-29 10:40:00,2026-05-29,10:40:00,7572.93,7576.39,7567.68,7568.52,45078950,false,,false,,
2026-05-29 10:45:00,2026-05-29,10:45:00,7568.47,7570.33,7563.55,7567.07,38589900,false,,false,,
2026-05-29 10:50:00,2026-05-29,10:50:00,7567.09,7584,7566.12,7575.51,47000080,false,,false,,
2026-05-29 10:55:00,2026-05-29,10:55:00,7575.55,7582.31,7575.55,7577.65,31856300,false,,false,,
2026-05-29 11:00:00,2026-05-29,11:00:00,7577.97,7581.7,7576.68,7580.76,33511940,false,,false,,
2026-05-29 11:05:00,2026-05-29,11:05:00,7580.67,7585.3,7577.42,7584.52,35174910,false,,false,,
2026-05-29 11:10:00,2026-05-29,11:10:00,7584.59,7591.02,7584.59,7591.02,35094370,false,,false,,
2026-05-29 11:15:00,2026-05-29,11:15:00,7590.89,7592.05,7586.34,7586.37,36116350,false,,false,,
2026-05-29 11:20:00,2026-05-29,11:20:00,7586.55,7587.6,7580.87,7586.62,30963670,false,,false,,
2026-05-29 11:25:00,2026-05-29,11:25:00,7586.74,7590.02,7582.9,7587.15,30211130,false,,false,,
2026-05-29 11:30:00,2026-05-29,11:30:00,7586.08,7589.28,7585.55,7587.85,28272760,false,,false,,
2026-05-29 11:35:00,2026-05-29,11:35:00,7587.42,7590.45,7585.52,7588.48,27184320,false,,false,,
2026-05-29 11:40:00,2026-05-29,11:40:00,7588.54,7590.13,7582.84,7584.37,24935840,false,,false,,
2026-05-29 11:45:00,2026-05-29,11:45:00,7584.36,7585.85,7580.52,7584.04,25356550,false,,false,,
2026-05-29 11:50:00,2026-05-29,11:50:00,7584.11,7586.23,7581.96,7584.13,24094030,false,,false,,
2026-05-29 11:55:00,2026-05-29,11:55:00,7584.07,7584.56,7580.48,7581.19,23992730,false,,false,,
2026-05-29 12:00:00,2026-05-29,12:00:00,7581.37,7586.42,7580.84,7586.38,23360590,false,,false,,
2026-05-29 12:05:00,2026-05-29,12:05:00,7586.26,7590.18,7585.67,7590.03,23010940,false,,false,,
2026-05-29 12:10:00,2026-05-29,12:10:00,7590,7591.79,7589.59,7590.69,23911150,false,,false,,
2026-05-29 12:15:00,2026-05-29,12:15:00,7590.64,7591.18,7584.99,7585.46,23874670,false,,false,,
2026-05-29 12:20:00,2026-05-29,12:20:00,7585.38,7589.42,7584.82,7587.21,22643610,false,,false,,
2026-05-29 12:25:00,2026-05-29,12:25:00,7587.25,7587.25,7583.63,7584.35,19840630,false,,false,,
2026-05-29 12:30:00,2026-05-29,12:30:00,7584.29,7590.73,7582.41,7589.74,24244280,false,,false,,
2026-05-29 12:35:00,2026-05-29,12:35:00,7589.73,7594.14,7589.35,7593.91,22176040,false,,false,,
2026-05-29 12:40:00,2026-05-29,12:40:00,7594.16,7595.16,7591.65,7591.94,21763500,false,,false,,
2026-05-29 12:45:00,2026-05-29,12:45:00,7592,7592.54,7589.23,7589.34,20867220,false,,false,,
2026-05-29 12:50:00,2026-05-29,12:50:00,7589.22,7589.29,7585.12,7586.83,19942420,false,,false,,
2026-05-29 12:55:00,2026-05-29,12:55:00,7586.95,7587.59,7583.17,7585.61,19950240,false,,false,,
2026-05-29 13:00:00,2026-05-29,13:00:00,7585.61,7587.64,7583.26,7583.41,19304400,false,,false,,
2026-05-29 13:05:00,2026-05-29,13:05:00,7583.5,7585.84,7582.39,7585.22,18648520,false,,false,,
2026-05-29 13:10:00,2026-05-29,13:10:00,7585.19,7586.35,7583.2,7584.42,22170980,false,,false,,
2026-05-29 13:15:00,2026-05-29,13:15:00,7584.59,7587.09,7584.59,7585.39,21197080,false,,false,,
2026-05-29 13:20:00,2026-05-29,13:20:00,7585.37,7585.61,7579.57,7584.02,22320030,false,,false,,
2026-05-29 13:25:00,2026-05-29,13:25:00,7584.14,7584.54,7580.84,7583.31,20800700,false,,false,,
2026-05-29 13:30:00,2026-05-29,13:30:00,7583.03,7583.25,7580.7,7582.65,21002270,false,,false,,
2026-05-29 13:35:00,2026-05-29,13:35:00,7582.59,7582.72,7580.18,7580.75,18673930,false,,false,,
2026-05-29 13:40:00,2026-05-29,13:40:00,7580.83,7581.39,7577.23,7577.66,22155270,false,,false,,
2026-05-29 13:45:00,2026-05-29,13:45:00,7577.65,7578.49,7576.58,7577.83,20246970,false,,false,,
2026-05-29 13:50:00,2026-05-29,13:50:00,7577.81,7579.83,7575.93,7575.96,21537760,false,,false,,
2026-05-29 13:55:00,2026-05-29,13:55:00,7575.89,7575.89,7569.66,7569.91,25820800,false,,false,,
2026-05-29 14:00:00,2026-05-29,14:00:00,7569.92,7574.83,7568.57,7574.62,29886070,false,,false,,
2026-05-29 14:05:00,2026-05-29,14:05:00,7574.67,7576.75,7574.67,7576.75,23004810,false,,false,,
2026-05-29 14:10:00,2026-05-29,14:10:00,7576.83,7578.7,7573.53,7574.38,20627530,false,,false,,
2026-05-29 14:15:00,2026-05-29,14:15:00,7574.43,7577.02,7573.3,7576.94,21935220,false,,false,,
2026-05-29 14:20:00,2026-05-29,14:20:00,7577.04,7579.35,7576.45,7579.35,24310610,false,,false,,
2026-05-29 14:25:00,2026-05-29,14:25:00,7579.34,7581.92,7578.46,7580.6,23692700,false,,false,,
2026-05-29 14:30:00,2026-05-29,14:30:00,7580.52,7585.23,7580.52,7584.51,25412690,false,,false,,
2026-05-29 14:35:00,2026-05-29,14:35:00,7584.56,7585.01,7581.22,7583.01,25219460,false,,false,,
2026-05-29 14:40:00,2026-05-29,14:40:00,7583.05,7584.01,7581.38,7581.63,23155520,false,,false,,
2026-05-29 14:45:00,2026-05-29,14:45:00,7581.62,7581.83,7572.71,7575.29,29397030,false,,false,,
2026-05-29 14:50:00,2026-05-29,14:50:00,7575.51,7577.31,7572.46,7574.53,25451180,false,,false,,
2026-05-29 14:55:00,2026-05-29,14:55:00,7574.52,7575.29,7571.23,7571.99,26476780,false,,false,,
2026-05-29 15:00:00,2026-05-29,15:00:00,7572,7576.03,7570.8,7575.71,33337410,false,,false,,
2026-05-29 15:05:00,2026-05-29,15:05:00,7575.53,7580.7,7575.53,7580.24,34212320,false,,false,,
2026-05-29 15:10:00,2026-05-29,15:10:00,7580.22,7582.9,7579.43,7581.26,31949770,false,,false,,
2026-05-29 15:15:00,2026-05-29,15:15:00,7581.36,7581.63,7577.4,7579.51,29892430,false,,false,,
2026-05-29 15:20:00,2026-05-29,15:20:00,7579.47,7583.72,7578.46,7582.72,31032370,false,,false,,
2026-05-29 15:25:00,2026-05-29,15:25:00,7582.68,7586.23,7580.95,7586.04,35784970,false,,false,,
2026-05-29 15:30:00,2026-05-29,15:30:00,7586.12,7589.19,7586.07,7589.04,43717590,false,,false,,
2026-05-29 15:35:00,2026-05-29,15:35:00,7589.33,7592.49,7588.83,7592.07,46549130,false,,false,,
2026-05-29 15:40:00,2026-05-29,15:40:00,7592.04,7593.47,7589.73,7589.96,49171340,false,,false,,
2026-05-29 15:45:00,2026-05-29,15:45:00,7589.78,7590.63,7587.09,7588.72,63265430,false,,false,,
2026-05-29 15:50:00,2026-05-29,15:50:00,7588.92,7591,7581.4,7582.79,154252330,false,,false,,
2026-05-29 15:55:00,2026-05-29,15:55:00,7583.03,7585.02,7580.93,7581.24,304115700,false,,false,,
2026-05-29 16:00:00,2026-05-29,16:00:00,7580.21,7580.52,7580.03,7580.05,2082832000,false,,false,,
2026-06-01 09:30:00,2026-06-01,09:30:00,7569.8,7579.63,7562.61,7573.42,244513361,false,,false,,
2026-06-01 09:35:00,2026-06-01,09:35:00,7573.56,7583.93,7572.64,7579.73,80424869,false,,false,,
2026-06-01 09:40:00,2026-06-01,09:40:00,7580.22,7584.52,7576.64,7579.23,70686310,false,,false,,
2026-06-01 09:45:00,2026-06-01,09:45:00,7580.14,7584.86,7579.69,7580.91,62237930,false,,false,,
2026-06-01 09:50:00,2026-06-01,09:50:00,7581.24,7585.49,7577.53,7577.65,58274420,false,,false,,
2026-06-01 09:55:00,2026-06-01,09:55:00,7577.64,7579.12,7571.87,7572.25,55642770,false,,false,,
2026-06-01 10:00:00,2026-06-01,10:00:00,7572.79,7577.85,7570.54,7573.93,52942470,false,,false,,
2026-06-01 10:05:00,2026-06-01,10:05:00,7573.66,7581.58,7572.34,7581.04,47734200,false,,false,,
2026-06-01 10:10:00,2026-06-01,10:10:00,7580.92,7581.05,7572.97,7576.57,42916030,false,,false,,
2026-06-01 10:15:00,2026-06-01,10:15:00,7576.46,7583.45,7574.47,7576.06,47834720,false,,false,,
2026-06-01 10:20:00,2026-06-01,10:20:00,7576.38,7583,7575.74,7579.55,48278520,false,,false,,
2026-06-01 10:25:00,2026-06-01,10:25:00,7579.65,7580.33,7574.8,7575.55,43154200,false,,false,,
2026-06-01 10:30:00,2026-06-01,10:30:00,7575.58,7577.97,7572.97,7574.97,42858440,false,,false,,
2026-06-01 10:35:00,2026-06-01,10:35:00,7574.86,7576.77,7569.87,7570.98,43392970,false,,false,,
2026-06-01 10:40:00,2026-06-01,10:40:00,7571.17,7576.38,7570.08,7575.29,36608950,false,,false,,
2026-06-01 10:45:00,2026-06-01,10:45:00,7575.27,7577.16,7571.71,7573.96,36935200,false,,false,,
2026-06-01 10:50:00,2026-06-01,10:50:00,7573.8,7576.22,7571.04,7572.64,37877360,false,,false,,
2026-06-01 10:55:00,2026-06-01,10:55:00,7572.72,7573.57,7570.33,7573.57,35542520,false,,false,,
2026-06-01 11:00:00,2026-06-01,11:00:00,7573.62,7575.18,7571.61,7574.76,35381610,false,,false,,
2026-06-01 11:05:00,2026-06-01,11:05:00,7574.77,7579.62,7573.08,7576.55,39980580,false,,false,,
2026-06-01 11:10:00,2026-06-01,11:10:00,7576.81,7578.69,7573.7,7576.37,32718050,false,,false,,
2026-06-01 11:15:00,2026-06-01,11:15:00,7576.37,7578.38,7575.5,7576.2,31524340,false,,false,,
2026-06-01 11:20:00,2026-06-01,11:20:00,7576.2,7581.36,7575.99,7579.41,32704160,false,,false,,
2026-06-01 11:25:00,2026-06-01,11:25:00,7579.48,7580.11,7577.08,7579.03,32439330,false,,false,,
2026-06-01 11:30:00,2026-06-01,11:30:00,7579.01,7589.17,7578.84,7587.67,39432870,false,,false,,
2026-06-01 11:35:00,2026-06-01,11:35:00,7588.03,7591.87,7587.55,7591.52,31136730,false,,false,,
2026-06-01 11:40:00,2026-06-01,11:40:00,7591.49,7591.94,7589.31,7589.82,30311200,false,,false,,
2026-06-01 11:45:00,2026-06-01,11:45:00,7590.03,7590.75,7585.89,7586,25045110,false,,false,,
2026-06-01 11:50:00,2026-06-01,11:50:00,7585.97,7588.41,7585.05,7587.45,23472950,false,,false,,
2026-06-01 11:55:00,2026-06-01,11:55:00,7587.52,7587.57,7583.33,7583.89,24657040,false,,false,,
2026-06-01 12:00:00,2026-06-01,12:00:00,7583.94,7589.3,7583.94,7585.98,26873230,false,,false,,
2026-06-01 12:05:00,2026-06-01,12:05:00,7585.92,7586.27,7584.15,7584.82,23003380,false,,false,,
2026-06-01 12:10:00,2026-06-01,12:10:00,7584.78,7585.02,7580.76,7582.36,26479890,false,,false,,
2026-06-01 12:15:00,2026-06-01,12:15:00,7582.31,7583.59,7575.95,7580.08,25690930,false,,false,,
2026-06-01 12:20:00,2026-06-01,12:20:00,7580.15,7585.07,7580.15,7584.91,25434930,false,,false,,
2026-06-01 12:25:00,2026-06-01,12:25:00,7584.59,7585.11,7582.87,7585.03,25919910,false,,false,,
2026-06-01 12:30:00,2026-06-01,12:30:00,7585.02,7588.97,7585.02,7588.38,26015760,false,,false,,
2026-06-01 12:35:00,2026-06-01,12:35:00,7588.5,7589.91,7585.9,7588.6,22017040,false,,false,,
2026-06-01 12:40:00,2026-06-01,12:40:00,7588.63,7589.72,7587.74,7587.89,23231850,false,,false,,
2026-06-01 12:45:00,2026-06-01,12:45:00,7588.03,7588.69,7585.35,7587.81,21904140,false,,false,,
2026-06-01 12:50:00,2026-06-01,12:50:00,7587.77,7595.45,7587.47,7595.23,26777960,false,,false,,
2026-06-01 12:55:00,2026-06-01,12:55:00,7595.2,7597.27,7595.15,7597.27,25099260,false,,false,,
2026-06-01 13:00:00,2026-06-01,13:00:00,7597.02,7597.12,7590.84,7591.18,25803360,false,,false,,
2026-06-01 13:05:00,2026-06-01,13:05:00,7590.6,7592.79,7587.28,7587.85,20924850,false,,false,,
2026-06-01 13:10:00,2026-06-01,13:10:00,7588,7591,7588,7590.33,20865520,false,,false,,
2026-06-01 13:15:00,2026-06-01,13:15:00,7590.2,7591.06,7588.28,7590.45,20690290,false,,false,,
2026-06-01 13:20:00,2026-06-01,13:20:00,7590.45,7594.31,7590.2,7593.25,21702740,false,,false,,
2026-06-01 13:25:00,2026-06-01,13:25:00,7593.26,7600.36,7591.99,7600.36,25589470,true,7600,true,7600,7600:from_below
2026-06-01 13:30:00,2026-06-01,13:30:00,7600.9,7603.44,7595.54,7597.09,26754040,true,7600,false,,
2026-06-01 13:35:00,2026-06-01,13:35:00,7596.97,7601.66,7595.97,7601.2,25621930,true,7600,false,,
2026-06-01 13:40:00,2026-06-01,13:40:00,7601.24,7617.66,7600.83,7611.49,35824380,true,7600,false,,
2026-06-01 13:45:00,2026-06-01,13:45:00,7611.31,7616.47,7611.31,7613.55,24701250,false,,false,,
2026-06-01 13:50:00,2026-06-01,13:50:00,7613.53,7616.71,7612.97,7616.71,27511740,false,,false,,
2026-06-01 13:55:00,2026-06-01,13:55:00,7616.69,7617.13,7611.2,7612.89,27148090,false,,false,,
2026-06-01 14:00:00,2026-06-01,14:00:00,7612.87,7613.85,7612.01,7612.93,26062210,false,,false,,
2026-06-01 14:05:00,2026-06-01,14:05:00,7613.01,7614.6,7612.32,7613.56,27633180,false,,false,,
2026-06-01 14:10:00,2026-06-01,14:10:00,7613.74,7614.43,7609.98,7610.51,24237140,false,,false,,
2026-06-01 14:15:00,2026-06-01,14:15:00,7610.74,7614.49,7610.22,7614.39,23462830,false,,false,,
2026-06-01 14:20:00,2026-06-01,14:20:00,7614.36,7615.84,7614.11,7615.24,24487850,false,,false,,
2026-06-01 14:25:00,2026-06-01,14:25:00,7615.27,7616.09,7615.09,7615.69,24424010,false,,false,,
2026-06-01 14:30:00,2026-06-01,14:30:00,7615.67,7615.98,7612.29,7614.4,25715230,false,,false,,
2026-06-01 14:35:00,2026-06-01,14:35:00,7614.25,7615.81,7612.94,7613.79,26530400,false,,false,,
2026-06-01 14:40:00,2026-06-01,14:40:00,7613.75,7615.84,7613.06,7615.73,23767230,false,,false,,
2026-06-01 14:45:00,2026-06-01,14:45:00,7615.64,7615.85,7612.38,7612.66,23536940,false,,false,,
2026-06-01 14:50:00,2026-06-01,14:50:00,7612.72,7613.67,7611.49,7613.24,23491620,false,,false,,
2026-06-01 14:55:00,2026-06-01,14:55:00,7613.24,7615.58,7612.47,7612.47,26909190,false,,false,,
2026-06-01 15:00:00,2026-06-01,15:00:00,7612.48,7614.17,7611.24,7613.83,33127410,false,,false,,
2026-06-01 15:05:00,2026-06-01,15:05:00,7613.89,7614.11,7611.73,7613.72,31128270,false,,false,,
2026-06-01 15:10:00,2026-06-01,15:10:00,7613.55,7614.06,7611.61,7611.82,30883880,false,,false,,
2026-06-01 15:15:00,2026-06-01,15:15:00,7611.85,7613.32,7611.01,7611.79,35433380,false,,false,,
2026-06-01 15:20:00,2026-06-01,15:20:00,7611.8,7612.97,7611.33,7612.69,32345750,false,,false,,
2026-06-01 15:25:00,2026-06-01,15:25:00,7612.75,7614.56,7612.17,7613.54,34984110,false,,false,,
2026-06-01 15:30:00,2026-06-01,15:30:00,7613.14,7613.51,7608.81,7609.01,42156130,false,,false,,
2026-06-01 15:35:00,2026-06-01,15:35:00,7609.09,7609.61,7606.99,7609.2,40733860,false,,false,,
2026-06-01 15:40:00,2026-06-01,15:40:00,7608.97,7608.97,7605.8,7606.94,46777830,false,,false,,
2026-06-01 15:45:00,2026-06-01,15:45:00,7606.93,7607.58,7602.61,7602.73,54597300,false,,false,,
2026-06-01 15:50:00,2026-06-01,15:50:00,7602.79,7602.79,7598.14,7598.75,85852500,true,7600,true,7600,7600:from_above
2026-06-01 15:55:00,2026-06-01,15:55:00,7598.37,7600.84,7597.44,7599.3,216934900,true,7600,false,,
2026-06-01 16:00:00,2026-06-01,16:00:00,7600.16,7600.22,7599.95,7599.95,524958500,true,7600,false,,
2026-06-02 09:30:00,2026-06-02,09:30:00,7591.23,7593.95,7583.7,7591.63,199419537,false,,false,,
2026-06-02 09:35:00,2026-06-02,09:35:00,7591.79,7592.54,7585.89,7586.04,75789963,false,,false,,
2026-06-02 09:40:00,2026-06-02,09:40:00,7586.15,7589.87,7582.99,7589.58,60610540,false,,false,,
2026-06-02 09:45:00,2026-06-02,09:45:00,7589.77,7594.36,7589.77,7594.06,57348860,false,,false,,
2026-06-02 09:50:00,2026-06-02,09:50:00,7594.03,7595.27,7591.64,7592.46,53563210,false,,false,,
2026-06-02 09:55:00,2026-06-02,09:55:00,7592.6,7594.47,7590.3,7593.05,52832170,false,,false,,
2026-06-02 10:00:00,2026-06-02,10:00:00,7593.71,7595.3,7590.07,7595.3,47870170,false,,false,,
2026-06-02 10:05:00,2026-06-02,10:05:00,7595.41,7597.26,7593.83,7596.87,47182380,false,,false,,
2026-06-02 10:10:00,2026-06-02,10:10:00,7596.64,7601.21,7595.73,7599.14,47229130,true,7600,true,7600,7600:from_below
2026-06-02 10:15:00,2026-06-02,10:15:00,7598.88,7600.96,7596.85,7600.21,43505880,true,7600,false,,
2026-06-02 10:20:00,2026-06-02,10:20:00,7600.32,7602.24,7596.31,7598.27,42650110,true,7600,false,,
2026-06-02 10:25:00,2026-06-02,10:25:00,7598.07,7599.02,7592.56,7594.56,42099970,true,7600,false,,
2026-06-02 10:30:00,2026-06-02,10:30:00,7594.45,7602.98,7594.13,7602.63,44185970,true,7600,false,,
2026-06-02 10:35:00,2026-06-02,10:35:00,7602.69,7605.26,7601.82,7602.4,38604580,true,7600,false,,
2026-06-02 10:40:00,2026-06-02,10:40:00,7602.43,7606.56,7600.85,7605.94,36194050,true,7600,false,,
2026-06-02 10:45:00,2026-06-02,10:45:00,7606.19,7610.01,7605.18,7610.01,37262770,false,,false,,
2026-06-02 10:50:00,2026-06-02,10:50:00,7609.83,7613.18,7608.99,7613.06,34383720,false,,false,,
2026-06-02 10:55:00,2026-06-02,10:55:00,7613.01,7614.41,7611.01,7614.21,33451770,false,,false,,
2026-06-02 11:00:00,2026-06-02,11:00:00,7614.51,7615.14,7610.41,7610.93,35874800,false,,false,,
2026-06-02 11:05:00,2026-06-02,11:05:00,7611.12,7618.39,7610.3,7618.01,32686790,false,,false,,
2026-06-02 11:10:00,2026-06-02,11:10:00,7618.13,7619.07,7614.98,7616.72,31739980,false,,false,,
2026-06-02 11:15:00,2026-06-02,11:15:00,7617.15,7619.03,7616.78,7618.65,28733380,false,,false,,
2026-06-02 11:20:00,2026-06-02,11:20:00,7618.6,7620.9,7617.32,7618.76,28817370,false,,false,,
2026-06-02 11:25:00,2026-06-02,11:25:00,7618.71,7619.54,7615.11,7615.92,27937370,false,,false,,
2026-06-02 11:30:00,2026-06-02,11:30:00,7615.85,7615.89,7613.49,7615.08,25506310,false,,false,,
2026-06-02 11:35:00,2026-06-02,11:35:00,7614.74,7617.26,7614.09,7614.69,27374500,false,,false,,
2026-06-02 11:40:00,2026-06-02,11:40:00,7614.69,7615.17,7613.07,7613.95,27139060,false,,false,,
2026-06-02 11:45:00,2026-06-02,11:45:00,7613.95,7616.3,7612.49,7613.69,25113000,false,,false,,
2026-06-02 11:50:00,2026-06-02,11:50:00,7613.84,7615.41,7612.85,7613.93,26121420,false,,false,,
2026-06-02 11:55:00,2026-06-02,11:55:00,7614.1,7615.52,7612.88,7613.97,24158560,false,,false,,
2026-06-02 12:00:00,2026-06-02,12:00:00,7613.69,7614.47,7610.84,7612.43,24202020,false,,false,,
2026-06-02 12:05:00,2026-06-02,12:05:00,7612.4,7615.29,7612.26,7613.84,26914420,false,,false,,
2026-06-02 12:10:00,2026-06-02,12:10:00,7614.05,7617.39,7613.57,7615.7,24895910,false,,false,,
2026-06-02 12:15:00,2026-06-02,12:15:00,7615.92,7615.92,7611.95,7612.04,24110830,false,,false,,
2026-06-02 12:20:00,2026-06-02,12:20:00,7612.11,7612.87,7609.28,7612.34,23455210,false,,false,,
2026-06-02 12:25:00,2026-06-02,12:25:00,7612.26,7612.54,7609.4,7610.64,20096150,false,,false,,
2026-06-02 12:30:00,2026-06-02,12:30:00,7610.53,7612.71,7609.22,7609.41,21810140,false,,false,,
2026-06-02 12:35:00,2026-06-02,12:35:00,7609.36,7609.84,7607.76,7609.07,22449730,false,,false,,
2026-06-02 12:40:00,2026-06-02,12:40:00,7609.06,7611.06,7609.01,7610.05,18712680,false,,false,,
2026-06-02 12:45:00,2026-06-02,12:45:00,7609.96,7613.72,7609.09,7613.58,21596000,false,,false,,
2026-06-02 12:50:00,2026-06-02,12:50:00,7613.37,7615.5,7612.74,7613.48,21381020,false,,false,,
2026-06-02 12:55:00,2026-06-02,12:55:00,7613.52,7616.35,7612.91,7615.72,19827430,false,,false,,
2026-06-02 13:00:00,2026-06-02,13:00:00,7615.7,7616.58,7613.78,7616.08,25831180,false,,false,,
2026-06-02 13:05:00,2026-06-02,13:05:00,7616.19,7616.75,7613.62,7614.88,21764310,false,,false,,
2026-06-02 13:10:00,2026-06-02,13:10:00,7614.74,7615.57,7612.92,7615.49,20308800,false,,false,,
2026-06-02 13:15:00,2026-06-02,13:15:00,7615.4,7615.51,7608.97,7609.25,21855670,false,,false,,
2026-06-02 13:20:00,2026-06-02,13:20:00,7609.43,7611.07,7607.19,7607.66,20308440,false,,false,,
2026-06-02 13:25:00,2026-06-02,13:25:00,7607.68,7607.73,7605.16,7606.27,19101490,false,,false,,
2026-06-02 13:30:00,2026-06-02,13:30:00,7606.2,7609.06,7605.72,7606.82,21917010,false,,false,,
2026-06-02 13:35:00,2026-06-02,13:35:00,7606.58,7607.21,7603.98,7604.56,24067660,false,,false,,
2026-06-02 13:40:00,2026-06-02,13:40:00,7604.5,7608.39,7604.24,7607.15,21061010,false,,false,,
2026-06-02 13:45:00,2026-06-02,13:45:00,7607.07,7608.95,7606.37,7608.46,18141290,false,,false,,
2026-06-02 13:50:00,2026-06-02,13:50:00,7608.44,7609.39,7607.19,7607.49,18305950,false,,false,,
2026-06-02 13:55:00,2026-06-02,13:55:00,7607.44,7607.44,7604.68,7604.9,19006580,false,,false,,
2026-06-02 14:00:00,2026-06-02,14:00:00,7604.96,7606.43,7603.97,7605.13,22996030,false,,false,,
2026-06-02 14:05:00,2026-06-02,14:05:00,7604.89,7608.35,7604.8,7607.7,20471870,false,,false,,
2026-06-02 14:10:00,2026-06-02,14:10:00,7607.76,7609.07,7606.63,7606.88,22295070,false,,false,,
2026-06-02 14:15:00,2026-06-02,14:15:00,7606.95,7607.19,7604.89,7605.6,18821580,false,,false,,
2026-06-02 14:20:00,2026-06-02,14:20:00,7605.82,7606.96,7604.81,7605.86,21754610,false,,false,,
2026-06-02 14:25:00,2026-06-02,14:25:00,7605.87,7607.02,7604.74,7606.31,23110000,false,,false,,
2026-06-02 14:30:00,2026-06-02,14:30:00,7606.12,7608.64,7605.72,7606.58,24747440,false,,false,,
2026-06-02 14:35:00,2026-06-02,14:35:00,7606.47,7606.47,7603.17,7603.32,22458740,false,,false,,
2026-06-02 14:40:00,2026-06-02,14:40:00,7603.33,7604.94,7602.45,7604.84,21876150,false,,false,,
2026-06-02 14:45:00,2026-06-02,14:45:00,7604.52,7606.34,7603.72,7605.91,22647780,false,,false,,
2026-06-02 14:50:00,2026-06-02,14:50:00,7605.95,7606.76,7604.35,7605.79,20646030,false,,false,,
2026-06-02 14:55:00,2026-06-02,14:55:00,7605.9,7607.9,7605.16,7606.56,21549430,false,,false,,
2026-06-02 15:00:00,2026-06-02,15:00:00,7606.57,7610.52,7606.52,7610.17,27991760,false,,false,,
2026-06-02 15:05:00,2026-06-02,15:05:00,7610.24,7610.48,7608.52,7610.06,26508270,false,,false,,
2026-06-02 15:10:00,2026-06-02,15:10:00,7609.8,7611.18,7608.32,7608.45,27041590,false,,false,,
2026-06-02 15:15:00,2026-06-02,15:15:00,7608.52,7610.15,7608.29,7609.82,28273490,false,,false,,
2026-06-02 15:20:00,2026-06-02,15:20:00,7609.76,7612.21,7609.25,7612.05,27874670,false,,false,,
2026-06-02 15:25:00,2026-06-02,15:25:00,7612.03,7612.28,7609.32,7609.62,32613090,false,,false,,
2026-06-02 15:30:00,2026-06-02,15:30:00,7609.63,7611.52,7609.45,7611,38665860,false,,false,,
2026-06-02 15:35:00,2026-06-02,15:35:00,7611.01,7611.58,7609.25,7609.58,34560220,false,,false,,
2026-06-02 15:40:00,2026-06-02,15:40:00,7609.59,7610.41,7608.07,7608.32,39558740,false,,false,,
2026-06-02 15:45:00,2026-06-02,15:45:00,7608.26,7611.2,7607.8,7610.67,50689710,false,,false,,
2026-06-02 15:50:00,2026-06-02,15:50:00,7610.67,7613.57,7610.34,7612.02,79772030,false,,false,,
2026-06-02 15:55:00,2026-06-02,15:55:00,7611.98,7612.33,7609.94,7611.06,208420190,false,,false,,
2026-06-02 16:00:00,2026-06-02,16:00:00,7610.04,7610.41,7609.77,7609.77,625164200,false,,false,,
2026-06-03 09:30:00,2026-06-03,09:30:00,7598.74,7605.35,7597.64,7598.94,195971771,true,7600,true,7600,7600:from_above
2026-06-03 09:35:00,2026-06-03,09:35:00,7598.54,7598.54,7591.12,7593.91,60580504,true,7600,false,,
2026-06-03 09:40:00,2026-06-03,09:40:00,7594,7595.25,7579.09,7579.09,56100475,false,,false,,
2026-06-03 09:45:00,2026-06-03,09:45:00,7579.47,7581.48,7563.19,7566,64552140,false,,false,,
2026-06-03 09:50:00,2026-06-03,09:50:00,7565.46,7578.02,7562.45,7573.41,56735920,false,,false,,
2026-06-03 09:55:00,2026-06-03,09:55:00,7573.17,7578.48,7573.12,7574.42,50236310,false,,false,,
2026-06-03 10:00:00,2026-06-03,10:00:00,7575.02,7583.07,7573.87,7580.72,48072680,false,,false,,
2026-06-03 10:05:00,2026-06-03,10:05:00,7580.49,7583.09,7577.57,7581.21,41725860,false,,false,,
2026-06-03 10:10:00,2026-06-03,10:10:00,7581.15,7586.19,7581.15,7586.19,41089700,false,,false,,
2026-06-03 10:15:00,2026-06-03,10:15:00,7585.96,7586.94,7578.69,7579.07,44467060,false,,false,,
2026-06-03 10:20:00,2026-06-03,10:20:00,7579.14,7582.84,7577.28,7579.58,40628640,false,,false,,
2026-06-03 10:25:00,2026-06-03,10:25:00,7579.19,7584.42,7579.08,7584.42,32513520,false,,false,,
2026-06-03 10:30:00,2026-06-03,10:30:00,7584.48,7585.98,7581.21,7582.14,37590310,false,,false,,
2026-06-03 10:35:00,2026-06-03,10:35:00,7582.18,7586.58,7579.59,7585.15,35309400,false,,false,,
2026-06-03 10:40:00,2026-06-03,10:40:00,7585.15,7585.71,7580.1,7580.3,30422750,false,,false,,
2026-06-03 10:45:00,2026-06-03,10:45:00,7580.2,7581.81,7575.55,7576.37,31787620,false,,false,,
2026-06-03 10:50:00,2026-06-03,10:50:00,7576.45,7580.22,7573.37,7578.34,31002620,false,,false,,
2026-06-03 10:55:00,2026-06-03,10:55:00,7578.73,7579.37,7575.12,7577.2,29896240,false,,false,,
2026-06-03 11:00:00,2026-06-03,11:00:00,7577.32,7580.88,7577.17,7579.33,31321910,false,,false,,
2026-06-03 11:05:00,2026-06-03,11:05:00,7579.13,7579.23,7574.39,7577.65,31728420,false,,false,,
2026-06-03 11:10:00,2026-06-03,11:10:00,7577.49,7580.97,7575.55,7576.18,29764730,false,,false,,
2026-06-03 11:15:00,2026-06-03,11:15:00,7576.25,7578.37,7574.81,7577.49,28787070,false,,false,,
2026-06-03 11:20:00,2026-06-03,11:20:00,7577.61,7578.57,7569.76,7571.25,27742020,false,,false,,
2026-06-03 11:25:00,2026-06-03,11:25:00,7571.35,7576.97,7569.01,7576.59,29822730,false,,false,,
2026-06-03 11:30:00,2026-06-03,11:30:00,7576.66,7579.46,7570.3,7571.99,30677400,false,,false,,
2026-06-03 11:35:00,2026-06-03,11:35:00,7571.84,7573.97,7568.33,7569.36,28874720,false,,false,,
2026-06-03 11:40:00,2026-06-03,11:40:00,7569.27,7569.79,7567.25,7568.43,29120620,false,,false,,
2026-06-03 11:45:00,2026-06-03,11:45:00,7568.57,7568.91,7563.83,7568.14,29830610,false,,false,,
2026-06-03 11:50:00,2026-06-03,11:50:00,7568.04,7571.15,7566.15,7568.93,24561130,false,,false,,
2026-06-03 11:55:00,2026-06-03,11:55:00,7568.86,7570.34,7566.57,7567.87,24165440,false,,false,,
2026-06-03 12:00:00,2026-06-03,12:00:00,7567.75,7569.96,7565.58,7569.02,23155860,false,,false,,
2026-06-03 12:05:00,2026-06-03,12:05:00,7569.16,7570.59,7565.68,7566.47,23595290,false,,false,,
2026-06-03 12:10:00,2026-06-03,12:10:00,7566.35,7569.85,7565.97,7568.37,21746520,false,,false,,
2026-06-03 12:15:00,2026-06-03,12:15:00,7568.24,7568.24,7561.56,7564.77,23022360,false,,false,,
2026-06-03 12:20:00,2026-06-03,12:20:00,7564.91,7564.91,7556.56,7556.78,21879790,false,,false,,
2026-06-03 12:25:00,2026-06-03,12:25:00,7556.83,7559.89,7555.16,7558.63,24156980,false,,false,,
2026-06-03 12:30:00,2026-06-03,12:30:00,7558.78,7562.06,7558.43,7559.94,22994620,false,,false,,
2026-06-03 12:35:00,2026-06-03,12:35:00,7560.13,7560.13,7554.6,7554.97,21072240,false,,false,,
2026-06-03 12:40:00,2026-06-03,12:40:00,7554.97,7556.1,7551.22,7555.99,22612420,true,7550,true,7550,7550:from_above
2026-06-03 12:45:00,2026-06-03,12:45:00,7555.98,7561.8,7555.98,7561.63,21091610,false,,false,,
2026-06-03 12:50:00,2026-06-03,12:50:00,7561.64,7564.03,7560.23,7561.89,22017910,false,,false,,
2026-06-03 12:55:00,2026-06-03,12:55:00,7561.86,7567.23,7560.61,7567.09,21855180,false,,false,,
2026-06-03 13:00:00,2026-06-03,13:00:00,7567.07,7567.07,7562.4,7562.4,21137750,false,,false,,
2026-06-03 13:05:00,2026-06-03,13:05:00,7562.58,7566.94,7561,7565.31,22134240,false,,false,,
2026-06-03 13:10:00,2026-06-03,13:10:00,7565.49,7565.66,7557.02,7558.28,21093720,false,,false,,
2026-06-03 13:15:00,2026-06-03,13:15:00,7558.42,7559.47,7555.81,7557.71,21534520,false,,false,,
2026-06-03 13:20:00,2026-06-03,13:20:00,7557.68,7560.99,7557.37,7560.94,22208460,false,,false,,
2026-06-03 13:25:00,2026-06-03,13:25:00,7561.01,7562.49,7559.78,7562.41,19474230,false,,false,,
2026-06-03 13:30:00,2026-06-03,13:30:00,7562.45,7565.11,7558.13,7564.94,22010640,false,,false,,
2026-06-03 13:35:00,2026-06-03,13:35:00,7564.85,7567.44,7564.06,7565.71,21161700,false,,false,,
2026-06-03 13:40:00,2026-06-03,13:40:00,7565.7,7570.06,7565.3,7568.5,20367180,false,,false,,
2026-06-03 13:45:00,2026-06-03,13:45:00,7568.78,7569.49,7566.49,7568.2,20803280,false,,false,,
2026-06-03 13:50:00,2026-06-03,13:50:00,7568.31,7572.09,7568.14,7571.98,21466680,false,,false,,
2026-06-03 13:55:00,2026-06-03,13:55:00,7571.85,7573.32,7571.23,7571.81,21168910,false,,false,,
2026-06-03 14:00:00,2026-06-03,14:00:00,7571.74,7572.02,7570.09,7571.07,26926900,false,,false,,
2026-06-03 14:05:00,2026-06-03,14:05:00,7571.16,7571.21,7568.34,7569.36,21912760,false,,false,,
2026-06-03 14:10:00,2026-06-03,14:10:00,7569.38,7570.61,7567.43,7568.52,20865380,false,,false,,
2026-06-03 14:15:00,2026-06-03,14:15:00,7568.7,7570.87,7565.92,7570.77,19266160,false,,false,,
2026-06-03 14:20:00,2026-06-03,14:20:00,7570.91,7573.01,7569.27,7572.67,21603820,false,,false,,
2026-06-03 14:25:00,2026-06-03,14:25:00,7572.8,7576.44,7572.55,7575.69,23162540,false,,false,,
2026-06-03 14:30:00,2026-06-03,14:30:00,7575.77,7576.45,7572.93,7573.56,24844360,false,,false,,
2026-06-03 14:35:00,2026-06-03,14:35:00,7573.54,7575.01,7571.55,7573.21,23610880,false,,false,,
2026-06-03 14:40:00,2026-06-03,14:40:00,7573.3,7573.68,7571.94,7573.03,23191160,false,,false,,
2026-06-03 14:45:00,2026-06-03,14:45:00,7572.92,7574.89,7572.17,7572.17,22677840,false,,false,,
2026-06-03 14:50:00,2026-06-03,14:50:00,7572.25,7573.18,7570.67,7572.23,23497700,false,,false,,
2026-06-03 14:55:00,2026-06-03,14:55:00,7571.99,7573.55,7571.19,7572.06,22991970,false,,false,,
2026-06-03 15:00:00,2026-06-03,15:00:00,7571.97,7571.97,7565.05,7566.52,27359040,false,,false,,
2026-06-03 15:05:00,2026-06-03,15:05:00,7566.63,7570.16,7566.41,7567.47,25219860,false,,false,,
2026-06-03 15:10:00,2026-06-03,15:10:00,7567.46,7567.86,7563.43,7566.19,26967370,false,,false,,
2026-06-03 15:15:00,2026-06-03,15:15:00,7566.41,7570.19,7564.83,7567.33,31279000,false,,false,,
2026-06-03 15:20:00,2026-06-03,15:20:00,7567.2,7567.75,7562.85,7562.85,31447210,false,,false,,
2026-06-03 15:25:00,2026-06-03,15:25:00,7562.85,7564.53,7561.96,7564.37,36298470,false,,false,,
2026-06-03 15:30:00,2026-06-03,15:30:00,7564.44,7565.45,7562.35,7564,43354860,false,,false,,
2026-06-03 15:35:00,2026-06-03,15:35:00,7564.06,7570.14,7563.38,7569.64,41281610,false,,false,,
2026-06-03 15:40:00,2026-06-03,15:40:00,7569.32,7570.62,7568.2,7568.84,43309660,false,,false,,
2026-06-03 15:45:00,2026-06-03,15:45:00,7568.83,7570.25,7566.9,7569.11,56497610,false,,false,,
2026-06-03 15:50:00,2026-06-03,15:50:00,7569.18,7569.18,7560.82,7561.09,89725910,false,,false,,
2026-06-03 15:55:00,2026-06-03,15:55:00,7561.2,7563.6,7554.29,7554.33,236613320,false,,false,,
2026-06-03 16:00:00,2026-06-03,16:00:00,7555.66,7555.69,7553.7,7553.7,611745300,false,,false,,
2026-06-03 16:05:00,2026-06-03,16:05:00,7553.67,7553.67,7553.67,7553.67,2917400,false,,false,,
2026-06-04 09:30:00,2026-06-04,09:30:00,7516.54,7544.48,7516.54,7543.43,191246684,false,,false,,
2026-06-04 09:35:00,2026-06-04,09:35:00,7542.74,7549.29,7538.9,7543.84,58757790,true,7550,true,7550,7550:from_below
2026-06-04 09:40:00,2026-06-04,09:40:00,7543.73,7545.85,7533.68,7534.49,53955836,false,,false,,
2026-06-04 09:45:00,2026-06-04,09:45:00,7534.43,7541.91,7530.15,7539.49,50666680,false,,false,,
2026-06-04 09:50:00,2026-06-04,09:50:00,7539.68,7547.43,7536.34,7542.7,43887310,false,,false,,
2026-06-04 09:55:00,2026-06-04,09:55:00,7542.49,7551.24,7540.71,7545.64,43837170,true,7550,true,7550,7550:from_below
2026-06-04 10:00:00,2026-06-04,10:00:00,7545.84,7549.43,7540.33,7540.44,51819640,true,7550,false,,
2026-06-04 10:05:00,2026-06-04,10:05:00,7540.2,7543.02,7536.23,7541.55,49917520,false,,false,,
2026-06-04 10:10:00,2026-06-04,10:10:00,7541.3,7551.44,7541.08,7548.58,45739050,true,7550,true,7550,7550:from_below
2026-06-04 10:15:00,2026-06-04,10:15:00,7548.7,7551.44,7546.77,7547.38,41867660,true,7550,false,,
2026-06-04 10:20:00,2026-06-04,10:20:00,7546.6,7557.16,7545.44,7556.87,38864860,true,7550,false,,
2026-06-04 10:25:00,2026-06-04,10:25:00,7556.91,7557.73,7554,7554.48,34476380,false,,false,,
2026-06-04 10:30:00,2026-06-04,10:30:00,7554.45,7555.93,7550.5,7554.43,35562230,true,7550,true,7550,7550:from_above
2026-06-04 10:35:00,2026-06-04,10:35:00,7553.92,7554.55,7550,7551.56,30089630,true,7550,false,,
2026-06-04 10:40:00,2026-06-04,10:40:00,7551.31,7556.08,7551.31,7553.02,29094330,true,7550,false,,
2026-06-04 10:45:00,2026-06-04,10:45:00,7553.19,7557.38,7548.7,7551.57,28926030,true,7550,false,,
2026-06-04 10:50:00,2026-06-04,10:50:00,7551.87,7553.9,7549.9,7553.04,31590850,true,7550,false,,
2026-06-04 10:55:00,2026-06-04,10:55:00,7553.11,7556.95,7552.64,7556.72,32319840,false,,false,,
2026-06-04 11:00:00,2026-06-04,11:00:00,7556.98,7561.62,7556.8,7559.9,31730220,false,,false,,
2026-06-04 11:05:00,2026-06-04,11:05:00,7559.81,7569.64,7559.65,7568.53,29574000,false,,false,,
2026-06-04 11:10:00,2026-06-04,11:10:00,7568.53,7571.25,7566.74,7570.77,30348080,false,,false,,
2026-06-04 11:15:00,2026-06-04,11:15:00,7571.03,7574.5,7569.91,7571.51,30028040,false,,false,,
2026-06-04 11:20:00,2026-06-04,11:20:00,7571.95,7573.08,7568.73,7572.55,29252550,false,,false,,
2026-06-04 11:25:00,2026-06-04,11:25:00,7572.29,7573.85,7570.72,7573.85,28198460,false,,false,,
2026-06-04 11:30:00,2026-06-04,11:30:00,7573.91,7574.71,7570.24,7571.12,30579210,false,,false,,
2026-06-04 11:35:00,2026-06-04,11:35:00,7571.29,7572.9,7569.73,7570.93,26290890,false,,false,,
2026-06-04 11:40:00,2026-06-04,11:40:00,7571.15,7571.99,7566.45,7567.22,25007400,false,,false,,
2026-06-04 11:45:00,2026-06-04,11:45:00,7567.34,7568.83,7562.79,7563.72,27575960,false,,false,,
2026-06-04 11:50:00,2026-06-04,11:50:00,7564.23,7569.27,7562.48,7567.49,25277600,false,,false,,
2026-06-04 11:55:00,2026-06-04,11:55:00,7567.4,7569.2,7565.75,7567.58,23645390,false,,false,,
2026-06-04 12:00:00,2026-06-04,12:00:00,7567.75,7570.66,7566.09,7569.65,24792450,false,,false,,
2026-06-04 12:05:00,2026-06-04,12:05:00,7569.51,7578.13,7568.74,7577.12,19970900,false,,false,,
2026-06-04 12:10:00,2026-06-04,12:10:00,7576.84,7578.19,7575.71,7576.76,20836300,false,,false,,
2026-06-04 12:15:00,2026-06-04,12:15:00,7576.87,7580.18,7576.63,7578.3,23218470,false,,false,,
2026-06-04 12:20:00,2026-06-04,12:20:00,7578.4,7581.62,7577.77,7580.83,23355530,false,,false,,
2026-06-04 12:25:00,2026-06-04,12:25:00,7580.7,7581.06,7578.36,7579.43,22916030,false,,false,,
2026-06-04 12:30:00,2026-06-04,12:30:00,7579.46,7579.72,7575.17,7578.25,22687580,false,,false,,
2026-06-04 12:35:00,2026-06-04,12:35:00,7578.25,7582.44,7577.13,7581.91,22657060,false,,false,,
2026-06-04 12:40:00,2026-06-04,12:40:00,7582.11,7583.96,7580.37,7582.82,21050070,false,,false,,
2026-06-04 12:45:00,2026-06-04,12:45:00,7583.07,7583.18,7580.4,7582.23,19997030,false,,false,,
2026-06-04 12:50:00,2026-06-04,12:50:00,7582.33,7584.69,7581.96,7583.94,22692580,false,,false,,
2026-06-04 12:55:00,2026-06-04,12:55:00,7583.87,7584.29,7582.5,7583.18,20554250,false,,false,,
2026-06-04 13:00:00,2026-06-04,13:00:00,7583.02,7584.3,7581.09,7582.08,21481850,false,,false,,
2026-06-04 13:05:00,2026-06-04,13:05:00,7581.89,7584.42,7580.88,7584.07,21776330,false,,false,,
2026-06-04 13:10:00,2026-06-04,13:10:00,7584.14,7585.45,7582.66,7583.59,21020620,false,,false,,
2026-06-04 13:15:00,2026-06-04,13:15:00,7583.56,7584.31,7581.4,7583.75,21348430,false,,false,,
2026-06-04 13:20:00,2026-06-04,13:20:00,7583.75,7583.93,7581.13,7583.01,20549630,false,,false,,
2026-06-04 13:25:00,2026-06-04,13:25:00,7582.77,7586.68,7582.75,7585.82,23837200,false,,false,,
2026-06-04 13:30:00,2026-06-04,13:30:00,7585.7,7589.99,7585.09,7587.07,22137430,false,,false,,
2026-06-04 13:35:00,2026-06-04,13:35:00,7587.19,7587.89,7585.96,7585.96,20720530,false,,false,,
2026-06-04 13:40:00,2026-06-04,13:40:00,7586.08,7588.73,7586.08,7588.04,19480490,false,,false,,
2026-06-04 13:45:00,2026-06-04,13:45:00,7588.07,7589.1,7586.16,7589.1,18731520,false,,false,,
2026-06-04 13:50:00,2026-06-04,13:50:00,7588.92,7590.05,7588.17,7588.71,18784640,false,,false,,
2026-06-04 13:55:00,2026-06-04,13:55:00,7588.72,7592.32,7588.3,7592.2,18794210,false,,false,,
2026-06-04 14:00:00,2026-06-04,14:00:00,7592.33,7593.31,7591.31,7592.96,25135000,false,,false,,
2026-06-04 14:05:00,2026-06-04,14:05:00,7592.88,7593.98,7592.09,7592.91,24005140,false,,false,,
2026-06-04 14:10:00,2026-06-04,14:10:00,7592.89,7593.74,7591.23,7592.05,21267410,false,,false,,
2026-06-04 14:15:00,2026-06-04,14:15:00,7591.94,7593.59,7589.96,7593.14,22814850,false,,false,,
2026-06-04 14:20:00,2026-06-04,14:20:00,7593.29,7594.41,7592.07,7593.39,20824470,false,,false,,
2026-06-04 14:25:00,2026-06-04,14:25:00,7593.46,7595,7592.48,7593.56,20449770,false,,false,,
2026-06-04 14:30:00,2026-06-04,14:30:00,7593.51,7594.11,7590.98,7593.51,21197180,false,,false,,
2026-06-04 14:35:00,2026-06-04,14:35:00,7593.6,7594.5,7592.32,7592.92,21756540,false,,false,,
2026-06-04 14:40:00,2026-06-04,14:40:00,7593.02,7593.72,7591.58,7593.03,21603940,false,,false,,
2026-06-04 14:45:00,2026-06-04,14:45:00,7593.07,7594.82,7591.89,7593.95,21894490,false,,false,,
2026-06-04 14:50:00,2026-06-04,14:50:00,7593.98,7594.58,7593.06,7593.06,20348710,false,,false,,
2026-06-04 14:55:00,2026-06-04,14:55:00,7593.09,7593.49,7589.98,7591.1,24071380,false,,false,,
2026-06-04 15:00:00,2026-06-04,15:00:00,7591.05,7594.34,7590.92,7594.05,25959030,false,,false,,
2026-06-04 15:05:00,2026-06-04,15:05:00,7594.22,7596.21,7594.07,7594.34,25109770,false,,false,,
2026-06-04 15:10:00,2026-06-04,15:10:00,7594.38,7594.63,7591.51,7592.47,24935340,false,,false,,
2026-06-04 15:15:00,2026-06-04,15:15:00,7592.53,7592.72,7590.71,7591.54,27481020,false,,false,,
2026-06-04 15:20:00,2026-06-04,15:20:00,7591.69,7595.47,7591.32,7594.64,29569920,false,,false,,
2026-06-04 15:25:00,2026-06-04,15:25:00,7594.83,7597.91,7594.37,7597.77,29177390,false,,false,,
2026-06-04 15:30:00,2026-06-04,15:30:00,7597.91,7598.19,7595.86,7596.32,36526130,true,7600,true,7600,7600:from_below
2026-06-04 15:35:00,2026-06-04,15:35:00,7596.53,7597.38,7595.27,7596.63,34804020,false,,false,,
2026-06-04 15:40:00,2026-06-04,15:40:00,7596.56,7596.76,7592.36,7592.36,38582940,false,,false,,
2026-06-04 15:45:00,2026-06-04,15:45:00,7592.24,7593.71,7591.02,7593.27,50242820,false,,false,,
2026-06-04 15:50:00,2026-06-04,15:50:00,7592.8,7593.69,7588.88,7590.23,77928790,false,,false,,
2026-06-04 15:55:00,2026-06-04,15:55:00,7590.03,7590.03,7584.42,7585.17,209040450,false,,false,,
2026-06-04 16:00:00,2026-06-04,16:00:00,7584.7,7584.7,7584.32,7584.32,557158480,false,,false,,
2026-06-05 09:30:00,2026-06-05,09:30:00,7537.36,7541.81,7528.71,7539.56,132212439,false,,false,,
2026-06-05 09:35:00,2026-06-05,09:35:00,7539.81,7539.81,7526.13,7529.86,50168446,false,,false,,
2026-06-05 09:40:00,2026-06-05,09:40:00,7529.93,7529.93,7515.22,7515.4,50532731,false,,false,,
2026-06-05 09:45:00,2026-06-05,09:45:00,7515.39,7518.22,7505.85,7506.41,49672084,false,,false,,
2026-06-05 09:50:00,2026-06-05,09:50:00,7506.86,7513.82,7506.12,7512.29,49439650,false,,false,,
2026-06-05 09:55:00,2026-06-05,09:55:00,7512.32,7513.67,7498.82,7498.82,44295700,true,7500,true,7500,7500:from_above
2026-06-05 10:00:00,2026-06-05,10:00:00,7499.9,7508.99,7494.78,7501.81,49022330,true,7500,false,,
2026-06-05 10:05:00,2026-06-05,10:05:00,7502.21,7511.83,7499.03,7511.41,38270090,true,7500,false,,
2026-06-05 10:10:00,2026-06-05,10:10:00,7511.22,7515.16,7506.27,7513.8,38440230,false,,false,,
2026-06-05 10:15:00,2026-06-05,10:15:00,7513.87,7522.92,7513.87,7522.92,34535540,false,,false,,
2026-06-05 10:20:00,2026-06-05,10:20:00,7522.83,7522.83,7510.34,7510.84,34867060,false,,false,,
2026-06-05 10:25:00,2026-06-05,10:25:00,7510.81,7510.81,7502.17,7505.17,35226670,false,,false,,
2026-06-05 10:30:00,2026-06-05,10:30:00,7505.33,7517.58,7504.35,7517.27,33202930,false,,false,,
2026-06-05 10:35:00,2026-06-05,10:35:00,7517.17,7520.4,7514.21,7514.78,30316150,false,,false,,
2026-06-05 10:40:00,2026-06-05,10:40:00,7514.77,7515.78,7506.08,7508.58,27831700,false,,false,,
2026-06-05 10:45:00,2026-06-05,10:45:00,7508.64,7511.42,7504.69,7506.93,29158200,false,,false,,
2026-06-05 10:50:00,2026-06-05,10:50:00,7507.12,7511.12,7505.29,7509.22,25063550,false,,false,,
2026-06-05 10:55:00,2026-06-05,10:55:00,7509.26,7514.16,7507.99,7512.14,24992530,false,,false,,
2026-06-05 11:00:00,2026-06-05,11:00:00,7512.03,7514.84,7504.73,7508.44,27754960,false,,false,,
2026-06-05 11:05:00,2026-06-05,11:05:00,7508.56,7509.1,7500.99,7503.14,29421640,true,7500,true,7500,7500:from_above
2026-06-05 11:10:00,2026-06-05,11:10:00,7502.95,7505.07,7496.34,7496.46,27793290,true,7500,false,,
2026-06-05 11:15:00,2026-06-05,11:15:00,7496.09,7499.84,7494.71,7498.58,26983610,true,7500,false,,
2026-06-05 11:20:00,2026-06-05,11:20:00,7499.03,7500.36,7488.79,7491.34,32144090,true,7500,false,,
2026-06-05 11:25:00,2026-06-05,11:25:00,7491.45,7496.13,7491.14,7494.92,30320880,false,,false,,
2026-06-05 11:30:00,2026-06-05,11:30:00,7494.85,7497.35,7489.51,7489.54,28197070,false,,false,,
2026-06-05 11:35:00,2026-06-05,11:35:00,7489.46,7491.53,7480.2,7481.12,30667190,false,,false,,
2026-06-05 11:40:00,2026-06-05,11:40:00,7480.88,7483.26,7476.61,7477.97,30515560,false,,false,,
2026-06-05 11:45:00,2026-06-05,11:45:00,7478.31,7482.22,7475.08,7476.31,24089300,false,,false,,
2026-06-05 11:50:00,2026-06-05,11:50:00,7476.29,7481.29,7475.9,7480.02,26016200,false,,false,,
2026-06-05 11:55:00,2026-06-05,11:55:00,7480.28,7481.56,7477.02,7478.47,24344260,false,,false,,
2026-06-05 12:00:00,2026-06-05,12:00:00,7478.18,7478.19,7472.88,7473.31,24171050,false,,false,,
2026-06-05 12:05:00,2026-06-05,12:05:00,7473.32,7473.32,7463.21,7464.6,26087030,false,,false,,
2026-06-05 12:10:00,2026-06-05,12:10:00,7464.55,7471.18,7463.15,7467.58,25875920,false,,false,,
2026-06-05 12:15:00,2026-06-05,12:15:00,7467.44,7467.44,7458.96,7460.36,28577020,false,,false,,
2026-06-05 12:20:00,2026-06-05,12:20:00,7460.48,7467.02,7459.62,7464.16,25508460,false,,false,,
2026-06-05 12:25:00,2026-06-05,12:25:00,7464.17,7467.84,7460.04,7460.04,22339070,false,,false,,
2026-06-05 12:30:00,2026-06-05,12:30:00,7460.24,7461.12,7451.16,7454.95,26980250,true,7450,true,7450,7450:from_above
2026-06-05 12:35:00,2026-06-05,12:35:00,7455.14,7457.7,7450.52,7454.29,28393730,true,7450,false,,
2026-06-05 12:40:00,2026-06-05,12:40:00,7454.42,7455.67,7442.12,7444.82,30181190,true,7450,false,,
2026-06-05 12:45:00,2026-06-05,12:45:00,7444.79,7447.56,7437.27,7447.41,36185270,false,,false,,
2026-06-05 12:50:00,2026-06-05,12:50:00,7447.65,7458.66,7445.31,7458.32,29247510,true,7450,true,7450,7450:from_below
2026-06-05 12:55:00,2026-06-05,12:55:00,7458.31,7458.31,7452.3,7458.02,25432300,false,,false,,
2026-06-05 13:00:00,2026-06-05,13:00:00,7458,7458,7445.99,7450.77,24476680,true,7450,true,7450,7450:from_above
2026-06-05 13:05:00,2026-06-05,13:05:00,7451.1,7451.1,7445.93,7446.8,23106920,true,7450,false,,
2026-06-05 13:10:00,2026-06-05,13:10:00,7447.41,7448.71,7442.03,7446.61,20971790,true,7450,false,,
2026-06-05 13:15:00,2026-06-05,13:15:00,7446.69,7447.49,7440.77,7445.17,25744920,false,,false,,
2026-06-05 13:20:00,2026-06-05,13:20:00,7445.07,7453.59,7440.59,7453.06,29118820,true,7450,true,7450,7450:from_below
2026-06-05 13:25:00,2026-06-05,13:25:00,7452.93,7453.3,7446.68,7452.63,28817810,true,7450,false,,
2026-06-05 13:30:00,2026-06-05,13:30:00,7452.77,7455.01,7448.51,7454.62,22753430,true,7450,false,,
2026-06-05 13:35:00,2026-06-05,13:35:00,7454.89,7462.4,7454.8,7462.01,26612110,false,,false,,
2026-06-05 13:40:00,2026-06-05,13:40:00,7462.17,7465.54,7449.56,7450.42,33071530,true,7450,true,7450,7450:from_above
2026-06-05 13:45:00,2026-06-05,13:45:00,7450.6,7455.71,7449.85,7452.04,22082220,true,7450,false,,
2026-06-05 13:50:00,2026-06-05,13:50:00,7452.04,7454.11,7450.3,7453.84,21167820,true,7450,false,,
2026-06-05 13:55:00,2026-06-05,13:55:00,7453.82,7459.64,7453.04,7459.21,21535550,false,,false,,
2026-06-05 14:00:00,2026-06-05,14:00:00,7459.28,7460.42,7446.91,7446.96,25442210,true,7450,true,7450,7450:from_above
2026-06-05 14:05:00,2026-06-05,14:05:00,7446.87,7448.35,7444.13,7445.27,25457530,true,7450,false,,
2026-06-05 14:10:00,2026-06-05,14:10:00,7445.24,7446.63,7434.02,7434.52,29539890,false,,false,,
2026-06-05 14:15:00,2026-06-05,14:15:00,7434.43,7434.44,7425.73,7426.38,32937420,false,,false,,
2026-06-05 14:20:00,2026-06-05,14:20:00,7426.53,7431.92,7426.43,7428.22,30157390,false,,false,,
2026-06-05 14:25:00,2026-06-05,14:25:00,7427.97,7427.97,7417.97,7421.46,32191560,false,,false,,
2026-06-05 14:30:00,2026-06-05,14:30:00,7421.52,7423.57,7417.04,7419.18,27498660,false,,false,,
2026-06-05 14:35:00,2026-06-05,14:35:00,7418.93,7420.1,7413.69,7418.78,34352780,false,,false,,
2026-06-05 14:40:00,2026-06-05,14:40:00,7418.34,7418.51,7410.24,7413.75,31875450,false,,false,,
2026-06-05 14:45:00,2026-06-05,14:45:00,7413.55,7413.55,7398.8,7408.89,41475450,true,7400,true,7400,7400:from_above
2026-06-05 14:50:00,2026-06-05,14:50:00,7409.09,7410.89,7398.53,7402.82,30968510,true,7400,false,,
2026-06-05 14:55:00,2026-06-05,14:55:00,7402.55,7413.75,7400.46,7405.91,34831420,true,7400,false,,
2026-06-05 15:00:00,2026-06-05,15:00:00,7405.89,7406.6,7397.16,7403.65,32266770,true,7400,false,,
2026-06-05 15:05:00,2026-06-05,15:05:00,7404.14,7404.28,7388.85,7392.73,35538540,true,7400,false,,
2026-06-05 15:10:00,2026-06-05,15:10:00,7392.5,7392.89,7381.99,7384.23,35157720,false,,false,,
2026-06-05 15:15:00,2026-06-05,15:15:00,7384.78,7384.78,7368.63,7375.77,40640000,false,,false,,
2026-06-05 15:20:00,2026-06-05,15:20:00,7375.71,7381.22,7372.37,7381.22,36218310,false,,false,,
2026-06-05 15:25:00,2026-06-05,15:25:00,7381.28,7397.08,7381.28,7397.08,39344190,false,,false,,
2026-06-05 15:30:00,2026-06-05,15:30:00,7397.23,7397.23,7385.05,7391.22,44965550,false,,false,,
2026-06-05 15:35:00,2026-06-05,15:35:00,7391.53,7400.43,7390.5,7399.65,44695560,true,7400,true,7400,7400:from_below
2026-06-05 15:40:00,2026-06-05,15:40:00,7399.7,7399.7,7383.01,7390.88,51200560,true,7400,false,,
2026-06-05 15:45:00,2026-06-05,15:45:00,7390.86,7401.89,7389.19,7400.62,53743260,true,7400,false,,
2026-06-05 15:50:00,2026-06-05,15:50:00,7399.68,7410.17,7398.67,7404.01,90303080,true,7400,false,,
2026-06-05 15:55:00,2026-06-05,15:55:00,7404.04,7404.04,7383.53,7384.66,239320710,true,7400,false,,
2026-06-05 16:00:00,2026-06-05,16:00:00,7384.66,7384.66,7383.69,7383.73,648326800,false,,false,,
2026-06-08 09:30:00,2026-06-08,09:30:00,7442.39,7458.57,7434.21,7434.21,170643824,true,7450,true,7450,7450:from_below
2026-06-08 09:35:00,2026-06-08,09:35:00,7434.61,7438.95,7429.81,7430.16,50441559,false,,false,,
2026-06-08 09:40:00,2026-06-08,09:40:00,7430.11,7443.45,7428.45,7439.57,43004825,false,,false,,
2026-06-08 09:45:00,2026-06-08,09:45:00,7440.78,7448.89,7435.36,7440.16,43993232,true,7450,true,7450,7450:from_below
2026-06-08 09:50:00,2026-06-08,09:50:00,7439.91,7450.86,7433.09,7445.02,37778240,true,7450,false,,
2026-06-08 09:55:00,2026-06-08,09:55:00,7445.24,7446.58,7421.87,7421.97,39948600,false,,false,,
2026-06-08 10:00:00,2026-06-08,10:00:00,7421.93,7436.24,7420.2,7426,41926790,false,,false,,
2026-06-08 10:05:00,2026-06-08,10:05:00,7425.72,7438.15,7424.35,7437.55,35464160,false,,false,,
2026-06-08 10:10:00,2026-06-08,10:10:00,7437.28,7438.01,7428.21,7429.91,35338880,false,,false,,
2026-06-08 10:15:00,2026-06-08,10:15:00,7430.06,7431.36,7422.29,7428.75,34879020,false,,false,,
2026-06-08 10:20:00,2026-06-08,10:20:00,7428.79,7436.83,7426.1,7435.44,32132110,false,,false,,
2026-06-08 10:25:00,2026-06-08,10:25:00,7435.5,7443.54,7433.32,7438.87,33595730,false,,false,,
2026-06-08 10:30:00,2026-06-08,10:30:00,7438.96,7443.31,7438.09,7442.6,30979080,false,,false,,
2026-06-08 10:35:00,2026-06-08,10:35:00,7442.51,7449.81,7440.89,7446.19,30772500,true,7450,true,7450,7450:from_below
2026-06-08 10:40:00,2026-06-08,10:40:00,7446.27,7448.18,7434.24,7439.51,29994860,true,7450,false,,
2026-06-08 10:45:00,2026-06-08,10:45:00,7439.39,7455.65,7439.39,7450.35,27335510,true,7450,false,,
2026-06-08 10:50:00,2026-06-08,10:50:00,7449.57,7457.06,7447.27,7455.2,24722770,true,7450,false,,
2026-06-08 10:55:00,2026-06-08,10:55:00,7455.16,7463.01,7450.79,7462.91,27008360,true,7450,false,,
2026-06-08 11:00:00,2026-06-08,11:00:00,7463.24,7466.3,7460.45,7460.45,27673060,false,,false,,
2026-06-08 11:05:00,2026-06-08,11:05:00,7460.61,7466.81,7459.56,7464.62,24134880,false,,false,,
2026-06-08 11:10:00,2026-06-08,11:10:00,7465.06,7465.4,7460.7,7461,23749720,false,,false,,
2026-06-08 11:15:00,2026-06-08,11:15:00,7461.06,7465.22,7458.47,7463.36,25877710,false,,false,,
2026-06-08 11:20:00,2026-06-08,11:20:00,7462.55,7464.3,7455.71,7463.34,22391890,false,,false,,
2026-06-08 11:25:00,2026-06-08,11:25:00,7463.27,7463.27,7445.54,7446.16,22752290,true,7450,true,7450,7450:from_above
2026-06-08 11:30:00,2026-06-08,11:30:00,7446.35,7446.86,7432.82,7435.94,26072220,false,,false,,
2026-06-08 11:35:00,2026-06-08,11:35:00,7435.76,7449.29,7433.73,7448.96,23915040,true,7450,true,7450,7450:from_below
2026-06-08 11:40:00,2026-06-08,11:40:00,7448.62,7452.13,7446.18,7449.71,20773960,true,7450,false,,
2026-06-08 11:45:00,2026-06-08,11:45:00,7450.32,7456.67,7447.08,7447.46,19522930,true,7450,false,,
2026-06-08 11:50:00,2026-06-08,11:50:00,7447.62,7454.61,7447.62,7449.02,17990680,true,7450,false,,
2026-06-08 11:55:00,2026-06-08,11:55:00,7449.07,7449.07,7438.82,7440.46,18181710,true,7450,false,,
2026-06-08 12:00:00,2026-06-08,12:00:00,7440.85,7445.71,7436,7442.25,20331260,false,,false,,
2026-06-08 12:05:00,2026-06-08,12:05:00,7442.35,7445.66,7438.72,7440.36,20657840,false,,false,,
2026-06-08 12:10:00,2026-06-08,12:10:00,7440.43,7445.98,7437.42,7444.01,19397430,false,,false,,
2026-06-08 12:15:00,2026-06-08,12:15:00,7444.16,7450.73,7443.93,7450.37,18138960,true,7450,true,7450,7450:from_below
2026-06-08 12:20:00,2026-06-08,12:20:00,7450.58,7453.18,7442.59,7443.73,19164430,true,7450,false,,
2026-06-08 12:25:00,2026-06-08,12:25:00,7443.67,7447.69,7435.4,7435.56,18140640,false,,false,,
2026-06-08 12:30:00,2026-06-08,12:30:00,7435.52,7439.68,7433.24,7433.24,17253750,false,,false,,
2026-06-08 12:35:00,2026-06-08,12:35:00,7433.25,7437.8,7429.3,7431.67,20502120,false,,false,,
2026-06-08 12:40:00,2026-06-08,12:40:00,7430.99,7436.46,7430.25,7434.22,17295880,false,,false,,
2026-06-08 12:45:00,2026-06-08,12:45:00,7434.36,7442.6,7434.23,7438.64,17333200,false,,false,,
2026-06-08 12:50:00,2026-06-08,12:50:00,7438.61,7440.4,7436.44,7438.27,14158850,false,,false,,
2026-06-08 12:55:00,2026-06-08,12:55:00,7438.23,7438.26,7433.13,7433.52,15451250,false,,false,,
2026-06-08 13:00:00,2026-06-08,13:00:00,7433.41,7433.59,7417.64,7421.36,22307120,false,,false,,
2026-06-08 13:05:00,2026-06-08,13:05:00,7421.49,7428.38,7420.2,7422.12,17665050,false,,false,,
2026-06-08 13:10:00,2026-06-08,13:10:00,7422.17,7422.65,7415.25,7422.36,17915430,false,,false,,
2026-06-08 13:15:00,2026-06-08,13:15:00,7422.49,7424.39,7415.07,7417.35,21037630,false,,false,,
2026-06-08 13:20:00,2026-06-08,13:20:00,7417.44,7421.66,7415.31,7418.52,17492220,false,,false,,
2026-06-08 13:25:00,2026-06-08,13:25:00,7418.45,7434.12,7417.75,7433.59,21424970,false,,false,,
2026-06-08 13:30:00,2026-06-08,13:30:00,7433.71,7437.04,7424.27,7429.99,27851270,false,,false,,
2026-06-08 13:35:00,2026-06-08,13:35:00,7429.66,7430.17,7419.56,7424.83,20155750,false,,false,,
2026-06-08 13:40:00,2026-06-08,13:40:00,7425.27,7426.22,7417.11,7417.21,19070900,false,,false,,
2026-06-08 13:45:00,2026-06-08,13:45:00,7417.29,7426.2,7417.29,7426.2,18653010,false,,false,,
2026-06-08 13:50:00,2026-06-08,13:50:00,7426.42,7430.79,7423.67,7428.63,19594960,false,,false,,
2026-06-08 13:55:00,2026-06-08,13:55:00,7428.76,7429.35,7422.58,7424.27,18252500,false,,false,,
2026-06-08 14:00:00,2026-06-08,14:00:00,7424.39,7431.99,7424.39,7428.83,24870180,false,,false,,
2026-06-08 14:05:00,2026-06-08,14:05:00,7429.03,7435.16,7428.43,7432.16,22128340,false,,false,,
2026-06-08 14:10:00,2026-06-08,14:10:00,7432.16,7433.95,7423.97,7425.71,20500960,false,,false,,
2026-06-08 14:15:00,2026-06-08,14:15:00,7425.76,7430.86,7425.24,7429.08,17630590,false,,false,,
2026-06-08 14:20:00,2026-06-08,14:20:00,7429.3,7431.76,7426.36,7430.96,18120540,false,,false,,
2026-06-08 14:25:00,2026-06-08,14:25:00,7431.35,7433.71,7429.24,7432.95,17247210,false,,false,,
2026-06-08 14:30:00,2026-06-08,14:30:00,7432.93,7437.39,7431.36,7431.53,19439800,false,,false,,
2026-06-08 14:35:00,2026-06-08,14:35:00,7431.37,7434.58,7422.75,7424.03,19410150,false,,false,,
2026-06-08 14:40:00,2026-06-08,14:40:00,7423.71,7426.16,7421.22,7422.63,18818400,false,,false,,
2026-06-08 14:45:00,2026-06-08,14:45:00,7422.63,7428.94,7422.6,7423.59,20746790,false,,false,,
2026-06-08 14:50:00,2026-06-08,14:50:00,7423.67,7426.45,7422.36,7425.83,19063510,false,,false,,
2026-06-08 14:55:00,2026-06-08,14:55:00,7425.83,7427.96,7422.35,7422.77,20572110,false,,false,,
2026-06-08 15:00:00,2026-06-08,15:00:00,7422.67,7424.72,7418.49,7423.26,22058060,false,,false,,
2026-06-08 15:05:00,2026-06-08,15:05:00,7423.17,7424.63,7415.99,7415.99,22367750,false,,false,,
2026-06-08 15:10:00,2026-06-08,15:10:00,7415.68,7415.68,7406.24,7406.24,24876460,false,,false,,
2026-06-08 15:15:00,2026-06-08,15:15:00,7406.02,7408.87,7403.32,7404.89,24344380,false,,false,,
2026-06-08 15:20:00,2026-06-08,15:20:00,7405.37,7409.61,7397.8,7398.2,26375590,true,7400,true,7400,7400:from_above
2026-06-08 15:25:00,2026-06-08,15:25:00,7397.94,7404.84,7395.13,7404.2,34133240,true,7400,false,,
2026-06-08 15:30:00,2026-06-08,15:30:00,7404.53,7414.26,7404.37,7407.32,37531240,false,,false,,
2026-06-08 15:35:00,2026-06-08,15:35:00,7407.39,7411.47,7404.32,7407.04,32636460,false,,false,,
2026-06-08 15:40:00,2026-06-08,15:40:00,7406.87,7409.74,7402.23,7406.17,36227670,false,,false,,
2026-06-08 15:45:00,2026-06-08,15:45:00,7406.16,7411.63,7404.35,7405.65,43824170,false,,false,,
2026-06-08 15:50:00,2026-06-08,15:50:00,7405.58,7411.85,7401.11,7404.41,72929790,true,7400,true,7400,7400:from_above
2026-06-08 15:55:00,2026-06-08,15:55:00,7404.29,7407.71,7402.53,7405.8,189667360,false,,false,,
2026-06-08 16:00:00,2026-06-08,16:00:00,7405.58,7405.72,7405.48,7405.72,609334590,false,,false,,
2026-06-09 09:30:00,2026-06-09,09:30:00,7446.48,7453.86,7442.82,7450.56,123938779,true,7450,true,7450,7450:from_below
2026-06-09 09:35:00,2026-06-09,09:35:00,7450.9,7463.1,7449.24,7457.55,50614069,true,7450,false,,
2026-06-09 09:40:00,2026-06-09,09:40:00,7457.88,7468.16,7455.02,7467.57,45944786,false,,false,,
2026-06-09 09:45:00,2026-06-09,09:45:00,7467.63,7483.15,7466.78,7481.18,42987927,false,,false,,
2026-06-09 09:50:00,2026-06-09,09:50:00,7481.13,7481.91,7465.71,7465.77,37843639,false,,false,,
2026-06-09 09:55:00,2026-06-09,09:55:00,7465.73,7468.23,7456.11,7457.19,37302400,false,,false,,
2026-06-09 10:00:00,2026-06-09,10:00:00,7457.35,7462.73,7451.93,7454.45,39151300,true,7450,true,7450,7450:from_above
2026-06-09 10:05:00,2026-06-09,10:05:00,7454.81,7459.78,7452.79,7453.68,38233670,false,,false,,
2026-06-09 10:10:00,2026-06-09,10:10:00,7453.56,7453.56,7428.41,7429.21,39449430,true,7450,true,7450,7450:from_above
2026-06-09 10:15:00,2026-06-09,10:15:00,7428.97,7431.98,7407.67,7413.69,48542360,false,,false,,
2026-06-09 10:20:00,2026-06-09,10:20:00,7413.61,7433.32,7407.98,7432.79,38806370,false,,false,,
2026-06-09 10:25:00,2026-06-09,10:25:00,7432.89,7435,7421.83,7424.72,34636540,false,,false,,
2026-06-09 10:30:00,2026-06-09,10:30:00,7424.6,7429.57,7417.09,7425.52,36250540,false,,false,,
2026-06-09 10:35:00,2026-06-09,10:35:00,7425.35,7428.29,7418.48,7421.98,28412700,false,,false,,
2026-06-09 10:40:00,2026-06-09,10:40:00,7422.19,7425.09,7397.16,7399.05,30118850,true,7400,true,7400,7400:from_above
2026-06-09 10:45:00,2026-06-09,10:45:00,7399.13,7401.39,7363.25,7364.15,46699940,true,7400,false,,
2026-06-09 10:50:00,2026-06-09,10:50:00,7364.32,7378.1,7360.1,7378.1,37936650,false,,false,,
2026-06-09 10:55:00,2026-06-09,10:55:00,7378.02,7390.28,7371.28,7390.28,28450230,false,,false,,
2026-06-09 11:00:00,2026-06-09,11:00:00,7390.18,7392.74,7382.18,7382.72,31577580,false,,false,,
2026-06-09 11:05:00,2026-06-09,11:05:00,7382.59,7391.65,7375.54,7391.56,26038310,false,,false,,
2026-06-09 11:10:00,2026-06-09,11:10:00,7391.41,7396.03,7381.42,7388.06,24565080,false,,false,,
2026-06-09 11:15:00,2026-06-09,11:15:00,7387.81,7388.98,7374.43,7374.69,29545650,false,,false,,
2026-06-09 11:20:00,2026-06-09,11:20:00,7374.61,7378.28,7353.21,7353.52,30810940,false,,false,,
2026-06-09 11:25:00,2026-06-09,11:25:00,7353.36,7353.36,7319.99,7321.47,41447940,true,7350,true,7350,7350:from_above
2026-06-09 11:30:00,2026-06-09,11:30:00,7321.65,7329.11,7317.54,7323.77,39055950,false,,false,,
2026-06-09 11:35:00,2026-06-09,11:35:00,7324.21,7328.48,7318,7327.56,32370640,false,,false,,
2026-06-09 11:40:00,2026-06-09,11:40:00,7327.27,7336.32,7324.86,7329.9,28636490,false,,false,,
2026-06-09 11:45:00,2026-06-09,11:45:00,7330.14,7334.16,7328.49,7331.77,24194740,false,,false,,
2026-06-09 11:50:00,2026-06-09,11:50:00,7332.09,7339.07,7323.09,7323.49,28267420,false,,false,,
2026-06-09 11:55:00,2026-06-09,11:55:00,7323.45,7324.24,7301.88,7302.77,40939130,true,7300,true,7300,7300:from_above
2026-06-09 12:00:00,2026-06-09,12:00:00,7301.96,7316.49,7301.4,7307.63,33053720,true,7300,false,,
2026-06-09 12:05:00,2026-06-09,12:05:00,7307.58,7308.85,7289.19,7294.04,41306300,true,7300,false,,
2026-06-09 12:10:00,2026-06-09,12:10:00,7294.45,7304.23,7289.68,7295.83,33945000,true,7300,false,,
2026-06-09 12:15:00,2026-06-09,12:15:00,7296.6,7296.61,7268.88,7271.3,40395840,false,,false,,
2026-06-09 12:20:00,2026-06-09,12:20:00,7271.03,7286.1,7265.06,7286,37733650,false,,false,,
2026-06-09 12:25:00,2026-06-09,12:25:00,7286.22,7292.57,7280.74,7285.48,30141690,false,,false,,
2026-06-09 12:30:00,2026-06-09,12:30:00,7285.46,7296.35,7275.59,7284.92,33219430,false,,false,,
2026-06-09 12:35:00,2026-06-09,12:35:00,7284.72,7294.75,7241.54,7244.75,57676530,true,7250,true,7250,7250:from_above
2026-06-09 12:40:00,2026-06-09,12:40:00,7244.69,7260.18,7237.85,7257.98,45238650,true,7250,false,,
2026-06-09 12:45:00,2026-06-09,12:45:00,7258.12,7268.39,7253.02,7260.4,34580580,false,,false,,
2026-06-09 12:50:00,2026-06-09,12:50:00,7260.31,7265.08,7248.36,7248.66,30826870,true,7250,true,7250,7250:from_above
2026-06-09 12:55:00,2026-06-09,12:55:00,7248.78,7278.16,7247.73,7277.47,31526590,true,7250,false,,
2026-06-09 13:00:00,2026-06-09,13:00:00,7277.41,7298.87,7276.5,7297.18,34716630,true,7300,true,7300,7300:from_below
2026-06-09 13:05:00,2026-06-09,13:05:00,7296.99,7299.88,7288.29,7294.97,27657210,true,7300,false,,
2026-06-09 13:10:00,2026-06-09,13:10:00,7295.09,7302,7284.59,7297.79,26685990,true,7300,false,,
2026-06-09 13:15:00,2026-06-09,13:15:00,7298.2,7312.22,7291.87,7311.85,26604400,true,7300,false,,
2026-06-09 13:20:00,2026-06-09,13:20:00,7311.84,7324.33,7307.95,7316.66,32352820,false,,false,,
2026-06-09 13:25:00,2026-06-09,13:25:00,7316.93,7324.01,7311.99,7319.94,21436770,false,,false,,
2026-06-09 13:30:00,2026-06-09,13:30:00,7319.77,7329.2,7314.85,7329.08,23002710,false,,false,,
2026-06-09 13:35:00,2026-06-09,13:35:00,7329.26,7337.79,7323.47,7333.92,23513220,false,,false,,
2026-06-09 13:40:00,2026-06-09,13:40:00,7333.9,7351.29,7332.27,7343.26,26000410,true,7350,true,7350,7350:from_below
2026-06-09 13:45:00,2026-06-09,13:45:00,7343.1,7344.38,7322.62,7324.36,26758610,false,,false,,
2026-06-09 13:50:00,2026-06-09,13:50:00,7324.33,7343.17,7324.22,7336.42,24465630,false,,false,,
2026-06-09 13:55:00,2026-06-09,13:55:00,7337.02,7343.7,7336.55,7338.54,20911690,false,,false,,
2026-06-09 14:00:00,2026-06-09,14:00:00,7338.59,7344.75,7334.73,7338.34,25109920,false,,false,,
2026-06-09 14:05:00,2026-06-09,14:05:00,7338.52,7348.61,7336.77,7347.61,20258950,true,7350,true,7350,7350:from_below
2026-06-09 14:10:00,2026-06-09,14:10:00,7347.68,7347.99,7338.63,7345.51,21606270,false,,false,,
2026-06-09 14:15:00,2026-06-09,14:15:00,7345.24,7357.42,7339.32,7357.24,24093880,true,7350,true,7350,7350:from_below
2026-06-09 14:20:00,2026-06-09,14:20:00,7356.95,7363.68,7350.97,7362.61,23129390,true,7350,false,,
2026-06-09 14:25:00,2026-06-09,14:25:00,7362.8,7363.61,7353.03,7363.31,20226510,false,,false,,
2026-06-09 14:30:00,2026-06-09,14:30:00,7363.38,7373.93,7361.66,7368.8,26112770,false,,false,,
2026-06-09 14:35:00,2026-06-09,14:35:00,7368.98,7374.8,7367.18,7372.52,21566010,false,,false,,
2026-06-09 14:40:00,2026-06-09,14:40:00,7372.58,7372.73,7356.43,7357.21,22821750,false,,false,,
2026-06-09 14:45:00,2026-06-09,14:45:00,7357,7367.08,7356.69,7366.59,20522070,false,,false,,
2026-06-09 14:50:00,2026-06-09,14:50:00,7367.07,7373.9,7363.62,7369.07,21445500,false,,false,,
2026-06-09 14:55:00,2026-06-09,14:55:00,7368.86,7383.92,7368.63,7380.69,26428360,false,,false,,
2026-06-09 15:00:00,2026-06-09,15:00:00,7380.62,7386.24,7374.37,7385.74,26500850,false,,false,,
2026-06-09 15:05:00,2026-06-09,15:05:00,7385.79,7389.09,7377.24,7377.62,25748510,false,,false,,
2026-06-09 15:10:00,2026-06-09,15:10:00,7377.67,7377.67,7364.95,7365.32,28524770,false,,false,,
2026-06-09 15:15:00,2026-06-09,15:15:00,7365.47,7366.28,7348.37,7349.31,32920340,true,7350,true,7350,7350:from_above
2026-06-09 15:20:00,2026-06-09,15:20:00,7349.21,7355.04,7345.12,7352.04,31237880,true,7350,false,,
2026-06-09 15:25:00,2026-06-09,15:25:00,7352.23,7360.76,7348.16,7358.44,29976100,true,7350,false,,
2026-06-09 15:30:00,2026-06-09,15:30:00,7358.38,7362.47,7353.94,7357.95,35114590,false,,false,,
2026-06-09 15:35:00,2026-06-09,15:35:00,7358.37,7358.88,7348.55,7348.71,34311050,true,7350,true,7350,7350:from_above
2026-06-09 15:40:00,2026-06-09,15:40:00,7348.74,7350.83,7338.78,7346.6,40535580,true,7350,false,,
2026-06-09 15:45:00,2026-06-09,15:45:00,7346.76,7349.56,7338.38,7344.35,43465250,true,7350,false,,
2026-06-09 15:50:00,2026-06-09,15:50:00,7343.97,7374.59,7343.97,7374.46,76910450,true,7350,false,,
2026-06-09 15:55:00,2026-06-09,15:55:00,7374.14,7386.54,7373.62,7385.49,191696860,false,,false,,
2026-06-09 16:00:00,2026-06-09,16:00:00,7386.3,7386.66,7386.3,7386.66,573620000,false,,false,,
2026-06-10 09:30:00,2026-06-10,09:30:00,7353.27,7355.29,7330.83,7330.83,67316430,true,7350,true,7350,7350:from_above
2026-06-10 09:35:00,2026-06-10,09:35:00,7330.64,7365.26,7328.42,7358.8,53323628,true,7350,false,,
2026-06-10 09:40:00,2026-06-10,09:40:00,7359.31,7375.41,7346.5,7375.41,50484678,true,7350,false,,
2026-06-10 09:45:00,2026-06-10,09:45:00,7375.4,7382.39,7367.11,7379.66,52672693,false,,false,,
2026-06-10 09:50:00,2026-06-10,09:50:00,7379.97,7379.97,7361.72,7369.36,45854650,false,,false,,
2026-06-10 09:55:00,2026-06-10,09:55:00,7369.45,7379.72,7366.09,7370.48,41020630,false,,false,,
2026-06-10 10:00:00,2026-06-10,10:00:00,7372.19,7384.65,7363.59,7378.17,40641270,false,,false,,
2026-06-10 10:05:00,2026-06-10,10:05:00,7378.47,7387.01,7372.62,7384.56,38285620,false,,false,,
2026-06-10 10:10:00,2026-06-10,10:10:00,7384.77,7388.6,7377.35,7379.34,40287220,false,,false,,
2026-06-10 10:15:00,2026-06-10,10:15:00,7379.64,7383.1,7370.96,7379.32,38178010,false,,false,,
2026-06-10 10:20:00,2026-06-10,10:20:00,7378.76,7396.5,7375.32,7395.62,33070700,false,,false,,
2026-06-10 10:25:00,2026-06-10,10:25:00,7395.59,7396.56,7380.2,7385.88,33042270,false,,false,,
2026-06-10 10:30:00,2026-06-10,10:30:00,7385.45,7391.17,7371.87,7390.78,35652240,false,,false,,
2026-06-10 10:35:00,2026-06-10,10:35:00,7391.17,7391.89,7373.62,7378.3,33011640,false,,false,,
2026-06-10 10:40:00,2026-06-10,10:40:00,7378.22,7385.46,7369.34,7369.34,28818600,false,,false,,
2026-06-10 10:45:00,2026-06-10,10:45:00,7368.93,7373.26,7358.32,7362.04,33253470,false,,false,,
2026-06-10 10:50:00,2026-06-10,10:50:00,7362.13,7369.04,7354.57,7358.21,32705770,false,,false,,
2026-06-10 10:55:00,2026-06-10,10:55:00,7358.7,7360.93,7334.77,7341.63,37665380,true,7350,true,7350,7350:from_above
2026-06-10 11:00:00,2026-06-10,11:00:00,7341.56,7355.98,7331.84,7343.12,35944540,true,7350,false,,
2026-06-10 11:05:00,2026-06-10,11:05:00,7343.19,7343.73,7329.96,7330.35,30182050,false,,false,,
2026-06-10 11:10:00,2026-06-10,11:10:00,7330.4,7331.84,7319.21,7319.55,36023900,false,,false,,
2026-06-10 11:15:00,2026-06-10,11:15:00,7319.43,7319.43,7307.65,7314.91,36651080,false,,false,,
2026-06-10 11:20:00,2026-06-10,11:20:00,7314.98,7335.45,7313.53,7330.73,31447260,false,,false,,
2026-06-10 11:25:00,2026-06-10,11:25:00,7330.97,7337.22,7327.17,7327.67,28058830,false,,false,,
2026-06-10 11:30:00,2026-06-10,11:30:00,7327.12,7334.54,7318.68,7323.41,27443530,false,,false,,
2026-06-10 11:35:00,2026-06-10,11:35:00,7323.27,7328.74,7313.68,7320.39,26882420,false,,false,,
2026-06-10 11:40:00,2026-06-10,11:40:00,7320.6,7337.15,7317.13,7334.99,24467340,false,,false,,
2026-06-10 11:45:00,2026-06-10,11:45:00,7335.2,7339.15,7304.08,7312.49,38440920,false,,false,,
2026-06-10 11:50:00,2026-06-10,11:50:00,7312.27,7327.18,7297.79,7321.9,33501480,true,7300,true,7300,7300:from_above
2026-06-10 11:55:00,2026-06-10,11:55:00,7320.99,7332.35,7314.66,7331.4,24250440,false,,false,,
2026-06-10 12:00:00,2026-06-10,12:00:00,7331.41,7336.8,7323.32,7327.33,22599470,false,,false,,
2026-06-10 12:05:00,2026-06-10,12:05:00,7327.36,7332.09,7318.62,7319.67,21032670,false,,false,,
2026-06-10 12:10:00,2026-06-10,12:10:00,7320.87,7320.87,7311.05,7313.96,22389270,false,,false,,
2026-06-10 12:15:00,2026-06-10,12:15:00,7314.15,7321.76,7313.5,7317.94,19654210,false,,false,,
2026-06-10 12:20:00,2026-06-10,12:20:00,7317.59,7320.72,7311.8,7313.12,18918510,false,,false,,
2026-06-10 12:25:00,2026-06-10,12:25:00,7312.96,7320.35,7312.68,7318.44,17312630,false,,false,,
2026-06-10 12:30:00,2026-06-10,12:30:00,7318.48,7327.43,7313.14,7327.43,19491700,false,,false,,
2026-06-10 12:35:00,2026-06-10,12:35:00,7327.52,7334.56,7322.86,7331.16,22521460,false,,false,,
2026-06-10 12:40:00,2026-06-10,12:40:00,7331.13,7334.3,7317.53,7320.99,18125220,false,,false,,
2026-06-10 12:45:00,2026-06-10,12:45:00,7320.99,7320.99,7306.9,7312.89,20929180,false,,false,,
2026-06-10 12:50:00,2026-06-10,12:50:00,7312.88,7321.86,7309.64,7314.86,17710350,false,,false,,
2026-06-10 12:55:00,2026-06-10,12:55:00,7314.77,7316.01,7307.42,7315.73,16912640,false,,false,,
2026-06-10 13:00:00,2026-06-10,13:00:00,7315.7,7325.19,7312.77,7323.73,19037420,false,,false,,
2026-06-10 13:05:00,2026-06-10,13:05:00,7323.5,7323.55,7308.07,7309.44,18243810,false,,false,,
2026-06-10 13:10:00,2026-06-10,13:10:00,7309.03,7309.21,7299.73,7301.74,20211190,true,7300,true,7300,7300:from_above
2026-06-10 13:15:00,2026-06-10,13:15:00,7301.81,7305.54,7299.17,7301.63,20801390,true,7300,false,,
2026-06-10 13:20:00,2026-06-10,13:20:00,7301.54,7307.1,7299.67,7306.24,21068430,true,7300,false,,
2026-06-10 13:25:00,2026-06-10,13:25:00,7306.68,7309.84,7303.66,7308.07,19250710,false,,false,,
2026-06-10 13:30:00,2026-06-10,13:30:00,7308.26,7308.79,7297.09,7300.58,20132310,true,7300,true,7300,7300:from_above
2026-06-10 13:35:00,2026-06-10,13:35:00,7300.91,7300.91,7293.3,7293.48,20632720,true,7300,false,,
2026-06-10 13:40:00,2026-06-10,13:40:00,7293.73,7297.39,7291.23,7291.58,21472070,false,,false,,
2026-06-10 13:45:00,2026-06-10,13:45:00,7291.59,7317.94,7291.37,7314.99,28312850,true,7300,true,7300,7300:from_below
2026-06-10 13:50:00,2026-06-10,13:50:00,7315.1,7316.4,7302.45,7311.06,28785760,false,,false,,
2026-06-10 13:55:00,2026-06-10,13:55:00,7311.38,7319.61,7310.52,7318.4,20943500,false,,false,,
2026-06-10 14:00:00,2026-06-10,14:00:00,7318.37,7328.92,7318.01,7328.92,25715780,false,,false,,
2026-06-10 14:05:00,2026-06-10,14:05:00,7329.15,7329.15,7317.45,7317.6,22058700,false,,false,,
2026-06-10 14:10:00,2026-06-10,14:10:00,7317.45,7324.08,7317.45,7319.31,19899170,false,,false,,
2026-06-10 14:15:00,2026-06-10,14:15:00,7319.46,7324.3,7307.68,7309.93,22163200,false,,false,,
2026-06-10 14:20:00,2026-06-10,14:20:00,7310.04,7315.69,7305.83,7311.59,21188790,false,,false,,
2026-06-10 14:25:00,2026-06-10,14:25:00,7311.71,7312.5,7306.83,7307.73,19685570,false,,false,,
2026-06-10 14:30:00,2026-06-10,14:30:00,7307.74,7307.74,7301.45,7302.55,21762940,true,7300,true,7300,7300:from_above
2026-06-10 14:35:00,2026-06-10,14:35:00,7302.59,7302.59,7294.07,7297.23,26782940,true,7300,false,,
2026-06-10 14:40:00,2026-06-10,14:40:00,7297.3,7300.06,7293.72,7297.37,22569640,true,7300,false,,
2026-06-10 14:45:00,2026-06-10,14:45:00,7297.18,7297.18,7291.52,7291.52,23525500,false,,false,,
2026-06-10 14:50:00,2026-06-10,14:50:00,7291.45,7291.92,7282.47,7289.47,28207400,false,,false,,
2026-06-10 14:55:00,2026-06-10,14:55:00,7289.56,7289.96,7282.14,7286.47,24702370,false,,false,,
2026-06-10 15:00:00,2026-06-10,15:00:00,7286.7,7292.2,7281.09,7285.81,32398660,false,,false,,
2026-06-10 15:05:00,2026-06-10,15:05:00,7285.92,7292.62,7282.82,7289.83,29048020,false,,false,,
2026-06-10 15:10:00,2026-06-10,15:10:00,7289.69,7289.82,7280.79,7282.3,29402480,false,,false,,
2026-06-10 15:15:00,2026-06-10,15:15:00,7282.46,7283.8,7275.52,7277.09,30888220,false,,false,,
2026-06-10 15:20:00,2026-06-10,15:20:00,7277.17,7277.24,7269.88,7273.05,35461370,false,,false,,
2026-06-10 15:25:00,2026-06-10,15:25:00,7273.2,7274.14,7267.35,7272.84,41459690,false,,false,,
2026-06-10 15:30:00,2026-06-10,15:30:00,7272.22,7283.04,7269.23,7280.99,46191490,false,,false,,
2026-06-10 15:35:00,2026-06-10,15:35:00,7281.2,7288.2,7279.13,7287.27,40758600,false,,false,,
2026-06-10 15:40:00,2026-06-10,15:40:00,7287.08,7288.99,7278.9,7284.6,49090430,false,,false,,
2026-06-10 15:45:00,2026-06-10,15:45:00,7284.43,7285.66,7274.37,7280.07,59106260,false,,false,,
2026-06-10 15:50:00,2026-06-10,15:50:00,7280.24,7290.01,7269.07,7280.07,100759340,false,,false,,
2026-06-10 15:55:00,2026-06-10,15:55:00,7279.58,7283.91,7265.93,7265.93,215844020,false,,false,,
2026-06-10 16:00:00,2026-06-10,16:00:00,7266.62,7267.7,7266.62,7267,534502040,false,,false,,
2026-06-11 09:30:00,2026-06-11,09:30:00,7287.67,7303.4,7283.36,7284.12,192470966,true,7300,true,7300,7300:from_below
2026-06-11 09:35:00,2026-06-11,09:35:00,7284.16,7295.09,7280.41,7284.36,53845375,false,,false,,
2026-06-11 09:40:00,2026-06-11,09:40:00,7284.44,7289.69,7276.92,7285.25,47861049,false,,false,,
2026-06-11 09:45:00,2026-06-11,09:45:00,7284.94,7309.71,7281.46,7299.48,52304680,true,7300,true,7300,7300:from_below
2026-06-11 09:50:00,2026-06-11,09:50:00,7300.49,7327.86,7300.49,7323.13,47223420,true,7300,false,,
2026-06-11 09:55:00,2026-06-11,09:55:00,7323.02,7327.9,7306.91,7309,41564370,false,,false,,
2026-06-11 10:00:00,2026-06-11,10:00:00,7309.79,7327.85,7308.68,7324.3,43808880,false,,false,,
2026-06-11 10:05:00,2026-06-11,10:05:00,7323.71,7323.71,7311.24,7313.78,42899170,false,,false,,
2026-06-11 10:10:00,2026-06-11,10:10:00,7313.51,7314.52,7290.8,7291.04,43069680,true,7300,true,7300,7300:from_above
2026-06-11 10:15:00,2026-06-11,10:15:00,7290.88,7296.9,7281.61,7283.19,40665650,false,,false,,
2026-06-11 10:20:00,2026-06-11,10:20:00,7283.39,7308,7282.65,7305.02,37267490,true,7300,true,7300,7300:from_below
2026-06-11 10:25:00,2026-06-11,10:25:00,7304.19,7309.34,7289.49,7300.93,32460150,true,7300,false,,
2026-06-11 10:30:00,2026-06-11,10:30:00,7300.78,7304.73,7289.61,7294,31131480,true,7300,false,,
2026-06-11 10:35:00,2026-06-11,10:35:00,7294.97,7312.71,7293.78,7304.55,35925900,true,7300,false,,
2026-06-11 10:40:00,2026-06-11,10:40:00,7304.49,7310.73,7299.02,7299.04,27106140,true,7300,false,,
2026-06-11 10:45:00,2026-06-11,10:45:00,7298.75,7302.36,7291.42,7293.52,28346690,true,7300,false,,
2026-06-11 10:50:00,2026-06-11,10:50:00,7293.93,7294.76,7283.71,7286.47,31890570,false,,false,,
2026-06-11 10:55:00,2026-06-11,10:55:00,7286.55,7286.55,7263.78,7268.93,34479030,false,,false,,
2026-06-11 11:00:00,2026-06-11,11:00:00,7268.82,7275.1,7257.33,7272.04,36258080,false,,false,,
2026-06-11 11:05:00,2026-06-11,11:05:00,7271.8,7285,7266.34,7278.64,31012730,false,,false,,
2026-06-11 11:10:00,2026-06-11,11:10:00,7278.99,7290.77,7278.2,7286.95,27255430,false,,false,,
2026-06-11 11:15:00,2026-06-11,11:15:00,7286.69,7296.24,7280.93,7285.32,27294980,false,,false,,
2026-06-11 11:20:00,2026-06-11,11:20:00,7285.32,7299.09,7284.4,7295.23,26006900,true,7300,true,7300,7300:from_below
2026-06-11 11:25:00,2026-06-11,11:25:00,7294.91,7297.95,7284.82,7286.11,26682890,false,,false,,
2026-06-11 11:30:00,2026-06-11,11:30:00,7285.08,7290.27,7279.86,7287.48,26554140,false,,false,,
2026-06-11 11:35:00,2026-06-11,11:35:00,7287.76,7300.7,7287.54,7297.3,24718660,true,7300,true,7300,7300:from_below
2026-06-11 11:40:00,2026-06-11,11:40:00,7297.1,7305.32,7287.63,7290.86,24122940,true,7300,false,,
2026-06-11 11:45:00,2026-06-11,11:45:00,7291.08,7296.45,7286.62,7290.31,21287970,false,,false,,
2026-06-11 11:50:00,2026-06-11,11:50:00,7290.21,7290.36,7282.97,7284.57,20583490,false,,false,,
2026-06-11 11:55:00,2026-06-11,11:55:00,7284.76,7295.31,7281.09,7293.53,20718740,false,,false,,
2026-06-11 12:00:00,2026-06-11,12:00:00,7293.37,7301.99,7288.84,7291.6,21513450,true,7300,true,7300,7300:from_below
2026-06-11 12:05:00,2026-06-11,12:05:00,7292.19,7304.26,7290.46,7302.57,20877650,true,7300,false,,
2026-06-11 12:10:00,2026-06-11,12:10:00,7302.72,7313.12,7301.56,7310.34,22144230,true,7300,false,,
2026-06-11 12:15:00,2026-06-11,12:15:00,7311.44,7314.29,7306.31,7309.18,23110500,false,,false,,
2026-06-11 12:20:00,2026-06-11,12:20:00,7309.89,7312.06,7298.18,7298.22,22135000,true,7300,true,7300,7300:from_above
2026-06-11 12:25:00,2026-06-11,12:25:00,7298.48,7299.92,7291.11,7291.36,19553670,true,7300,false,,
2026-06-11 12:30:00,2026-06-11,12:30:00,7291.57,7310.55,7287.47,7305.65,24758870,true,7300,false,,
2026-06-11 12:35:00,2026-06-11,12:35:00,7305.65,7310.98,7298.3,7299.23,20120970,true,7300,false,,
2026-06-11 12:40:00,2026-06-11,12:40:00,7299.27,7300.54,7296.39,7298.39,16923300,true,7300,false,,
2026-06-11 12:45:00,2026-06-11,12:45:00,7298.27,7301.08,7294.16,7294.9,17532360,true,7300,false,,
2026-06-11 12:50:00,2026-06-11,12:50:00,7295.07,7295.67,7283.65,7283.65,20078500,false,,false,,
2026-06-11 12:55:00,2026-06-11,12:55:00,7283.81,7284.64,7277.24,7277.36,20631120,false,,false,,
2026-06-11 13:00:00,2026-06-11,13:00:00,7277.24,7283.16,7268.61,7270.8,24065800,false,,false,,
2026-06-11 13:05:00,2026-06-11,13:05:00,7270.86,7280.27,7270.67,7279.18,21830410,false,,false,,
2026-06-11 13:10:00,2026-06-11,13:10:00,7279.17,7283.77,7274.51,7275.33,20290650,false,,false,,
2026-06-11 13:15:00,2026-06-11,13:15:00,7275.32,7277.56,7266.51,7269.01,18915710,false,,false,,
2026-06-11 13:20:00,2026-06-11,13:20:00,7269.1,7273.48,7265,7272.57,19442960,false,,false,,
2026-06-11 13:25:00,2026-06-11,13:25:00,7272.57,7337.15,7272.02,7337.15,63242580,true,7300,true,7300,7300:from_below
2026-06-11 13:30:00,2026-06-11,13:30:00,7336.97,7360.16,7335.7,7352.7,70486670,true,7350,true,7350,7350:from_below
2026-06-11 13:35:00,2026-06-11,13:35:00,7353.15,7356.67,7344.87,7354.06,37712500,true,7350,false,,
2026-06-11 13:40:00,2026-06-11,13:40:00,7354.38,7377.88,7352.03,7375.55,37116920,false,,false,,
2026-06-11 13:45:00,2026-06-11,13:45:00,7375.16,7377.55,7358.41,7359.72,31836470,false,,false,,
2026-06-11 13:50:00,2026-06-11,13:50:00,7360.02,7361.07,7347.21,7356.01,32188120,true,7350,true,7350,7350:from_above
2026-06-11 13:55:00,2026-06-11,13:55:00,7356.01,7363.43,7350.23,7362.39,29554960,true,7350,false,,
2026-06-11 14:00:00,2026-06-11,14:00:00,7362.37,7367.89,7341.28,7345.01,36970410,true,7350,false,,
2026-06-11 14:05:00,2026-06-11,14:05:00,7344.96,7350.66,7338.35,7343.87,28888120,true,7350,false,,
2026-06-11 14:10:00,2026-06-11,14:10:00,7344.17,7355.18,7343.8,7355,20885850,true,7350,false,,
2026-06-11 14:15:00,2026-06-11,14:15:00,7355.1,7370.05,7354.02,7368.7,26391410,false,,false,,
2026-06-11 14:20:00,2026-06-11,14:20:00,7368.78,7368.78,7351.56,7358.16,27725240,true,7350,true,7350,7350:from_above
2026-06-11 14:25:00,2026-06-11,14:25:00,7357.94,7361.44,7355.69,7356.83,21408280,false,,false,,
2026-06-11 14:30:00,2026-06-11,14:30:00,7357.11,7365.83,7356.07,7357.93,22413070,false,,false,,
2026-06-11 14:35:00,2026-06-11,14:35:00,7358.04,7361.67,7354.49,7355.57,22113250,false,,false,,
2026-06-11 14:40:00,2026-06-11,14:40:00,7355.48,7362.49,7353.48,7362.07,22148580,false,,false,,
2026-06-11 14:45:00,2026-06-11,14:45:00,7362,7371.47,7361.27,7370.72,23613700,false,,false,,
2026-06-11 14:50:00,2026-06-11,14:50:00,7370.71,7374.83,7370.18,7370.32,25201480,false,,false,,
2026-06-11 14:55:00,2026-06-11,14:55:00,7370.37,7371.72,7364.74,7370.08,24107670,false,,false,,
2026-06-11 15:00:00,2026-06-11,15:00:00,7370.22,7378.55,7369.83,7375.65,27362170,false,,false,,
2026-06-11 15:05:00,2026-06-11,15:05:00,7376.18,7377.02,7366.69,7374.63,29288130,false,,false,,
2026-06-11 15:10:00,2026-06-11,15:10:00,7374.82,7384.31,7374.07,7382.15,33114730,false,,false,,
2026-06-11 15:15:00,2026-06-11,15:15:00,7382.46,7386.58,7380.76,7386.44,29594680,false,,false,,
2026-06-11 15:20:00,2026-06-11,15:20:00,7386.58,7388.67,7384.45,7386.42,30889560,false,,false,,
2026-06-11 15:25:00,2026-06-11,15:25:00,7386.49,7395.14,7385.25,7392,35490470,false,,false,,
2026-06-11 15:30:00,2026-06-11,15:30:00,7391.99,7410.63,7391.99,7409.15,57703830,true,7400,true,7400,7400:from_below
2026-06-11 15:35:00,2026-06-11,15:35:00,7409.42,7412.68,7401.25,7402.63,45721420,true,7400,false,,
2026-06-11 15:40:00,2026-06-11,15:40:00,7402.22,7411.57,7399.87,7407.09,49802620,true,7400,false,,
2026-06-11 15:45:00,2026-06-11,15:45:00,7405.82,7405.82,7393.02,7393.73,58941520,true,7400,false,,
2026-06-11 15:50:00,2026-06-11,15:50:00,7393.4,7398.3,7386.94,7395.59,95735630,true,7400,false,,
2026-06-11 15:55:00,2026-06-11,15:55:00,7393.87,7398.17,7389.68,7393.84,229305870,true,7400,false,,
2026-06-11 16:00:00,2026-06-11,16:00:00,7391.86,7394.31,7391.86,7394.31,613750900,false,,false,,
2026-06-12 09:30:00,2026-06-12,09:30:00,7410.85,7417.38,7392.51,7395.97,143580908,true,7400,true,7400,7400:from_below
2026-06-12 09:35:00,2026-06-12,09:35:00,7396.01,7417.38,7395.76,7403.9,56170212,true,7400,false,,
2026-06-12 09:40:00,2026-06-12,09:40:00,7403.88,7404.58,7370.71,7370.75,61743945,true,7400,false,,
2026-06-12 09:45:00,2026-06-12,09:45:00,7370.84,7377.2,7363.01,7368.26,46573915,false,,false,,
2026-06-12 09:50:00,2026-06-12,09:50:00,7368.16,7378.04,7364.29,7373.32,40180850,false,,false,,
2026-06-12 09:55:00,2026-06-12,09:55:00,7373.73,7385.97,7371.71,7379.21,39822660,false,,false,,
2026-06-12 10:00:00,2026-06-12,10:00:00,7380.86,7402.9,7377.86,7399.28,44630060,true,7400,true,7400,7400:from_below
2026-06-12 10:05:00,2026-06-12,10:05:00,7399.96,7414.35,7395.5,7414.35,39914540,true,7400,false,,
2026-06-12 10:10:00,2026-06-12,10:10:00,7414.36,7417.32,7400.78,7406.05,38897070,true,7400,false,,
2026-06-12 10:15:00,2026-06-12,10:15:00,7405.98,7422.67,7405.79,7415.96,32196060,false,,false,,
2026-06-12 10:20:00,2026-06-12,10:20:00,7415.89,7420.61,7401.95,7404.24,32294210,true,7400,true,7400,7400:from_above
2026-06-12 10:25:00,2026-06-12,10:25:00,7404.34,7413.84,7404.21,7408.56,27907570,false,,false,,
2026-06-12 10:30:00,2026-06-12,10:30:00,7408.45,7417.1,7405.36,7410.43,33864480,false,,false,,
2026-06-12 10:35:00,2026-06-12,10:35:00,7410.22,7422.71,7409.9,7416.59,35297660,false,,false,,
2026-06-12 10:40:00,2026-06-12,10:40:00,7416.59,7416.61,7391.92,7391.97,29659800,true,7400,true,7400,7400:from_above
2026-06-12 10:45:00,2026-06-12,10:45:00,7392.04,7398.44,7384.44,7386.62,30769930,true,7400,false,,
2026-06-12 10:50:00,2026-06-12,10:50:00,7386.22,7427.83,7385.97,7427.83,46528710,true,7400,false,,
2026-06-12 10:55:00,2026-06-12,10:55:00,7428.39,7437.15,7422.99,7436.25,35091560,false,,false,,
2026-06-12 11:00:00,2026-06-12,11:00:00,7436.03,7442.05,7429.29,7434.12,32615620,false,,false,,
2026-06-12 11:05:00,2026-06-12,11:05:00,7433.66,7440.6,7432.12,7437.53,27410770,false,,false,,
2026-06-12 11:10:00,2026-06-12,11:10:00,7437.47,7445.27,7434.52,7443.26,27499790,false,,false,,
2026-06-12 11:15:00,2026-06-12,11:15:00,7443.45,7449.26,7438.49,7449.01,25699810,true,7450,true,7450,7450:from_below
2026-06-12 11:20:00,2026-06-12,11:20:00,7449.28,7456.01,7445.18,7454.51,24466390,true,7450,false,,
2026-06-12 11:25:00,2026-06-12,11:25:00,7454.8,7456.4,7450.65,7452.95,24673200,true,7450,false,,
2026-06-12 11:30:00,2026-06-12,11:30:00,7453.17,7453.48,7439.63,7439.63,26346520,true,7450,false,,
2026-06-12 11:35:00,2026-06-12,11:35:00,7439.43,7448.72,7426.45,7431.64,39076190,true,7450,false,,
2026-06-12 11:40:00,2026-06-12,11:40:00,7431.96,7432.52,7420.68,7422.03,30000390,false,,false,,
2026-06-12 11:45:00,2026-06-12,11:45:00,7421.91,7431.17,7406.98,7407.71,26233100,false,,false,,
2026-06-12 11:50:00,2026-06-12,11:50:00,7407.89,7424.5,7405.94,7420.14,23707230,false,,false,,
2026-06-12 11:55:00,2026-06-12,11:55:00,7421,7421.73,7396.69,7401.24,26357360,true,7400,true,7400,7400:from_above
2026-06-12 12:00:00,2026-06-12,12:00:00,7401.08,7406.53,7394.61,7402.49,28299110,true,7400,false,,
2026-06-12 12:05:00,2026-06-12,12:05:00,7401.76,7410.56,7397.31,7408.67,26673530,true,7400,false,,
2026-06-12 12:10:00,2026-06-12,12:10:00,7408.86,7430.85,7402.75,7422.89,36806730,false,,false,,
2026-06-12 12:15:00,2026-06-12,12:15:00,7423.02,7434,7417.18,7418.59,24119610,false,,false,,
2026-06-12 12:20:00,2026-06-12,12:20:00,7418.88,7423.15,7413.13,7420.1,22732750,false,,false,,
2026-06-12 12:25:00,2026-06-12,12:25:00,7419.9,7423.33,7414.24,7418.98,18907170,false,,false,,
2026-06-12 12:30:00,2026-06-12,12:30:00,7418.93,7423.37,7416.04,7423.34,18151820,false,,false,,
2026-06-12 12:35:00,2026-06-12,12:35:00,7423.12,7423.61,7416.31,7419.31,20065850,false,,false,,
2026-06-12 12:40:00,2026-06-12,12:40:00,7419.44,7426.34,7416.26,7417.89,20630430,false,,false,,
2026-06-12 12:45:00,2026-06-12,12:45:00,7417.85,7425.87,7417.26,7425.82,20022600,false,,false,,
2026-06-12 12:50:00,2026-06-12,12:50:00,7425.79,7427.76,7422.07,7423.52,20595100,false,,false,,
2026-06-12 12:55:00,2026-06-12,12:55:00,7423.36,7428.4,7416.13,7427.54,19097270,false,,false,,
2026-06-12 13:00:00,2026-06-12,13:00:00,7427.74,7433.14,7426.79,7432.56,21235470,false,,false,,
2026-06-12 13:05:00,2026-06-12,13:05:00,7432.42,7441.12,7431.69,7435.25,28343130,false,,false,,
2026-06-12 13:10:00,2026-06-12,13:10:00,7435.32,7435.9,7425.42,7432.98,20072080,false,,false,,
2026-06-12 13:15:00,2026-06-12,13:15:00,7432.49,7438.14,7430.91,7437.34,18933930,false,,false,,
2026-06-12 13:20:00,2026-06-12,13:20:00,7437.42,7439.42,7434.42,7436.6,19341470,false,,false,,
2026-06-12 13:25:00,2026-06-12,13:25:00,7436.61,7438.03,7430.06,7433.99,19518660,false,,false,,
2026-06-12 13:30:00,2026-06-12,13:30:00,7434.11,7434.54,7426.54,7427.4,18624760,false,,false,,
2026-06-12 13:35:00,2026-06-12,13:35:00,7427.37,7431.87,7426,7429.96,17872660,false,,false,,
2026-06-12 13:40:00,2026-06-12,13:40:00,7429.75,7432.51,7427.18,7429.1,18255370,false,,false,,
2026-06-12 13:45:00,2026-06-12,13:45:00,7429.16,7433.35,7428.58,7430.24,17457620,false,,false,,
2026-06-12 13:50:00,2026-06-12,13:50:00,7430.41,7432.68,7429.3,7431.01,17328370,false,,false,,
2026-06-12 13:55:00,2026-06-12,13:55:00,7430.91,7430.91,7421.78,7425.48,18825070,false,,false,,
2026-06-12 14:00:00,2026-06-12,14:00:00,7425.49,7426.97,7421.93,7422.89,19703540,false,,false,,
2026-06-12 14:05:00,2026-06-12,14:05:00,7422.83,7424.47,7417.77,7421.94,19558190,false,,false,,
2026-06-12 14:10:00,2026-06-12,14:10:00,7421.77,7431.83,7421.11,7422.96,19782270,false,,false,,
2026-06-12 14:15:00,2026-06-12,14:15:00,7422.87,7424.14,7417.04,7419.04,17837390,false,,false,,
2026-06-12 14:20:00,2026-06-12,14:20:00,7418.98,7421.23,7416.94,7419.07,19106330,false,,false,,
2026-06-12 14:25:00,2026-06-12,14:25:00,7419.11,7425.4,7417.75,7424.65,23677830,false,,false,,
2026-06-12 14:30:00,2026-06-12,14:30:00,7424.6,7430.05,7424.51,7428.63,20155130,false,,false,,
2026-06-12 14:35:00,2026-06-12,14:35:00,7428.72,7429.43,7427.11,7429.19,16864110,false,,false,,
2026-06-12 14:40:00,2026-06-12,14:40:00,7429.19,7435.18,7429.19,7434.37,21484480,false,,false,,
2026-06-12 14:45:00,2026-06-12,14:45:00,7434.29,7435.06,7430.56,7432.16,18783270,false,,false,,
2026-06-12 14:50:00,2026-06-12,14:50:00,7432.12,7433.43,7427.49,7432.79,19244540,false,,false,,
2026-06-12 14:55:00,2026-06-12,14:55:00,7432.78,7432.78,7422.37,7422.68,21726410,false,,false,,
2026-06-12 15:00:00,2026-06-12,15:00:00,7422.64,7432.65,7422.07,7432.12,23120140,false,,false,,
2026-06-12 15:05:00,2026-06-12,15:05:00,7431.97,7434.22,7428.56,7429.99,20528190,false,,false,,
2026-06-12 15:10:00,2026-06-12,15:10:00,7430.04,7430.39,7425.36,7427.11,22512300,false,,false,,
2026-06-12 15:15:00,2026-06-12,15:15:00,7426.82,7429.02,7422.75,7428.98,25114050,false,,false,,
2026-06-12 15:20:00,2026-06-12,15:20:00,7428.98,7429.6,7426.34,7428.5,24086140,false,,false,,
2026-06-12 15:25:00,2026-06-12,15:25:00,7428.49,7431.52,7426.22,7426.78,29808320,false,,false,,
2026-06-12 15:30:00,2026-06-12,15:30:00,7427.3,7427.59,7417.82,7417.88,35398850,false,,false,,
2026-06-12 15:35:00,2026-06-12,15:35:00,7417.85,7426.46,7413.15,7418.94,38779340,false,,false,,
2026-06-12 15:40:00,2026-06-12,15:40:00,7418.92,7423.99,7416.99,7420.98,37692890,false,,false,,
2026-06-12 15:45:00,2026-06-12,15:45:00,7420.7,7422.99,7417.12,7421.74,47939500,false,,false,,
2026-06-12 15:50:00,2026-06-12,15:50:00,7421.69,7425.02,7420.37,7425.02,70037440,false,,false,,
2026-06-12 15:55:00,2026-06-12,15:55:00,7425.13,7432.15,7425.13,7431.46,185832890,false,,false,,
2026-06-12 16:00:00,2026-06-12,16:00:00,7430.61,7431.48,7430.61,7431.45,471157490,false,,false,,
2026-06-15 09:30:00,2026-06-15,09:30:00,7531.69,7542.82,7526.81,7538.74,189823503,false,,false,,
2026-06-15 09:35:00,2026-06-15,09:35:00,7538.63,7546.72,7538.63,7542.07,70919868,false,,false,,
2026-06-15 09:40:00,2026-06-15,09:40:00,7542.34,7544.93,7537.89,7539.71,58339329,false,,false,,
2026-06-15 09:45:00,2026-06-15,09:45:00,7539.89,7550.59,7539.89,7550.1,49967450,true,7550,true,7550,7550:from_below
2026-06-15 09:50:00,2026-06-15,09:50:00,7549.65,7552.67,7547.67,7548.96,45041250,true,7550,false,,
2026-06-15 09:55:00,2026-06-15,09:55:00,7548.55,7552.06,7543.26,7543.26,43151340,true,7550,false,,
2026-06-15 10:00:00,2026-06-15,10:00:00,7543.93,7550.99,7541.75,7547.8,47287240,true,7550,false,,
2026-06-15 10:05:00,2026-06-15,10:05:00,7548.17,7550.4,7540.94,7543.27,42929930,true,7550,false,,
2026-06-15 10:10:00,2026-06-15,10:10:00,7543.5,7544.04,7535.85,7541.15,43797260,false,,false,,
2026-06-15 10:15:00,2026-06-15,10:15:00,7541.15,7544.68,7537.23,7543.86,39815280,false,,false,,
2026-06-15 10:20:00,2026-06-15,10:20:00,7543.82,7546.04,7537.92,7541.38,36509290,false,,false,,
2026-06-15 10:25:00,2026-06-15,10:25:00,7541.43,7548.96,7540.95,7548.05,36951600,true,7550,true,7550,7550:from_below
2026-06-15 10:30:00,2026-06-15,10:30:00,7548.04,7548.88,7540.88,7543.11,38481890,true,7550,false,,
2026-06-15 10:35:00,2026-06-15,10:35:00,7543.34,7546.7,7542.46,7545.11,33699250,false,,false,,
2026-06-15 10:40:00,2026-06-15,10:40:00,7545.05,7545.39,7542.19,7543.91,31190650,false,,false,,
2026-06-15 10:45:00,2026-06-15,10:45:00,7543.99,7549.4,7543.99,7546.41,32837670,true,7550,true,7550,7550:from_below
2026-06-15 10:50:00,2026-06-15,10:50:00,7546.08,7551.38,7546.08,7550.11,31349290,true,7550,false,,
2026-06-15 10:55:00,2026-06-15,10:55:00,7550.21,7554.99,7549.68,7552.88,36165570,true,7550,false,,
2026-06-15 11:00:00,2026-06-15,11:00:00,7553.18,7558.99,7553,7558.14,33248110,false,,false,,
2026-06-15 11:05:00,2026-06-15,11:05:00,7558.08,7559.42,7555.35,7558.24,30167900,false,,false,,
2026-06-15 11:10:00,2026-06-15,11:10:00,7558.46,7559.11,7555.76,7558.4,27083850,false,,false,,
2026-06-15 11:15:00,2026-06-15,11:15:00,7558.19,7559.64,7556.52,7557.75,25016570,false,,false,,
2026-06-15 11:20:00,2026-06-15,11:20:00,7557.87,7561.75,7557.64,7559.81,25202430,false,,false,,
2026-06-15 11:25:00,2026-06-15,11:25:00,7559.71,7563.75,7559.62,7562.7,27171850,false,,false,,
2026-06-15 11:30:00,2026-06-15,11:30:00,7562.73,7565.44,7559.9,7559.97,30140800,false,,false,,
2026-06-15 11:35:00,2026-06-15,11:35:00,7559.93,7565,7559.79,7563.84,26200240,false,,false,,
2026-06-15 11:40:00,2026-06-15,11:40:00,7564.02,7566.31,7563.09,7565.64,23196730,false,,false,,
2026-06-15 11:45:00,2026-06-15,11:45:00,7565.58,7571.96,7565.58,7571.76,26152800,false,,false,,
2026-06-15 11:50:00,2026-06-15,11:50:00,7571.85,7573.29,7570.49,7571.69,23446650,false,,false,,
2026-06-15 11:55:00,2026-06-15,11:55:00,7571.9,7574.19,7570.64,7572.71,23078190,false,,false,,
2026-06-15 12:00:00,2026-06-15,12:00:00,7572.8,7577.92,7572.8,7575.95,25841150,false,,false,,
2026-06-15 12:05:00,2026-06-15,12:05:00,7575.91,7576.32,7574.15,7574.36,20354560,false,,false,,
2026-06-15 12:10:00,2026-06-15,12:10:00,7574.28,7576.08,7572.36,7573.21,20889040,false,,false,,
2026-06-15 12:15:00,2026-06-15,12:15:00,7573.22,7574.1,7570.51,7572.99,21474820,false,,false,,
2026-06-15 12:20:00,2026-06-15,12:20:00,7572.74,7576.12,7572.74,7575.9,20840410,false,,false,,
2026-06-15 12:25:00,2026-06-15,12:25:00,7576.04,7576.78,7573.91,7575.85,23346070,false,,false,,
2026-06-15 12:30:00,2026-06-15,12:30:00,7575.91,7577.33,7573.09,7573.21,22112760,false,,false,,
2026-06-15 12:35:00,2026-06-15,12:35:00,7573.13,7574.7,7569.77,7570.64,20327980,false,,false,,
2026-06-15 12:40:00,2026-06-15,12:40:00,7570.52,7573.35,7569.19,7571.04,18627300,false,,false,,
2026-06-15 12:45:00,2026-06-15,12:45:00,7570.91,7570.91,7566.86,7568.12,20469700,false,,false,,
2026-06-15 12:50:00,2026-06-15,12:50:00,7568.32,7570.79,7568.1,7568.42,18831770,false,,false,,
2026-06-15 12:55:00,2026-06-15,12:55:00,7568.46,7570.89,7567.45,7570.07,22466740,false,,false,,
2026-06-15 13:00:00,2026-06-15,13:00:00,7570.11,7571.41,7564.72,7569.15,21727020,false,,false,,
2026-06-15 13:05:00,2026-06-15,13:05:00,7569.31,7571,7565.3,7565.48,20753620,false,,false,,
2026-06-15 13:10:00,2026-06-15,13:10:00,7565.33,7569.94,7564.83,7569.18,17079950,false,,false,,
2026-06-15 13:15:00,2026-06-15,13:15:00,7569.21,7573.16,7568.27,7571.36,19121660,false,,false,,
2026-06-15 13:20:00,2026-06-15,13:20:00,7571.45,7574.05,7570.75,7573.08,22426540,false,,false,,
2026-06-15 13:25:00,2026-06-15,13:25:00,7573.01,7574.64,7571.63,7572.52,17193590,false,,false,,
2026-06-15 13:30:00,2026-06-15,13:30:00,7572.65,7574.24,7568.83,7570.45,21027970,false,,false,,
2026-06-15 13:35:00,2026-06-15,13:35:00,7570.36,7572.89,7570.36,7571.65,19344580,false,,false,,
2026-06-15 13:40:00,2026-06-15,13:40:00,7571.59,7571.76,7568.66,7568.89,18843750,false,,false,,
2026-06-15 13:45:00,2026-06-15,13:45:00,7568.84,7569.72,7567.25,7569.15,17701070,false,,false,,
2026-06-15 13:50:00,2026-06-15,13:50:00,7569.19,7569.28,7565.93,7566.06,22505050,false,,false,,
2026-06-15 13:55:00,2026-06-15,13:55:00,7565.94,7566.1,7562.31,7563.3,21420280,false,,false,,
2026-06-15 14:00:00,2026-06-15,14:00:00,7563.34,7564.56,7558.18,7559.11,25077610,false,,false,,
2026-06-15 14:05:00,2026-06-15,14:05:00,7559.03,7562.7,7558.2,7561.09,19483970,false,,false,,
2026-06-15 14:10:00,2026-06-15,14:10:00,7561.4,7563.4,7560.85,7563.33,19849060,false,,false,,
2026-06-15 14:15:00,2026-06-15,14:15:00,7563.37,7564.58,7562.23,7562.59,21340230,false,,false,,
2026-06-15 14:20:00,2026-06-15,14:20:00,7562.59,7562.69,7560.51,7561.19,21778380,false,,false,,
2026-06-15 14:25:00,2026-06-15,14:25:00,7561.19,7562.2,7558.32,7558.53,23068450,false,,false,,
2026-06-15 14:30:00,2026-06-15,14:30:00,7558.6,7560.76,7556.09,7559.86,24338100,false,,false,,
2026-06-15 14:35:00,2026-06-15,14:35:00,7559.81,7563.89,7559.02,7563.41,19883370,false,,false,,
2026-06-15 14:40:00,2026-06-15,14:40:00,7563.51,7564.34,7561.83,7564.2,21605390,false,,false,,
2026-06-15 14:45:00,2026-06-15,14:45:00,7564.05,7565.94,7562.99,7563.89,20904450,false,,false,,
2026-06-15 14:50:00,2026-06-15,14:50:00,7563.96,7564.72,7562.14,7563.25,20408300,false,,false,,
2026-06-15 14:55:00,2026-06-15,14:55:00,7563.21,7564.08,7560.04,7560.92,21555620,false,,false,,
2026-06-15 15:00:00,2026-06-15,15:00:00,7561.09,7561.82,7559,7559.6,24309130,false,,false,,
2026-06-15 15:05:00,2026-06-15,15:05:00,7559.42,7560.78,7558.58,7559.78,24975940,false,,false,,
2026-06-15 15:10:00,2026-06-15,15:10:00,7559.82,7562.33,7558.58,7561.1,24200680,false,,false,,
2026-06-15 15:15:00,2026-06-15,15:15:00,7561.14,7563.58,7560.18,7560.67,28302500,false,,false,,
2026-06-15 15:20:00,2026-06-15,15:20:00,7560.63,7561,7557.36,7557.96,25699650,false,,false,,
2026-06-15 15:25:00,2026-06-15,15:25:00,7557.96,7558.8,7554.55,7554.79,31299130,false,,false,,
2026-06-15 15:30:00,2026-06-15,15:30:00,7554.42,7557.44,7553.16,7553.84,41186300,false,,false,,
2026-06-15 15:35:00,2026-06-15,15:35:00,7554.21,7555.03,7552.46,7554.41,36411200,false,,false,,
2026-06-15 15:40:00,2026-06-15,15:40:00,7554.47,7556.01,7553.63,7555.08,39545800,false,,false,,
2026-06-15 15:45:00,2026-06-15,15:45:00,7555.01,7560.09,7554.37,7558.26,49366720,false,,false,,
2026-06-15 15:50:00,2026-06-15,15:50:00,7558.21,7558.21,7548.75,7549.89,85472460,true,7550,true,7550,7550:from_above
2026-06-15 15:55:00,2026-06-15,15:55:00,7550.17,7555.25,7545.67,7555.25,217116490,true,7550,false,,
2026-06-15 16:00:00,2026-06-15,16:00:00,7556.04,7556.04,7554.28,7554.28,752779110,false,,false,,
2026-06-16 09:30:00,2026-06-16,09:30:00,7548.78,7562.72,7548.78,7561.44,121060406,true,7550,true,7550,7550:from_above
2026-06-16 09:35:00,2026-06-16,09:35:00,7561.78,7564.42,7557.79,7557.79,46058001,false,,false,,
2026-06-16 09:40:00,2026-06-16,09:40:00,7557.44,7563.07,7557.35,7558.87,45656721,false,,false,,
2026-06-16 09:45:00,2026-06-16,09:45:00,7559.05,7564.96,7558.73,7561.53,42022785,false,,false,,
2026-06-16 09:50:00,2026-06-16,09:50:00,7561.93,7563.73,7558.6,7559.59,37585507,false,,false,,
2026-06-16 09:55:00,2026-06-16,09:55:00,7559.99,7560.94,7549.98,7550.55,37188670,true,7550,true,7550,7550:from_above
2026-06-16 10:00:00,2026-06-16,10:00:00,7551.46,7558.09,7551.35,7557.65,38607870,true,7550,false,,
2026-06-16 10:05:00,2026-06-16,10:05:00,7557.34,7561.3,7552.36,7561.3,35118210,false,,false,,
2026-06-16 10:10:00,2026-06-16,10:10:00,7561.85,7563.01,7556.68,7558.19,35278060,false,,false,,
2026-06-16 10:15:00,2026-06-16,10:15:00,7558.45,7560.7,7549.62,7550.73,34584760,true,7550,true,7550,7550:from_above
2026-06-16 10:20:00,2026-06-16,10:20:00,7550.38,7554.14,7542.13,7545.93,37353910,true,7550,false,,
2026-06-16 10:25:00,2026-06-16,10:25:00,7546.24,7550.56,7541.66,7541.8,34092800,true,7550,false,,
2026-06-16 10:30:00,2026-06-16,10:30:00,7541.04,7541.04,7533.03,7535.63,41319040,false,,false,,
2026-06-16 10:35:00,2026-06-16,10:35:00,7535.37,7546.75,7535.3,7546.15,33509850,false,,false,,
2026-06-16 10:40:00,2026-06-16,10:40:00,7546.44,7550.93,7544.06,7544.36,27924420,true,7550,true,7550,7550:from_below
2026-06-16 10:45:00,2026-06-16,10:45:00,7544.28,7544.83,7540.52,7541.87,27896570,false,,false,,
2026-06-16 10:50:00,2026-06-16,10:50:00,7541.84,7547.63,7541.69,7542.8,25975050,false,,false,,
2026-06-16 10:55:00,2026-06-16,10:55:00,7542.87,7544.02,7535.65,7539.59,29888240,false,,false,,
2026-06-16 11:00:00,2026-06-16,11:00:00,7540.28,7544.67,7539.27,7543.28,25696420,false,,false,,
2026-06-16 11:05:00,2026-06-16,11:05:00,7543.39,7545.77,7540.5,7544.47,30906150,false,,false,,
2026-06-16 11:10:00,2026-06-16,11:10:00,7544.46,7547.74,7541.41,7544.69,23846410,false,,false,,
2026-06-16 11:15:00,2026-06-16,11:15:00,7544.76,7546.98,7540.57,7540.93,24210390,false,,false,,
2026-06-16 11:20:00,2026-06-16,11:20:00,7540.75,7542.82,7536.43,7539.42,26930540,false,,false,,
2026-06-16 11:25:00,2026-06-16,11:25:00,7539.37,7541.08,7533.32,7536.65,28691440,false,,false,,
2026-06-16 11:30:00,2026-06-16,11:30:00,7536.52,7543.46,7536.52,7541.62,23343190,false,,false,,
2026-06-16 11:35:00,2026-06-16,11:35:00,7541.81,7544.62,7536.92,7538.64,23227010,false,,false,,
2026-06-16 11:40:00,2026-06-16,11:40:00,7538.87,7539.95,7534.13,7534.8,24295210,false,,false,,
2026-06-16 11:45:00,2026-06-16,11:45:00,7534.93,7536.46,7527.4,7531.99,31534050,false,,false,,
2026-06-16 11:50:00,2026-06-16,11:50:00,7532.23,7542.39,7530.37,7541.77,28014710,false,,false,,
2026-06-16 11:55:00,2026-06-16,11:55:00,7541.67,7544.03,7537.78,7537.97,23738010,false,,false,,
2026-06-16 12:00:00,2026-06-16,12:00:00,7537.96,7546.56,7537.4,7543.58,24069100,false,,false,,
2026-06-16 12:05:00,2026-06-16,12:05:00,7543.59,7546.7,7542.94,7545.19,22567330,false,,false,,
2026-06-16 12:10:00,2026-06-16,12:10:00,7545.02,7549.64,7544.06,7547.13,23989840,true,7550,true,7550,7550:from_below
2026-06-16 12:15:00,2026-06-16,12:15:00,7546.84,7548.74,7543.62,7546.6,19966490,true,7550,false,,
2026-06-16 12:20:00,2026-06-16,12:20:00,7546.35,7548.88,7544.8,7545.52,22469930,true,7550,false,,
2026-06-16 12:25:00,2026-06-16,12:25:00,7545.63,7546.42,7542.2,7544.06,18201210,false,,false,,
2026-06-16 12:30:00,2026-06-16,12:30:00,7543.95,7544.48,7535.1,7535.1,28183080,false,,false,,
2026-06-16 12:35:00,2026-06-16,12:35:00,7535,7538.36,7534.19,7537.58,19801870,false,,false,,
2026-06-16 12:40:00,2026-06-16,12:40:00,7537.65,7542.28,7535.9,7540.75,19655700,false,,false,,
2026-06-16 12:45:00,2026-06-16,12:45:00,7540.8,7542.29,7537.37,7537.58,19601160,false,,false,,
2026-06-16 12:50:00,2026-06-16,12:50:00,7537.4,7540.81,7534.72,7536.33,22112410,false,,false,,
2026-06-16 12:55:00,2026-06-16,12:55:00,7536.36,7537.6,7533.43,7537.43,20138310,false,,false,,
2026-06-16 13:00:00,2026-06-16,13:00:00,7537.52,7537.53,7533.63,7534.63,19551570,false,,false,,
2026-06-16 13:05:00,2026-06-16,13:05:00,7534.74,7535.07,7532.49,7534.47,16958170,false,,false,,
2026-06-16 13:10:00,2026-06-16,13:10:00,7534.42,7537.95,7534.32,7536.15,19518140,false,,false,,
2026-06-16 13:15:00,2026-06-16,13:15:00,7536.08,7537.16,7531.33,7531.71,19706480,false,,false,,
2026-06-16 13:20:00,2026-06-16,13:20:00,7531.67,7534,7529.2,7533.9,19979110,false,,false,,
2026-06-16 13:25:00,2026-06-16,13:25:00,7533.8,7534.34,7531.21,7532.47,16652140,false,,false,,
2026-06-16 13:30:00,2026-06-16,13:30:00,7532.22,7532.7,7529.69,7530.98,18935810,false,,false,,
2026-06-16 13:35:00,2026-06-16,13:35:00,7530.79,7532.01,7525.28,7526.76,23044710,false,,false,,
2026-06-16 13:40:00,2026-06-16,13:40:00,7526.71,7531.69,7525.41,7529.66,20526250,false,,false,,
2026-06-16 13:45:00,2026-06-16,13:45:00,7529.59,7531.61,7527.52,7531.12,17563110,false,,false,,
2026-06-16 13:50:00,2026-06-16,13:50:00,7531.4,7535.52,7530.38,7535.49,22401990,false,,false,,
2026-06-16 13:55:00,2026-06-16,13:55:00,7535.45,7536.78,7531.11,7531.53,17990500,false,,false,,
2026-06-16 14:00:00,2026-06-16,14:00:00,7531.44,7533.43,7530.53,7532.47,20313720,false,,false,,
2026-06-16 14:05:00,2026-06-16,14:05:00,7532.45,7532.97,7529.78,7530.45,18928250,false,,false,,
2026-06-16 14:10:00,2026-06-16,14:10:00,7530.4,7532.57,7530.04,7530.56,18161850,false,,false,,
2026-06-16 14:15:00,2026-06-16,14:15:00,7530.49,7531.52,7527.73,7529.98,18699880,false,,false,,
2026-06-16 14:20:00,2026-06-16,14:20:00,7530.03,7532.12,7528.9,7530.68,16227210,false,,false,,
2026-06-16 14:25:00,2026-06-16,14:25:00,7530.74,7533.7,7530.48,7531.8,16507620,false,,false,,
2026-06-16 14:30:00,2026-06-16,14:30:00,7531.84,7532.56,7528.81,7529.55,18424000,false,,false,,
2026-06-16 14:35:00,2026-06-16,14:35:00,7529.41,7532.55,7527.94,7531.12,18597490,false,,false,,
2026-06-16 14:40:00,2026-06-16,14:40:00,7531.07,7532.1,7529.63,7531.25,18372640,false,,false,,
2026-06-16 14:45:00,2026-06-16,14:45:00,7531.34,7532.68,7528.52,7528.52,19031910,false,,false,,
2026-06-16 14:50:00,2026-06-16,14:50:00,7528.65,7529.85,7527.63,7528.66,23360240,false,,false,,
2026-06-16 14:55:00,2026-06-16,14:55:00,7528.66,7530.4,7526.48,7527.81,23322450,false,,false,,
2026-06-16 15:00:00,2026-06-16,15:00:00,7527.9,7529,7524.33,7527.99,25168370,false,,false,,
2026-06-16 15:05:00,2026-06-16,15:05:00,7528.04,7528.04,7523.37,7523.4,24901810,false,,false,,
2026-06-16 15:10:00,2026-06-16,15:10:00,7523.52,7524.72,7518.81,7519.93,27789020,false,,false,,
2026-06-16 15:15:00,2026-06-16,15:15:00,7519.78,7520.28,7511.63,7520.1,34052890,false,,false,,
2026-06-16 15:20:00,2026-06-16,15:20:00,7520.22,7525.22,7519.48,7524.57,29662820,false,,false,,
2026-06-16 15:25:00,2026-06-16,15:25:00,7524.49,7525.9,7520.5,7522.16,29069060,false,,false,,
2026-06-16 15:30:00,2026-06-16,15:30:00,7522.26,7523.57,7517.16,7517.45,33831650,false,,false,,
2026-06-16 15:35:00,2026-06-16,15:35:00,7517.27,7520.42,7514.35,7514.65,34129010,false,,false,,
2026-06-16 15:40:00,2026-06-16,15:40:00,7514.82,7520.39,7514.01,7520.09,34728230,false,,false,,
2026-06-16 15:45:00,2026-06-16,15:45:00,7520.12,7520.6,7516.1,7518.63,45378160,false,,false,,
2026-06-16 15:50:00,2026-06-16,15:50:00,7518.8,7521.92,7514.9,7521,80088420,false,,false,,
2026-06-16 15:55:00,2026-06-16,15:55:00,7517.79,7521.43,7508.68,7512.45,213242760,false,,false,,
2026-06-16 16:00:00,2026-06-16,16:00:00,7512.54,7512.54,7511.34,7511.34,623171030,false,,false,,
2026-06-17 09:30:00,2026-06-17,09:30:00,7521.99,7522.74,7513.07,7516.85,53062548,false,,false,,
2026-06-17 09:35:00,2026-06-17,09:35:00,7516.98,7520.45,7513.69,7514.73,43097876,false,,false,,
2026-06-17 09:40:00,2026-06-17,09:40:00,7514.79,7526.81,7513.95,7526.55,40489403,false,,false,,
2026-06-17 09:45:00,2026-06-17,09:45:00,7526.55,7529.18,7522.92,7523.4,38871703,false,,false,,
2026-06-17 09:50:00,2026-06-17,09:50:00,7522.71,7526.35,7520.29,7524.58,40355641,false,,false,,
2026-06-17 09:55:00,2026-06-17,09:55:00,7524.7,7524.94,7509.68,7509.68,36630250,false,,false,,
2026-06-17 10:00:00,2026-06-17,10:00:00,7509.63,7516.65,7507.33,7514.39,37128040,false,,false,,
2026-06-17 10:05:00,2026-06-17,10:05:00,7514.84,7521.74,7510.37,7517.63,31320150,false,,false,,
2026-06-17 10:10:00,2026-06-17,10:10:00,7517.48,7523.42,7514.48,7522.75,29508950,false,,false,,
2026-06-17 10:15:00,2026-06-17,10:15:00,7522.99,7526.49,7522.13,7524.55,30577990,false,,false,,
2026-06-17 10:20:00,2026-06-17,10:20:00,7524.82,7532.17,7522.59,7531.84,31785680,false,,false,,
2026-06-17 10:25:00,2026-06-17,10:25:00,7531.91,7531.91,7525.3,7527.79,28474480,false,,false,,
2026-06-17 10:30:00,2026-06-17,10:30:00,7527.79,7528.51,7514.91,7518.85,27575690,false,,false,,
2026-06-17 10:35:00,2026-06-17,10:35:00,7518.75,7519.19,7510.54,7510.74,26618230,false,,false,,
2026-06-17 10:40:00,2026-06-17,10:40:00,7510.77,7514.38,7503.37,7513.3,28146190,false,,false,,
2026-06-17 10:45:00,2026-06-17,10:45:00,7513.49,7517,7489.94,7504.31,41939220,true,7500,true,7500,7500:from_above
2026-06-17 10:50:00,2026-06-17,10:50:00,7504.64,7512.86,7502.47,7512.04,26994190,false,,false,,
2026-06-17 10:55:00,2026-06-17,10:55:00,7511.89,7511.89,7500.63,7501.5,25973050,true,7500,true,7500,7500:from_above
2026-06-17 11:00:00,2026-06-17,11:00:00,7501.62,7505.12,7500.66,7502.52,28380580,true,7500,false,,
2026-06-17 11:05:00,2026-06-17,11:05:00,7502.72,7505.83,7497.11,7498.16,25387380,true,7500,false,,
2026-06-17 11:10:00,2026-06-17,11:10:00,7498.14,7508.45,7498.14,7507.12,23355110,true,7500,false,,
2026-06-17 11:15:00,2026-06-17,11:15:00,7507.31,7512.73,7505.25,7508.97,26051970,false,,false,,
2026-06-17 11:20:00,2026-06-17,11:20:00,7508.87,7511.84,7507.3,7509.27,25146060,false,,false,,
2026-06-17 11:25:00,2026-06-17,11:25:00,7509.25,7510.89,7506.88,7510.63,24040520,false,,false,,
2026-06-17 11:30:00,2026-06-17,11:30:00,7510.75,7517.76,7508.8,7516.17,23802280,false,,false,,
2026-06-17 11:35:00,2026-06-17,11:35:00,7516.28,7518.68,7514.36,7517.93,21846470,false,,false,,
2026-06-17 11:40:00,2026-06-17,11:40:00,7518.08,7518.44,7512.92,7514.3,20288900,false,,false,,
2026-06-17 11:45:00,2026-06-17,11:45:00,7514.45,7518.3,7514.17,7517.7,21319960,false,,false,,
2026-06-17 11:50:00,2026-06-17,11:50:00,7517.77,7519.23,7514.13,7515.53,19619950,false,,false,,
2026-06-17 11:55:00,2026-06-17,11:55:00,7515.5,7518.79,7514.39,7517.34,19317780,false,,false,,
2026-06-17 12:00:00,2026-06-17,12:00:00,7517.1,7520.27,7517.1,7518.58,26673430,false,,false,,
2026-06-17 12:05:00,2026-06-17,12:05:00,7518.53,7518.72,7516.13,7517.23,21448790,false,,false,,
2026-06-17 12:10:00,2026-06-17,12:10:00,7517.18,7517.29,7514.11,7517.16,22406500,false,,false,,
2026-06-17 12:15:00,2026-06-17,12:15:00,7517.15,7520.1,7515.45,7520.1,20012620,false,,false,,
2026-06-17 12:20:00,2026-06-17,12:20:00,7520.14,7520.92,7518.33,7520.11,22004370,false,,false,,
2026-06-17 12:25:00,2026-06-17,12:25:00,7520.09,7521.04,7518.39,7518.96,18988380,false,,false,,
2026-06-17 12:30:00,2026-06-17,12:30:00,7518.71,7519.73,7514.24,7514.86,22367600,false,,false,,
2026-06-17 12:35:00,2026-06-17,12:35:00,7514.69,7516.72,7513.1,7516.24,21083790,false,,false,,
2026-06-17 12:40:00,2026-06-17,12:40:00,7516.24,7516.3,7510.95,7513.14,19508930,false,,false,,
2026-06-17 12:45:00,2026-06-17,12:45:00,7513.11,7513.15,7510.08,7511.22,20075670,false,,false,,
2026-06-17 12:50:00,2026-06-17,12:50:00,7511.31,7513.08,7510.35,7510.77,17461990,false,,false,,
2026-06-17 12:55:00,2026-06-17,12:55:00,7510.93,7512.9,7510.04,7510.78,17589150,false,,false,,
2026-06-17 13:00:00,2026-06-17,13:00:00,7510.91,7510.98,7504.21,7505.89,21624050,false,,false,,
2026-06-17 13:05:00,2026-06-17,13:05:00,7505.95,7507.3,7499.64,7504.74,28602740,true,7500,true,7500,7500:from_above
2026-06-17 13:10:00,2026-06-17,13:10:00,7504.82,7507.09,7503.97,7504.2,19849110,false,,false,,
2026-06-17 13:15:00,2026-06-17,13:15:00,7504,7504.77,7501.01,7504.75,19068820,true,7500,true,7500,7500:from_above
2026-06-17 13:20:00,2026-06-17,13:20:00,7504.8,7507.43,7502.51,7504.52,17394650,false,,false,,
2026-06-17 13:25:00,2026-06-17,13:25:00,7504.52,7508.31,7503.67,7507.21,17736070,false,,false,,
2026-06-17 13:30:00,2026-06-17,13:30:00,7507.18,7507.18,7501.97,7502.42,19601070,true,7500,true,7500,7500:from_above
2026-06-17 13:35:00,2026-06-17,13:35:00,7502.38,7507.87,7502.18,7506.73,18774980,false,,false,,
2026-06-17 13:40:00,2026-06-17,13:40:00,7506.78,7506.9,7503.02,7503.37,16763260,false,,false,,
2026-06-17 13:45:00,2026-06-17,13:45:00,7503.41,7507.28,7503.01,7507.05,19293020,false,,false,,
2026-06-17 13:50:00,2026-06-17,13:50:00,7506.85,7516.42,7506.22,7514.59,20299570,false,,false,,
2026-06-17 13:55:00,2026-06-17,13:55:00,7514.5,7517.48,7512.41,7517.48,19313500,false,,false,,
2026-06-17 14:00:00,2026-06-17,14:00:00,7518.45,7518.45,7462.82,7462.82,57870370,true,7500,true,7500,7500:from_above
2026-06-17 14:05:00,2026-06-17,14:05:00,7462.74,7478.97,7445.53,7478.21,48669180,true,7450,true,7450,7450:from_above
2026-06-17 14:10:00,2026-06-17,14:10:00,7477.94,7481.88,7471.24,7476.54,34415710,false,,false,,
2026-06-17 14:15:00,2026-06-17,14:15:00,7476.39,7489.55,7476.39,7488.28,29473080,false,,false,,
2026-06-17 14:20:00,2026-06-17,14:20:00,7487.8,7488.09,7470.86,7472.06,24694170,false,,false,,
2026-06-17 14:25:00,2026-06-17,14:25:00,7472.44,7475.45,7464.19,7473.41,26237280,false,,false,,
2026-06-17 14:30:00,2026-06-17,14:30:00,7473.14,7490.38,7468.09,7469.69,48954700,false,,false,,
2026-06-17 14:35:00,2026-06-17,14:35:00,7469.19,7498.62,7469.19,7492.1,34786400,true,7500,true,7500,7500:from_below
2026-06-17 14:40:00,2026-06-17,14:40:00,7492.03,7513.37,7489.44,7510.97,35160670,true,7500,false,,
2026-06-17 14:45:00,2026-06-17,14:45:00,7510.88,7510.88,7497.46,7499.57,29624500,true,7500,false,,
2026-06-17 14:50:00,2026-06-17,14:50:00,7499.52,7503.58,7493.24,7495.01,27085630,true,7500,false,,
2026-06-17 14:55:00,2026-06-17,14:55:00,7494.96,7494.96,7462.77,7471.73,36616460,false,,false,,
2026-06-17 15:00:00,2026-06-17,15:00:00,7470.97,7481.6,7467.8,7471.96,34712920,false,,false,,
2026-06-17 15:05:00,2026-06-17,15:05:00,7471.78,7477.99,7467.24,7467.93,30135060,false,,false,,
2026-06-17 15:10:00,2026-06-17,15:10:00,7468.22,7480.45,7454.82,7476.81,38234660,false,,false,,
2026-06-17 15:15:00,2026-06-17,15:15:00,7477.05,7477.9,7452.87,7452.95,35269640,false,,false,,
2026-06-17 15:20:00,2026-06-17,15:20:00,7452.49,7452.49,7429.3,7429.3,46965310,true,7450,true,7450,7450:from_above
2026-06-17 15:25:00,2026-06-17,15:25:00,7429.2,7444.06,7429.2,7431.96,41359780,false,,false,,
2026-06-17 15:30:00,2026-06-17,15:30:00,7431.68,7433.42,7418.99,7419.68,50299610,false,,false,,
2026-06-17 15:35:00,2026-06-17,15:35:00,7419.22,7429.6,7402.61,7405.09,50467880,false,,false,,
2026-06-17 15:40:00,2026-06-17,15:40:00,7405.24,7414.71,7403.79,7409.26,53384410,false,,false,,
2026-06-17 15:45:00,2026-06-17,15:45:00,7409.33,7426.47,7408.79,7417.68,60559910,false,,false,,
2026-06-17 15:50:00,2026-06-17,15:50:00,7418.19,7420.82,7406.02,7409.74,96153760,false,,false,,
2026-06-17 15:55:00,2026-06-17,15:55:00,7409.72,7426.69,7409.72,7420.23,211116290,false,,false,,
2026-06-17 16:00:00,2026-06-17,16:00:00,7420.11,7420.2,7420.07,7420.07,679021110,false,,false,,
2026-06-17 16:05:00,2026-06-17,16:05:00,7420.11,7420.11,7420.11,7420.11,14056900,false,,false,,
2026-06-18 09:30:00,2026-06-18,09:30:00,7501.8,7509.44,7489.04,7489.04,164909070,true,7500,true,7500,7500:from_below
2026-06-18 09:35:00,2026-06-18,09:35:00,7489.22,7489.54,7473.54,7475.83,63214410,false,,false,,
2026-06-18 09:40:00,2026-06-18,09:40:00,7475.63,7480.37,7469.52,7469.77,54813520,false,,false,,
2026-06-18 09:45:00,2026-06-18,09:45:00,7469.88,7481.65,7468.32,7481.28,52490290,false,,false,,
2026-06-18 09:50:00,2026-06-18,09:50:00,7481.06,7486.76,7476.18,7476.26,50865070,false,,false,,
2026-06-18 09:55:00,2026-06-18,09:55:00,7476.33,7479.87,7469.23,7476.64,46058930,false,,false,,
2026-06-18 10:00:00,2026-06-18,10:00:00,7476.47,7482.85,7474,7478.16,49598390,false,,false,,
2026-06-18 10:05:00,2026-06-18,10:05:00,7478.28,7490.99,7476.94,7488.39,50543450,false,,false,,
2026-06-18 10:10:00,2026-06-18,10:10:00,7488.32,7488.45,7475.49,7478.14,42715620,false,,false,,
2026-06-18 10:15:00,2026-06-18,10:15:00,7478.07,7493.29,7472.73,7490.61,40405220,false,,false,,
2026-06-18 10:20:00,2026-06-18,10:20:00,7490.59,7497.73,7485.38,7494.4,38640550,false,,false,,
2026-06-18 10:25:00,2026-06-18,10:25:00,7494.31,7495.26,7480.58,7482.16,36525960,false,,false,,
2026-06-18 10:30:00,2026-06-18,10:30:00,7482.1,7487.92,7473.74,7487.92,36627790,false,,false,,
2026-06-18 10:35:00,2026-06-18,10:35:00,7488.04,7495.79,7484.79,7494.69,36247410,false,,false,,
2026-06-18 10:40:00,2026-06-18,10:40:00,7494.66,7496.13,7488.83,7491.26,32202570,false,,false,,
2026-06-18 10:45:00,2026-06-18,10:45:00,7491.22,7502.75,7490.94,7500.78,32672240,true,7500,true,7500,7500:from_below
2026-06-18 10:50:00,2026-06-18,10:50:00,7500.84,7500.84,7492.61,7495.88,30444800,true,7500,false,,
2026-06-18 10:55:00,2026-06-18,10:55:00,7495.97,7501.67,7495.21,7498.1,28457630,true,7500,false,,
2026-06-18 11:00:00,2026-06-18,11:00:00,7498.2,7498.85,7489.6,7494.44,33788200,true,7500,false,,
2026-06-18 11:05:00,2026-06-18,11:05:00,7494.4,7496.05,7491.34,7493.69,30661710,false,,false,,
2026-06-18 11:10:00,2026-06-18,11:10:00,7493.34,7500.24,7491.71,7491.79,32513310,true,7500,true,7500,7500:from_below
2026-06-18 11:15:00,2026-06-18,11:15:00,7491.69,7493.5,7486.27,7486.72,28597410,false,,false,,
2026-06-18 11:20:00,2026-06-18,11:20:00,7486.87,7490.86,7483.78,7485.34,25308890,false,,false,,
2026-06-18 11:25:00,2026-06-18,11:25:00,7485.5,7490.69,7481.63,7482.76,29642840,false,,false,,
2026-06-18 11:30:00,2026-06-18,11:30:00,7483.26,7487.55,7480.31,7484.63,24846410,false,,false,,
2026-06-18 11:35:00,2026-06-18,11:35:00,7484.69,7484.69,7473.16,7479.4,27813800,false,,false,,
2026-06-18 11:40:00,2026-06-18,11:40:00,7479.11,7483.27,7475.67,7478.46,30141070,false,,false,,
2026-06-18 11:45:00,2026-06-18,11:45:00,7478.4,7483.06,7473.89,7481.97,25861880,false,,false,,
2026-06-18 11:50:00,2026-06-18,11:50:00,7481.84,7494.17,7481.84,7490.12,25504650,false,,false,,
2026-06-18 11:55:00,2026-06-18,11:55:00,7490.31,7495.28,7490.31,7492.47,26220290,false,,false,,
2026-06-18 12:00:00,2026-06-18,12:00:00,7492.76,7495.29,7488.78,7489.62,24960080,false,,false,,
2026-06-18 12:05:00,2026-06-18,12:05:00,7489.56,7494.23,7488.11,7490.16,25112670,false,,false,,
2026-06-18 12:10:00,2026-06-18,12:10:00,7490.44,7492.91,7489.12,7491.61,24723520,false,,false,,
2026-06-18 12:15:00,2026-06-18,12:15:00,7491.52,7493.16,7489.09,7491.64,25908310,false,,false,,
2026-06-18 12:20:00,2026-06-18,12:20:00,7491.6,7498.2,7491.6,7494.41,24383500,true,7500,true,7500,7500:from_below
2026-06-18 12:25:00,2026-06-18,12:25:00,7494.4,7497.22,7493.33,7496.18,24060780,false,,false,,
2026-06-18 12:30:00,2026-06-18,12:30:00,7496.46,7496.61,7493.27,7495.22,25075610,false,,false,,
2026-06-18 12:35:00,2026-06-18,12:35:00,7495.28,7502,7493.88,7501.23,24422930,true,7500,true,7500,7500:from_below
2026-06-18 12:40:00,2026-06-18,12:40:00,7501.3,7501.69,7499.01,7499.62,21132600,true,7500,false,,
2026-06-18 12:45:00,2026-06-18,12:45:00,7499.56,7500.07,7498.25,7498.77,22157150,true,7500,false,,
2026-06-18 12:50:00,2026-06-18,12:50:00,7499,7499,7493.22,7494.12,22315600,true,7500,false,,
2026-06-18 12:55:00,2026-06-18,12:55:00,7494.07,7496.48,7492.22,7496.11,21450450,false,,false,,
2026-06-18 13:00:00,2026-06-18,13:00:00,7496.27,7502.38,7494.21,7502.04,21420620,true,7500,true,7500,7500:from_below
2026-06-18 13:05:00,2026-06-18,13:05:00,7502.07,7506.45,7501.87,7504.98,21166760,true,7500,false,,
2026-06-18 13:10:00,2026-06-18,13:10:00,7504.88,7507.41,7504.03,7505.93,19157400,false,,false,,
2026-06-18 13:15:00,2026-06-18,13:15:00,7505.81,7511.07,7505.14,7509.69,21341050,false,,false,,
2026-06-18 13:20:00,2026-06-18,13:20:00,7509.93,7510.58,7505.39,7505.39,22996100,false,,false,,
2026-06-18 13:25:00,2026-06-18,13:25:00,7505.31,7505.84,7503.87,7505.52,21839280,false,,false,,
2026-06-18 13:30:00,2026-06-18,13:30:00,7505.49,7509.39,7505.49,7507.74,21749030,false,,false,,
2026-06-18 13:35:00,2026-06-18,13:35:00,7507.72,7507.88,7503.26,7503.65,18030690,false,,false,,
2026-06-18 13:40:00,2026-06-18,13:40:00,7503.57,7504.82,7502.75,7503.92,20008630,false,,false,,
2026-06-18 13:45:00,2026-06-18,13:45:00,7503.47,7504.6,7501.6,7502.67,19751360,true,7500,true,7500,7500:from_above
2026-06-18 13:50:00,2026-06-18,13:50:00,7502.68,7504.82,7501.65,7502.58,18320140,true,7500,false,,
2026-06-18 13:55:00,2026-06-18,13:55:00,7502.63,7502.63,7499.74,7500.35,21501790,true,7500,false,,
2026-06-18 14:00:00,2026-06-18,14:00:00,7500.38,7501.01,7495.49,7496.46,31092480,true,7500,false,,
2026-06-18 14:05:00,2026-06-18,14:05:00,7496.4,7498.27,7495.66,7496.4,22743890,true,7500,false,,
2026-06-18 14:10:00,2026-06-18,14:10:00,7496.25,7499.99,7495.85,7496.67,24195190,true,7500,false,,
2026-06-18 14:15:00,2026-06-18,14:15:00,7496.62,7497.98,7494.07,7496.24,21976550,false,,false,,
2026-06-18 14:20:00,2026-06-18,14:20:00,7496.23,7499.13,7495.16,7496.92,20922120,true,7500,true,7500,7500:from_below
2026-06-18 14:25:00,2026-06-18,14:25:00,7497.01,7498.03,7494.88,7494.92,22089050,true,7500,false,,
2026-06-18 14:30:00,2026-06-18,14:30:00,7494.96,7495.52,7493.2,7494.25,27198040,false,,false,,
2026-06-18 14:35:00,2026-06-18,14:35:00,7494.22,7494.3,7491.59,7492.22,21800240,false,,false,,
2026-06-18 14:40:00,2026-06-18,14:40:00,7492.2,7494.82,7491.53,7494.56,21801570,false,,false,,
2026-06-18 14:45:00,2026-06-18,14:45:00,7494.78,7497.86,7494.19,7497.77,22798890,false,,false,,
2026-06-18 14:50:00,2026-06-18,14:50:00,7497.75,7499.19,7495.53,7496.82,20859340,true,7500,true,7500,7500:from_below
2026-06-18 14:55:00,2026-06-18,14:55:00,7496.81,7497.66,7493.05,7493.73,23803810,false,,false,,
2026-06-18 15:00:00,2026-06-18,15:00:00,7493.87,7494.31,7488.82,7489.87,26247610,false,,false,,
2026-06-18 15:05:00,2026-06-18,15:05:00,7489.86,7490.31,7488.59,7489.03,24275840,false,,false,,
2026-06-18 15:10:00,2026-06-18,15:10:00,7489.02,7489.06,7482.38,7484.83,30469730,false,,false,,
2026-06-18 15:15:00,2026-06-18,15:15:00,7484.79,7488.32,7482.85,7488.32,32479210,false,,false,,
2026-06-18 15:20:00,2026-06-18,15:20:00,7488.4,7491.3,7487.82,7489.25,31631060,false,,false,,
2026-06-18 15:25:00,2026-06-18,15:25:00,7488.83,7491.77,7488.53,7489.87,35795820,false,,false,,
2026-06-18 15:30:00,2026-06-18,15:30:00,7489.82,7491.49,7485.69,7491.39,40962860,false,,false,,
2026-06-18 15:35:00,2026-06-18,15:35:00,7491.35,7498.86,7491.34,7498.8,41917420,true,7500,true,7500,7500:from_below
2026-06-18 15:40:00,2026-06-18,15:40:00,7498.92,7502.76,7498.2,7502.23,49108410,true,7500,false,,
2026-06-18 15:45:00,2026-06-18,15:45:00,7502.24,7503.6,7497.76,7499.23,74729900,true,7500,false,,
2026-06-18 15:50:00,2026-06-18,15:50:00,7499.23,7507.75,7496.24,7503.53,173811600,true,7500,false,,
2026-06-18 15:55:00,2026-06-18,15:55:00,7503.69,7510.18,7497.85,7497.85,294409500,true,7500,false,,
2026-06-18 16:00:00,2026-06-18,16:00:00,7498.03,7500.68,7498.03,7500.62,2671275500,true,7500,false,,
2026-06-18 16:05:00,2026-06-18,16:05:00,7500.61,7500.61,7500.57,7500.57,55177000,true,7500,false,,
2026-06-22 09:30:00,2026-06-22,09:30:00,7500.44,7519.68,7500.44,7508.93,165761413,true,7500,true,7500,7500:indeterminate
2026-06-22 09:35:00,2026-06-22,09:35:00,7508.75,7527.22,7508.72,7526.27,57410706,false,,false,,
2026-06-22 09:40:00,2026-06-22,09:40:00,7526.06,7527.94,7508.4,7510.67,52301171,false,,false,,
2026-06-22 09:45:00,2026-06-22,09:45:00,7510.6,7527.2,7509.59,7524.89,56356570,false,,false,,
2026-06-22 09:50:00,2026-06-22,09:50:00,7524.6,7525.48,7519.77,7520.82,43555300,false,,false,,
2026-06-22 09:55:00,2026-06-22,09:55:00,7520.36,7528.19,7517.2,7528.19,38264580,false,,false,,
2026-06-22 10:00:00,2026-06-22,10:00:00,7529.1,7529.57,7523.64,7525.07,49929180,false,,false,,
2026-06-22 10:05:00,2026-06-22,10:05:00,7524.8,7528.96,7523.06,7528.27,39490840,false,,false,,
2026-06-22 10:10:00,2026-06-22,10:10:00,7528.25,7530.01,7520.85,7521.86,37407900,false,,false,,
2026-06-22 10:15:00,2026-06-22,10:15:00,7521.48,7522.19,7512.46,7513.95,36524730,false,,false,,
2026-06-22 10:20:00,2026-06-22,10:20:00,7513.95,7513.95,7503.06,7504.35,35780730,false,,false,,
2026-06-22 10:25:00,2026-06-22,10:25:00,7504.7,7506.85,7494.93,7495.24,39184970,true,7500,true,7500,7500:from_above
2026-06-22 10:30:00,2026-06-22,10:30:00,7495.08,7495.19,7479.89,7484.79,39325150,false,,false,,
2026-06-22 10:35:00,2026-06-22,10:35:00,7484.39,7489.32,7479.73,7484.14,34777260,false,,false,,
2026-06-22 10:40:00,2026-06-22,10:40:00,7484.27,7486.84,7473.83,7474.42,32681620,false,,false,,
2026-06-22 10:45:00,2026-06-22,10:45:00,7474.66,7481.6,7474.21,7476.95,35499070,false,,false,,
2026-06-22 10:50:00,2026-06-22,10:50:00,7477.07,7479.04,7465.34,7466.71,33568140,false,,false,,
2026-06-22 10:55:00,2026-06-22,10:55:00,7467.26,7477.27,7461.04,7475.82,39020330,false,,false,,
2026-06-22 11:00:00,2026-06-22,11:00:00,7475.74,7482.59,7474.97,7479.85,33019450,false,,false,,
2026-06-22 11:05:00,2026-06-22,11:05:00,7479.74,7479.82,7469.54,7471.61,36154360,false,,false,,
2026-06-22 11:10:00,2026-06-22,11:10:00,7471.68,7476.92,7469.96,7473.14,32233390,false,,false,,
2026-06-22 11:15:00,2026-06-22,11:15:00,7473.36,7477.58,7469.13,7470.66,34976490,false,,false,,
2026-06-22 11:20:00,2026-06-22,11:20:00,7470.54,7478.58,7467.96,7477.02,32036480,false,,false,,
2026-06-22 11:25:00,2026-06-22,11:25:00,7477.06,7479.8,7470.63,7472.25,31438560,false,,false,,
2026-06-22 11:30:00,2026-06-22,11:30:00,7472.6,7479.17,7471.85,7475.7,32895940,false,,false,,
2026-06-22 11:35:00,2026-06-22,11:35:00,7475.53,7480.76,7474.04,7480.76,29231250,false,,false,,
2026-06-22 11:40:00,2026-06-22,11:40:00,7480.74,7490.17,7480.74,7487.96,27121520,false,,false,,
2026-06-22 11:45:00,2026-06-22,11:45:00,7487.88,7491.33,7472.29,7474.35,27734440,false,,false,,
2026-06-22 11:50:00,2026-06-22,11:50:00,7473.1,7478.31,7473.1,7474.46,26976630,false,,false,,
2026-06-22 11:55:00,2026-06-22,11:55:00,7474.31,7479.51,7473.35,7474.46,26568630,false,,false,,
2026-06-22 12:00:00,2026-06-22,12:00:00,7474.63,7476.18,7464.75,7465.96,27604590,false,,false,,
2026-06-22 12:05:00,2026-06-22,12:05:00,7466.1,7471.53,7464.96,7470.61,28654510,false,,false,,
2026-06-22 12:10:00,2026-06-22,12:10:00,7470.54,7478.02,7470.26,7477.9,25214930,false,,false,,
2026-06-22 12:15:00,2026-06-22,12:15:00,7477.89,7478.73,7473.45,7478.04,27517880,false,,false,,
2026-06-22 12:20:00,2026-06-22,12:20:00,7478.28,7482.2,7472.54,7474.08,26254510,false,,false,,
2026-06-22 12:25:00,2026-06-22,12:25:00,7473.94,7477.69,7472.05,7476.53,23517390,false,,false,,
2026-06-22 12:30:00,2026-06-22,12:30:00,7476.43,7477.01,7471.6,7471.83,20864760,false,,false,,
2026-06-22 12:35:00,2026-06-22,12:35:00,7471.98,7473.36,7469.67,7472.81,22075180,false,,false,,
2026-06-22 12:40:00,2026-06-22,12:40:00,7472.62,7474.07,7469.5,7472.63,21430690,false,,false,,
2026-06-22 12:45:00,2026-06-22,12:45:00,7472.55,7478.18,7470.46,7478.18,23014060,false,,false,,
2026-06-22 12:50:00,2026-06-22,12:50:00,7478.3,7480.83,7477.6,7479.57,21858500,false,,false,,
2026-06-22 12:55:00,2026-06-22,12:55:00,7479.6,7481.04,7475.82,7478.08,22914420,false,,false,,
2026-06-22 13:00:00,2026-06-22,13:00:00,7478.19,7478.77,7475.37,7477.44,22336170,false,,false,,
2026-06-22 13:05:00,2026-06-22,13:05:00,7477.54,7477.54,7468.82,7471.45,23673260,false,,false,,
2026-06-22 13:10:00,2026-06-22,13:10:00,7471.31,7474.45,7471.1,7474.05,23080050,false,,false,,
2026-06-22 13:15:00,2026-06-22,13:15:00,7474.22,7479.38,7474.22,7479.32,21405740,false,,false,,
2026-06-22 13:20:00,2026-06-22,13:20:00,7479.37,7481.19,7476.09,7477.49,20574460,false,,false,,
2026-06-22 13:25:00,2026-06-22,13:25:00,7477.5,7478.63,7475.67,7475.8,29451760,false,,false,,
2026-06-22 13:30:00,2026-06-22,13:30:00,7475.85,7476.86,7471.9,7473.57,24648280,false,,false,,
2026-06-22 13:35:00,2026-06-22,13:35:00,7473.53,7473.62,7468.39,7473.32,22949820,false,,false,,
2026-06-22 13:40:00,2026-06-22,13:40:00,7473.28,7474.29,7471.36,7472.47,19239870,false,,false,,
2026-06-22 13:45:00,2026-06-22,13:45:00,7472.37,7476.99,7471.28,7476.55,21216860,false,,false,,
2026-06-22 13:50:00,2026-06-22,13:50:00,7476.56,7482.29,7475.75,7480.85,22907590,false,,false,,
2026-06-22 13:55:00,2026-06-22,13:55:00,7480.97,7480.97,7475.6,7475.76,24096960,false,,false,,
2026-06-22 14:00:00,2026-06-22,14:00:00,7475.71,7477.18,7471.9,7474,25764710,false,,false,,
2026-06-22 14:05:00,2026-06-22,14:05:00,7473.9,7477.65,7473.7,7477.65,23407560,false,,false,,
2026-06-22 14:10:00,2026-06-22,14:10:00,7477.77,7478.93,7475.54,7478.38,20531490,false,,false,,
2026-06-22 14:15:00,2026-06-22,14:15:00,7478.36,7481.65,7478.36,7480.7,21992580,false,,false,,
2026-06-22 14:20:00,2026-06-22,14:20:00,7480.74,7485.8,7480.74,7482.9,21132450,false,,false,,
2026-06-22 14:25:00,2026-06-22,14:25:00,7482.76,7482.87,7478,7479.84,25607730,false,,false,,
2026-06-22 14:30:00,2026-06-22,14:30:00,7479.79,7483.77,7478.12,7478.72,24893570,false,,false,,
2026-06-22 14:35:00,2026-06-22,14:35:00,7478.72,7480.48,7477.83,7478.12,21108320,false,,false,,
2026-06-22 14:40:00,2026-06-22,14:40:00,7478.12,7478.29,7473.32,7473.33,22583810,false,,false,,
2026-06-22 14:45:00,2026-06-22,14:45:00,7473.44,7476.52,7472.73,7476.33,23197140,false,,false,,
2026-06-22 14:50:00,2026-06-22,14:50:00,7476.3,7476.94,7466.49,7468.86,29629830,false,,false,,
2026-06-22 14:55:00,2026-06-22,14:55:00,7469.05,7469.05,7465.12,7465.84,25467570,false,,false,,
2026-06-22 15:00:00,2026-06-22,15:00:00,7465.93,7472.12,7465.57,7469.54,32077030,false,,false,,
2026-06-22 15:05:00,2026-06-22,15:05:00,7469.53,7469.76,7461.68,7465.39,28753570,false,,false,,
2026-06-22 15:10:00,2026-06-22,15:10:00,7465.37,7469.11,7463.78,7467.57,27790070,false,,false,,
2026-06-22 15:15:00,2026-06-22,15:15:00,7467.64,7470.05,7466.31,7469.22,30355860,false,,false,,
2026-06-22 15:20:00,2026-06-22,15:20:00,7469.5,7470.1,7465.15,7465.7,33613240,false,,false,,
2026-06-22 15:25:00,2026-06-22,15:25:00,7465.64,7466.49,7462.86,7462.86,35044170,false,,false,,
2026-06-22 15:30:00,2026-06-22,15:30:00,7462.78,7468.08,7462.78,7465.4,38412860,false,,false,,
2026-06-22 15:35:00,2026-06-22,15:35:00,7465.61,7465.86,7463.13,7464.03,36105410,false,,false,,
2026-06-22 15:40:00,2026-06-22,15:40:00,7463.98,7464.8,7460.01,7460.76,41214790,false,,false,,
2026-06-22 15:45:00,2026-06-22,15:45:00,7460.97,7466.7,7460.63,7466.64,56134360,false,,false,,
2026-06-22 15:50:00,2026-06-22,15:50:00,7466.65,7476.03,7466.65,7474.82,92451710,false,,false,,
2026-06-22 15:55:00,2026-06-22,15:55:00,7474.97,7475.5,7469.25,7475.45,239484530,false,,false,,
2026-06-22 16:00:00,2026-06-22,16:00:00,7473.4,7473.43,7472.95,7472.96,840175500,false,,false,,
2026-06-22 16:05:00,2026-06-22,16:05:00,7472.94,7472.94,7472.78,7472.78,21186200,false,,false,,
2026-06-23 09:30:00,2026-06-23,09:30:00,7366.51,7366.51,7347.6,7365.2,204661124,true,7350,true,7350,7350:from_above
2026-06-23 09:35:00,2026-06-23,09:35:00,7365.31,7372.09,7352.06,7371.55,62032022,false,,false,,
2026-06-23 09:40:00,2026-06-23,09:40:00,7372.31,7381.48,7367.29,7376.62,51064334,false,,false,,
2026-06-23 09:45:00,2026-06-23,09:45:00,7376.34,7396.74,7373.53,7391.15,51358060,false,,false,,
2026-06-23 09:50:00,2026-06-23,09:50:00,7391.47,7398.96,7391.47,7394.59,43914870,true,7400,true,7400,7400:from_below
2026-06-23 09:55:00,2026-06-23,09:55:00,7394.83,7399.45,7389.46,7399.45,40293180,true,7400,false,,
2026-06-23 10:00:00,2026-06-23,10:00:00,7399.23,7410.55,7398.16,7407.81,46013720,true,7400,false,,
2026-06-23 10:05:00,2026-06-23,10:05:00,7408.01,7413.21,7404.19,7411.5,38355280,false,,false,,
2026-06-23 10:10:00,2026-06-23,10:10:00,7411.78,7418.12,7409.69,7417.59,38007000,false,,false,,
2026-06-23 10:15:00,2026-06-23,10:15:00,7417.39,7420.44,7413.52,7420.05,32035840,false,,false,,
2026-06-23 10:20:00,2026-06-23,10:20:00,7419.67,7424.17,7413.31,7416.72,34477480,false,,false,,
2026-06-23 10:25:00,2026-06-23,10:25:00,7416.7,7417.4,7409.58,7417.4,33797330,false,,false,,
2026-06-23 10:30:00,2026-06-23,10:30:00,7417.15,7418.57,7406.08,7410.23,34781500,false,,false,,
2026-06-23 10:35:00,2026-06-23,10:35:00,7409.96,7415.7,7404.05,7404.75,31014530,false,,false,,
2026-06-23 10:40:00,2026-06-23,10:40:00,7404.46,7409.29,7400.25,7401.19,29401620,true,7400,true,7400,7400:from_above
2026-06-23 10:45:00,2026-06-23,10:45:00,7401.55,7403.45,7395.28,7400.92,31141900,true,7400,false,,
2026-06-23 10:50:00,2026-06-23,10:50:00,7401.18,7407.42,7396.16,7399.57,29802300,true,7400,false,,
2026-06-23 10:55:00,2026-06-23,10:55:00,7399.46,7401,7393.78,7397.46,28938930,true,7400,false,,
2026-06-23 11:00:00,2026-06-23,11:00:00,7398.03,7402.04,7392.25,7393.37,27377630,true,7400,false,,
2026-06-23 11:05:00,2026-06-23,11:05:00,7393.59,7394.53,7384.72,7387.49,29926430,false,,false,,
2026-06-23 11:10:00,2026-06-23,11:10:00,7387.44,7390.06,7384.6,7388.7,29500100,false,,false,,
2026-06-23 11:15:00,2026-06-23,11:15:00,7388.75,7389.87,7379.46,7379.96,29888320,false,,false,,
2026-06-23 11:20:00,2026-06-23,11:20:00,7379.97,7383.06,7374.16,7374.2,26372340,false,,false,,
2026-06-23 11:25:00,2026-06-23,11:25:00,7374.01,7376.51,7370.6,7373.17,26245440,false,,false,,
2026-06-23 11:30:00,2026-06-23,11:30:00,7373.32,7380.33,7372.34,7377.59,25056850,false,,false,,
2026-06-23 11:35:00,2026-06-23,11:35:00,7377.29,7382.61,7370.95,7372.92,27430320,false,,false,,
2026-06-23 11:40:00,2026-06-23,11:40:00,7372.9,7379.42,7370.49,7377.48,24199040,false,,false,,
2026-06-23 11:45:00,2026-06-23,11:45:00,7377.79,7382.49,7375.97,7378.32,23950740,false,,false,,
2026-06-23 11:50:00,2026-06-23,11:50:00,7378.53,7390.22,7377.51,7387.01,28852010,false,,false,,
2026-06-23 11:55:00,2026-06-23,11:55:00,7387.13,7389.78,7382.14,7387.79,25141580,false,,false,,
2026-06-23 12:00:00,2026-06-23,12:00:00,7387.82,7395.19,7387.1,7395.02,26070510,false,,false,,
2026-06-23 12:05:00,2026-06-23,12:05:00,7395.13,7400.19,7393.88,7399.8,24162510,true,7400,true,7400,7400:from_below
2026-06-23 12:10:00,2026-06-23,12:10:00,7399.64,7404.85,7399.64,7402.67,23048930,true,7400,false,,
2026-06-23 12:15:00,2026-06-23,12:15:00,7402.83,7404.12,7397.47,7398.5,20081930,true,7400,false,,
2026-06-23 12:20:00,2026-06-23,12:20:00,7398.33,7402.32,7394.14,7401.88,22211930,true,7400,false,,
2026-06-23 12:25:00,2026-06-23,12:25:00,7401.61,7403.16,7398.78,7402.09,19874790,true,7400,false,,
2026-06-23 12:30:00,2026-06-23,12:30:00,7401.71,7402.59,7397.63,7399.05,25085870,true,7400,false,,
2026-06-23 12:35:00,2026-06-23,12:35:00,7399.13,7403.25,7398.39,7403.17,19423610,true,7400,false,,
2026-06-23 12:40:00,2026-06-23,12:40:00,7402.93,7407.57,7402.93,7406.52,20409330,false,,false,,
2026-06-23 12:45:00,2026-06-23,12:45:00,7406.65,7407.24,7399.33,7401.81,20387840,true,7400,true,7400,7400:from_above
2026-06-23 12:50:00,2026-06-23,12:50:00,7401.85,7402,7397.6,7401.09,19847470,true,7400,false,,
2026-06-23 12:55:00,2026-06-23,12:55:00,7401.13,7404.26,7398.5,7402.32,23031270,true,7400,false,,
2026-06-23 13:00:00,2026-06-23,13:00:00,7402.32,7402.63,7394.41,7395.31,23526830,true,7400,false,,
2026-06-23 13:05:00,2026-06-23,13:05:00,7395.37,7397.59,7393.38,7397.3,25502790,false,,false,,
2026-06-23 13:10:00,2026-06-23,13:10:00,7397.36,7405.13,7397.12,7401.67,22003930,true,7400,true,7400,7400:from_below
2026-06-23 13:15:00,2026-06-23,13:15:00,7401.65,7403.44,7397.61,7399.05,19819320,true,7400,false,,
2026-06-23 13:20:00,2026-06-23,13:20:00,7399.57,7408.59,7398.79,7406.99,25703530,true,7400,false,,
2026-06-23 13:25:00,2026-06-23,13:25:00,7407.03,7407.06,7403.21,7403.64,19321410,false,,false,,
2026-06-23 13:30:00,2026-06-23,13:30:00,7403.47,7405.16,7399.97,7405.06,18546330,true,7400,true,7400,7400:from_above
2026-06-23 13:35:00,2026-06-23,13:35:00,7405.47,7408.34,7402.98,7403.54,19630570,false,,false,,
2026-06-23 13:40:00,2026-06-23,13:40:00,7403.6,7404.38,7399.18,7399.86,22066240,true,7400,true,7400,7400:from_above
2026-06-23 13:45:00,2026-06-23,13:45:00,7399.73,7402.44,7398.78,7400.54,27519300,true,7400,false,,
2026-06-23 13:50:00,2026-06-23,13:50:00,7400.63,7400.65,7389.15,7389.3,25096410,true,7400,false,,
2026-06-23 13:55:00,2026-06-23,13:55:00,7389.45,7390.46,7385.89,7386.35,23478980,false,,false,,
2026-06-23 14:00:00,2026-06-23,14:00:00,7386.18,7393.7,7385.65,7388.64,28826830,false,,false,,
2026-06-23 14:05:00,2026-06-23,14:05:00,7388.64,7389.17,7382.43,7385.78,27403120,false,,false,,
2026-06-23 14:10:00,2026-06-23,14:10:00,7385.84,7388.02,7385.34,7386.44,21527800,false,,false,,
2026-06-23 14:15:00,2026-06-23,14:15:00,7386.54,7388.13,7383.08,7384.2,21334700,false,,false,,
2026-06-23 14:20:00,2026-06-23,14:20:00,7384.16,7386.79,7380.71,7385,20261950,false,,false,,
2026-06-23 14:25:00,2026-06-23,14:25:00,7385.09,7385.19,7381.43,7382.19,20491360,false,,false,,
2026-06-23 14:30:00,2026-06-23,14:30:00,7382.3,7382.95,7379.07,7379.32,21292260,false,,false,,
2026-06-23 14:35:00,2026-06-23,14:35:00,7379.45,7380.71,7376.61,7377,25203680,false,,false,,
2026-06-23 14:40:00,2026-06-23,14:40:00,7377.02,7377.02,7365.86,7365.98,27745150,false,,false,,
2026-06-23 14:45:00,2026-06-23,14:45:00,7366.24,7367.77,7362.82,7367.32,27626850,false,,false,,
2026-06-23 14:50:00,2026-06-23,14:50:00,7367.24,7372.79,7361.23,7364.66,25838430,false,,false,,
2026-06-23 14:55:00,2026-06-23,14:55:00,7364.98,7370.24,7361.75,7368.38,25585920,false,,false,,
2026-06-23 15:00:00,2026-06-23,15:00:00,7368.43,7378.07,7366.19,7377.46,31090720,false,,false,,
2026-06-23 15:05:00,2026-06-23,15:05:00,7377.66,7384.13,7370.3,7372.44,32672380,false,,false,,
2026-06-23 15:10:00,2026-06-23,15:10:00,7372.42,7376.39,7370.18,7372.2,27176510,false,,false,,
2026-06-23 15:15:00,2026-06-23,15:15:00,7372.47,7373.91,7365.97,7366.16,27938160,false,,false,,
2026-06-23 15:20:00,2026-06-23,15:20:00,7366.12,7379.48,7365.39,7375.9,32602690,false,,false,,
2026-06-23 15:25:00,2026-06-23,15:25:00,7375.82,7380.85,7374.06,7378.26,31603610,false,,false,,
2026-06-23 15:30:00,2026-06-23,15:30:00,7378.16,7380.38,7372.15,7378.17,35812280,false,,false,,
2026-06-23 15:35:00,2026-06-23,15:35:00,7378.26,7379.69,7374.05,7374.05,39217860,false,,false,,
2026-06-23 15:40:00,2026-06-23,15:40:00,7374.02,7374.95,7369.37,7372.51,43131050,false,,false,,
2026-06-23 15:45:00,2026-06-23,15:45:00,7372.85,7374.81,7367.3,7374.08,58037210,false,,false,,
2026-06-23 15:50:00,2026-06-23,15:50:00,7374.6,7382.83,7373.3,7382.83,93236340,false,,false,,
2026-06-23 15:55:00,2026-06-23,15:55:00,7382.78,7382.78,7365.66,7365.91,248397190,false,,false,,
2026-06-23 16:00:00,2026-06-23,16:00:00,7364.38,7365.7,7364.38,7365.45,815820400,false,,false,,
2026-06-24 09:30:00,2026-06-24,09:30:00,7372.07,7398.62,7370.45,7397.36,72674925,true,7400,true,7400,7400:from_below
2026-06-24 09:35:00,2026-06-24,09:35:00,7397.49,7401.85,7390.01,7392.57,49339875,true,7400,false,,
2026-06-24 09:40:00,2026-06-24,09:40:00,7391.72,7394.52,7375.46,7386.24,50455543,false,,false,,
2026-06-24 09:45:00,2026-06-24,09:45:00,7385.77,7390.13,7371.41,7383.77,48863787,false,,false,,
2026-06-24 09:50:00,2026-06-24,09:50:00,7383.36,7405.05,7383.36,7401.2,40952910,true,7400,true,7400,7400:from_below
2026-06-24 09:55:00,2026-06-24,09:55:00,7401.28,7401.28,7386.73,7387.86,38419820,true,7400,false,,
2026-06-24 10:00:00,2026-06-24,10:00:00,7388.07,7391.07,7380.76,7383.01,41908040,false,,false,,
2026-06-24 10:05:00,2026-06-24,10:05:00,7383.2,7392.16,7380.93,7385.13,39526770,false,,false,,
2026-06-24 10:10:00,2026-06-24,10:10:00,7385.34,7389.93,7380.03,7384.2,37780160,false,,false,,
2026-06-24 10:15:00,2026-06-24,10:15:00,7384.02,7388.03,7375.44,7377.33,36872060,false,,false,,
2026-06-24 10:20:00,2026-06-24,10:20:00,7376.88,7392.5,7369,7391.56,39169530,false,,false,,
2026-06-24 10:25:00,2026-06-24,10:25:00,7391.26,7397.45,7388.31,7393.14,33991480,false,,false,,
2026-06-24 10:30:00,2026-06-24,10:30:00,7393.56,7400.73,7393.4,7398.02,35297030,true,7400,true,7400,7400:from_below
2026-06-24 10:35:00,2026-06-24,10:35:00,7397.72,7399.54,7390.68,7390.68,36881840,true,7400,false,,
2026-06-24 10:40:00,2026-06-24,10:40:00,7390.83,7404.47,7390.54,7404.29,34926410,true,7400,false,,
2026-06-24 10:45:00,2026-06-24,10:45:00,7404.24,7417.36,7403.77,7411.06,36145220,false,,false,,
2026-06-24 10:50:00,2026-06-24,10:50:00,7411.23,7418.61,7411.23,7412.7,31290240,false,,false,,
2026-06-24 10:55:00,2026-06-24,10:55:00,7412.61,7425.09,7409.89,7424.91,36422510,false,,false,,
2026-06-24 11:00:00,2026-06-24,11:00:00,7425.33,7427.4,7420.19,7421.61,37104230,false,,false,,
2026-06-24 11:05:00,2026-06-24,11:05:00,7421.74,7422.52,7411.37,7413.2,32827550,false,,false,,
2026-06-24 11:10:00,2026-06-24,11:10:00,7412.81,7416.39,7408.85,7412.87,32011140,false,,false,,
2026-06-24 11:15:00,2026-06-24,11:15:00,7413.17,7422.07,7412.59,7420.21,32434240,false,,false,,
2026-06-24 11:20:00,2026-06-24,11:20:00,7420.17,7421.79,7415.23,7415.95,33070990,false,,false,,
2026-06-24 11:25:00,2026-06-24,11:25:00,7415.82,7424.6,7410.23,7424.6,31469980,false,,false,,
2026-06-24 11:30:00,2026-06-24,11:30:00,7424.67,7428.06,7417.82,7421.21,30854020,false,,false,,
2026-06-24 11:35:00,2026-06-24,11:35:00,7420.88,7423.81,7415.17,7416.67,27829880,false,,false,,
2026-06-24 11:40:00,2026-06-24,11:40:00,7416.94,7418.4,7410.51,7412.72,25031660,false,,false,,
2026-06-24 11:45:00,2026-06-24,11:45:00,7413.07,7415.57,7407.55,7415.41,27399990,false,,false,,
2026-06-24 11:50:00,2026-06-24,11:50:00,7415.19,7421.05,7415.19,7416.77,24986010,false,,false,,
2026-06-24 11:55:00,2026-06-24,11:55:00,7416.84,7418.82,7410.19,7412.14,22905170,false,,false,,
2026-06-24 12:00:00,2026-06-24,12:00:00,7411.99,7414.49,7408.34,7409.74,23545550,false,,false,,
2026-06-24 12:05:00,2026-06-24,12:05:00,7409.88,7412.56,7407.01,7410.21,22611250,false,,false,,
2026-06-24 12:10:00,2026-06-24,12:10:00,7410.33,7416.57,7408.53,7413.21,23118090,false,,false,,
2026-06-24 12:15:00,2026-06-24,12:15:00,7413.26,7416.25,7410.65,7411.77,22871650,false,,false,,
2026-06-24 12:20:00,2026-06-24,12:20:00,7411.69,7415.78,7409.13,7414.38,24087460,false,,false,,
2026-06-24 12:25:00,2026-06-24,12:25:00,7414.36,7414.6,7408.64,7409.54,21710400,false,,false,,
2026-06-24 12:30:00,2026-06-24,12:30:00,7409.49,7409.55,7403.72,7404.82,21573200,false,,false,,
2026-06-24 12:35:00,2026-06-24,12:35:00,7404.75,7407.79,7393.75,7393.84,26824890,true,7400,true,7400,7400:from_above
2026-06-24 12:40:00,2026-06-24,12:40:00,7393.93,7393.93,7388.25,7391.54,26889240,false,,false,,
2026-06-24 12:45:00,2026-06-24,12:45:00,7391.58,7394.06,7387.93,7392.36,22953260,false,,false,,
2026-06-24 12:50:00,2026-06-24,12:50:00,7392.14,7396.37,7386.75,7386.75,20427890,false,,false,,
2026-06-24 12:55:00,2026-06-24,12:55:00,7386.8,7388.21,7383.78,7385.18,23127790,false,,false,,
2026-06-24 13:00:00,2026-06-24,13:00:00,7385.17,7392.78,7383.74,7392.44,23230860,false,,false,,
2026-06-24 13:05:00,2026-06-24,13:05:00,7392.5,7392.5,7375.25,7377.88,25504870,false,,false,,
2026-06-24 13:10:00,2026-06-24,13:10:00,7377.89,7381.81,7374.73,7376.25,20632170,false,,false,,
2026-06-24 13:15:00,2026-06-24,13:15:00,7376.12,7379.52,7364.62,7366.54,26409010,false,,false,,
2026-06-24 13:20:00,2026-06-24,13:20:00,7366.5,7366.52,7359.67,7359.77,27883660,false,,false,,
2026-06-24 13:25:00,2026-06-24,13:25:00,7359.72,7360.39,7349.53,7350.27,30306720,true,7350,true,7350,7350:from_above
2026-06-24 13:30:00,2026-06-24,13:30:00,7350.14,7354.63,7341.71,7351.62,30815770,true,7350,false,,
2026-06-24 13:35:00,2026-06-24,13:35:00,7351.59,7357.38,7345.39,7353.34,26264670,true,7350,false,,
2026-06-24 13:40:00,2026-06-24,13:40:00,7353.22,7355.92,7346.74,7347.65,22036580,true,7350,false,,
2026-06-24 13:45:00,2026-06-24,13:45:00,7347.76,7354.09,7343.94,7352.74,24252220,true,7350,false,,
2026-06-24 13:50:00,2026-06-24,13:50:00,7352.82,7353.88,7349.42,7353.32,25525600,true,7350,false,,
2026-06-24 13:55:00,2026-06-24,13:55:00,7353.33,7358.98,7345.82,7346.88,28023820,true,7350,false,,
2026-06-24 14:00:00,2026-06-24,14:00:00,7346.94,7357.13,7346.24,7354.18,28181910,true,7350,false,,
2026-06-24 14:05:00,2026-06-24,14:05:00,7354.14,7361.57,7353.91,7357.93,25824940,false,,false,,
2026-06-24 14:10:00,2026-06-24,14:10:00,7358.14,7359.18,7354.53,7357.16,23281090,false,,false,,
2026-06-24 14:15:00,2026-06-24,14:15:00,7357.01,7367.78,7357.01,7365.82,27319730,false,,false,,
2026-06-24 14:20:00,2026-06-24,14:20:00,7366.07,7370.65,7364.11,7370.65,24162510,false,,false,,
2026-06-24 14:25:00,2026-06-24,14:25:00,7370.94,7374.25,7369.64,7371.23,29132360,false,,false,,
2026-06-24 14:30:00,2026-06-24,14:30:00,7371.48,7373.57,7368.03,7370.18,27555760,false,,false,,
2026-06-24 14:35:00,2026-06-24,14:35:00,7370.26,7370.9,7363,7364.21,26818890,false,,false,,
2026-06-24 14:40:00,2026-06-24,14:40:00,7364.2,7365.39,7356.96,7360.38,29456090,false,,false,,
2026-06-24 14:45:00,2026-06-24,14:45:00,7360.42,7360.42,7342.85,7345.92,29350250,true,7350,true,7350,7350:from_above
2026-06-24 14:50:00,2026-06-24,14:50:00,7345.71,7349.56,7340.84,7348.82,28592620,true,7350,false,,
2026-06-24 14:55:00,2026-06-24,14:55:00,7349.21,7355.85,7344.72,7347.03,28245490,true,7350,false,,
2026-06-24 15:00:00,2026-06-24,15:00:00,7347.2,7356.6,7341.63,7353.99,33109960,true,7350,false,,
2026-06-24 15:05:00,2026-06-24,15:05:00,7353.79,7353.81,7337.38,7341.79,34819190,true,7350,false,,
2026-06-24 15:10:00,2026-06-24,15:10:00,7341.42,7345.21,7336.82,7344.26,35665430,false,,false,,
2026-06-24 15:15:00,2026-06-24,15:15:00,7344.54,7345.32,7340.62,7343.82,32695450,false,,false,,
2026-06-24 15:20:00,2026-06-24,15:20:00,7343.99,7346.62,7341.03,7346.62,34363710,false,,false,,
2026-06-24 15:25:00,2026-06-24,15:25:00,7346.66,7351,7346.36,7348.05,37147920,true,7350,true,7350,7350:from_below
2026-06-24 15:30:00,2026-06-24,15:30:00,7348.21,7350.11,7343.7,7344.97,43342220,true,7350,false,,
2026-06-24 15:35:00,2026-06-24,15:35:00,7345.19,7347.72,7342.63,7345.65,46118280,false,,false,,
2026-06-24 15:40:00,2026-06-24,15:40:00,7346.1,7348.95,7337.68,7343.18,43911140,true,7350,true,7350,7350:from_below
2026-06-24 15:45:00,2026-06-24,15:45:00,7343.02,7350.07,7342.65,7348.83,56675230,true,7350,false,,
2026-06-24 15:50:00,2026-06-24,15:50:00,7348.74,7358.75,7348.72,7357.71,87643610,true,7350,false,,
2026-06-24 15:55:00,2026-06-24,15:55:00,7358.16,7358.5,7348.81,7357.61,232201470,true,7350,false,,
2026-06-24 16:00:00,2026-06-24,16:00:00,7358.71,7358.71,7358.21,7358.21,689805700,false,,false,,
2026-06-25 09:30:00,2026-06-25,09:30:00,7413.6,7419.08,7396.25,7399.21,173477034,true,7400,true,7400,7400:from_below
2026-06-25 09:35:00,2026-06-25,09:35:00,7398.72,7407.2,7396.19,7396.28,68438248,true,7400,false,,
2026-06-25 09:40:00,2026-06-25,09:40:00,7396.36,7399.25,7368.17,7370.56,63283248,true,7400,false,,
2026-06-25 09:45:00,2026-06-25,09:45:00,7370.34,7375.79,7343.85,7356.74,64611420,true,7350,true,7350,7350:from_above
2026-06-25 09:50:00,2026-06-25,09:50:00,7356.16,7363.73,7332.22,7334.02,58004350,true,7350,false,,
2026-06-25 09:55:00,2026-06-25,09:55:00,7333.61,7338.89,7323.5,7325.83,58592950,false,,false,,
2026-06-25 10:00:00,2026-06-25,10:00:00,7325.63,7362.89,7325.63,7359.58,58165290,true,7350,true,7350,7350:from_below
2026-06-25 10:05:00,2026-06-25,10:05:00,7359.95,7378.09,7359.95,7376.42,51792840,false,,false,,
2026-06-25 10:10:00,2026-06-25,10:10:00,7376.76,7386.25,7368.89,7369.3,49305980,false,,false,,
2026-06-25 10:15:00,2026-06-25,10:15:00,7369.23,7384.08,7359.76,7383.03,45071050,false,,false,,
2026-06-25 10:20:00,2026-06-25,10:20:00,7383.24,7392.64,7373.59,7377.73,39033150,false,,false,,
2026-06-25 10:25:00,2026-06-25,10:25:00,7377.72,7386.78,7376.7,7382.92,35108840,false,,false,,
2026-06-25 10:30:00,2026-06-25,10:30:00,7382.79,7398.92,7381.94,7391.68,39933910,true,7400,true,7400,7400:from_below
2026-06-25 10:35:00,2026-06-25,10:35:00,7391.87,7396.2,7384.2,7394.6,35907090,false,,false,,
2026-06-25 10:40:00,2026-06-25,10:40:00,7394.67,7395.05,7375.7,7381.29,34722360,false,,false,,
2026-06-25 10:45:00,2026-06-25,10:45:00,7381.63,7393.29,7375.88,7390.98,33827380,false,,false,,
2026-06-25 10:50:00,2026-06-25,10:50:00,7390.37,7406.16,7388.73,7405.82,34135100,true,7400,true,7400,7400:from_below
2026-06-25 10:55:00,2026-06-25,10:55:00,7405.87,7405.87,7379.57,7379.91,36672630,true,7400,false,,
2026-06-25 11:00:00,2026-06-25,11:00:00,7380.18,7390.06,7376.61,7389.85,33394400,false,,false,,
2026-06-25 11:05:00,2026-06-25,11:05:00,7389.84,7392.59,7373.57,7375.88,38251450,false,,false,,
2026-06-25 11:10:00,2026-06-25,11:10:00,7375.87,7376.12,7354.53,7357.34,37312350,false,,false,,
2026-06-25 11:15:00,2026-06-25,11:15:00,7357.56,7366.2,7346.77,7364.66,35894730,true,7350,true,7350,7350:from_above
2026-06-25 11:20:00,2026-06-25,11:20:00,7364.21,7375.9,7357.95,7373.32,30673370,false,,false,,
2026-06-25 11:25:00,2026-06-25,11:25:00,7373.21,7375.84,7366.18,7369.72,26877500,false,,false,,
2026-06-25 11:30:00,2026-06-25,11:30:00,7370.36,7382.33,7369.82,7370.58,27171620,false,,false,,
2026-06-25 11:35:00,2026-06-25,11:35:00,7370.44,7377.07,7370.36,7370.51,23387710,false,,false,,
2026-06-25 11:40:00,2026-06-25,11:40:00,7370.44,7376.69,7367.57,7376.13,24263210,false,,false,,
2026-06-25 11:45:00,2026-06-25,11:45:00,7375.98,7385.75,7372.05,7373,25418910,false,,false,,
2026-06-25 11:50:00,2026-06-25,11:50:00,7372.86,7377.28,7369.24,7373.92,24083370,false,,false,,
2026-06-25 11:55:00,2026-06-25,11:55:00,7373.97,7376.78,7368.41,7369.28,22615050,false,,false,,
2026-06-25 12:00:00,2026-06-25,12:00:00,7369.13,7371.34,7365.37,7369.06,24579010,false,,false,,
2026-06-25 12:05:00,2026-06-25,12:05:00,7369.31,7381.85,7368.4,7381.01,26016860,false,,false,,
2026-06-25 12:10:00,2026-06-25,12:10:00,7381.08,7389.22,7380.66,7384.76,27162180,false,,false,,
2026-06-25 12:15:00,2026-06-25,12:15:00,7384.88,7389.95,7382.55,7382.99,26014840,false,,false,,
2026-06-25 12:20:00,2026-06-25,12:20:00,7383.12,7384.75,7370.8,7372.88,25785000,false,,false,,
2026-06-25 12:25:00,2026-06-25,12:25:00,7372.71,7373.81,7367.42,7370.19,21452970,false,,false,,
2026-06-25 12:30:00,2026-06-25,12:30:00,7370.02,7370.36,7357.89,7361,24141210,false,,false,,
2026-06-25 12:35:00,2026-06-25,12:35:00,7361.53,7363.33,7354.55,7356.08,22441360,false,,false,,
2026-06-25 12:40:00,2026-06-25,12:40:00,7356.01,7357,7349.17,7350.2,23501870,true,7350,true,7350,7350:from_above
2026-06-25 12:45:00,2026-06-25,12:45:00,7350.75,7357.06,7343.29,7356.11,24206110,true,7350,false,,
2026-06-25 12:50:00,2026-06-25,12:50:00,7356.15,7358.29,7351.5,7354.69,21953180,true,7350,false,,
2026-06-25 12:55:00,2026-06-25,12:55:00,7354.84,7355.13,7349.02,7353.3,19913410,true,7350,false,,
2026-06-25 13:00:00,2026-06-25,13:00:00,7353.63,7358.03,7353.56,7353.56,21684590,false,,false,,
2026-06-25 13:05:00,2026-06-25,13:05:00,7353.42,7356.09,7350.01,7354.9,23539860,true,7350,true,7350,7350:from_above
2026-06-25 13:10:00,2026-06-25,13:10:00,7355,7365.11,7355,7360.48,21476890,false,,false,,
2026-06-25 13:15:00,2026-06-25,13:15:00,7360.49,7369.82,7353.94,7353.94,22737580,false,,false,,
2026-06-25 13:20:00,2026-06-25,13:20:00,7353.8,7358.6,7350.07,7357.65,22179450,true,7350,true,7350,7350:from_above
2026-06-25 13:25:00,2026-06-25,13:25:00,7357.62,7364.42,7357.02,7360.65,20998320,false,,false,,
2026-06-25 13:30:00,2026-06-25,13:30:00,7360.77,7363.07,7354.23,7357.12,22150550,false,,false,,
2026-06-25 13:35:00,2026-06-25,13:35:00,7357.16,7363.32,7356.69,7360.87,21031530,false,,false,,
2026-06-25 13:40:00,2026-06-25,13:40:00,7360.98,7365.07,7353.5,7354.17,22756040,false,,false,,
2026-06-25 13:45:00,2026-06-25,13:45:00,7354.2,7354.34,7344.97,7346.66,24752310,true,7350,true,7350,7350:from_above
2026-06-25 13:50:00,2026-06-25,13:50:00,7346.67,7355.63,7344.7,7353.65,21279450,true,7350,false,,
2026-06-25 13:55:00,2026-06-25,13:55:00,7353.64,7363.38,7351.99,7362.99,22200180,true,7350,false,,
2026-06-25 14:00:00,2026-06-25,14:00:00,7362.81,7363.39,7342.9,7347.71,27552570,true,7350,false,,
2026-06-25 14:05:00,2026-06-25,14:05:00,7347.69,7363.14,7345.88,7362.23,26614210,true,7350,false,,
2026-06-25 14:10:00,2026-06-25,14:10:00,7362.15,7367.26,7357.44,7360.52,20030220,false,,false,,
2026-06-25 14:15:00,2026-06-25,14:15:00,7360.6,7381.1,7358.15,7376.72,24512540,false,,false,,
2026-06-25 14:20:00,2026-06-25,14:20:00,7376.96,7379.61,7371.08,7377.96,22539160,false,,false,,
2026-06-25 14:25:00,2026-06-25,14:25:00,7377.95,7388.27,7377.94,7386.57,25068940,false,,false,,
2026-06-25 14:30:00,2026-06-25,14:30:00,7386.78,7386.78,7368.03,7368.1,25115860,false,,false,,
2026-06-25 14:35:00,2026-06-25,14:35:00,7368.17,7374.74,7364.62,7371.6,24245970,false,,false,,
2026-06-25 14:40:00,2026-06-25,14:40:00,7372.02,7372.63,7367.05,7367.69,22470540,false,,false,,
2026-06-25 14:45:00,2026-06-25,14:45:00,7367.79,7367.79,7355.75,7363.91,24672430,false,,false,,
2026-06-25 14:50:00,2026-06-25,14:50:00,7363.9,7371.37,7362.69,7365.3,23033980,false,,false,,
2026-06-25 14:55:00,2026-06-25,14:55:00,7365.4,7368.71,7363.88,7366.13,23201750,false,,false,,
2026-06-25 15:00:00,2026-06-25,15:00:00,7366.73,7366.73,7355.52,7357.72,30026410,false,,false,,
2026-06-25 15:05:00,2026-06-25,15:05:00,7357.65,7360.18,7355.9,7358.9,25950230,false,,false,,
2026-06-25 15:10:00,2026-06-25,15:10:00,7358.78,7359.71,7351.25,7352.29,26761790,true,7350,true,7350,7350:from_above
2026-06-25 15:15:00,2026-06-25,15:15:00,7352.01,7353.82,7346.85,7350.31,31591360,true,7350,false,,
2026-06-25 15:20:00,2026-06-25,15:20:00,7350.28,7354.37,7348.36,7353.64,31531440,true,7350,false,,
2026-06-25 15:25:00,2026-06-25,15:25:00,7354.7,7356.62,7348.7,7352.53,34841330,true,7350,false,,
2026-06-25 15:30:00,2026-06-25,15:30:00,7352.38,7352.7,7345.87,7350.04,45262530,true,7350,false,,
2026-06-25 15:35:00,2026-06-25,15:35:00,7349.99,7349.99,7345.05,7348.28,41016770,true,7350,false,,
2026-06-25 15:40:00,2026-06-25,15:40:00,7348.51,7350.9,7344.82,7347.6,45752190,true,7350,false,,
2026-06-25 15:45:00,2026-06-25,15:45:00,7347.48,7347.91,7341.68,7344.71,57565130,false,,false,,
2026-06-25 15:50:00,2026-06-25,15:50:00,7345.02,7354.09,7341.84,7353.14,87555650,true,7350,true,7350,7350:from_below
2026-06-25 15:55:00,2026-06-25,15:55:00,7353.29,7357.16,7347.34,7357.16,238093810,true,7350,false,,
2026-06-25 16:00:00,2026-06-25,16:00:00,7359.94,7359.94,7357.48,7357.48,638176900,false,,false,,
2026-06-26 09:30:00,2026-06-26,09:30:00,7312.74,7320.55,7294.18,7303.88,156334784,true,7300,true,7300,7300:from_above
2026-06-26 09:35:00,2026-06-26,09:35:00,7304.15,7317.11,7303.82,7308.62,56359751,false,,false,,
2026-06-26 09:40:00,2026-06-26,09:40:00,7308.11,7321.39,7304.9,7318.6,51427141,false,,false,,
2026-06-26 09:45:00,2026-06-26,09:45:00,7318.91,7324.93,7306.89,7314.79,48956624,false,,false,,
2026-06-26 09:50:00,2026-06-26,09:50:00,7314.2,7323.08,7312.8,7319.72,41078180,false,,false,,
2026-06-26 09:55:00,2026-06-26,09:55:00,7320.79,7339.88,7319.66,7335.26,42954700,false,,false,,
2026-06-26 10:00:00,2026-06-26,10:00:00,7336.07,7350.36,7334.5,7348.94,44646750,true,7350,true,7350,7350:from_below
2026-06-26 10:05:00,2026-06-26,10:05:00,7349.34,7358.82,7348.79,7357.73,36069150,true,7350,false,,
2026-06-26 10:10:00,2026-06-26,10:10:00,7357.47,7361.34,7351.52,7359.92,37991370,true,7350,false,,
2026-06-26 10:15:00,2026-06-26,10:15:00,7359.5,7363.04,7352.08,7353.58,32397150,false,,false,,
2026-06-26 10:20:00,2026-06-26,10:20:00,7353.25,7369.91,7352.62,7362.91,37360810,false,,false,,
2026-06-26 10:25:00,2026-06-26,10:25:00,7362.48,7367.15,7360.31,7361.97,35454710,false,,false,,
2026-06-26 10:30:00,2026-06-26,10:30:00,7362.07,7366.47,7358.04,7361.09,35959710,false,,false,,
2026-06-26 10:35:00,2026-06-26,10:35:00,7361.24,7361.63,7348.49,7349.06,32239360,true,7350,true,7350,7350:from_above
2026-06-26 10:40:00,2026-06-26,10:40:00,7349,7357.86,7343.68,7348.67,32211140,true,7350,false,,
2026-06-26 10:45:00,2026-06-26,10:45:00,7348.7,7361.55,7348.38,7357.36,30333890,true,7350,false,,
2026-06-26 10:50:00,2026-06-26,10:50:00,7356.97,7359.88,7349.8,7352.05,30090820,true,7350,false,,
2026-06-26 10:55:00,2026-06-26,10:55:00,7352.6,7356.78,7346.5,7352.12,33309880,true,7350,false,,
2026-06-26 11:00:00,2026-06-26,11:00:00,7352.23,7361.12,7352.23,7354.76,31709440,false,,false,,
2026-06-26 11:05:00,2026-06-26,11:05:00,7355.01,7358.79,7350.16,7357.97,34378930,true,7350,true,7350,7350:from_above
2026-06-26 11:10:00,2026-06-26,11:10:00,7358,7359.06,7347.24,7348.19,32146640,true,7350,false,,
2026-06-26 11:15:00,2026-06-26,11:15:00,7348.16,7358.81,7343.95,7357.87,35018560,true,7350,false,,
2026-06-26 11:20:00,2026-06-26,11:20:00,7357.77,7365.73,7355.9,7365.37,34858190,false,,false,,
2026-06-26 11:25:00,2026-06-26,11:25:00,7365.71,7374.04,7364.17,7374.04,30734330,false,,false,,
2026-06-26 11:30:00,2026-06-26,11:30:00,7374.2,7383.72,7371.87,7372.82,36389250,false,,false,,
2026-06-26 11:35:00,2026-06-26,11:35:00,7372.83,7386.85,7372.83,7385.55,31542810,false,,false,,
2026-06-26 11:40:00,2026-06-26,11:40:00,7385.98,7392.95,7383.31,7390.1,31767110,false,,false,,
2026-06-26 11:45:00,2026-06-26,11:45:00,7390.35,7392.4,7383.42,7383.46,31041830,false,,false,,
2026-06-26 11:50:00,2026-06-26,11:50:00,7383.27,7388.03,7369.87,7373.5,39187420,false,,false,,
2026-06-26 11:55:00,2026-06-26,11:55:00,7373.53,7386.06,7372.4,7381.62,29270930,false,,false,,
2026-06-26 12:00:00,2026-06-26,12:00:00,7381.67,7382.65,7378.32,7381.3,24638520,false,,false,,
2026-06-26 12:05:00,2026-06-26,12:05:00,7381.07,7381.31,7369.32,7370.17,24733470,false,,false,,
2026-06-26 12:10:00,2026-06-26,12:10:00,7370.17,7372.05,7366.18,7369.25,24696760,false,,false,,
2026-06-26 12:15:00,2026-06-26,12:15:00,7369.19,7373.81,7365.79,7367.85,25583990,false,,false,,
2026-06-26 12:20:00,2026-06-26,12:20:00,7367.89,7368.81,7356.07,7361.23,28561370,false,,false,,
2026-06-26 12:25:00,2026-06-26,12:25:00,7360.73,7363.8,7359.18,7361.51,24587160,false,,false,,
2026-06-26 12:30:00,2026-06-26,12:30:00,7362.05,7374.45,7362.05,7373.92,23895070,false,,false,,
2026-06-26 12:35:00,2026-06-26,12:35:00,7374.01,7375.23,7370.31,7371.6,21737750,false,,false,,
2026-06-26 12:40:00,2026-06-26,12:40:00,7371.55,7373.55,7368.41,7368.41,21839120,false,,false,,
2026-06-26 12:45:00,2026-06-26,12:45:00,7368.45,7371.4,7367.04,7371.06,21283430,false,,false,,
2026-06-26 12:50:00,2026-06-26,12:50:00,7371.1,7376.41,7370.74,7374.06,21709510,false,,false,,
2026-06-26 12:55:00,2026-06-26,12:55:00,7373.68,7373.68,7370.84,7372.25,21765990,false,,false,,
2026-06-26 13:00:00,2026-06-26,13:00:00,7372.28,7379.05,7370.07,7376.6,23260620,false,,false,,
2026-06-26 13:05:00,2026-06-26,13:05:00,7376.58,7385.13,7376.58,7384.2,23661330,false,,false,,
2026-06-26 13:10:00,2026-06-26,13:10:00,7384.29,7386.21,7377.35,7378.42,21548730,false,,false,,
2026-06-26 13:15:00,2026-06-26,13:15:00,7378.76,7379.13,7371.1,7371.79,22015600,false,,false,,
2026-06-26 13:20:00,2026-06-26,13:20:00,7371.91,7373.54,7367.27,7368.14,27338320,false,,false,,
2026-06-26 13:25:00,2026-06-26,13:25:00,7368.31,7376.84,7365.91,7375.13,22196250,false,,false,,
2026-06-26 13:30:00,2026-06-26,13:30:00,7375.16,7381.1,7372.62,7374.25,22030360,false,,false,,
2026-06-26 13:35:00,2026-06-26,13:35:00,7374.13,7374.18,7367.54,7367.79,19929980,false,,false,,
2026-06-26 13:40:00,2026-06-26,13:40:00,7367.76,7372.59,7364.35,7370.31,20737610,false,,false,,
2026-06-26 13:45:00,2026-06-26,13:45:00,7370.37,7371.57,7366.13,7366.25,22006850,false,,false,,
2026-06-26 13:50:00,2026-06-26,13:50:00,7366.21,7370.69,7365.68,7368.59,21583960,false,,false,,
2026-06-26 13:55:00,2026-06-26,13:55:00,7368.63,7368.7,7362.39,7364.5,23623160,false,,false,,
2026-06-26 14:00:00,2026-06-26,14:00:00,7364.48,7371.27,7364.16,7370.04,27930520,false,,false,,
2026-06-26 14:05:00,2026-06-26,14:05:00,7370.21,7373.35,7368.02,7369.87,22344520,false,,false,,
2026-06-26 14:10:00,2026-06-26,14:10:00,7369.57,7371.75,7366.43,7367.64,26255550,false,,false,,
2026-06-26 14:15:00,2026-06-26,14:15:00,7367.99,7369.71,7360.42,7361.62,23572130,false,,false,,
2026-06-26 14:20:00,2026-06-26,14:20:00,7361.62,7364.22,7360.27,7362.81,22309800,false,,false,,
2026-06-26 14:25:00,2026-06-26,14:25:00,7363.11,7364.22,7354.95,7356,22075110,false,,false,,
2026-06-26 14:30:00,2026-06-26,14:30:00,7356.04,7364.21,7355.5,7362.48,26825170,false,,false,,
2026-06-26 14:35:00,2026-06-26,14:35:00,7362.49,7362.67,7355.68,7356.67,24195740,false,,false,,
2026-06-26 14:40:00,2026-06-26,14:40:00,7356.79,7359.19,7355.27,7356.37,24371540,false,,false,,
2026-06-26 14:45:00,2026-06-26,14:45:00,7356.21,7356.21,7345.28,7348.05,27023300,true,7350,true,7350,7350:from_above
2026-06-26 14:50:00,2026-06-26,14:50:00,7347.97,7348.05,7344.01,7345.41,26994830,true,7350,false,,
2026-06-26 14:55:00,2026-06-26,14:55:00,7345.68,7348.78,7340.08,7343.75,27496020,true,7350,false,,
2026-06-26 15:00:00,2026-06-26,15:00:00,7343.81,7348.17,7342.56,7342.73,33225130,true,7350,false,,
2026-06-26 15:05:00,2026-06-26,15:05:00,7342.33,7352.7,7341.87,7351.5,33556080,true,7350,false,,
2026-06-26 15:10:00,2026-06-26,15:10:00,7351.54,7355.97,7348.61,7355.97,32598320,true,7350,false,,
2026-06-26 15:15:00,2026-06-26,15:15:00,7355.86,7357.32,7352.49,7355.55,29498440,false,,false,,
2026-06-26 15:20:00,2026-06-26,15:20:00,7355.48,7356.53,7345.48,7350.24,33828290,true,7350,true,7350,7350:from_above
2026-06-26 15:25:00,2026-06-26,15:25:00,7350.32,7352.45,7348.79,7349.4,37009670,true,7350,false,,
2026-06-26 15:30:00,2026-06-26,15:30:00,7349.55,7355.98,7345.82,7354.72,46927480,true,7350,false,,
2026-06-26 15:35:00,2026-06-26,15:35:00,7354.82,7355.44,7350.57,7350.57,48416270,true,7350,false,,
2026-06-26 15:40:00,2026-06-26,15:40:00,7350.67,7361.09,7350.48,7360.15,66056480,true,7350,false,,
2026-06-26 15:45:00,2026-06-26,15:45:00,7360.49,7366.01,7354.7,7358.19,83645930,false,,false,,
2026-06-26 15:50:00,2026-06-26,15:50:00,7358.12,7364.06,7353.7,7359.63,172811710,false,,false,,
2026-06-26 15:55:00,2026-06-26,15:55:00,7359.32,7363.97,7348.16,7349.59,312862300,true,7350,true,7350,7350:from_above
2026-06-26 16:00:00,2026-06-26,16:00:00,7339.92,7353.51,7339.92,7353.38,2367601200,true,7350,false,,
2026-06-26 16:05:00,2026-06-26,16:05:00,7353.51,7354.03,7353.51,7354.03,171237900,false,,false,,
2026-06-29 09:30:00,2026-06-29,09:30:00,7391.81,7417.32,7384.81,7416.36,164420093,true,7400,true,7400,7400:from_below
2026-06-29 09:35:00,2026-06-29,09:35:00,7416.41,7416.41,7398.52,7409.23,60756009,true,7400,false,,
2026-06-29 09:40:00,2026-06-29,09:40:00,7409.6,7421.42,7403.71,7420.87,51663888,false,,false,,
2026-06-29 09:45:00,2026-06-29,09:45:00,7421.4,7427.2,7417.31,7417.63,54733180,false,,false,,
2026-06-29 09:50:00,2026-06-29,09:50:00,7417.73,7427.8,7412.87,7418.65,50192660,false,,false,,
2026-06-29 09:55:00,2026-06-29,09:55:00,7418.18,7419.24,7393.54,7397.31,48730120,true,7400,true,7400,7400:from_above
2026-06-29 10:00:00,2026-06-29,10:00:00,7397.13,7398.47,7387.24,7389.54,42923880,true,7400,false,,
2026-06-29 10:05:00,2026-06-29,10:05:00,7389.32,7389.98,7375.65,7379.98,44842300,false,,false,,
2026-06-29 10:10:00,2026-06-29,10:10:00,7379.51,7380.63,7355.44,7355.44,47533870,false,,false,,
2026-06-29 10:15:00,2026-06-29,10:15:00,7355.06,7366.78,7348.88,7365.27,50696130,true,7350,true,7350,7350:from_above
2026-06-29 10:20:00,2026-06-29,10:20:00,7365.51,7374.11,7362.43,7370.45,42369720,false,,false,,
2026-06-29 10:25:00,2026-06-29,10:25:00,7370.66,7391.34,7370.63,7390.61,43022900,false,,false,,
2026-06-29 10:30:00,2026-06-29,10:30:00,7389.54,7405.65,7389.19,7404.17,47809650,true,7400,true,7400,7400:from_below
2026-06-29 10:35:00,2026-06-29,10:35:00,7404.04,7406.44,7398.73,7400.34,37594930,true,7400,false,,
2026-06-29 10:40:00,2026-06-29,10:40:00,7400.55,7406.78,7398.24,7400.35,31777370,true,7400,false,,
2026-06-29 10:45:00,2026-06-29,10:45:00,7400.15,7400.15,7388.41,7396.46,35036760,true,7400,false,,
2026-06-29 10:50:00,2026-06-29,10:50:00,7396.38,7412.13,7396.06,7409.27,34509360,true,7400,false,,
2026-06-29 10:55:00,2026-06-29,10:55:00,7409.15,7409.15,7401.03,7407.83,36646170,true,7400,false,,
2026-06-29 11:00:00,2026-06-29,11:00:00,7408.03,7409.84,7401.35,7402.2,34417200,true,7400,false,,
2026-06-29 11:05:00,2026-06-29,11:05:00,7402.32,7404.17,7398.89,7400.87,30722920,true,7400,false,,
2026-06-29 11:10:00,2026-06-29,11:10:00,7400.88,7403.72,7394.3,7403.58,32281490,true,7400,false,,
2026-06-29 11:15:00,2026-06-29,11:15:00,7403.7,7406.47,7398.47,7398.98,29843440,true,7400,false,,
2026-06-29 11:20:00,2026-06-29,11:20:00,7398.83,7403.69,7394.09,7395.96,28400780,true,7400,false,,
2026-06-29 11:25:00,2026-06-29,11:25:00,7396.24,7407.21,7394.86,7406.84,28035910,true,7400,false,,
2026-06-29 11:30:00,2026-06-29,11:30:00,7406.94,7408.94,7404.84,7405.58,31405940,false,,false,,
2026-06-29 11:35:00,2026-06-29,11:35:00,7405.28,7409.51,7400.78,7408.54,29532920,true,7400,true,7400,7400:from_above
2026-06-29 11:40:00,2026-06-29,11:40:00,7408.73,7412.88,7406.2,7412.71,29535980,false,,false,,
2026-06-29 11:45:00,2026-06-29,11:45:00,7412.71,7412.71,7406.38,7407.31,28491660,false,,false,,
2026-06-29 11:50:00,2026-06-29,11:50:00,7407.36,7410.34,7406.65,7409.18,23848130,false,,false,,
2026-06-29 11:55:00,2026-06-29,11:55:00,7409.4,7414.06,7407.22,7413.37,24414060,false,,false,,
2026-06-29 12:00:00,2026-06-29,12:00:00,7413.34,7417.84,7413.34,7417.84,26863490,false,,false,,
2026-06-29 12:05:00,2026-06-29,12:05:00,7417.81,7419.63,7415.63,7416.24,24533840,false,,false,,
2026-06-29 12:10:00,2026-06-29,12:10:00,7416.43,7418.13,7413.12,7413.56,24806760,false,,false,,
2026-06-29 12:15:00,2026-06-29,12:15:00,7413.81,7416.63,7413.31,7414.3,23756480,false,,false,,
2026-06-29 12:20:00,2026-06-29,12:20:00,7414.37,7417.11,7412.88,7416.56,27490370,false,,false,,
2026-06-29 12:25:00,2026-06-29,12:25:00,7416.82,7417.35,7411.68,7412.31,23305700,false,,false,,
2026-06-29 12:30:00,2026-06-29,12:30:00,7412.27,7413.72,7408.67,7410.05,23184770,false,,false,,
2026-06-29 12:35:00,2026-06-29,12:35:00,7410.02,7413.05,7408.5,7412.98,22924790,false,,false,,
2026-06-29 12:40:00,2026-06-29,12:40:00,7413.05,7414.49,7411.75,7413.79,20964370,false,,false,,
2026-06-29 12:45:00,2026-06-29,12:45:00,7413.83,7415.39,7410.99,7413.96,23089110,false,,false,,
2026-06-29 12:50:00,2026-06-29,12:50:00,7414.08,7418.59,7413.4,7417.81,24179050,false,,false,,
2026-06-29 12:55:00,2026-06-29,12:55:00,7417.8,7417.8,7415.29,7416.09,19743620,false,,false,,
2026-06-29 13:00:00,2026-06-29,13:00:00,7415.99,7419.47,7415.99,7418.82,22307290,false,,false,,
2026-06-29 13:05:00,2026-06-29,13:05:00,7419.04,7422.64,7418.45,7422.14,21934010,false,,false,,
2026-06-29 13:10:00,2026-06-29,13:10:00,7422.1,7430.47,7422.1,7428.76,22036510,false,,false,,
2026-06-29 13:15:00,2026-06-29,13:15:00,7428.79,7431.22,7428.32,7430.11,21808950,false,,false,,
2026-06-29 13:20:00,2026-06-29,13:20:00,7430.17,7432.05,7423.95,7424.32,23589070,false,,false,,
2026-06-29 13:25:00,2026-06-29,13:25:00,7424.25,7431.17,7423.64,7430.67,25022430,false,,false,,
2026-06-29 13:30:00,2026-06-29,13:30:00,7430.84,7435.26,7429.01,7431.75,25667650,false,,false,,
2026-06-29 13:35:00,2026-06-29,13:35:00,7431.6,7433.62,7429.84,7431.99,20929930,false,,false,,
2026-06-29 13:40:00,2026-06-29,13:40:00,7432.13,7433.21,7431.46,7432.18,18787180,false,,false,,
2026-06-29 13:45:00,2026-06-29,13:45:00,7432.18,7434.63,7430.46,7433.89,19257770,false,,false,,
2026-06-29 13:50:00,2026-06-29,13:50:00,7433.89,7436.81,7432.86,7434.55,19181850,false,,false,,
2026-06-29 13:55:00,2026-06-29,13:55:00,7434.66,7435.66,7430.51,7433.14,20379450,false,,false,,
2026-06-29 14:00:00,2026-06-29,14:00:00,7433.22,7435.87,7431.55,7435.1,34840870,false,,false,,
2026-06-29 14:05:00,2026-06-29,14:05:00,7435.1,7436.68,7433.55,7434.06,31497480,false,,false,,
2026-06-29 14:10:00,2026-06-29,14:10:00,7434.29,7435.97,7433.37,7435.11,22519640,false,,false,,
2026-06-29 14:15:00,2026-06-29,14:15:00,7435.23,7435.36,7432.95,7433.23,24792660,false,,false,,
2026-06-29 14:20:00,2026-06-29,14:20:00,7433.34,7434.5,7430.75,7432.61,21467990,false,,false,,
2026-06-29 14:25:00,2026-06-29,14:25:00,7432.67,7432.71,7430.12,7430.53,23443050,false,,false,,
2026-06-29 14:30:00,2026-06-29,14:30:00,7430.67,7435.86,7430.48,7435.04,23412980,false,,false,,
2026-06-29 14:35:00,2026-06-29,14:35:00,7435.1,7438.06,7434.25,7436.28,22396510,false,,false,,
2026-06-29 14:40:00,2026-06-29,14:40:00,7436.32,7439.49,7435.75,7438.74,23640190,false,,false,,
2026-06-29 14:45:00,2026-06-29,14:45:00,7438.72,7440.64,7437.81,7438.78,28477640,false,,false,,
2026-06-29 14:50:00,2026-06-29,14:50:00,7438.82,7439.09,7436.01,7438.14,28148380,false,,false,,
2026-06-29 14:55:00,2026-06-29,14:55:00,7438.23,7438.39,7435,7436.1,26438400,false,,false,,
2026-06-29 15:00:00,2026-06-29,15:00:00,7436.15,7438.17,7433.21,7434.67,29267660,false,,false,,
2026-06-29 15:05:00,2026-06-29,15:05:00,7434.81,7438.56,7433.87,7436.98,28288660,false,,false,,
2026-06-29 15:10:00,2026-06-29,15:10:00,7436.94,7437.16,7434.71,7435.1,26653830,false,,false,,
2026-06-29 15:15:00,2026-06-29,15:15:00,7435.13,7436.99,7433.13,7436.04,33734880,false,,false,,
2026-06-29 15:20:00,2026-06-29,15:20:00,7435.82,7440.47,7435.82,7439.1,34403640,false,,false,,
2026-06-29 15:25:00,2026-06-29,15:25:00,7438.99,7439.51,7437.75,7437.75,35883340,false,,false,,
2026-06-29 15:30:00,2026-06-29,15:30:00,7437.76,7438.05,7433.19,7433.78,48987950,false,,false,,
2026-06-29 15:35:00,2026-06-29,15:35:00,7433.81,7436.88,7433.4,7436.69,43240300,false,,false,,
2026-06-29 15:40:00,2026-06-29,15:40:00,7436.73,7438.72,7433.72,7435.21,42670970,false,,false,,
2026-06-29 15:45:00,2026-06-29,15:45:00,7435.52,7437.57,7435.31,7437.2,56647110,false,,false,,
2026-06-29 15:50:00,2026-06-29,15:50:00,7437.28,7437.28,7431.7,7432.31,89246040,false,,false,,
2026-06-29 15:55:00,2026-06-29,15:55:00,7432.31,7444.32,7432.31,7439.25,243481170,false,,false,,
2026-06-29 16:00:00,2026-06-29,16:00:00,7439.19,7440.44,7439.19,7440.44,741566200,false,,false,,
2026-06-30 09:30:00,2026-06-30,09:30:00,7441.92,7449.74,7438.04,7442.05,121333854,true,7450,true,7450,7450:from_below
2026-06-30 09:35:00,2026-06-30,09:35:00,7441.26,7449.92,7440.93,7442.68,52054831,true,7450,false,,
2026-06-30 09:40:00,2026-06-30,09:40:00,7442.84,7450.35,7440.27,7447.55,39825462,true,7450,false,,
2026-06-30 09:45:00,2026-06-30,09:45:00,7447.59,7450.97,7445.32,7448.82,43100056,true,7450,false,,
2026-06-30 09:50:00,2026-06-30,09:50:00,7448.62,7463.24,7447.85,7460.37,41573047,true,7450,false,,
2026-06-30 09:55:00,2026-06-30,09:55:00,7460.5,7467.59,7460.5,7467.54,41678700,false,,false,,
2026-06-30 10:00:00,2026-06-30,10:00:00,7467.99,7473.07,7456.84,7473.07,43767190,false,,false,,
2026-06-30 10:05:00,2026-06-30,10:05:00,7473.41,7473.41,7462.09,7462.98,37783130,false,,false,,
2026-06-30 10:10:00,2026-06-30,10:10:00,7463.07,7466.56,7459.3,7463.44,35315500,false,,false,,
2026-06-30 10:15:00,2026-06-30,10:15:00,7463.84,7466.29,7461.27,7463.64,37571640,false,,false,,
2026-06-30 10:20:00,2026-06-30,10:20:00,7463.79,7472.65,7462.74,7471.28,30932850,false,,false,,
2026-06-30 10:25:00,2026-06-30,10:25:00,7471.18,7473.37,7468.54,7472.2,28567250,false,,false,,
2026-06-30 10:30:00,2026-06-30,10:30:00,7472.35,7480.2,7471.91,7480.2,32084620,false,,false,,
2026-06-30 10:35:00,2026-06-30,10:35:00,7480.71,7480.71,7471.38,7473.26,30758480,false,,false,,
2026-06-30 10:40:00,2026-06-30,10:40:00,7473.43,7477.45,7469.89,7475.99,31296600,false,,false,,
2026-06-30 10:45:00,2026-06-30,10:45:00,7476.15,7476.15,7465.11,7466.26,30821600,false,,false,,
2026-06-30 10:50:00,2026-06-30,10:50:00,7466.2,7470.38,7461.33,7461.37,28803860,false,,false,,
2026-06-30 10:55:00,2026-06-30,10:55:00,7461.49,7465.3,7457.74,7461.43,31099460,false,,false,,
2026-06-30 11:00:00,2026-06-30,11:00:00,7461.22,7471.33,7460.86,7469.67,34343560,false,,false,,
2026-06-30 11:05:00,2026-06-30,11:05:00,7469.59,7473,7466.33,7472.52,30303070,false,,false,,
2026-06-30 11:10:00,2026-06-30,11:10:00,7472.44,7477.76,7471.41,7476.18,29528040,false,,false,,
2026-06-30 11:15:00,2026-06-30,11:15:00,7476.15,7476.4,7471.79,7473.93,28822470,false,,false,,
2026-06-30 11:20:00,2026-06-30,11:20:00,7474.04,7480.07,7473.47,7479.41,28776950,false,,false,,
2026-06-30 11:25:00,2026-06-30,11:25:00,7479.4,7481.57,7478.45,7480.83,25688320,false,,false,,
2026-06-30 11:30:00,2026-06-30,11:30:00,7480.83,7482.61,7478.78,7482.43,27865320,false,,false,,
2026-06-30 11:35:00,2026-06-30,11:35:00,7482.48,7482.64,7477.05,7477.92,26374640,false,,false,,
2026-06-30 11:40:00,2026-06-30,11:40:00,7477.88,7480.47,7476.33,7478.6,25156220,false,,false,,
2026-06-30 11:45:00,2026-06-30,11:45:00,7478.61,7484.89,7478.61,7482.71,22916730,false,,false,,
2026-06-30 11:50:00,2026-06-30,11:50:00,7482.66,7485.66,7481.49,7485.63,24257220,false,,false,,
2026-06-30 11:55:00,2026-06-30,11:55:00,7485.61,7487.89,7484.81,7486.04,23361730,false,,false,,
2026-06-30 12:00:00,2026-06-30,12:00:00,7486.14,7489.5,7485.73,7488.43,24938980,false,,false,,
2026-06-30 12:05:00,2026-06-30,12:05:00,7488.49,7491.77,7488.17,7488.65,21397840,false,,false,,
2026-06-30 12:10:00,2026-06-30,12:10:00,7488.8,7491.12,7488.63,7490.92,19982870,false,,false,,
2026-06-30 12:15:00,2026-06-30,12:15:00,7490.79,7493.7,7490.03,7492.37,21193460,false,,false,,
2026-06-30 12:20:00,2026-06-30,12:20:00,7492.42,7493.57,7490.92,7492.57,22020670,false,,false,,
2026-06-30 12:25:00,2026-06-30,12:25:00,7492.65,7493.2,7490.8,7491.13,21472300,false,,false,,
2026-06-30 12:30:00,2026-06-30,12:30:00,7491.17,7492.64,7489.51,7490.46,20648630,false,,false,,
2026-06-30 12:35:00,2026-06-30,12:35:00,7490.45,7492,7489.83,7491.94,20342140,false,,false,,
2026-06-30 12:40:00,2026-06-30,12:40:00,7492.11,7494.13,7491.74,7493.19,21508700,false,,false,,
2026-06-30 12:45:00,2026-06-30,12:45:00,7493.48,7496.67,7493.45,7496.48,20873500,false,,false,,
2026-06-30 12:50:00,2026-06-30,12:50:00,7496.55,7498.87,7495.04,7498.1,24697870,true,7500,true,7500,7500:from_below
2026-06-30 12:55:00,2026-06-30,12:55:00,7498.17,7498.57,7494.7,7495.94,23105120,true,7500,false,,
2026-06-30 13:00:00,2026-06-30,13:00:00,7495.9,7499.6,7495.9,7498.5,22794360,true,7500,false,,
2026-06-30 13:05:00,2026-06-30,13:05:00,7498.48,7499.01,7497,7497.28,24885310,true,7500,false,,
2026-06-30 13:10:00,2026-06-30,13:10:00,7497.4,7497.56,7494.24,7494.47,20028060,false,,false,,
2026-06-30 13:15:00,2026-06-30,13:15:00,7494.55,7495.52,7493.67,7494.87,20581700,false,,false,,
2026-06-30 13:20:00,2026-06-30,13:20:00,7494.8,7496.9,7494.29,7495.36,20967790,false,,false,,
2026-06-30 13:25:00,2026-06-30,13:25:00,7495.35,7495.75,7492.07,7493.19,22477630,false,,false,,
2026-06-30 13:30:00,2026-06-30,13:30:00,7493.49,7495.11,7491.58,7494.39,22320850,false,,false,,
2026-06-30 13:35:00,2026-06-30,13:35:00,7494.46,7494.73,7489.72,7490.17,22625210,false,,false,,
2026-06-30 13:40:00,2026-06-30,13:40:00,7490.23,7494.66,7489.89,7494.1,22331260,false,,false,,
2026-06-30 13:45:00,2026-06-30,13:45:00,7493.98,7494.23,7490.94,7491.66,20614850,false,,false,,
2026-06-30 13:50:00,2026-06-30,13:50:00,7491.73,7493.85,7491.03,7492.81,19803420,false,,false,,
2026-06-30 13:55:00,2026-06-30,13:55:00,7492.92,7493.28,7491.79,7492.67,19922680,false,,false,,
2026-06-30 14:00:00,2026-06-30,14:00:00,7492.7,7496.6,7491.97,7494.54,25886250,false,,false,,
2026-06-30 14:05:00,2026-06-30,14:05:00,7494.49,7495.98,7491.16,7494.97,24263190,false,,false,,
2026-06-30 14:10:00,2026-06-30,14:10:00,7494.95,7496.17,7494.16,7495.88,18455590,false,,false,,
2026-06-30 14:15:00,2026-06-30,14:15:00,7495.83,7497.93,7495.07,7497.71,21725770,false,,false,,
2026-06-30 14:20:00,2026-06-30,14:20:00,7497.77,7499.12,7496.86,7496.93,21117870,true,7500,true,7500,7500:from_below
2026-06-30 14:25:00,2026-06-30,14:25:00,7496.93,7497.38,7494.77,7495.76,23282460,false,,false,,
2026-06-30 14:30:00,2026-06-30,14:30:00,7495.87,7496.11,7493.87,7495.25,26297450,false,,false,,
2026-06-30 14:35:00,2026-06-30,14:35:00,7495.22,7496.86,7494.71,7495.12,29051430,false,,false,,
2026-06-30 14:40:00,2026-06-30,14:40:00,7495.2,7498.91,7495.16,7498.2,22572070,true,7500,true,7500,7500:from_below
2026-06-30 14:45:00,2026-06-30,14:45:00,7498.05,7501.38,7496.76,7501.26,24973760,true,7500,false,,
2026-06-30 14:50:00,2026-06-30,14:50:00,7501.42,7502.65,7498.42,7499.15,25089530,true,7500,false,,
2026-06-30 14:55:00,2026-06-30,14:55:00,7499.14,7501.28,7498.97,7499.84,24581890,true,7500,false,,
2026-06-30 15:00:00,2026-06-30,15:00:00,7499.87,7502.03,7499.8,7500.84,29186860,true,7500,false,,
2026-06-30 15:05:00,2026-06-30,15:05:00,7500.89,7503.99,7499.94,7503.45,31041740,true,7500,false,,
2026-06-30 15:10:00,2026-06-30,15:10:00,7503.43,7505.56,7502.17,7505.33,28970790,false,,false,,
2026-06-30 15:15:00,2026-06-30,15:15:00,7505.59,7508.29,7504.17,7504.32,33654510,false,,false,,
2026-06-30 15:20:00,2026-06-30,15:20:00,7504.37,7506.24,7503.29,7504.71,32829710,false,,false,,
2026-06-30 15:25:00,2026-06-30,15:25:00,7504.7,7505.32,7501.91,7502.51,37151550,true,7500,true,7500,7500:from_above
2026-06-30 15:30:00,2026-06-30,15:30:00,7502.55,7502.97,7499.73,7499.78,45885240,true,7500,false,,
2026-06-30 15:35:00,2026-06-30,15:35:00,7499.94,7500.22,7496.15,7498.08,39881640,true,7500,false,,
2026-06-30 15:40:00,2026-06-30,15:40:00,7498.01,7499.6,7496.72,7499.55,49246370,true,7500,false,,
2026-06-30 15:45:00,2026-06-30,15:45:00,7499.62,7501.36,7496.85,7497.42,58981290,true,7500,false,,
2026-06-30 15:50:00,2026-06-30,15:50:00,7497.54,7503.42,7495.34,7502.81,99533260,true,7500,false,,
2026-06-30 15:55:00,2026-06-30,15:55:00,7503.24,7507.66,7495.19,7496.3,303826100,true,7500,false,,
2026-06-30 16:00:00,2026-06-30,16:00:00,7496.41,7499.24,7496.38,7499.21,958527380,true,7500,false,,
2026-06-30 16:05:00,2026-06-30,16:05:00,7499.19,7499.36,7499.19,7499.35,59907900,true,7500,false,,
2026-07-01 09:30:00,2026-07-01,09:30:00,7477.24,7477.24,7450.13,7450.8,179764670,true,7450,true,7450,7450:from_above
2026-07-01 09:35:00,2026-07-01,09:35:00,7450.76,7459.3,7449.63,7457.55,62844925,true,7450,false,,
2026-07-01 09:40:00,2026-07-01,09:40:00,7457.16,7463.98,7455.1,7458.74,51539675,false,,false,,
2026-07-01 09:45:00,2026-07-01,09:45:00,7457.92,7467.4,7455,7463.94,54947710,false,,false,,
2026-07-01 09:50:00,2026-07-01,09:50:00,7463.83,7476.18,7463.04,7474.35,44686650,false,,false,,
2026-07-01 09:55:00,2026-07-01,09:55:00,7474.34,7480.77,7471.76,7480.51,38026020,false,,false,,
2026-07-01 10:00:00,2026-07-01,10:00:00,7480.88,7483.67,7477.51,7481.54,43439400,false,,false,,
2026-07-01 10:05:00,2026-07-01,10:05:00,7481.55,7490.74,7480.95,7488.39,38495210,false,,false,,
2026-07-01 10:10:00,2026-07-01,10:10:00,7488.46,7496.54,7487.83,7493.51,40138080,false,,false,,
2026-07-01 10:15:00,2026-07-01,10:15:00,7493.58,7495.98,7491.03,7494.76,37148330,false,,false,,
2026-07-01 10:20:00,2026-07-01,10:20:00,7494.86,7497.82,7493.77,7495.66,38332170,false,,false,,
2026-07-01 10:25:00,2026-07-01,10:25:00,7495.73,7498.21,7494.62,7496.11,34690070,true,7500,true,7500,7500:from_below
2026-07-01 10:30:00,2026-07-01,10:30:00,7496.06,7496.96,7488.02,7490.55,43344390,false,,false,,
2026-07-01 10:35:00,2026-07-01,10:35:00,7490.75,7496.64,7487.69,7496.24,38490270,false,,false,,
2026-07-01 10:40:00,2026-07-01,10:40:00,7496.71,7497.92,7491.82,7493.85,39142710,false,,false,,
2026-07-01 10:45:00,2026-07-01,10:45:00,7493.84,7493.84,7484.42,7491.9,42183960,false,,false,,
2026-07-01 10:50:00,2026-07-01,10:50:00,7491.98,7498.67,7491.52,7495.28,39528220,true,7500,true,7500,7500:from_below
2026-07-01 10:55:00,2026-07-01,10:55:00,7495.35,7497.06,7490.72,7497.06,44964990,false,,false,,
2026-07-01 11:00:00,2026-07-01,11:00:00,7496.49,7506.68,7496.37,7505.17,37359770,true,7500,true,7500,7500:from_below
2026-07-01 11:05:00,2026-07-01,11:05:00,7505.06,7507.76,7500.61,7503.93,39467520,true,7500,false,,
2026-07-01 11:10:00,2026-07-01,11:10:00,7503.94,7508.42,7501.87,7508.31,35187160,true,7500,false,,
2026-07-01 11:15:00,2026-07-01,11:15:00,7508.39,7513.16,7507.82,7512.37,35646740,false,,false,,
2026-07-01 11:20:00,2026-07-01,11:20:00,7512.31,7518.19,7512.31,7515.96,33704450,false,,false,,
2026-07-01 11:25:00,2026-07-01,11:25:00,7515.88,7521.11,7515.32,7520.63,36403450,false,,false,,
2026-07-01 11:30:00,2026-07-01,11:30:00,7520.49,7520.95,7513.97,7513.97,36237460,false,,false,,
2026-07-01 11:35:00,2026-07-01,11:35:00,7513.89,7515.54,7510.77,7513.37,31343250,false,,false,,
2026-07-01 11:40:00,2026-07-01,11:40:00,7513.38,7516.25,7511.92,7514.95,27585780,false,,false,,
2026-07-01 11:45:00,2026-07-01,11:45:00,7514.94,7515.98,7511.18,7511.86,27793280,false,,false,,
2026-07-01 11:50:00,2026-07-01,11:50:00,7511.75,7515.59,7510.66,7512.2,25823420,false,,false,,
2026-07-01 11:55:00,2026-07-01,11:55:00,7512.21,7516,7510.98,7515.4,25996440,false,,false,,
2026-07-01 12:00:00,2026-07-01,12:00:00,7515.05,7519.2,7514.32,7515.57,25157880,false,,false,,
2026-07-01 12:05:00,2026-07-01,12:05:00,7515.55,7518.02,7514.26,7515.82,25730300,false,,false,,
2026-07-01 12:10:00,2026-07-01,12:10:00,7515.77,7518.46,7514.89,7518.25,23073470,false,,false,,
2026-07-01 12:15:00,2026-07-01,12:15:00,7518.34,7519.15,7516.16,7518.02,23627680,false,,false,,
2026-07-01 12:20:00,2026-07-01,12:20:00,7518.09,7521.81,7516.91,7519.97,24274410,false,,false,,
2026-07-01 12:25:00,2026-07-01,12:25:00,7519.78,7521.16,7516.98,7517.07,22893550,false,,false,,
2026-07-01 12:30:00,2026-07-01,12:30:00,7517.05,7519.31,7517.05,7518.16,22614490,false,,false,,
2026-07-01 12:35:00,2026-07-01,12:35:00,7517.98,7517.98,7513.26,7513.28,20206380,false,,false,,
2026-07-01 12:40:00,2026-07-01,12:40:00,7513.26,7514.25,7510.21,7513.8,21077510,false,,false,,
2026-07-01 12:45:00,2026-07-01,12:45:00,7513.68,7515.26,7511.34,7511.34,21730840,false,,false,,
2026-07-01 12:50:00,2026-07-01,12:50:00,7511.29,7513.29,7507.29,7509.04,22206870,false,,false,,
2026-07-01 12:55:00,2026-07-01,12:55:00,7508.97,7509.34,7501.93,7503.23,24618780,true,7500,true,7500,7500:from_above
2026-07-01 13:00:00,2026-07-01,13:00:00,7503.28,7507.02,7501.64,7502.44,23633730,true,7500,false,,
2026-07-01 13:05:00,2026-07-01,13:05:00,7502.28,7503.46,7498.3,7502.44,25677280,true,7500,false,,
2026-07-01 13:10:00,2026-07-01,13:10:00,7502.59,7506.11,7500.47,7505.65,21570290,true,7500,false,,
2026-07-01 13:15:00,2026-07-01,13:15:00,7505.72,7508.86,7504.91,7508.49,22812620,false,,false,,
2026-07-01 13:20:00,2026-07-01,13:20:00,7508.55,7510.38,7508.55,7510.14,20139480,false,,false,,
2026-07-01 13:25:00,2026-07-01,13:25:00,7510.07,7511.81,7506.6,7506.7,21072020,false,,false,,
2026-07-01 13:30:00,2026-07-01,13:30:00,7506.71,7509.14,7504.32,7505.44,27511340,false,,false,,
2026-07-01 13:35:00,2026-07-01,13:35:00,7505.65,7507.8,7503.71,7506.86,22744170,false,,false,,
2026-07-01 13:40:00,2026-07-01,13:40:00,7507.1,7507.46,7502.33,7502.6,21206590,false,,false,,
2026-07-01 13:45:00,2026-07-01,13:45:00,7502.39,7503.84,7500.41,7501.63,21062050,true,7500,true,7500,7500:from_above
2026-07-01 13:50:00,2026-07-01,13:50:00,7501.53,7504.62,7500.19,7503.33,23789550,true,7500,false,,
2026-07-01 13:55:00,2026-07-01,13:55:00,7503.41,7503.49,7499.02,7499.25,26360010,true,7500,false,,
2026-07-01 14:00:00,2026-07-01,14:00:00,7499.4,7504.63,7499.17,7504.63,28329350,true,7500,false,,
2026-07-01 14:05:00,2026-07-01,14:05:00,7504.4,7504.4,7500.77,7502.73,26043080,true,7500,false,,
2026-07-01 14:10:00,2026-07-01,14:10:00,7502.79,7503.09,7498.04,7498.13,24945410,true,7500,false,,
2026-07-01 14:15:00,2026-07-01,14:15:00,7498.1,7499.62,7494.64,7499.55,23664660,true,7500,false,,
2026-07-01 14:20:00,2026-07-01,14:20:00,7499.13,7501.51,7498.71,7501.4,25257810,true,7500,false,,
2026-07-01 14:25:00,2026-07-01,14:25:00,7501.53,7502.37,7498.47,7498.79,28460520,true,7500,false,,
2026-07-01 14:30:00,2026-07-01,14:30:00,7498.57,7499.98,7497.14,7499.69,25521630,true,7500,false,,
2026-07-01 14:35:00,2026-07-01,14:35:00,7499.53,7501.27,7498.26,7500.15,22990000,true,7500,false,,
2026-07-01 14:40:00,2026-07-01,14:40:00,7500.1,7500.48,7497.71,7498.89,25202040,true,7500,false,,
2026-07-01 14:45:00,2026-07-01,14:45:00,7498.99,7499.12,7494.47,7496.59,25244700,true,7500,false,,
2026-07-01 14:50:00,2026-07-01,14:50:00,7496.55,7496.95,7491.66,7491.84,31214660,false,,false,,
2026-07-01 14:55:00,2026-07-01,14:55:00,7491.75,7496.37,7491.75,7495.91,31109110,false,,false,,
2026-07-01 15:00:00,2026-07-01,15:00:00,7495.94,7500.97,7495.54,7500.74,32678640,true,7500,true,7500,7500:from_below
2026-07-01 15:05:00,2026-07-01,15:05:00,7500.99,7504.82,7500.64,7504.51,28355760,true,7500,false,,
2026-07-01 15:10:00,2026-07-01,15:10:00,7504.34,7504.34,7499.87,7501.01,29565330,true,7500,false,,
2026-07-01 15:15:00,2026-07-01,15:15:00,7500.84,7503.12,7499.85,7501.84,35883550,true,7500,false,,
2026-07-01 15:20:00,2026-07-01,15:20:00,7501.92,7503.07,7500.56,7502.73,32405550,true,7500,false,,
2026-07-01 15:25:00,2026-07-01,15:25:00,7502.78,7502.78,7496.66,7497.53,34115200,true,7500,false,,
2026-07-01 15:30:00,2026-07-01,15:30:00,7497.23,7500.87,7497.23,7499.48,43649400,true,7500,false,,
2026-07-01 15:35:00,2026-07-01,15:35:00,7499.62,7499.62,7495.08,7496.18,39449960,true,7500,false,,
2026-07-01 15:40:00,2026-07-01,15:40:00,7496.09,7496.33,7492.49,7494.23,45438770,false,,false,,
2026-07-01 15:45:00,2026-07-01,15:45:00,7494.22,7494.27,7490.99,7492.43,57761370,false,,false,,
2026-07-01 15:50:00,2026-07-01,15:50:00,7492.54,7495.31,7486.94,7489.43,92070450,false,,false,,
2026-07-01 15:55:00,2026-07-01,15:55:00,7489.53,7489.53,7479.3,7484.38,251332790,false,,false,,
2026-07-01 16:00:00,2026-07-01,16:00:00,7483.53,7483.88,7483.23,7483.25,696793500,false,,false,,
2026-07-01 16:05:00,2026-07-01,16:05:00,7483.22,7483.22,7483.22,7483.22,12621600,false,,false,,
2026-07-02 09:30:00,2026-07-02,09:30:00,7495.13,7515.52,7495.13,7514.34,140846688,true,7500,true,7500,7500:from_below
2026-07-02 09:35:00,2026-07-02,09:35:00,7514.46,7520.02,7507.35,7514.36,51851094,false,,false,,
2026-07-02 09:40:00,2026-07-02,09:40:00,7515.65,7530.31,7515.38,7526.2,42925549,false,,false,,
2026-07-02 09:45:00,2026-07-02,09:45:00,7525.58,7535.89,7524.32,7533.54,42692018,false,,false,,
2026-07-02 09:50:00,2026-07-02,09:50:00,7532.61,7540.45,7530.47,7534.02,45817270,false,,false,,
2026-07-02 09:55:00,2026-07-02,09:55:00,7533.74,7536.18,7529.17,7534.98,38173160,false,,false,,
2026-07-02 10:00:00,2026-07-02,10:00:00,7535.71,7539.15,7532.44,7535.74,41307400,false,,false,,
2026-07-02 10:05:00,2026-07-02,10:05:00,7535.69,7537.98,7529.63,7530.52,38588560,false,,false,,
2026-07-02 10:10:00,2026-07-02,10:10:00,7530.85,7540.75,7524.85,7537.46,32308250,false,,false,,
2026-07-02 10:15:00,2026-07-02,10:15:00,7537.8,7539.97,7529.38,7534.81,33026240,false,,false,,
2026-07-02 10:20:00,2026-07-02,10:20:00,7534.47,7535.68,7523.15,7523.65,35188960,false,,false,,
2026-07-02 10:25:00,2026-07-02,10:25:00,7523.74,7525.14,7503.72,7507.53,40756640,false,,false,,
2026-07-02 10:30:00,2026-07-02,10:30:00,7507.59,7521.34,7503.83,7510,39122020,false,,false,,
2026-07-02 10:35:00,2026-07-02,10:35:00,7510.13,7518.52,7505.68,7511.88,38140810,false,,false,,
2026-07-02 10:40:00,2026-07-02,10:40:00,7511.89,7513.16,7490.89,7495.34,42212130,true,7500,true,7500,7500:from_above
2026-07-02 10:45:00,2026-07-02,10:45:00,7495.52,7504.04,7490.26,7499.39,41736790,true,7500,false,,
2026-07-02 10:50:00,2026-07-02,10:50:00,7499.42,7503.89,7487.37,7492.34,37624930,true,7500,false,,
2026-07-02 10:55:00,2026-07-02,10:55:00,7491.95,7503.96,7491.89,7503.84,33044544,true,7500,false,,
2026-07-02 11:00:00,2026-07-02,11:00:00,7504.25,7505.37,7487.81,7487.81,35015760,true,7500,false,,
2026-07-02 11:05:00,2026-07-02,11:05:00,7487.51,7490.8,7468.98,7480.17,41536600,false,,false,,
2026-07-02 11:10:00,2026-07-02,11:10:00,7480.26,7492.35,7477.76,7487.83,31154150,false,,false,,
2026-07-02 11:15:00,2026-07-02,11:15:00,7487.6,7490.07,7471.64,7472.72,31195381,false,,false,,
2026-07-02 11:20:00,2026-07-02,11:20:00,7473.15,7486.28,7470.05,7485.53,32014700,false,,false,,
2026-07-02 11:25:00,2026-07-02,11:25:00,7485.88,7487.3,7476.6,7476.62,31115450,false,,false,,
2026-07-02 11:30:00,2026-07-02,11:30:00,7476.39,7490.23,7476.29,7488.01,30100530,false,,false,,
2026-07-02 11:35:00,2026-07-02,11:35:00,7488.13,7494.19,7487.39,7489.59,31685940,false,,false,,
2026-07-02 11:40:00,2026-07-02,11:40:00,7489.56,7492.94,7480.91,7480.91,26360630,false,,false,,
2026-07-02 11:45:00,2026-07-02,11:45:00,7480.44,7484.19,7475.23,7475.75,27413430,false,,false,,
2026-07-02 11:50:00,2026-07-02,11:50:00,7475.97,7475.97,7467.58,7472.77,27828060,false,,false,,
2026-07-02 11:55:00,2026-07-02,11:55:00,7472.73,7476.65,7467.92,7473.74,26780978,false,,false,,
2026-07-02 12:00:00,2026-07-02,12:00:00,7473.75,7475.85,7464.27,7470.62,30964230,false,,false,,
2026-07-02 12:05:00,2026-07-02,12:05:00,7470.74,7473.05,7464.73,7465.83,30281610,false,,false,,
2026-07-02 12:10:00,2026-07-02,12:10:00,7465.96,7473.88,7464.96,7472.34,27642890,false,,false,,
2026-07-02 12:15:00,2026-07-02,12:15:00,7472.56,7473.55,7466.83,7467.97,27932245,false,,false,,
2026-07-02 12:20:00,2026-07-02,12:20:00,7467.82,7468.1,7461.49,7462.09,26790860,false,,false,,
2026-07-02 12:25:00,2026-07-02,12:25:00,7461.8,7466.98,7461.12,7462.03,26412395,false,,false,,
2026-07-02 12:30:00,2026-07-02,12:30:00,7462.36,7463.02,7454.97,7455.17,26305540,false,,false,,
2026-07-02 12:35:00,2026-07-02,12:35:00,7455.16,7457.61,7448.81,7453.27,30288040,true,7450,true,7450,7450:from_above
2026-07-02 12:40:00,2026-07-02,12:40:00,7453.27,7460.2,7453.27,7459.7,22854741,false,,false,,
2026-07-02 12:45:00,2026-07-02,12:45:00,7459.3,7459.42,7454.68,7456.44,23758020,false,,false,,
2026-07-02 12:50:00,2026-07-02,12:50:00,7456.5,7460.48,7452.8,7455.47,24444500,false,,false,,
2026-07-02 12:55:00,2026-07-02,12:55:00,7455.44,7455.47,7445.26,7448.7,24783890,true,7450,true,7450,7450:from_above
2026-07-02 13:00:00,2026-07-02,13:00:00,7448.73,7449.33,7433.35,7435.85,29449690,true,7450,false,,
2026-07-02 13:05:00,2026-07-02,13:05:00,7436.29,7446.4,7431.7,7442,23662017,false,,false,,
2026-07-02 13:10:00,2026-07-02,13:10:00,7441.94,7445.98,7439.32,7444.2,22813697,false,,false,,
2026-07-02 13:15:00,2026-07-02,13:15:00,7444.36,7448.54,7441.21,7441.38,20997770,true,7450,true,7450,7450:from_below
2026-07-02 13:20:00,2026-07-02,13:20:00,7441.44,7446.57,7440.05,7440.68,19990650,false,,false,,
2026-07-02 13:25:00,2026-07-02,13:25:00,7440.88,7443.02,7438.86,7442.71,19175421,false,,false,,
2026-07-02 13:30:00,2026-07-02,13:30:00,7442.82,7447.86,7441.46,7441.46,21449010,false,,false,,
2026-07-02 13:35:00,2026-07-02,13:35:00,7441.47,7442.21,7433.29,7434.12,25612720,false,,false,,
2026-07-02 13:40:00,2026-07-02,13:40:00,7434.08,7439.08,7431.47,7437.27,22101250,false,,false,,
2026-07-02 13:45:00,2026-07-02,13:45:00,7437.47,7438.03,7429.22,7433.22,24563651,false,,false,,
2026-07-02 13:50:00,2026-07-02,13:50:00,7433.11,7437.5,7430.4,7436.54,23375910,false,,false,,
2026-07-02 13:55:00,2026-07-02,13:55:00,7436.82,7436.82,7427.56,7429.31,22571436,false,,false,,
2026-07-02 14:00:00,2026-07-02,14:00:00,7429.18,7436.5,7427.55,7436.37,26797900,false,,false,,
2026-07-02 14:05:00,2026-07-02,14:05:00,7436.38,7451.6,7436.25,7451.6,25608340,true,7450,true,7450,7450:from_below
2026-07-02 14:10:00,2026-07-02,14:10:00,7451.63,7455.78,7448.45,7449.57,23497956,true,7450,false,,
2026-07-02 14:15:00,2026-07-02,14:15:00,7449.56,7450.44,7441.48,7444.05,26851210,true,7450,false,,
2026-07-02 14:20:00,2026-07-02,14:20:00,7444.06,7449.82,7443.81,7448.63,19768958,true,7450,false,,
2026-07-02 14:25:00,2026-07-02,14:25:00,7448.66,7454.63,7447.43,7454.39,21404880,true,7450,false,,
2026-07-02 14:30:00,2026-07-02,14:30:00,7454.32,7461.09,7453.91,7456.17,25518769,false,,false,,
2026-07-02 14:35:00,2026-07-02,14:35:00,7456.26,7459.69,7455.49,7458.35,20802490,false,,false,,
2026-07-02 14:40:00,2026-07-02,14:40:00,7458.55,7460.11,7457.01,7457.59,24686690,false,,false,,
2026-07-02 14:45:00,2026-07-02,14:45:00,7457.68,7460.11,7452.39,7459.62,24391740,false,,false,,
2026-07-02 14:50:00,2026-07-02,14:50:00,7459.69,7462.57,7455.98,7455.98,24057972,false,,false,,
2026-07-02 14:55:00,2026-07-02,14:55:00,7455.89,7457.77,7452.67,7456.81,23270830,false,,false,,
2026-07-02 15:00:00,2026-07-02,15:00:00,7456.74,7458.47,7443.18,7443.34,26063856,true,7450,true,7450,7450:from_above
2026-07-02 15:05:00,2026-07-02,15:05:00,7443.31,7447.6,7440.72,7445.96,31558450,false,,false,,
2026-07-02 15:10:00,2026-07-02,15:10:00,7445.81,7449.45,7442.83,7447.67,26453906,true,7450,true,7450,7450:from_below
2026-07-02 15:15:00,2026-07-02,15:15:00,7447.6,7448.37,7442.64,7446.06,32940340,true,7450,false,,
2026-07-02 15:20:00,2026-07-02,15:20:00,7445.62,7446.18,7442.57,7443.35,36765738,false,,false,,
2026-07-02 15:25:00,2026-07-02,15:25:00,7443.19,7453.91,7441.82,7450.42,39262350,true,7450,true,7450,7450:from_below
2026-07-02 15:30:00,2026-07-02,15:30:00,7450.36,7456.72,7449.41,7456.33,43778740,true,7450,false,,
2026-07-02 15:35:00,2026-07-02,15:35:00,7456.46,7459.13,7453.21,7458.2,40374800,false,,false,,
2026-07-02 15:40:00,2026-07-02,15:40:00,7458.21,7460.98,7455.02,7459.94,41152560,false,,false,,
2026-07-02 15:45:00,2026-07-02,15:45:00,7459.94,7460.75,7457.21,7460.21,54214810,false,,false,,
2026-07-02 15:50:00,2026-07-02,15:50:00,7460.31,7472.29,7460.31,7472.26,87506650,false,,false,,
2026-07-02 15:55:00,2026-07-02,15:55:00,7472.35,7483.55,7470.64,7477.62,234286063,false,,false,,
2026-07-02 16:00:00,2026-07-02,16:00:00,7478.07,7483.25,7478.07,7483.23,611554996,false,,false,,
2026-07-02 16:05:00,2026-07-02,16:05:00,7483.25,7483.25,7483.23,7483.23,15054037,false,,false,,
2026-07-06 09:30:00,2026-07-06,09:30:00,7506.96,7522.42,7506.96,7519.79,89600999,false,,false,,
2026-07-06 09:35:00,2026-07-06,09:35:00,7519.57,7519.57,7500.97,7510.3,49661328,true,7500,true,7500,7500:from_above
2026-07-06 09:40:00,2026-07-06,09:40:00,7510.48,7512.94,7504.42,7512.87,44029395,false,,false,,
2026-07-06 09:45:00,2026-07-06,09:45:00,7513.09,7517.61,7510.65,7516.1,40193347,false,,false,,
2026-07-06 09:50:00,2026-07-06,09:50:00,7516.57,7522.15,7511.14,7516.84,37175822,false,,false,,
2026-07-06 09:55:00,2026-07-06,09:55:00,7516.88,7516.88,7510.63,7510.96,38961409,false,,false,,
2026-07-06 10:00:00,2026-07-06,10:00:00,7512.76,7516.95,7508.62,7511.54,38327545,false,,false,,
2026-07-06 10:05:00,2026-07-06,10:05:00,7511.11,7517.43,7508.28,7515.54,37888735,false,,false,,
2026-07-06 10:10:00,2026-07-06,10:10:00,7515.46,7522,7513.62,7521.75,36456609,false,,false,,
2026-07-06 10:15:00,2026-07-06,10:15:00,7521.77,7522.44,7517.59,7519.64,34628281,false,,false,,
2026-07-06 10:20:00,2026-07-06,10:20:00,7519.35,7525.65,7517.94,7523.53,30936690,false,,false,,
2026-07-06 10:25:00,2026-07-06,10:25:00,7523.63,7527.47,7523.31,7526.3,30220932,false,,false,,
2026-07-06 10:30:00,2026-07-06,10:30:00,7526.74,7529.17,7524.24,7524.68,30708876,false,,false,,
2026-07-06 10:35:00,2026-07-06,10:35:00,7524.9,7526.18,7521.84,7523.78,26573465,false,,false,,
2026-07-06 10:40:00,2026-07-06,10:40:00,7523.71,7525.07,7518.63,7524.28,27492116,false,,false,,
2026-07-06 10:45:00,2026-07-06,10:45:00,7523.99,7526.11,7522.65,7525.05,24176280,false,,false,,
2026-07-06 10:50:00,2026-07-06,10:50:00,7525.11,7528.05,7523.6,7526.19,28264741,false,,false,,
2026-07-06 10:55:00,2026-07-06,10:55:00,7526.39,7529.26,7524.82,7529.26,27028771,false,,false,,
2026-07-06 11:00:00,2026-07-06,11:00:00,7529.38,7531.61,7527.33,7528.63,27803097,false,,false,,
2026-07-06 11:05:00,2026-07-06,11:05:00,7528.64,7530.45,7527.05,7529.1,26271452,false,,false,,
2026-07-06 11:10:00,2026-07-06,11:10:00,7529.64,7531.47,7526.04,7528.25,26565967,false,,false,,
2026-07-06 11:15:00,2026-07-06,11:15:00,7528.19,7528.19,7523.93,7527.38,27527585,false,,false,,
2026-07-06 11:20:00,2026-07-06,11:20:00,7527.4,7530.91,7525.58,7530.91,26729323,false,,false,,
2026-07-06 11:25:00,2026-07-06,11:25:00,7530.96,7535.62,7530.18,7535.18,31633148,false,,false,,
2026-07-06 11:30:00,2026-07-06,11:30:00,7535.46,7537.13,7534.03,7534.15,22363638,false,,false,,
2026-07-06 11:35:00,2026-07-06,11:35:00,7533.98,7534.43,7531.66,7533.61,22949743,false,,false,,
2026-07-06 11:40:00,2026-07-06,11:40:00,7533.51,7536.15,7533.02,7535.58,21753068,false,,false,,
2026-07-06 11:45:00,2026-07-06,11:45:00,7535.56,7536.82,7534.5,7536.33,19917687,false,,false,,
2026-07-06 11:50:00,2026-07-06,11:50:00,7536.43,7537.4,7533.81,7534.21,27440432,false,,false,,
2026-07-06 11:55:00,2026-07-06,11:55:00,7534.18,7537.19,7534.02,7536.02,21912697,false,,false,,
2026-07-06 12:00:00,2026-07-06,12:00:00,7536.19,7536.19,7534.03,7535.46,20796793,false,,false,,
2026-07-06 12:05:00,2026-07-06,12:05:00,7535.42,7538.15,7534.83,7536.63,24744281,false,,false,,
2026-07-06 12:10:00,2026-07-06,12:10:00,7536.63,7538.84,7536.63,7537.67,22413412,false,,false,,
2026-07-06 12:15:00,2026-07-06,12:15:00,7537.42,7538.6,7536.22,7537.59,19271209,false,,false,,
2026-07-06 12:20:00,2026-07-06,12:20:00,7537.68,7538.63,7535.68,7536.43,18391956,false,,false,,
2026-07-06 12:25:00,2026-07-06,12:25:00,7536.35,7536.59,7533.29,7533.76,19405329,false,,false,,
2026-07-06 12:30:00,2026-07-06,12:30:00,7533.87,7534.86,7532.62,7533.88,20012606,false,,false,,
2026-07-06 12:35:00,2026-07-06,12:35:00,7533.9,7534.12,7531.65,7533.77,24554575,false,,false,,
2026-07-06 12:40:00,2026-07-06,12:40:00,7533.75,7535.28,7533.56,7534.55,17135708,false,,false,,
2026-07-06 12:45:00,2026-07-06,12:45:00,7534.57,7537.93,7533.15,7537.93,16598060,false,,false,,
2026-07-06 12:50:00,2026-07-06,12:50:00,7537.86,7538.36,7533.83,7533.83,18990824,false,,false,,
2026-07-06 12:55:00,2026-07-06,12:55:00,7533.96,7534.86,7531.68,7532.16,19303672,false,,false,,
2026-07-06 13:00:00,2026-07-06,13:00:00,7532.16,7537.35,7531.97,7536.19,19910515,false,,false,,
2026-07-06 13:05:00,2026-07-06,13:05:00,7536.31,7542.37,7536.14,7541.7,18987412,false,,false,,
2026-07-06 13:10:00,2026-07-06,13:10:00,7541.59,7542.29,7539.56,7540.51,18810700,false,,false,,
2026-07-06 13:15:00,2026-07-06,13:15:00,7540.5,7541.45,7537.26,7538.3,18720257,false,,false,,
2026-07-06 13:20:00,2026-07-06,13:20:00,7538.07,7538.22,7535.17,7537.22,21943264,false,,false,,
2026-07-06 13:25:00,2026-07-06,13:25:00,7536.97,7538.48,7533.94,7534.49,18170287,false,,false,,
2026-07-06 13:30:00,2026-07-06,13:30:00,7534.56,7535,7530.6,7530.74,20997667,false,,false,,
2026-07-06 13:35:00,2026-07-06,13:35:00,7530.84,7532.12,7529.19,7530.54,19100291,false,,false,,
2026-07-06 13:40:00,2026-07-06,13:40:00,7530.43,7530.43,7524.16,7528.12,18824816,false,,false,,
2026-07-06 13:45:00,2026-07-06,13:45:00,7528.1,7531.39,7525.62,7530.27,18112107,false,,false,,
2026-07-06 13:50:00,2026-07-06,13:50:00,7530.29,7532.77,7528.08,7528.08,17914392,false,,false,,
2026-07-06 13:55:00,2026-07-06,13:55:00,7528.13,7528.63,7526.28,7528.51,17855153,false,,false,,
2026-07-06 14:00:00,2026-07-06,14:00:00,7528.56,7534.91,7528.56,7534.01,22425269,false,,false,,
2026-07-06 14:05:00,2026-07-06,14:05:00,7534.13,7538.78,7534.04,7536.75,19504789,false,,false,,
2026-07-06 14:10:00,2026-07-06,14:10:00,7536.8,7537.37,7535.45,7537.25,16261117,false,,false,,
2026-07-06 14:15:00,2026-07-06,14:15:00,7537.23,7542.49,7537.23,7541.21,19164009,false,,false,,
2026-07-06 14:20:00,2026-07-06,14:20:00,7541.26,7542.53,7540.13,7542.49,18525278,false,,false,,
2026-07-06 14:25:00,2026-07-06,14:25:00,7542.5,7543.58,7540.32,7540.76,18130595,false,,false,,
2026-07-06 14:30:00,2026-07-06,14:30:00,7540.73,7542.67,7538.74,7538.76,17995079,false,,false,,
2026-07-06 14:35:00,2026-07-06,14:35:00,7538.73,7540.52,7537.82,7538.27,16169285,false,,false,,
2026-07-06 14:40:00,2026-07-06,14:40:00,7538.27,7541.36,7538.27,7540.33,16281621,false,,false,,
2026-07-06 14:45:00,2026-07-06,14:45:00,7540.29,7544.2,7539.88,7543.36,18971569,false,,false,,
2026-07-06 14:50:00,2026-07-06,14:50:00,7543.49,7545.67,7542.88,7545.67,20735369,false,,false,,
2026-07-06 14:55:00,2026-07-06,14:55:00,7545.59,7547.78,7544.6,7546.67,20207761,false,,false,,
2026-07-06 15:00:00,2026-07-06,15:00:00,7546.8,7549,7544.53,7546.63,23027482,true,7550,true,7550,7550:from_below
2026-07-06 15:05:00,2026-07-06,15:05:00,7546.54,7547.6,7544.79,7545.88,22697521,false,,false,,
2026-07-06 15:10:00,2026-07-06,15:10:00,7545.69,7546.86,7544.79,7545.8,24756678,false,,false,,
2026-07-06 15:15:00,2026-07-06,15:15:00,7545.78,7549.37,7544.55,7549.07,26015305,true,7550,true,7550,7550:from_below
2026-07-06 15:20:00,2026-07-06,15:20:00,7549.03,7551.31,7548.08,7550.84,26049385,true,7550,false,,
2026-07-06 15:25:00,2026-07-06,15:25:00,7550.9,7551.26,7548.93,7550.39,29974001,true,7550,false,,
2026-07-06 15:30:00,2026-07-06,15:30:00,7550.36,7550.36,7546.88,7547.58,40263966,true,7550,false,,
2026-07-06 15:35:00,2026-07-06,15:35:00,7547.71,7548.35,7544.98,7546.8,32831504,true,7550,false,,
2026-07-06 15:40:00,2026-07-06,15:40:00,7546.71,7547.83,7545.47,7547.68,37771277,false,,false,,
2026-07-06 15:45:00,2026-07-06,15:45:00,7547.68,7549.7,7546.5,7546.58,48094034,true,7550,true,7550,7550:from_below
2026-07-06 15:50:00,2026-07-06,15:50:00,7546.66,7546.66,7538.84,7538.98,75738985,false,,false,,
2026-07-06 15:55:00,2026-07-06,15:55:00,7538.93,7540.21,7535.7,7538.33,207740693,false,,false,,
2026-07-06 16:00:00,2026-07-06,16:00:00,7537.99,7537.99,7537.41,7537.42,655415417,false,,false,,
2026-07-06 16:05:00,2026-07-06,16:05:00,7537.44,7537.44,7537.42,7537.42,32417551,false,,false,,
2026-07-07 09:30:00,2026-07-07,09:30:00,7516.62,7536.06,7516.62,7520.14,139503112,false,,false,,
2026-07-07 09:35:00,2026-07-07,09:35:00,7520.82,7525.17,7517.25,7522.26,54233239,false,,false,,
2026-07-07 09:40:00,2026-07-07,09:40:00,7521.24,7529.02,7519.19,7528.25,44188226,false,,false,,
2026-07-07 09:45:00,2026-07-07,09:45:00,7527.83,7529.07,7521.79,7523.31,41692951,false,,false,,
2026-07-07 09:50:00,2026-07-07,09:50:00,7522.76,7525.56,7513.95,7515.83,39081150,false,,false,,
2026-07-07 09:55:00,2026-07-07,09:55:00,7515.29,7516.59,7508.75,7514.92,39978201,false,,false,,
2026-07-07 10:00:00,2026-07-07,10:00:00,7515.53,7517.6,7509.14,7511.59,37650046,false,,false,,
2026-07-07 10:05:00,2026-07-07,10:05:00,7511.71,7516.16,7507.46,7508.66,34100610,false,,false,,
2026-07-07 10:10:00,2026-07-07,10:10:00,7508.94,7508.94,7497.04,7497.04,40250781,true,7500,true,7500,7500:from_above
2026-07-07 10:15:00,2026-07-07,10:15:00,7496.62,7501.32,7491.08,7500.79,40604246,true,7500,false,,
2026-07-07 10:20:00,2026-07-07,10:20:00,7501.19,7503.02,7492,7492.28,37194239,true,7500,false,,
2026-07-07 10:25:00,2026-07-07,10:25:00,7492.36,7492.99,7486.71,7492.99,37737713,false,,false,,
2026-07-07 10:30:00,2026-07-07,10:30:00,7493.19,7496.44,7489.14,7489.77,36013523,false,,false,,
2026-07-07 10:35:00,2026-07-07,10:35:00,7489.9,7491.13,7485.49,7485.73,35206353,false,,false,,
2026-07-07 10:40:00,2026-07-07,10:40:00,7485.54,7487.49,7478.63,7483.4,36241106,false,,false,,
2026-07-07 10:45:00,2026-07-07,10:45:00,7483.84,7490.88,7483.39,7487.69,32131884,false,,false,,
2026-07-07 10:50:00,2026-07-07,10:50:00,7487.96,7493.86,7485.94,7492.21,29525434,false,,false,,
2026-07-07 10:55:00,2026-07-07,10:55:00,7492.35,7495.25,7490.98,7490.98,27030387,false,,false,,
2026-07-07 11:00:00,2026-07-07,11:00:00,7490.61,7491.87,7485.53,7489.34,25714267,false,,false,,
2026-07-07 11:05:00,2026-07-07,11:05:00,7489.62,7492.38,7487.73,7491.58,27527281,false,,false,,
2026-07-07 11:10:00,2026-07-07,11:10:00,7491.67,7492.76,7487.06,7487.06,29086312,false,,false,,
2026-07-07 11:15:00,2026-07-07,11:15:00,7486.72,7486.83,7483.5,7485.46,26416167,false,,false,,
2026-07-07 11:20:00,2026-07-07,11:20:00,7485.75,7489.46,7484.24,7484.99,25518672,false,,false,,
2026-07-07 11:25:00,2026-07-07,11:25:00,7485.13,7489.39,7484.42,7489.39,25865053,false,,false,,
2026-07-07 11:30:00,2026-07-07,11:30:00,7489.39,7490.88,7486.27,7486.27,22978612,false,,false,,
2026-07-07 11:35:00,2026-07-07,11:35:00,7486.11,7488.38,7482.61,7482.93,24776015,false,,false,,
2026-07-07 11:40:00,2026-07-07,11:40:00,7483.04,7490.52,7480.52,7490.52,24705577,false,,false,,
2026-07-07 11:45:00,2026-07-07,11:45:00,7490.74,7498.64,7490.74,7493.68,24757866,true,7500,true,7500,7500:from_below
2026-07-07 11:50:00,2026-07-07,11:50:00,7493.5,7499.61,7493.34,7497.14,22254242,true,7500,false,,
2026-07-07 11:55:00,2026-07-07,11:55:00,7497.06,7500.91,7495.05,7500.43,27214543,true,7500,false,,
2026-07-07 12:00:00,2026-07-07,12:00:00,7500.83,7505.08,7499.78,7503.34,24227863,true,7500,false,,
2026-07-07 12:05:00,2026-07-07,12:05:00,7503.62,7507.68,7499.48,7502.08,23293940,true,7500,false,,
2026-07-07 12:10:00,2026-07-07,12:10:00,7502.06,7508.63,7502.06,7507.8,24344883,false,,false,,
2026-07-07 12:15:00,2026-07-07,12:15:00,7507.69,7508.59,7506.13,7507.73,21044908,false,,false,,
2026-07-07 12:20:00,2026-07-07,12:20:00,7507.77,7515.66,7507.67,7512.71,25762171,false,,false,,
2026-07-07 12:25:00,2026-07-07,12:25:00,7512.84,7517.29,7512.13,7516,21326626,false,,false,,
2026-07-07 12:30:00,2026-07-07,12:30:00,7515.57,7517.54,7511.63,7513.65,22874253,false,,false,,
2026-07-07 12:35:00,2026-07-07,12:35:00,7513.82,7515.53,7509.88,7515.17,21652086,false,,false,,
2026-07-07 12:40:00,2026-07-07,12:40:00,7515.17,7516.49,7512.81,7515.96,20891761,false,,false,,
2026-07-07 12:45:00,2026-07-07,12:45:00,7516.01,7518.47,7515.89,7518.29,18309685,false,,false,,
2026-07-07 12:50:00,2026-07-07,12:50:00,7518.14,7518.91,7514.89,7515.28,19418379,false,,false,,
2026-07-07 12:55:00,2026-07-07,12:55:00,7515.28,7517,7512.47,7516.81,20614309,false,,false,,
2026-07-07 13:00:00,2026-07-07,13:00:00,7516.89,7519.14,7516.1,7519.05,20695288,false,,false,,
2026-07-07 13:05:00,2026-07-07,13:05:00,7519.09,7520.54,7518.32,7518.69,20779700,false,,false,,
2026-07-07 13:10:00,2026-07-07,13:10:00,7518.7,7518.71,7515.07,7515.74,20452412,false,,false,,
2026-07-07 13:15:00,2026-07-07,13:15:00,7515.56,7515.88,7511.5,7513.14,17375630,false,,false,,
2026-07-07 13:20:00,2026-07-07,13:20:00,7513.24,7518.83,7513.03,7517.06,18209464,false,,false,,
2026-07-07 13:25:00,2026-07-07,13:25:00,7517.03,7517.87,7515.47,7516,15151950,false,,false,,
2026-07-07 13:30:00,2026-07-07,13:30:00,7515.88,7519.02,7515.88,7517.97,19635577,false,,false,,
2026-07-07 13:35:00,2026-07-07,13:35:00,7518.08,7519.56,7516.11,7518.64,16521141,false,,false,,
2026-07-07 13:40:00,2026-07-07,13:40:00,7518.71,7520.27,7517.08,7518.35,17422279,false,,false,,
2026-07-07 13:45:00,2026-07-07,13:45:00,7518.5,7518.68,7515.1,7516.61,16531980,false,,false,,
2026-07-07 13:50:00,2026-07-07,13:50:00,7516.49,7517.45,7513.94,7515.28,15774874,false,,false,,
2026-07-07 13:55:00,2026-07-07,13:55:00,7515.38,7518.93,7514.63,7518.93,15454793,false,,false,,
2026-07-07 14:00:00,2026-07-07,14:00:00,7519.03,7519.94,7515.91,7518.6,21972862,false,,false,,
2026-07-07 14:05:00,2026-07-07,14:05:00,7518.66,7519.4,7515.78,7516.51,19109029,false,,false,,
2026-07-07 14:10:00,2026-07-07,14:10:00,7516.41,7519.17,7516.41,7517.03,20937427,false,,false,,
2026-07-07 14:15:00,2026-07-07,14:15:00,7517.03,7518.9,7515.89,7518.11,19931585,false,,false,,
2026-07-07 14:20:00,2026-07-07,14:20:00,7518.21,7520.3,7517,7518.46,17905488,false,,false,,
2026-07-07 14:25:00,2026-07-07,14:25:00,7518.33,7519.76,7515.57,7516.65,19159371,false,,false,,
2026-07-07 14:30:00,2026-07-07,14:30:00,7516.72,7517.64,7512.93,7514.07,35223379,false,,false,,
2026-07-07 14:35:00,2026-07-07,14:35:00,7514.05,7517.31,7512.37,7516.44,20777543,false,,false,,
2026-07-07 14:40:00,2026-07-07,14:40:00,7516.49,7516.66,7511,7513.79,20519831,false,,false,,
2026-07-07 14:45:00,2026-07-07,14:45:00,7513.82,7515.09,7504.45,7508.02,26062877,false,,false,,
2026-07-07 14:50:00,2026-07-07,14:50:00,7508.15,7508.88,7502.11,7503.7,23306402,false,,false,,
2026-07-07 14:55:00,2026-07-07,14:55:00,7504.04,7505.94,7501.25,7501.69,24313076,true,7500,true,7500,7500:from_above
2026-07-07 15:00:00,2026-07-07,15:00:00,7501.69,7502.94,7495.39,7498.41,28699492,true,7500,false,,
2026-07-07 15:05:00,2026-07-07,15:05:00,7498.69,7502.34,7493.36,7493.63,26917607,true,7500,false,,
2026-07-07 15:10:00,2026-07-07,15:10:00,7493.66,7496.38,7491.86,7494.47,25822792,false,,false,,
2026-07-07 15:15:00,2026-07-07,15:15:00,7494.51,7494.51,7486.98,7492.61,33502909,false,,false,,
2026-07-07 15:20:00,2026-07-07,15:20:00,7492.67,7496.7,7490.79,7496.57,31427643,false,,false,,
2026-07-07 15:25:00,2026-07-07,15:25:00,7496.73,7496.73,7492.19,7493.25,39303550,false,,false,,
2026-07-07 15:30:00,2026-07-07,15:30:00,7493.48,7499.45,7493.48,7499.19,37457454,true,7500,true,7500,7500:from_below
2026-07-07 15:35:00,2026-07-07,15:35:00,7499.2,7499.2,7492.99,7493.88,34969040,true,7500,false,,
2026-07-07 15:40:00,2026-07-07,15:40:00,7493.95,7494.32,7490.47,7491.45,36546184,false,,false,,
2026-07-07 15:45:00,2026-07-07,15:45:00,7491.41,7496.64,7491.22,7496.35,47737113,false,,false,,
2026-07-07 15:50:00,2026-07-07,15:50:00,7496.49,7503.75,7496.49,7503.75,76202717,true,7500,true,7500,7500:from_below
2026-07-07 15:55:00,2026-07-07,15:55:00,7503.87,7506.02,7499.11,7503.35,195321977,true,7500,false,,
2026-07-07 16:00:00,2026-07-07,16:00:00,7503.84,7503.86,7503.61,7503.84,507793821,false,,false,,
2026-07-07 16:05:00,2026-07-07,16:05:00,7503.86,7503.86,7503.84,7503.84,13589178,false,,false,,
2026-07-08 09:30:00,2026-07-08,09:30:00,7478.63,7478.63,7452.6,7460.9,142707393,false,,false,,
2026-07-08 09:35:00,2026-07-08,09:35:00,7461.74,7466.9,7457.48,7466.81,47497920,false,,false,,
2026-07-08 09:40:00,2026-07-08,09:40:00,7466.96,7473.83,7465.1,7471.16,40824711,false,,false,,
2026-07-08 09:45:00,2026-07-08,09:45:00,7470.92,7476.43,7463.68,7463.68,44025972,false,,false,,
2026-07-08 09:50:00,2026-07-08,09:50:00,7463.36,7471.1,7461.3,7464.15,32971178,false,,false,,
2026-07-08 09:55:00,2026-07-08,09:55:00,7464.09,7473.04,7459.52,7467.44,30881661,false,,false,,
2026-07-08 10:00:00,2026-07-08,10:00:00,7467.17,7470.51,7462.51,7464.29,33040288,false,,false,,
2026-07-08 10:05:00,2026-07-08,10:05:00,7464.31,7472.58,7464.31,7469.35,32052721,false,,false,,
2026-07-08 10:10:00,2026-07-08,10:10:00,7469.6,7470.42,7456.84,7459.11,35494279,false,,false,,
2026-07-08 10:15:00,2026-07-08,10:15:00,7458.9,7461.83,7453.46,7458.19,30526664,false,,false,,
2026-07-08 10:20:00,2026-07-08,10:20:00,7457.99,7471.36,7456.21,7464.17,28602302,false,,false,,
2026-07-08 10:25:00,2026-07-08,10:25:00,7464.22,7470.41,7454.22,7458.45,27635273,false,,false,,
2026-07-08 10:30:00,2026-07-08,10:30:00,7458.01,7462.27,7453.64,7459.64,27804268,false,,false,,
2026-07-08 10:35:00,2026-07-08,10:35:00,7459.52,7459.52,7448.54,7448.54,31006075,true,7450,true,7450,7450:from_above
2026-07-08 10:40:00,2026-07-08,10:40:00,7448.5,7453.18,7446.01,7451.33,28145134,true,7450,false,,
2026-07-08 10:45:00,2026-07-08,10:45:00,7450.95,7451.01,7439.35,7439.43,31668349,true,7450,false,,
2026-07-08 10:50:00,2026-07-08,10:50:00,7439.35,7454.97,7435.64,7448.67,38192187,true,7450,false,,
2026-07-08 10:55:00,2026-07-08,10:55:00,7447.6,7453.76,7442.23,7445.31,31872424,true,7450,false,,
2026-07-08 11:00:00,2026-07-08,11:00:00,7445.36,7446.37,7440.61,7441.29,29517383,false,,false,,
2026-07-08 11:05:00,2026-07-08,11:05:00,7441.3,7445.28,7440.53,7440.93,26530036,false,,false,,
2026-07-08 11:10:00,2026-07-08,11:10:00,7441.06,7444.02,7436.03,7437.31,25757565,false,,false,,
2026-07-08 11:15:00,2026-07-08,11:15:00,7437.15,7440.81,7430.09,7439.27,28339704,false,,false,,
2026-07-08 11:20:00,2026-07-08,11:20:00,7439.05,7441.16,7426.77,7427.78,27935970,false,,false,,
2026-07-08 11:25:00,2026-07-08,11:25:00,7427.57,7428.61,7422.06,7425.96,25802554,false,,false,,
2026-07-08 11:30:00,2026-07-08,11:30:00,7425.71,7432.89,7421.82,7432.85,24257352,false,,false,,
2026-07-08 11:35:00,2026-07-08,11:35:00,7433.1,7438.62,7430.64,7432.47,22899071,false,,false,,
2026-07-08 11:40:00,2026-07-08,11:40:00,7432.45,7437.56,7432.36,7433.2,18919593,false,,false,,
2026-07-08 11:45:00,2026-07-08,11:45:00,7433.32,7436.33,7429.54,7431.53,19299976,false,,false,,
2026-07-08 11:50:00,2026-07-08,11:50:00,7431.58,7431.67,7426.22,7430.03,21290227,false,,false,,
2026-07-08 11:55:00,2026-07-08,11:55:00,7430.29,7434.02,7428.15,7432.79,19349058,false,,false,,
2026-07-08 12:00:00,2026-07-08,12:00:00,7432.73,7438.64,7432.54,7438.09,19743611,false,,false,,
2026-07-08 12:05:00,2026-07-08,12:05:00,7438.24,7443.81,7437.79,7443.01,18509632,false,,false,,
2026-07-08 12:10:00,2026-07-08,12:10:00,7443.04,7449.85,7443.04,7449,21522487,true,7450,true,7450,7450:from_below
2026-07-08 12:15:00,2026-07-08,12:15:00,7449.41,7453.14,7446.46,7452.36,19568888,true,7450,false,,
2026-07-08 12:20:00,2026-07-08,12:20:00,7452.47,7458.98,7452.47,7453.79,24311070,false,,false,,
2026-07-08 12:25:00,2026-07-08,12:25:00,7453.82,7459.99,7453.4,7457.81,20678524,false,,false,,
2026-07-08 12:30:00,2026-07-08,12:30:00,7457.65,7464.52,7456.77,7457.47,20666323,false,,false,,
2026-07-08 12:35:00,2026-07-08,12:35:00,7457.43,7461.63,7451.86,7458.65,20609714,true,7450,true,7450,7450:from_above
2026-07-08 12:40:00,2026-07-08,12:40:00,7458.78,7467.93,7456.99,7466.51,24264180,false,,false,,
2026-07-08 12:45:00,2026-07-08,12:45:00,7466.59,7470,7463.51,7469.5,16100385,false,,false,,
2026-07-08 12:50:00,2026-07-08,12:50:00,7469.64,7472.98,7468.21,7471.02,20485947,false,,false,,
2026-07-08 12:55:00,2026-07-08,12:55:00,7471.15,7474.58,7469.74,7474.29,20247427,false,,false,,
2026-07-08 13:00:00,2026-07-08,13:00:00,7474.13,7474.13,7468.75,7470.39,18069650,false,,false,,
2026-07-08 13:05:00,2026-07-08,13:05:00,7470.37,7474.44,7469.43,7470.02,18123180,false,,false,,
2026-07-08 13:10:00,2026-07-08,13:10:00,7469.91,7473.11,7467.19,7469.8,17271671,false,,false,,
2026-07-08 13:15:00,2026-07-08,13:15:00,7469.87,7476.65,7469.87,7476.41,16744176,false,,false,,
2026-07-08 13:20:00,2026-07-08,13:20:00,7476.48,7481.75,7475.73,7481.75,16660204,false,,false,,
2026-07-08 13:25:00,2026-07-08,13:25:00,7481.61,7484.61,7479.96,7484.44,17738304,false,,false,,
2026-07-08 13:30:00,2026-07-08,13:30:00,7484.57,7487.42,7483.52,7483.62,24261823,false,,false,,
2026-07-08 13:35:00,2026-07-08,13:35:00,7483.36,7484.53,7480.08,7480.21,19172770,false,,false,,
2026-07-08 13:40:00,2026-07-08,13:40:00,7480.05,7480.28,7475.62,7476.53,21740927,false,,false,,
2026-07-08 13:45:00,2026-07-08,13:45:00,7476.46,7476.5,7469.82,7470.66,21427001,false,,false,,
2026-07-08 13:50:00,2026-07-08,13:50:00,7470.66,7475.62,7469.99,7471.76,16269199,false,,false,,
2026-07-08 13:55:00,2026-07-08,13:55:00,7471.83,7471.83,7466.06,7470.62,17006966,false,,false,,
2026-07-08 14:00:00,2026-07-08,14:00:00,7470.77,7481.01,7467.51,7479.73,21174704,false,,false,,
2026-07-08 14:05:00,2026-07-08,14:05:00,7479.71,7480.75,7476.5,7479.9,17352267,false,,false,,
2026-07-08 14:10:00,2026-07-08,14:10:00,7479.84,7482.01,7476.98,7480.15,17268134,false,,false,,
2026-07-08 14:15:00,2026-07-08,14:15:00,7480.21,7481.08,7474.86,7478.86,19646498,false,,false,,
2026-07-08 14:20:00,2026-07-08,14:20:00,7478.96,7479.79,7476.18,7476.22,18898279,false,,false,,
2026-07-08 14:25:00,2026-07-08,14:25:00,7476.28,7479.28,7474.09,7474.16,18953778,false,,false,,
2026-07-08 14:30:00,2026-07-08,14:30:00,7474.11,7474.44,7470.16,7471.37,19811131,false,,false,,
2026-07-08 14:35:00,2026-07-08,14:35:00,7471.53,7479.73,7470.96,7478.88,20653300,false,,false,,
2026-07-08 14:40:00,2026-07-08,14:40:00,7478.97,7479.66,7473.03,7477.79,20848565,false,,false,,
2026-07-08 14:45:00,2026-07-08,14:45:00,7477.85,7480.13,7475.26,7479.84,18354274,false,,false,,
2026-07-08 14:50:00,2026-07-08,14:50:00,7479.88,7481.93,7477.74,7478.68,23018975,false,,false,,
2026-07-08 14:55:00,2026-07-08,14:55:00,7478.64,7480.43,7475.34,7480.27,19622379,false,,false,,
2026-07-08 15:00:00,2026-07-08,15:00:00,7480.53,7484.06,7477.86,7479.81,22780691,false,,false,,
2026-07-08 15:05:00,2026-07-08,15:05:00,7479.88,7481.25,7477.06,7480.21,25046445,false,,false,,
2026-07-08 15:10:00,2026-07-08,15:10:00,7480.19,7480.41,7475.3,7476.1,22561077,false,,false,,
2026-07-08 15:15:00,2026-07-08,15:15:00,7476.16,7478.42,7473.95,7475.47,25704742,false,,false,,
2026-07-08 15:20:00,2026-07-08,15:20:00,7475.43,7479.32,7475.17,7477.18,24145072,false,,false,,
2026-07-08 15:25:00,2026-07-08,15:25:00,7477.29,7480.7,7476.78,7478.99,27870466,false,,false,,
2026-07-08 15:30:00,2026-07-08,15:30:00,7479.1,7480.07,7475.35,7476.57,36928586,false,,false,,
2026-07-08 15:35:00,2026-07-08,15:35:00,7476.48,7481.16,7475.55,7478.84,32444447,false,,false,,
2026-07-08 15:40:00,2026-07-08,15:40:00,7478.88,7480.49,7475.93,7480.22,36833921,false,,false,,
2026-07-08 15:45:00,2026-07-08,15:45:00,7480.18,7480.91,7471.54,7474.76,47052707,false,,false,,
2026-07-08 15:50:00,2026-07-08,15:50:00,7474.97,7483.62,7474.11,7483.34,71968416,false,,false,,
2026-07-08 15:55:00,2026-07-08,15:55:00,7483.16,7488.52,7481.45,7481.45,201132966,false,,false,,
2026-07-08 16:00:00,2026-07-08,16:00:00,7481.29,7482.73,7481.29,7482.71,554286478,false,,false,,
2026-07-08 16:05:00,2026-07-08,16:05:00,7482.73,7482.73,7482.7,7482.7,20515707,false,,false,,
2026-07-09 09:30:00,2026-07-09,09:30:00,7491.59,7500.84,7483.3,7500.34,136811507,true,7500,true,7500,7500:from_below
2026-07-09 09:35:00,2026-07-09,09:35:00,7500.37,7510.01,7499.17,7507.75,50088456,true,7500,false,,
2026-07-09 09:40:00,2026-07-09,09:40:00,7507.6,7512.04,7502.32,7509.65,42000344,false,,false,,
2026-07-09 09:45:00,2026-07-09,09:45:00,7510.19,7514.89,7504.74,7507.72,37570228,false,,false,,
2026-07-09 09:50:00,2026-07-09,09:50:00,7508.52,7518.28,7505.68,7516.26,33995635,false,,false,,
2026-07-09 09:55:00,2026-07-09,09:55:00,7516.61,7519.5,7513,7513.81,34783482,false,,false,,
2026-07-09 10:00:00,2026-07-09,10:00:00,7513.68,7517.4,7512.03,7513.8,36379617,false,,false,,
2026-07-09 10:05:00,2026-07-09,10:05:00,7513.31,7514.91,7506.94,7507.29,32645685,false,,false,,
2026-07-09 10:10:00,2026-07-09,10:10:00,7506.97,7506.97,7499.79,7502.84,34844313,true,7500,true,7500,7500:from_above
2026-07-09 10:15:00,2026-07-09,10:15:00,7502.98,7502.98,7486.14,7488.35,35696461,true,7500,false,,
2026-07-09 10:20:00,2026-07-09,10:20:00,7488.48,7495.49,7481.74,7495.23,36876030,false,,false,,
2026-07-09 10:25:00,2026-07-09,10:25:00,7495.47,7508.36,7493.77,7506.33,30892876,true,7500,true,7500,7500:from_below
2026-07-09 10:30:00,2026-07-09,10:30:00,7506.32,7506.98,7497.73,7502.55,28396538,true,7500,false,,
2026-07-09 10:35:00,2026-07-09,10:35:00,7502.52,7510.8,7502.46,7510.8,27020301,false,,false,,
2026-07-09 10:40:00,2026-07-09,10:40:00,7510.3,7511.18,7505.1,7505.77,25060326,false,,false,,
2026-07-09 10:45:00,2026-07-09,10:45:00,7505.84,7510.38,7505.2,7506.69,27254230,false,,false,,
2026-07-09 10:50:00,2026-07-09,10:50:00,7506.71,7506.71,7499.38,7506.31,28043216,true,7500,true,7500,7500:from_above
2026-07-09 10:55:00,2026-07-09,10:55:00,7506.23,7515.45,7506.23,7513.7,25902911,false,,false,,
2026-07-09 11:00:00,2026-07-09,11:00:00,7514.08,7516.1,7512.88,7515.41,25117221,false,,false,,
2026-07-09 11:05:00,2026-07-09,11:05:00,7515.7,7522.69,7515.35,7521.94,23703192,false,,false,,
2026-07-09 11:10:00,2026-07-09,11:10:00,7522.09,7522.87,7518.13,7519.22,24033186,false,,false,,
2026-07-09 11:15:00,2026-07-09,11:15:00,7518.96,7522.88,7517.03,7518.98,21812442,false,,false,,
2026-07-09 11:20:00,2026-07-09,11:20:00,7519.26,7526.4,7519.26,7526.03,19379201,false,,false,,
2026-07-09 11:25:00,2026-07-09,11:25:00,7525.94,7526.81,7524.18,7525.01,19552668,false,,false,,
2026-07-09 11:30:00,2026-07-09,11:30:00,7524.98,7525.25,7521.81,7522.91,22085910,false,,false,,
2026-07-09 11:35:00,2026-07-09,11:35:00,7522.95,7525.73,7522.31,7525.59,20918214,false,,false,,
2026-07-09 11:40:00,2026-07-09,11:40:00,7525.69,7529.35,7524.54,7527.91,21124051,false,,false,,
2026-07-09 11:45:00,2026-07-09,11:45:00,7527.97,7529.25,7526.21,7528.23,19438698,false,,false,,
2026-07-09 11:50:00,2026-07-09,11:50:00,7528.44,7528.67,7525.72,7526.25,18370305,false,,false,,
2026-07-09 11:55:00,2026-07-09,11:55:00,7526.4,7527.72,7525.26,7525.87,24779388,false,,false,,
2026-07-09 12:00:00,2026-07-09,12:00:00,7525.93,7531.25,7525.93,7530.52,20595696,false,,false,,
2026-07-09 12:05:00,2026-07-09,12:05:00,7530.51,7532.48,7530.5,7531.19,20234637,false,,false,,
2026-07-09 12:10:00,2026-07-09,12:10:00,7531.13,7532.08,7530.27,7531.59,20765823,false,,false,,
2026-07-09 12:15:00,2026-07-09,12:15:00,7531.66,7533.31,7530.71,7532.28,21228897,false,,false,,
2026-07-09 12:20:00,2026-07-09,12:20:00,7532.27,7534.91,7530.89,7534.84,19363678,false,,false,,
2026-07-09 12:25:00,2026-07-09,12:25:00,7534.81,7534.81,7532.41,7533.62,17205808,false,,false,,
2026-07-09 12:30:00,2026-07-09,12:30:00,7533.63,7535.75,7531.65,7531.65,16430261,false,,false,,
2026-07-09 12:35:00,2026-07-09,12:35:00,7531.58,7532.85,7530.17,7532.81,17637881,false,,false,,
2026-07-09 12:40:00,2026-07-09,12:40:00,7532.81,7534.95,7532.81,7533.87,16599649,false,,false,,
2026-07-09 12:45:00,2026-07-09,12:45:00,7533.87,7534.51,7530.7,7531.99,16961475,false,,false,,
2026-07-09 12:50:00,2026-07-09,12:50:00,7532.04,7533.11,7530.8,7531.31,16111340,false,,false,,
2026-07-09 12:55:00,2026-07-09,12:55:00,7531.37,7531.95,7529.13,7530.83,16491324,false,,false,,
2026-07-09 13:00:00,2026-07-09,13:00:00,7530.96,7535.1,7530.76,7534.53,17805871,false,,false,,
2026-07-09 13:05:00,2026-07-09,13:05:00,7534.38,7539.06,7533.58,7538.09,17425660,false,,false,,
2026-07-09 13:10:00,2026-07-09,13:10:00,7538.16,7540.89,7538.03,7539.16,16896335,false,,false,,
2026-07-09 13:15:00,2026-07-09,13:15:00,7539.17,7542.82,7539.17,7542.25,18983086,false,,false,,
2026-07-09 13:20:00,2026-07-09,13:20:00,7542.49,7543.48,7540.97,7541.8,16960380,false,,false,,
2026-07-09 13:25:00,2026-07-09,13:25:00,7541.82,7544.98,7541.66,7544.83,17771931,false,,false,,
2026-07-09 13:30:00,2026-07-09,13:30:00,7544.82,7545.33,7541.86,7543.62,19389437,false,,false,,
2026-07-09 13:35:00,2026-07-09,13:35:00,7543.7,7546.36,7543.25,7544.67,17815225,false,,false,,
2026-07-09 13:40:00,2026-07-09,13:40:00,7544.72,7545.58,7542.81,7544.31,16206965,false,,false,,
2026-07-09 13:45:00,2026-07-09,13:45:00,7544.32,7546.9,7544.32,7545.49,16546064,false,,false,,
2026-07-09 13:50:00,2026-07-09,13:50:00,7545.55,7546.52,7544.43,7544.8,16948363,false,,false,,
2026-07-09 13:55:00,2026-07-09,13:55:00,7544.71,7544.85,7541.25,7543.24,18212081,false,,false,,
2026-07-09 14:00:00,2026-07-09,14:00:00,7543.22,7544.57,7541.93,7542.76,20580134,false,,false,,
2026-07-09 14:05:00,2026-07-09,14:05:00,7542.76,7545.2,7542.62,7544.36,19952733,false,,false,,
2026-07-09 14:10:00,2026-07-09,14:10:00,7544.33,7545.79,7543.83,7545.03,19178699,false,,false,,
2026-07-09 14:15:00,2026-07-09,14:15:00,7545.04,7546.06,7542.94,7543.82,19586659,false,,false,,
2026-07-09 14:20:00,2026-07-09,14:20:00,7543.94,7544.05,7540.95,7541.14,17373098,false,,false,,
2026-07-09 14:25:00,2026-07-09,14:25:00,7540.98,7541.84,7539.8,7541.84,20011171,false,,false,,
2026-07-09 14:30:00,2026-07-09,14:30:00,7541.97,7543.19,7539.89,7540.14,23804707,false,,false,,
2026-07-09 14:35:00,2026-07-09,14:35:00,7540.08,7540.84,7538.56,7538.83,18067965,false,,false,,
2026-07-09 14:40:00,2026-07-09,14:40:00,7538.78,7540.78,7537.81,7540.64,19594635,false,,false,,
2026-07-09 14:45:00,2026-07-09,14:45:00,7540.62,7540.62,7538.63,7540.1,18134624,false,,false,,
2026-07-09 14:50:00,2026-07-09,14:50:00,7540.28,7540.72,7538.46,7538.55,18399978,false,,false,,
2026-07-09 14:55:00,2026-07-09,14:55:00,7538.57,7538.62,7536.22,7537.84,20895563,false,,false,,
2026-07-09 15:00:00,2026-07-09,15:00:00,7537.9,7538.04,7534.82,7535.35,23324185,false,,false,,
2026-07-09 15:05:00,2026-07-09,15:05:00,7535.36,7536.87,7533.9,7534.91,20895122,false,,false,,
2026-07-09 15:10:00,2026-07-09,15:10:00,7534.98,7536.91,7533.82,7535.88,19347397,false,,false,,
2026-07-09 15:15:00,2026-07-09,15:15:00,7535.78,7540.59,7535.34,7540.43,24505283,false,,false,,
2026-07-09 15:20:00,2026-07-09,15:20:00,7540.48,7541.5,7538.4,7538.87,24313853,false,,false,,
2026-07-09 15:25:00,2026-07-09,15:25:00,7538.79,7539.44,7537.8,7537.92,26147990,false,,false,,
2026-07-09 15:30:00,2026-07-09,15:30:00,7537.86,7538.41,7535.96,7538.19,33200233,false,,false,,
2026-07-09 15:35:00,2026-07-09,15:35:00,7538.16,7541.11,7538.16,7539.95,30328006,false,,false,,
2026-07-09 15:40:00,2026-07-09,15:40:00,7540.18,7541.75,7538.44,7541.48,34973357,false,,false,,
2026-07-09 15:45:00,2026-07-09,15:45:00,7541.37,7541.48,7539.32,7539.43,43311899,false,,false,,
2026-07-09 15:50:00,2026-07-09,15:50:00,7539.43,7539.43,7535.15,7535.47,73597245,false,,false,,
2026-07-09 15:55:00,2026-07-09,15:55:00,7535.61,7542.81,7535.61,7542.27,182928580,false,,false,,
2026-07-09 16:00:00,2026-07-09,16:00:00,7542.91,7543.67,7542.91,7543.63,554411608,false,,false,,
2026-07-09 16:05:00,2026-07-09,16:05:00,7543.65,7543.65,7543.63,7543.63,9778605,false,,false,,
2026-07-10 09:30:00,2026-07-10,09:30:00,7547.63,7556.63,7547.31,7553.29,97424614,true,7550,true,7550,7550:from_below
2026-07-10 09:35:00,2026-07-10,09:35:00,7553.35,7559.33,7551.47,7551.83,39575895,true,7550,false,,
2026-07-10 09:40:00,2026-07-10,09:40:00,7551.77,7551.88,7543.35,7548.07,38756296,true,7550,false,,
2026-07-10 09:45:00,2026-07-10,09:45:00,7547.73,7558.16,7547.32,7556.86,34107682,true,7550,false,,
2026-07-10 09:50:00,2026-07-10,09:50:00,7556.88,7558.89,7553.92,7556.15,30408767,false,,false,,
2026-07-10 09:55:00,2026-07-10,09:55:00,7556.28,7559.29,7552.65,7555.35,28031081,false,,false,,
2026-07-10 10:00:00,2026-07-10,10:00:00,7555.76,7559.95,7554.66,7557.59,34539743,false,,false,,
2026-07-10 10:05:00,2026-07-10,10:05:00,7557.76,7558.68,7551.57,7557.49,27998735,true,7550,true,7550,7550:from_above
2026-07-10 10:10:00,2026-07-10,10:10:00,7557.56,7558.03,7552.86,7553.47,26277714,false,,false,,
2026-07-10 10:15:00,2026-07-10,10:15:00,7553.21,7555.76,7549.85,7552.1,25456582,true,7550,true,7550,7550:from_above
2026-07-10 10:20:00,2026-07-10,10:20:00,7552.39,7553.69,7547.2,7551.37,24865478,true,7550,false,,
2026-07-10 10:25:00,2026-07-10,10:25:00,7551.24,7556.97,7546.64,7552.11,22720305,true,7550,false,,
2026-07-10 10:30:00,2026-07-10,10:30:00,7552.39,7556.59,7508.17,7534.65,54491564,true,7550,false,,
2026-07-10 10:35:00,2026-07-10,10:35:00,7534.7,7546.2,7530.76,7542.99,26235587,false,,false,,
2026-07-10 10:40:00,2026-07-10,10:40:00,7543.22,7548.2,7539.9,7547.44,21823662,true,7550,true,7550,7550:from_below
2026-07-10 10:45:00,2026-07-10,10:45:00,7547.65,7550.05,7543.05,7549.76,21336453,true,7550,false,,
2026-07-10 10:50:00,2026-07-10,10:50:00,7549.69,7551.55,7545.18,7545.18,25306808,true,7550,false,,
2026-07-10 10:55:00,2026-07-10,10:55:00,7545.33,7545.89,7536.81,7538.12,24115185,false,,false,,
2026-07-10 11:00:00,2026-07-10,11:00:00,7538.12,7539.81,7535.09,7535.49,23299203,false,,false,,
2026-07-10 11:05:00,2026-07-10,11:05:00,7535.79,7542.91,7532.38,7542.91,22551769,false,,false,,
2026-07-10 11:10:00,2026-07-10,11:10:00,7543.04,7545.98,7542.78,7544.81,21182924,false,,false,,
2026-07-10 11:15:00,2026-07-10,11:15:00,7544.85,7557.4,7544.85,7553.25,20955806,true,7550,true,7550,7550:from_below
2026-07-10 11:20:00,2026-07-10,11:20:00,7553.31,7556.69,7551.1,7556.69,19548199,true,7550,false,,
2026-07-10 11:25:00,2026-07-10,11:25:00,7556.64,7560.4,7556.64,7558.72,20432996,false,,false,,
2026-07-10 11:30:00,2026-07-10,11:30:00,7558.79,7559.97,7555.76,7556.4,21218584,false,,false,,
2026-07-10 11:35:00,2026-07-10,11:35:00,7556.65,7556.85,7549.88,7550.19,19278503,true,7550,true,7550,7550:from_above
2026-07-10 11:40:00,2026-07-10,11:40:00,7550.34,7551.3,7540.61,7546.54,21221828,true,7550,false,,
2026-07-10 11:45:00,2026-07-10,11:45:00,7546.71,7552.84,7542.67,7551.11,18942848,true,7550,false,,
2026-07-10 11:50:00,2026-07-10,11:50:00,7551.34,7555.5,7549.61,7554.45,16776569,true,7550,false,,
2026-07-10 11:55:00,2026-07-10,11:55:00,7554.34,7555.33,7551.7,7554.27,17246929,true,7550,false,,
2026-07-10 12:00:00,2026-07-10,12:00:00,7554.17,7559.14,7554.17,7558.09,19877112,false,,false,,
2026-07-10 12:05:00,2026-07-10,12:05:00,7557.92,7558.5,7555.05,7555.77,18776970,false,,false,,
2026-07-10 12:10:00,2026-07-10,12:10:00,7556.13,7559.09,7555.34,7558.31,15318021,false,,false,,
2026-07-10 12:15:00,2026-07-10,12:15:00,7558.25,7563.43,7558.25,7562.02,16635231,false,,false,,
2026-07-10 12:20:00,2026-07-10,12:20:00,7562.29,7562.68,7558.05,7560.24,18326367,false,,false,,
2026-07-10 12:25:00,2026-07-10,12:25:00,7560.3,7560.94,7558.18,7558.23,16873412,false,,false,,
2026-07-10 12:30:00,2026-07-10,12:30:00,7558.29,7562.51,7558.29,7561.54,17080144,false,,false,,
2026-07-10 12:35:00,2026-07-10,12:35:00,7561.58,7562.21,7557.21,7559.16,18592795,false,,false,,
2026-07-10 12:40:00,2026-07-10,12:40:00,7559.26,7562.61,7559.18,7562.42,15250703,false,,false,,
2026-07-10 12:45:00,2026-07-10,12:45:00,7562.57,7565.42,7562.43,7564.69,13576112,false,,false,,
2026-07-10 12:50:00,2026-07-10,12:50:00,7564.67,7566.57,7564.57,7566.33,15908245,false,,false,,
2026-07-10 12:55:00,2026-07-10,12:55:00,7566.4,7567.79,7564.77,7566.37,15904340,false,,false,,
2026-07-10 13:00:00,2026-07-10,13:00:00,7566.41,7566.69,7562.24,7563.26,14627388,false,,false,,
2026-07-10 13:05:00,2026-07-10,13:05:00,7563.23,7564.52,7562.46,7562.55,13649386,false,,false,,
2026-07-10 13:10:00,2026-07-10,13:10:00,7562.71,7564.34,7561.41,7564.15,16216924,false,,false,,
2026-07-10 13:15:00,2026-07-10,13:15:00,7564.05,7566.46,7563.81,7564.88,13111965,false,,false,,
2026-07-10 13:20:00,2026-07-10,13:20:00,7564.82,7566.35,7564.64,7565.66,14592833,false,,false,,
2026-07-10 13:25:00,2026-07-10,13:25:00,7565.81,7567.1,7565.35,7566.28,14942908,false,,false,,
2026-07-10 13:30:00,2026-07-10,13:30:00,7566.36,7567.77,7565.57,7566.6,15793071,false,,false,,
2026-07-10 13:35:00,2026-07-10,13:35:00,7566.65,7570.44,7566.12,7568.89,15228759,false,,false,,
2026-07-10 13:40:00,2026-07-10,13:40:00,7568.87,7569.78,7567.17,7567.93,13115242,false,,false,,
2026-07-10 13:45:00,2026-07-10,13:45:00,7568.08,7569.65,7567.63,7569.26,14777459,false,,false,,
2026-07-10 13:50:00,2026-07-10,13:50:00,7569.22,7570.32,7568.69,7568.82,13082282,false,,false,,
2026-07-10 13:55:00,2026-07-10,13:55:00,7568.89,7569.26,7565.95,7566.43,14965578,false,,false,,
2026-07-10 14:00:00,2026-07-10,14:00:00,7566.42,7568.37,7566.1,7566.73,18015579,false,,false,,
2026-07-10 14:05:00,2026-07-10,14:05:00,7566.92,7569.5,7566.82,7568.92,14710945,false,,false,,
2026-07-10 14:10:00,2026-07-10,14:10:00,7569.02,7571.06,7568.43,7569.29,15010756,false,,false,,
2026-07-10 14:15:00,2026-07-10,14:15:00,7569.2,7569.82,7567.49,7568.37,17823788,false,,false,,
2026-07-10 14:20:00,2026-07-10,14:20:00,7568.34,7570.39,7567.12,7569.66,13814626,false,,false,,
2026-07-10 14:25:00,2026-07-10,14:25:00,7569.67,7571.96,7569.37,7570.37,14029517,false,,false,,
2026-07-10 14:30:00,2026-07-10,14:30:00,7570.39,7572.19,7570.12,7571.73,13632129,false,,false,,
2026-07-10 14:35:00,2026-07-10,14:35:00,7571.74,7571.74,7569.58,7570.24,13022338,false,,false,,
2026-07-10 14:40:00,2026-07-10,14:40:00,7570.28,7572.35,7570.18,7571.09,14306820,false,,false,,
2026-07-10 14:45:00,2026-07-10,14:45:00,7571.16,7572.22,7570.93,7570.96,15668361,false,,false,,
2026-07-10 14:50:00,2026-07-10,14:50:00,7570.99,7572.54,7570.46,7571.77,17663231,false,,false,,
2026-07-10 14:55:00,2026-07-10,14:55:00,7571.86,7572.95,7570.87,7571.25,18265146,false,,false,,
2026-07-10 15:00:00,2026-07-10,15:00:00,7571.18,7576.48,7570.99,7575.83,21174807,false,,false,,
2026-07-10 15:05:00,2026-07-10,15:05:00,7575.88,7577.26,7574.98,7575.32,20278944,false,,false,,
2026-07-10 15:10:00,2026-07-10,15:10:00,7575.35,7577.66,7575.35,7577.43,17780799,false,,false,,
2026-07-10 15:15:00,2026-07-10,15:15:00,7577.44,7577.66,7575.47,7576.46,20208842,false,,false,,
2026-07-10 15:20:00,2026-07-10,15:20:00,7576.52,7576.66,7574.78,7575.6,21186808,false,,false,,
2026-07-10 15:25:00,2026-07-10,15:25:00,7575.72,7576.9,7575.38,7575.63,21305724,false,,false,,
2026-07-10 15:30:00,2026-07-10,15:30:00,7575.65,7576.6,7574.14,7575.79,26459705,false,,false,,
2026-07-10 15:35:00,2026-07-10,15:35:00,7575.88,7577.67,7575.09,7576.85,24813459,false,,false,,
2026-07-10 15:40:00,2026-07-10,15:40:00,7576.85,7578.69,7576.53,7576.53,28426774,false,,false,,
2026-07-10 15:45:00,2026-07-10,15:45:00,7576.5,7577.71,7575.77,7577.38,39674976,false,,false,,
2026-07-10 15:50:00,2026-07-10,15:50:00,7577.33,7579.93,7576.49,7577.31,57870154,false,,false,,
2026-07-10 15:55:00,2026-07-10,15:55:00,7576.93,7578.01,7572.35,7575.37,161911223,false,,false,,
2026-07-10 16:00:00,2026-07-10,16:00:00,7574.88,7575.4,7574.88,7575.38,425880666,false,,false,,
2026-07-10 16:05:00,2026-07-10,16:05:00,7575.4,7575.4,7575.38,7575.38,4534519,false,,false,,
2026-07-13 09:30:00,2026-07-13,09:30:00,7547.52,7565.38,7547.52,7559.79,106752724,true,7550,true,7550,7550:from_above
2026-07-13 09:35:00,2026-07-13,09:35:00,7559.56,7563.38,7555.84,7558.06,43516206,false,,false,,
2026-07-13 09:40:00,2026-07-13,09:40:00,7557.89,7557.89,7550.25,7555.59,44272089,true,7550,true,7550,7550:from_above
2026-07-13 09:45:00,2026-07-13,09:45:00,7555.62,7556.42,7548.15,7554.53,40023751,true,7550,false,,
2026-07-13 09:50:00,2026-07-13,09:50:00,7554.64,7554.82,7544.19,7551.67,36660746,true,7550,false,,
2026-07-13 09:55:00,2026-07-13,09:55:00,7551.28,7562.96,7549.58,7561.75,32196735,true,7550,false,,
2026-07-13 10:00:00,2026-07-13,10:00:00,7561.4,7564.91,7552.82,7553.23,36306164,false,,false,,
2026-07-13 10:05:00,2026-07-13,10:05:00,7553.23,7555.29,7548.65,7553.42,28411961,true,7550,true,7550,7550:from_above
2026-07-13 10:10:00,2026-07-13,10:10:00,7553.81,7559.65,7552.52,7558.89,29050106,false,,false,,
2026-07-13 10:15:00,2026-07-13,10:15:00,7558.98,7559.82,7529.34,7543.81,47325422,true,7550,true,7550,7550:from_above
2026-07-13 10:20:00,2026-07-13,10:20:00,7544.19,7554.28,7541.23,7553.7,26414978,true,7550,false,,
2026-07-13 10:25:00,2026-07-13,10:25:00,7553.44,7557.49,7551.63,7556.9,28751975,true,7550,false,,
2026-07-13 10:30:00,2026-07-13,10:30:00,7557.1,7558.57,7551.88,7551.91,27551779,true,7550,false,,
2026-07-13 10:35:00,2026-07-13,10:35:00,7552.33,7552.74,7545.66,7548.44,24327942,true,7550,false,,
2026-07-13 10:40:00,2026-07-13,10:40:00,7548.52,7548.54,7539.05,7541.25,23276560,true,7550,false,,
2026-07-13 10:45:00,2026-07-13,10:45:00,7541.02,7550.19,7536.19,7549.99,24769572,true,7550,false,,
2026-07-13 10:50:00,2026-07-13,10:50:00,7550.19,7550.49,7542.13,7543.24,26011325,true,7550,false,,
2026-07-13 10:55:00,2026-07-13,10:55:00,7543.36,7554.1,7542.08,7553.76,23964154,true,7550,false,,
2026-07-13 11:00:00,2026-07-13,11:00:00,7553.69,7556.82,7549.46,7549.93,22209028,true,7550,false,,
2026-07-13 11:05:00,2026-07-13,11:05:00,7549.95,7552.01,7547.61,7548.3,20701116,true,7550,false,,
2026-07-13 11:10:00,2026-07-13,11:10:00,7548.39,7551.78,7545.27,7546.98,21504063,true,7550,false,,
2026-07-13 11:15:00,2026-07-13,11:15:00,7546.98,7549.66,7545.37,7548.92,18920878,true,7550,false,,
2026-07-13 11:20:00,2026-07-13,11:20:00,7548.74,7551.63,7547.82,7550.63,20403051,true,7550,false,,
2026-07-13 11:25:00,2026-07-13,11:25:00,7550.46,7551.12,7545.77,7549.84,19363609,true,7550,false,,
2026-07-13 11:30:00,2026-07-13,11:30:00,7550.09,7551.51,7546.71,7548.13,21506050,true,7550,false,,
2026-07-13 11:35:00,2026-07-13,11:35:00,7548.02,7548.96,7545.12,7547.29,19439980,true,7550,false,,
2026-07-13 11:40:00,2026-07-13,11:40:00,7547.47,7547.89,7543.43,7543.95,20103844,false,,false,,
2026-07-13 11:45:00,2026-07-13,11:45:00,7543.79,7544.07,7541.39,7543.16,19575324,false,,false,,
2026-07-13 11:50:00,2026-07-13,11:50:00,7543.51,7543.81,7537.89,7542.22,20549805,false,,false,,
2026-07-13 11:55:00,2026-07-13,11:55:00,7542.18,7542.34,7537.27,7538.28,23723799,false,,false,,
2026-07-13 12:00:00,2026-07-13,12:00:00,7538.25,7540.75,7536.01,7537.11,21857678,false,,false,,
2026-07-13 12:05:00,2026-07-13,12:05:00,7537.18,7540.88,7536.43,7540.88,21327198,false,,false,,
2026-07-13 12:10:00,2026-07-13,12:10:00,7540.82,7543.71,7538.96,7540.55,23147368,false,,false,,
2026-07-13 12:15:00,2026-07-13,12:15:00,7540.46,7540.73,7532.69,7534.76,23146583,false,,false,,
2026-07-13 12:20:00,2026-07-13,12:20:00,7534.8,7534.8,7531.94,7532.69,19020205,false,,false,,
2026-07-13 12:25:00,2026-07-13,12:25:00,7532.65,7532.81,7525.94,7528.69,22518874,false,,false,,
2026-07-13 12:30:00,2026-07-13,12:30:00,7528.79,7528.79,7521.8,7522.06,20278073,false,,false,,
2026-07-13 12:35:00,2026-07-13,12:35:00,7521.97,7527.82,7514.65,7525.01,26098925,false,,false,,
2026-07-13 12:40:00,2026-07-13,12:40:00,7525.16,7530.43,7521.32,7528.48,19995580,false,,false,,
2026-07-13 12:45:00,2026-07-13,12:45:00,7528.84,7531.99,7525.28,7525.37,20176334,false,,false,,
2026-07-13 12:50:00,2026-07-13,12:50:00,7525.41,7525.79,7518.5,7520.25,19112939,false,,false,,
2026-07-13 12:55:00,2026-07-13,12:55:00,7520.23,7526.31,7518.78,7524.35,18521426,false,,false,,
2026-07-13 13:00:00,2026-07-13,13:00:00,7524.41,7528.19,7523.6,7524.47,17809216,false,,false,,
2026-07-13 13:05:00,2026-07-13,13:05:00,7524.18,7530.5,7523.49,7529.6,17289733,false,,false,,
2026-07-13 13:10:00,2026-07-13,13:10:00,7529.71,7531.9,7525.11,7526.38,18395759,false,,false,,
2026-07-13 13:15:00,2026-07-13,13:15:00,7526.37,7528.64,7522.47,7527.91,15421552,false,,false,,
2026-07-13 13:20:00,2026-07-13,13:20:00,7527.51,7529.4,7522.56,7522.63,18444828,false,,false,,
2026-07-13 13:25:00,2026-07-13,13:25:00,7522.65,7525.12,7520.98,7523.53,19939008,false,,false,,
2026-07-13 13:30:00,2026-07-13,13:30:00,7523.64,7526.3,7522.16,7524.83,16907644,false,,false,,
2026-07-13 13:35:00,2026-07-13,13:35:00,7524.84,7524.84,7520.45,7522.31,16762305,false,,false,,
2026-07-13 13:40:00,2026-07-13,13:40:00,7522.3,7526.57,7520.4,7525.26,17727970,false,,false,,
2026-07-13 13:45:00,2026-07-13,13:45:00,7525.34,7527.76,7521.87,7522.05,17475098,false,,false,,
2026-07-13 13:50:00,2026-07-13,13:50:00,7522.05,7522.42,7517.96,7519.73,20609517,false,,false,,
2026-07-13 13:55:00,2026-07-13,13:55:00,7519.86,7520.97,7517.7,7518.06,17367397,false,,false,,
2026-07-13 14:00:00,2026-07-13,14:00:00,7518.11,7524.13,7517.77,7522.11,19472204,false,,false,,
2026-07-13 14:05:00,2026-07-13,14:05:00,7522.17,7527.47,7521.99,7522.28,16767094,false,,false,,
2026-07-13 14:10:00,2026-07-13,14:10:00,7522.26,7523.89,7517.3,7523.67,17289159,false,,false,,
2026-07-13 14:15:00,2026-07-13,14:15:00,7523.75,7524.25,7516.5,7517.55,18381850,false,,false,,
2026-07-13 14:20:00,2026-07-13,14:20:00,7517.92,7521,7516.61,7520.98,17452645,false,,false,,
2026-07-13 14:25:00,2026-07-13,14:25:00,7521,7521.22,7517.94,7518.12,20557775,false,,false,,
2026-07-13 14:30:00,2026-07-13,14:30:00,7518.19,7521.38,7515.49,7518.31,21477381,false,,false,,
2026-07-13 14:35:00,2026-07-13,14:35:00,7518.2,7523.24,7517.92,7522.65,18062621,false,,false,,
2026-07-13 14:40:00,2026-07-13,14:40:00,7522.69,7526.32,7521.84,7524.11,17913869,false,,false,,
2026-07-13 14:45:00,2026-07-13,14:45:00,7524.17,7524.77,7521.22,7523.35,21868900,false,,false,,
2026-07-13 14:50:00,2026-07-13,14:50:00,7523.38,7526.09,7521.33,7523.85,18465440,false,,false,,
2026-07-13 14:55:00,2026-07-13,14:55:00,7523.82,7524.66,7520.05,7521.55,21269300,false,,false,,
2026-07-13 15:00:00,2026-07-13,15:00:00,7521.58,7524.77,7518.23,7524.02,22467564,false,,false,,
2026-07-13 15:05:00,2026-07-13,15:05:00,7524.18,7525.43,7520.46,7520.48,21907239,false,,false,,
2026-07-13 15:10:00,2026-07-13,15:10:00,7520.44,7520.75,7516.39,7518.13,24051184,false,,false,,
2026-07-13 15:15:00,2026-07-13,15:15:00,7518.12,7519.86,7516.7,7517.85,24296364,false,,false,,
2026-07-13 15:20:00,2026-07-13,15:20:00,7517.88,7518.04,7512.68,7515,28416732,false,,false,,
2026-07-13 15:25:00,2026-07-13,15:25:00,7514.98,7515.01,7508.32,7509.22,28236998,false,,false,,
2026-07-13 15:30:00,2026-07-13,15:30:00,7509.41,7513.93,7508.7,7511.48,35492615,false,,false,,
2026-07-13 15:35:00,2026-07-13,15:35:00,7511.72,7511.72,7506.42,7507.79,34335477,false,,false,,
2026-07-13 15:40:00,2026-07-13,15:40:00,7507.98,7514.86,7507.34,7514.37,36600093,false,,false,,
2026-07-13 15:45:00,2026-07-13,15:45:00,7514.66,7515.71,7511.23,7513.97,49360935,false,,false,,
2026-07-13 15:50:00,2026-07-13,15:50:00,7513.95,7519.57,7513.95,7516.41,76253676,false,,false,,
2026-07-13 15:55:00,2026-07-13,15:55:00,7515.82,7521.33,7514.79,7515.89,190670146,false,,false,,
2026-07-13 16:00:00,2026-07-13,16:00:00,7515.19,7516.18,7515.19,7515.33,512845405,false,,false,,
2026-07-13 16:05:00,2026-07-13,16:05:00,7515.35,7515.35,7515.33,7515.33,5446501,false,,false,,
2026-07-14 09:30:00,2026-07-14,09:30:00,7536.69,7538.84,7522.65,7522.65,146756309,false,,false,,
2026-07-14 09:35:00,2026-07-14,09:35:00,7523.01,7539.36,7520.78,7538.68,47156876,false,,false,,
2026-07-14 09:40:00,2026-07-14,09:40:00,7538.19,7540.36,7532.42,7539.78,42513401,false,,false,,
2026-07-14 09:45:00,2026-07-14,09:45:00,7539.37,7544.44,7533.81,7535.96,43371565,false,,false,,
2026-07-14 09:50:00,2026-07-14,09:50:00,7536.05,7542.15,7533.42,7538.28,34407399,false,,false,,
2026-07-14 09:55:00,2026-07-14,09:55:00,7537.6,7542.24,7534.04,7539.81,33776942,false,,false,,
2026-07-14 10:00:00,2026-07-14,10:00:00,7539.97,7540.63,7528.48,7531.2,34578061,false,,false,,
2026-07-14 10:05:00,2026-07-14,10:05:00,7530.91,7533.14,7524.88,7528.82,36039411,false,,false,,
2026-07-14 10:10:00,2026-07-14,10:10:00,7528.44,7530.43,7523.9,7530.15,29852434,false,,false,,
2026-07-14 10:15:00,2026-07-14,10:15:00,7530.08,7530.08,7513.24,7524.65,30969615,false,,false,,
2026-07-14 10:20:00,2026-07-14,10:20:00,7524.9,7533.7,7524.53,7527.54,31424312,false,,false,,
2026-07-14 10:25:00,2026-07-14,10:25:00,7527.43,7537.85,7526.13,7533.85,26925854,false,,false,,
2026-07-14 10:30:00,2026-07-14,10:30:00,7533.71,7557.43,7531.71,7547.05,43686825,true,7550,true,7550,7550:from_below
2026-07-14 10:35:00,2026-07-14,10:35:00,7547.1,7547.78,7542.42,7545.74,29261737,false,,false,,
2026-07-14 10:40:00,2026-07-14,10:40:00,7545.72,7548.48,7536.56,7538.04,25034343,true,7550,true,7550,7550:from_below
2026-07-14 10:45:00,2026-07-14,10:45:00,7538.16,7540.22,7533.71,7534.48,23252028,false,,false,,
2026-07-14 10:50:00,2026-07-14,10:50:00,7534.45,7542.09,7531.06,7542.09,23136690,false,,false,,
2026-07-14 10:55:00,2026-07-14,10:55:00,7542.13,7545.15,7541.59,7543.05,22988101,false,,false,,
2026-07-14 11:00:00,2026-07-14,11:00:00,7543.11,7554.73,7538.91,7550.52,34142559,true,7550,true,7550,7550:from_below
2026-07-14 11:05:00,2026-07-14,11:05:00,7550.22,7556.76,7548.76,7555.01,24832013,true,7550,false,,
2026-07-14 11:10:00,2026-07-14,11:10:00,7554.84,7555.91,7549.91,7552.08,26874017,true,7550,false,,
2026-07-14 11:15:00,2026-07-14,11:15:00,7552.03,7553.09,7544.05,7546,26198867,true,7550,false,,
2026-07-14 11:20:00,2026-07-14,11:20:00,7546.11,7551.3,7543.39,7551.3,25534127,true,7550,false,,
2026-07-14 11:25:00,2026-07-14,11:25:00,7551.43,7553.46,7549.62,7552.93,24421697,true,7550,false,,
2026-07-14 11:30:00,2026-07-14,11:30:00,7553.07,7554.66,7545.8,7546.62,26532188,true,7550,false,,
2026-07-14 11:35:00,2026-07-14,11:35:00,7546.77,7546.91,7542.4,7545.03,24088960,false,,false,,
2026-07-14 11:40:00,2026-07-14,11:40:00,7545.14,7545.14,7534.46,7542.36,23895996,false,,false,,
2026-07-14 11:45:00,2026-07-14,11:45:00,7542.52,7545.88,7542.16,7542.87,21271379,false,,false,,
2026-07-14 11:50:00,2026-07-14,11:50:00,7542.65,7543.49,7536.06,7536.76,20413647,false,,false,,
2026-07-14 11:55:00,2026-07-14,11:55:00,7536.81,7537.78,7533.01,7536.59,19089835,false,,false,,
2026-07-14 12:00:00,2026-07-14,12:00:00,7536.55,7536.89,7527.06,7529.3,21386735,false,,false,,
2026-07-14 12:05:00,2026-07-14,12:05:00,7529.69,7533.28,7526.82,7531.15,19316725,false,,false,,
2026-07-14 12:10:00,2026-07-14,12:10:00,7531.1,7532.78,7527.15,7531.74,16671714,false,,false,,
2026-07-14 12:15:00,2026-07-14,12:15:00,7531.71,7531.99,7526.98,7530.74,18666494,false,,false,,
2026-07-14 12:20:00,2026-07-14,12:20:00,7530.93,7532.28,7526.84,7529.97,20162628,false,,false,,
2026-07-14 12:25:00,2026-07-14,12:25:00,7529.9,7535.09,7529.29,7534.45,20489280,false,,false,,
2026-07-14 12:30:00,2026-07-14,12:30:00,7534.38,7537.24,7532.23,7537.24,20855376,false,,false,,
2026-07-14 12:35:00,2026-07-14,12:35:00,7537.31,7539.65,7536.1,7539.1,18347688,false,,false,,
2026-07-14 12:40:00,2026-07-14,12:40:00,7539.17,7543.81,7538.13,7541.17,17295855,false,,false,,
2026-07-14 12:45:00,2026-07-14,12:45:00,7541.13,7543.6,7536.14,7539.99,17032656,false,,false,,
2026-07-14 12:50:00,2026-07-14,12:50:00,7540.11,7542.73,7539.11,7541.15,16953653,false,,false,,
2026-07-14 12:55:00,2026-07-14,12:55:00,7541.09,7544.76,7541.04,7544.76,17088654,false,,false,,
2026-07-14 13:00:00,2026-07-14,13:00:00,7544.92,7547.29,7543.31,7543.77,19041030,false,,false,,
2026-07-14 13:05:00,2026-07-14,13:05:00,7543.78,7547.54,7542.6,7547.39,15412834,false,,false,,
2026-07-14 13:10:00,2026-07-14,13:10:00,7547.41,7548.55,7544.77,7544.77,15411093,true,7550,true,7550,7550:from_below
2026-07-14 13:15:00,2026-07-14,13:15:00,7544.84,7547.42,7543.13,7547.22,17298269,false,,false,,
2026-07-14 13:20:00,2026-07-14,13:20:00,7547.18,7551.94,7547.18,7550.98,16496163,true,7550,true,7550,7550:from_below
2026-07-14 13:25:00,2026-07-14,13:25:00,7550.92,7551.76,7548.81,7549.57,15337577,true,7550,false,,
2026-07-14 13:30:00,2026-07-14,13:30:00,7549.53,7551.37,7546.92,7546.92,18931715,true,7550,false,,
2026-07-14 13:35:00,2026-07-14,13:35:00,7546.71,7547.82,7544.59,7547.43,15487748,false,,false,,
2026-07-14 13:40:00,2026-07-14,13:40:00,7547.41,7547.94,7545.61,7546.68,15016975,false,,false,,
2026-07-14 13:45:00,2026-07-14,13:45:00,7546.84,7548.69,7544.38,7547.36,18557516,true,7550,true,7550,7550:from_below
2026-07-14 13:50:00,2026-07-14,13:50:00,7547.31,7549.29,7547.27,7548.58,17357755,true,7550,false,,
2026-07-14 13:55:00,2026-07-14,13:55:00,7548.62,7549.35,7547.71,7548.81,17704960,true,7550,false,,
2026-07-14 14:00:00,2026-07-14,14:00:00,7548.79,7550.77,7545.7,7550.74,21305898,true,7550,false,,
2026-07-14 14:05:00,2026-07-14,14:05:00,7550.75,7551.49,7549.19,7550.74,20909544,true,7550,false,,
2026-07-14 14:10:00,2026-07-14,14:10:00,7550.82,7552.57,7549.95,7552.32,18458023,true,7550,false,,
2026-07-14 14:15:00,2026-07-14,14:15:00,7552.33,7554.01,7551.18,7552.29,17333410,true,7550,false,,
2026-07-14 14:20:00,2026-07-14,14:20:00,7552.34,7554.16,7550.25,7550.53,18672117,true,7550,false,,
2026-07-14 14:25:00,2026-07-14,14:25:00,7550.57,7552.5,7549.46,7551.17,19577149,true,7550,false,,
2026-07-14 14:30:00,2026-07-14,14:30:00,7551.16,7551.72,7549.85,7551.09,22857607,true,7550,false,,
2026-07-14 14:35:00,2026-07-14,14:35:00,7551.2,7552.17,7548.11,7550.1,19188139,true,7550,false,,
2026-07-14 14:40:00,2026-07-14,14:40:00,7550.08,7550.08,7545.09,7546.81,19629776,true,7550,false,,
2026-07-14 14:45:00,2026-07-14,14:45:00,7546.74,7548.36,7545.78,7546.31,18840753,true,7550,false,,
2026-07-14 14:50:00,2026-07-14,14:50:00,7546.28,7549.78,7545.43,7549.09,18238472,true,7550,false,,
2026-07-14 14:55:00,2026-07-14,14:55:00,7549.13,7549.22,7547.51,7548.39,18341691,true,7550,false,,
2026-07-14 15:00:00,2026-07-14,15:00:00,7548.38,7548.89,7545.26,7545.81,25739518,true,7550,false,,
2026-07-14 15:05:00,2026-07-14,15:05:00,7545.86,7547.57,7544.78,7545.84,20322052,false,,false,,
2026-07-14 15:10:00,2026-07-14,15:10:00,7545.42,7547.94,7544.22,7547.17,23322607,false,,false,,
2026-07-14 15:15:00,2026-07-14,15:15:00,7547.18,7548.8,7546.88,7547.66,23209714,true,7550,true,7550,7550:from_below
2026-07-14 15:20:00,2026-07-14,15:20:00,7547.67,7550.56,7547.27,7550.52,22470768,true,7550,false,,
2026-07-14 15:25:00,2026-07-14,15:25:00,7550.49,7551.04,7547.67,7547.67,24901389,true,7550,false,,
2026-07-14 15:30:00,2026-07-14,15:30:00,7547.64,7547.64,7544.1,7546.51,33882450,false,,false,,
2026-07-14 15:35:00,2026-07-14,15:35:00,7546.48,7549.01,7544.88,7545.41,32286104,true,7550,true,7550,7550:from_below
2026-07-14 15:40:00,2026-07-14,15:40:00,7545.42,7549.27,7544.87,7548.81,33976839,true,7550,false,,
2026-07-14 15:45:00,2026-07-14,15:45:00,7548.78,7551.25,7548.36,7551.16,41620221,true,7550,false,,
2026-07-14 15:50:00,2026-07-14,15:50:00,7551.08,7551.08,7546.51,7546.51,72333267,true,7550,false,,
2026-07-14 15:55:00,2026-07-14,15:55:00,7546.45,7550.34,7543.36,7544.28,181950291,true,7550,false,,
2026-07-14 16:00:00,2026-07-14,16:00:00,7544.04,7544.39,7543.74,7543.74,511395908,false,,false,,
2026-07-14 16:05:00,2026-07-14,16:05:00,7543.6,7543.61,7543.58,7543.58,25439135,false,,false,,
2026-07-15 09:30:00,2026-07-15,09:30:00,7571.71,7579.96,7569.6,7579.16,137163676,false,,false,,
2026-07-15 09:35:00,2026-07-15,09:35:00,7579.57,7580.75,7572.01,7574.26,47448357,false,,false,,
2026-07-15 09:40:00,2026-07-15,09:40:00,7574.65,7574.83,7569.42,7570.28,36151001,false,,false,,
2026-07-15 09:45:00,2026-07-15,09:45:00,7570.25,7571.48,7559.7,7561.28,38230242,false,,false,,
2026-07-15 09:50:00,2026-07-15,09:50:00,7561.76,7567.05,7557.35,7567.05,35569928,false,,false,,
2026-07-15 09:55:00,2026-07-15,09:55:00,7566.9,7571.12,7565.53,7570.08,34090038,false,,false,,
2026-07-15 10:00:00,2026-07-15,10:00:00,7571.22,7577.79,7571.22,7573.96,34367179,false,,false,,
2026-07-15 10:05:00,2026-07-15,10:05:00,7573.97,7579.48,7572.02,7577.02,35157172,false,,false,,
2026-07-15 10:10:00,2026-07-15,10:10:00,7576.69,7578.43,7572.51,7572.98,35356961,false,,false,,
2026-07-15 10:15:00,2026-07-15,10:15:00,7573.26,7581.49,7572.76,7578.9,36949621,false,,false,,
2026-07-15 10:20:00,2026-07-15,10:20:00,7578.69,7579.09,7559.01,7562.35,41217824,false,,false,,
2026-07-15 10:25:00,2026-07-15,10:25:00,7562.49,7572.42,7559.04,7571.84,35863981,false,,false,,
2026-07-15 10:30:00,2026-07-15,10:30:00,7571.54,7573.6,7564.49,7571.14,38290614,false,,false,,
2026-07-15 10:35:00,2026-07-15,10:35:00,7571.3,7573.41,7560.47,7561.94,37234262,false,,false,,
2026-07-15 10:40:00,2026-07-15,10:40:00,7561.73,7564.93,7553.87,7560.11,37029701,false,,false,,
2026-07-15 10:45:00,2026-07-15,10:45:00,7560.18,7563.53,7554.85,7563.32,30697274,false,,false,,
2026-07-15 10:50:00,2026-07-15,10:50:00,7563.16,7563.64,7552.97,7555.77,28728873,false,,false,,
2026-07-15 10:55:00,2026-07-15,10:55:00,7556.27,7560.72,7553.8,7560.37,27419004,false,,false,,
2026-07-15 11:00:00,2026-07-15,11:00:00,7560.46,7562.17,7556.19,7557.41,28305730,false,,false,,
2026-07-15 11:05:00,2026-07-15,11:05:00,7557.42,7567.07,7555.35,7566.58,28499493,false,,false,,
2026-07-15 11:10:00,2026-07-15,11:10:00,7566.6,7567.54,7556.43,7556.88,28161436,false,,false,,
2026-07-15 11:15:00,2026-07-15,11:15:00,7556.84,7558.8,7548.08,7558.22,30352115,true,7550,true,7550,7550:from_above
2026-07-15 11:20:00,2026-07-15,11:20:00,7558.5,7558.5,7550.41,7554,27978357,true,7550,false,,
2026-07-15 11:25:00,2026-07-15,11:25:00,7554.95,7561.98,7554.04,7561.98,27506893,false,,false,,
2026-07-15 11:30:00,2026-07-15,11:30:00,7561.87,7564.55,7557.73,7561.17,28372032,false,,false,,
2026-07-15 11:35:00,2026-07-15,11:35:00,7561.37,7562.85,7556.98,7561.94,23199974,false,,false,,
2026-07-15 11:40:00,2026-07-15,11:40:00,7562.42,7563.1,7556.09,7556.69,21704897,false,,false,,
2026-07-15 11:45:00,2026-07-15,11:45:00,7556.87,7557.78,7553.45,7554,25004926,false,,false,,
2026-07-15 11:50:00,2026-07-15,11:50:00,7554.06,7554.06,7549.08,7552.12,22856737,true,7550,true,7550,7550:from_above
2026-07-15 11:55:00,2026-07-15,11:55:00,7552.09,7553.83,7548.84,7552.28,22977390,true,7550,false,,
2026-07-15 12:00:00,2026-07-15,12:00:00,7552.39,7553.94,7543.52,7546.1,27392498,true,7550,false,,
2026-07-15 12:05:00,2026-07-15,12:05:00,7546.17,7546.27,7539.62,7544.94,27520914,false,,false,,
2026-07-15 12:10:00,2026-07-15,12:10:00,7544.8,7546.35,7536.99,7537.33,28939079,false,,false,,
2026-07-15 12:15:00,2026-07-15,12:15:00,7537.48,7538.91,7534.93,7535.09,26579389,false,,false,,
2026-07-15 12:20:00,2026-07-15,12:20:00,7535.36,7536.75,7529.45,7530.48,28144825,false,,false,,
2026-07-15 12:25:00,2026-07-15,12:25:00,7530.66,7533.99,7529.47,7533.68,25898087,false,,false,,
2026-07-15 12:30:00,2026-07-15,12:30:00,7533.68,7536.76,7529.39,7530.21,25352268,false,,false,,
2026-07-15 12:35:00,2026-07-15,12:35:00,7530.25,7531.37,7527.24,7529.7,25216930,false,,false,,
2026-07-15 12:40:00,2026-07-15,12:40:00,7529.73,7534.09,7526.94,7533.8,24837056,false,,false,,
2026-07-15 12:45:00,2026-07-15,12:45:00,7533.78,7546.65,7532.19,7539.08,37006165,false,,false,,
2026-07-15 12:50:00,2026-07-15,12:50:00,7538.76,7543.84,7538.76,7540.01,22803807,false,,false,,
2026-07-15 12:55:00,2026-07-15,12:55:00,7540,7542.09,7535.47,7542.09,18649908,false,,false,,
2026-07-15 13:00:00,2026-07-15,13:00:00,7542.16,7546.01,7541.69,7544.51,22122072,false,,false,,
2026-07-15 13:05:00,2026-07-15,13:05:00,7544.48,7549.9,7543.91,7546.45,19047092,true,7550,true,7550,7550:from_below
2026-07-15 13:10:00,2026-07-15,13:10:00,7546.38,7547.97,7543.33,7543.39,19477601,false,,false,,
2026-07-15 13:15:00,2026-07-15,13:15:00,7543.52,7550.07,7543.15,7549.48,20931247,true,7550,true,7550,7550:from_below
2026-07-15 13:20:00,2026-07-15,13:20:00,7549.7,7551.45,7547.52,7550.47,22690747,true,7550,false,,
2026-07-15 13:25:00,2026-07-15,13:25:00,7550.3,7553.91,7549.14,7553.91,19277147,true,7550,false,,
2026-07-15 13:30:00,2026-07-15,13:30:00,7553.93,7557.64,7553.74,7556.18,21785488,false,,false,,
2026-07-15 13:35:00,2026-07-15,13:35:00,7556.67,7560.38,7555.69,7559.75,19463513,false,,false,,
2026-07-15 13:40:00,2026-07-15,13:40:00,7559.87,7560.16,7557.82,7558.89,18378647,false,,false,,
2026-07-15 13:45:00,2026-07-15,13:45:00,7559.03,7566.56,7558.45,7566.08,19521726,false,,false,,
2026-07-15 13:50:00,2026-07-15,13:50:00,7565.98,7570.55,7564.68,7570.07,20502335,false,,false,,
2026-07-15 13:55:00,2026-07-15,13:55:00,7570.06,7570.32,7567.08,7567.56,19730981,false,,false,,
2026-07-15 14:00:00,2026-07-15,14:00:00,7567.77,7571.42,7567.36,7569.12,20924140,false,,false,,
2026-07-15 14:05:00,2026-07-15,14:05:00,7569.27,7572.16,7568.45,7571.12,21093516,false,,false,,
2026-07-15 14:10:00,2026-07-15,14:10:00,7571.14,7573.14,7570.85,7571.16,19810478,false,,false,,
2026-07-15 14:15:00,2026-07-15,14:15:00,7571.15,7571.15,7567.95,7569.21,22238136,false,,false,,
2026-07-15 14:20:00,2026-07-15,14:20:00,7569.26,7574.12,7568.98,7572.99,23507493,false,,false,,
2026-07-15 14:25:00,2026-07-15,14:25:00,7573.05,7573.71,7571.85,7572.26,19301166,false,,false,,
2026-07-15 14:30:00,2026-07-15,14:30:00,7572.27,7574.85,7571.74,7574.04,20512105,false,,false,,
2026-07-15 14:35:00,2026-07-15,14:35:00,7573.95,7573.95,7570.03,7570.32,19752953,false,,false,,
2026-07-15 14:40:00,2026-07-15,14:40:00,7570.35,7571.65,7566.06,7566.37,19533209,false,,false,,
2026-07-15 14:45:00,2026-07-15,14:45:00,7566.42,7566.43,7560.69,7562.59,24038349,false,,false,,
2026-07-15 14:50:00,2026-07-15,14:50:00,7562.22,7562.78,7557.21,7558.79,21428442,false,,false,,
2026-07-15 14:55:00,2026-07-15,14:55:00,7558.89,7560.4,7556.49,7556.82,22441319,false,,false,,
2026-07-15 15:00:00,2026-07-15,15:00:00,7557.04,7563.08,7556.18,7562.45,25397094,false,,false,,
2026-07-15 15:05:00,2026-07-15,15:05:00,7562.49,7564.25,7560.62,7561.07,24181086,false,,false,,
2026-07-15 15:10:00,2026-07-15,15:10:00,7561.11,7564.53,7560.46,7563.25,25513593,false,,false,,
2026-07-15 15:15:00,2026-07-15,15:15:00,7563.47,7563.74,7560.45,7560.45,27394344,false,,false,,
2026-07-15 15:20:00,2026-07-15,15:20:00,7560.53,7560.62,7556.99,7558.31,26964243,false,,false,,
2026-07-15 15:25:00,2026-07-15,15:25:00,7558.4,7562.52,7557.21,7561.24,30483982,false,,false,,
2026-07-15 15:30:00,2026-07-15,15:30:00,7561.55,7564.74,7557.06,7558.07,40557490,false,,false,,
2026-07-15 15:35:00,2026-07-15,15:35:00,7558.06,7563.72,7556.7,7563.2,34738839,false,,false,,
2026-07-15 15:40:00,2026-07-15,15:40:00,7563.53,7567.24,7563.19,7566.33,39355472,false,,false,,
2026-07-15 15:45:00,2026-07-15,15:45:00,7566.29,7566.7,7560.27,7561.31,48730955,false,,false,,
2026-07-15 15:50:00,2026-07-15,15:50:00,7561.31,7566.89,7561.31,7566.86,75766694,false,,false,,
2026-07-15 15:55:00,2026-07-15,15:55:00,7566.94,7573.37,7566.94,7572.19,190827514,false,,false,,
2026-07-15 16:00:00,2026-07-15,16:00:00,7572.6,7572.78,7572.39,7572.4,585155933,false,,false,,
2026-07-15 16:05:00,2026-07-15,16:05:00,7572.42,7572.42,7572.39,7572.39,11894247,false,,false,,
2026-07-16 09:30:00,2026-07-16,09:30:00,7558.79,7560.68,7544.67,7546.65,121481784,true,7550,true,7550,7550:from_above
2026-07-16 09:35:00,2026-07-16,09:35:00,7546.25,7550.82,7540.71,7541.38,46832777,true,7550,false,,
2026-07-16 09:40:00,2026-07-16,09:40:00,7541.66,7547.71,7535.32,7537.35,46086067,false,,false,,
2026-07-16 09:45:00,2026-07-16,09:45:00,7537.37,7541.53,7531.73,7535.2,45303625,false,,false,,
2026-07-16 09:50:00,2026-07-16,09:50:00,7534.51,7547.61,7534.42,7539.88,40100206,false,,false,,
2026-07-16 09:55:00,2026-07-16,09:55:00,7539.86,7546.5,7536.57,7545,37656163,false,,false,,
2026-07-16 10:00:00,2026-07-16,10:00:00,7545.72,7554.52,7543.03,7552.97,37869759,true,7550,true,7550,7550:from_below
2026-07-16 10:05:00,2026-07-16,10:05:00,7553.29,7561.77,7552.07,7560.32,36352371,false,,false,,
2026-07-16 10:10:00,2026-07-16,10:10:00,7560.3,7562.72,7558.63,7560.06,33693768,false,,false,,
2026-07-16 10:15:00,2026-07-16,10:15:00,7560.02,7565.17,7558.8,7564.65,30600687,false,,false,,
2026-07-16 10:20:00,2026-07-16,10:20:00,7564.72,7565.4,7557.01,7562.99,28972158,false,,false,,
2026-07-16 10:25:00,2026-07-16,10:25:00,7562.63,7570.37,7559.03,7570.01,28977395,false,,false,,
2026-07-16 10:30:00,2026-07-16,10:30:00,7570.18,7570.73,7566.23,7568.06,28309418,false,,false,,
2026-07-16 10:35:00,2026-07-16,10:35:00,7568.11,7570.45,7564.04,7564.7,26565664,false,,false,,
2026-07-16 10:40:00,2026-07-16,10:40:00,7564.74,7569.85,7562.95,7569.43,30059807,false,,false,,
2026-07-16 10:45:00,2026-07-16,10:45:00,7569.66,7570.58,7566.87,7567.49,27923888,false,,false,,
2026-07-16 10:50:00,2026-07-16,10:50:00,7567.4,7567.4,7560.73,7561.6,32786123,false,,false,,
2026-07-16 10:55:00,2026-07-16,10:55:00,7561.78,7566.93,7558.42,7566.93,28436284,false,,false,,
2026-07-16 11:00:00,2026-07-16,11:00:00,7567.28,7569.41,7561.65,7562.14,24369076,false,,false,,
2026-07-16 11:05:00,2026-07-16,11:05:00,7562.02,7563.22,7556.52,7560.67,28846148,false,,false,,
2026-07-16 11:10:00,2026-07-16,11:10:00,7560.94,7562.87,7556.31,7558.82,27027161,false,,false,,
2026-07-16 11:15:00,2026-07-16,11:15:00,7558.83,7562.01,7555.31,7561.68,24424647,false,,false,,
2026-07-16 11:20:00,2026-07-16,11:20:00,7561.89,7562.06,7555.49,7561.53,29227191,false,,false,,
2026-07-16 11:25:00,2026-07-16,11:25:00,7561.57,7570.22,7561.54,7563.98,26604416,false,,false,,
2026-07-16 11:30:00,2026-07-16,11:30:00,7564.05,7567.76,7558.53,7567.76,24227604,false,,false,,
2026-07-16 11:35:00,2026-07-16,11:35:00,7568,7569.69,7563.98,7569.29,23639372,false,,false,,
2026-07-16 11:40:00,2026-07-16,11:40:00,7569.23,7569.79,7560.82,7562.52,24237698,false,,false,,
2026-07-16 11:45:00,2026-07-16,11:45:00,7562.36,7562.38,7556.14,7560.8,25845892,false,,false,,
2026-07-16 11:50:00,2026-07-16,11:50:00,7560.69,7566.78,7560.67,7564.01,23158240,false,,false,,
2026-07-16 11:55:00,2026-07-16,11:55:00,7564.14,7564.14,7558.81,7561.5,21114982,false,,false,,
2026-07-16 12:00:00,2026-07-16,12:00:00,7561.56,7561.74,7553.61,7553.61,25697098,false,,false,,
2026-07-16 12:05:00,2026-07-16,12:05:00,7553.57,7555.87,7549.16,7555.04,26589547,true,7550,true,7550,7550:from_above
2026-07-16 12:10:00,2026-07-16,12:10:00,7554.76,7554.76,7545.29,7545.76,24234039,true,7550,false,,
2026-07-16 12:15:00,2026-07-16,12:15:00,7545.61,7550.79,7544.31,7547.65,24399516,true,7550,false,,
2026-07-16 12:20:00,2026-07-16,12:20:00,7547.65,7547.65,7540.83,7541.35,26812604,false,,false,,
2026-07-16 12:25:00,2026-07-16,12:25:00,7541.24,7546.48,7539.74,7544.39,23490219,false,,false,,
2026-07-16 12:30:00,2026-07-16,12:30:00,7544.48,7550.83,7544.48,7547.35,23426812,true,7550,true,7550,7550:from_below
2026-07-16 12:35:00,2026-07-16,12:35:00,7547.21,7548.55,7544.35,7544.39,20943368,true,7550,false,,
2026-07-16 12:40:00,2026-07-16,12:40:00,7544.46,7547.51,7543.16,7544.98,25330960,false,,false,,
2026-07-16 12:45:00,2026-07-16,12:45:00,7544.86,7547.13,7542.46,7545.7,25785781,false,,false,,
2026-07-16 12:50:00,2026-07-16,12:50:00,7545.97,7551.89,7544.57,7551.87,22014572,true,7550,true,7550,7550:from_below
2026-07-16 12:55:00,2026-07-16,12:55:00,7551.79,7555.24,7551.44,7554.16,22626913,true,7550,false,,
2026-07-16 13:00:00,2026-07-16,13:00:00,7554.2,7554.52,7547.91,7551.96,22758741,true,7550,false,,
2026-07-16 13:05:00,2026-07-16,13:05:00,7551.81,7553.83,7547.9,7552.38,22308275,true,7550,false,,
2026-07-16 13:10:00,2026-07-16,13:10:00,7552.49,7553.17,7547.49,7547.56,18364621,true,7550,false,,
2026-07-16 13:15:00,2026-07-16,13:15:00,7547.81,7550.6,7547.11,7549.77,20516372,true,7550,false,,
2026-07-16 13:20:00,2026-07-16,13:20:00,7549.92,7550.75,7546.41,7546.99,20880163,true,7550,false,,
2026-07-16 13:25:00,2026-07-16,13:25:00,7546.31,7554.31,7545.89,7552.84,21305776,true,7550,false,,
2026-07-16 13:30:00,2026-07-16,13:30:00,7552.83,7553.82,7546.14,7546.72,20810561,true,7550,false,,
2026-07-16 13:35:00,2026-07-16,13:35:00,7546.79,7547.22,7541.39,7542.18,19546739,false,,false,,
2026-07-16 13:40:00,2026-07-16,13:40:00,7541.87,7541.87,7536.88,7539.12,25180749,false,,false,,
2026-07-16 13:45:00,2026-07-16,13:45:00,7539.09,7544.07,7535.99,7542.07,23037673,false,,false,,
2026-07-16 13:50:00,2026-07-16,13:50:00,7542.18,7543.62,7539.13,7541.21,22899261,false,,false,,
2026-07-16 13:55:00,2026-07-16,13:55:00,7541.09,7541.13,7535.71,7538.1,21190203,false,,false,,
2026-07-16 14:00:00,2026-07-16,14:00:00,7537.97,7540,7534.04,7534.16,23435838,false,,false,,
2026-07-16 14:05:00,2026-07-16,14:05:00,7534.15,7534.76,7529.64,7532.33,28313310,false,,false,,
2026-07-16 14:10:00,2026-07-16,14:10:00,7531.88,7539.56,7531.88,7532.21,27194885,false,,false,,
2026-07-16 14:15:00,2026-07-16,14:15:00,7532.34,7538.79,7529.97,7537.1,23844534,false,,false,,
2026-07-16 14:20:00,2026-07-16,14:20:00,7537.14,7542.52,7536.73,7537.86,26430447,false,,false,,
2026-07-16 14:25:00,2026-07-16,14:25:00,7537.94,7540.24,7534.15,7534.15,26371144,false,,false,,
2026-07-16 14:30:00,2026-07-16,14:30:00,7534.76,7534.76,7530.43,7532.29,23632458,false,,false,,
2026-07-16 14:35:00,2026-07-16,14:35:00,7532.12,7532.12,7528.91,7528.92,22865937,false,,false,,
2026-07-16 14:40:00,2026-07-16,14:40:00,7528.87,7531.99,7525.19,7530.2,23340277,false,,false,,
2026-07-16 14:45:00,2026-07-16,14:45:00,7530.27,7534.06,7528.47,7532.71,24815524,false,,false,,
2026-07-16 14:50:00,2026-07-16,14:50:00,7532.99,7534.72,7528.17,7528.41,24968324,false,,false,,
2026-07-16 14:55:00,2026-07-16,14:55:00,7528.31,7530.22,7526.81,7527.74,23874127,false,,false,,
2026-07-16 15:00:00,2026-07-16,15:00:00,7527.52,7532.95,7526.67,7530.54,27335009,false,,false,,
2026-07-16 15:05:00,2026-07-16,15:05:00,7531.03,7532.62,7522.36,7522.36,31385046,false,,false,,
2026-07-16 15:10:00,2026-07-16,15:10:00,7522.49,7523.3,7520.95,7522.49,31050438,false,,false,,
2026-07-16 15:15:00,2026-07-16,15:15:00,7522.32,7523.41,7519.19,7522.6,32893457,false,,false,,
2026-07-16 15:20:00,2026-07-16,15:20:00,7522.51,7524.9,7519.96,7520.49,32677884,false,,false,,
2026-07-16 15:25:00,2026-07-16,15:25:00,7520.46,7521.37,7514.08,7516.26,36399675,false,,false,,
2026-07-16 15:30:00,2026-07-16,15:30:00,7516.03,7517.16,7510.22,7513.07,49537199,false,,false,,
2026-07-16 15:35:00,2026-07-16,15:35:00,7512.92,7517.05,7509.57,7515.9,39928735,false,,false,,
2026-07-16 15:40:00,2026-07-16,15:40:00,7515.79,7517.01,7510.22,7510.32,45039568,false,,false,,
2026-07-16 15:45:00,2026-07-16,15:45:00,7510.25,7511,7504.03,7506.94,63175119,false,,false,,
2026-07-16 15:50:00,2026-07-16,15:50:00,7507.12,7524.74,7507.12,7524.41,92412953,false,,false,,
2026-07-16 15:55:00,2026-07-16,15:55:00,7524.49,7534.69,7524.49,7534.61,212689405,false,,false,,
2026-07-16 16:00:00,2026-07-16,16:00:00,7533.53,7533.9,7533.53,7533.73,571394513,false,,false,,
2026-07-16 16:05:00,2026-07-16,16:05:00,7533.75,7533.78,7533.73,7533.76,24826475,false,,false,,
2026-07-17 09:30:00,2026-07-17,09:30:00,7447.51,7448.47,7433.29,7433.62,265921033,true,7450,true,7450,7450:from_above
2026-07-17 09:35:00,2026-07-17,09:35:00,7433.88,7439.46,7431.27,7437.9,72412311,false,,false,,
2026-07-17 09:40:00,2026-07-17,09:40:00,7438.21,7449.81,7432.99,7434.07,63673085,true,7450,true,7450,7450:from_below
2026-07-17 09:45:00,2026-07-17,09:45:00,7434.09,7455.86,7434.05,7454.9,63644229,true,7450,false,,
2026-07-17 09:50:00,2026-07-17,09:50:00,7454.87,7467.5,7454.37,7464.96,51570728,false,,false,,
2026-07-17 09:55:00,2026-07-17,09:55:00,7464.66,7473.68,7461.77,7473.1,48396160,false,,false,,
2026-07-17 10:00:00,2026-07-17,10:00:00,7473.6,7482.47,7472.46,7477.55,51702935,false,,false,,
2026-07-17 10:05:00,2026-07-17,10:05:00,7477.98,7489.36,7477.98,7488.3,48674897,false,,false,,
2026-07-17 10:10:00,2026-07-17,10:10:00,7487.76,7492.3,7485.17,7489.01,48828189,false,,false,,
2026-07-17 10:15:00,2026-07-17,10:15:00,7488.61,7498.44,7486.82,7491.51,41871870,true,7500,true,7500,7500:from_below
2026-07-17 10:20:00,2026-07-17,10:20:00,7491.44,7496.2,7487.4,7493.92,34476398,false,,false,,
2026-07-17 10:25:00,2026-07-17,10:25:00,7494.24,7497.08,7487.52,7488.84,29248972,false,,false,,
2026-07-17 10:30:00,2026-07-17,10:30:00,7488.88,7490.88,7481.04,7485.65,38506100,false,,false,,
2026-07-17 10:35:00,2026-07-17,10:35:00,7485.17,7493.4,7483.63,7492.41,30771185,false,,false,,
2026-07-17 10:40:00,2026-07-17,10:40:00,7493.12,7493.31,7483.38,7484.18,32707099,false,,false,,
2026-07-17 10:45:00,2026-07-17,10:45:00,7484.44,7490.95,7478.85,7482.5,31239839,false,,false,,
2026-07-17 10:50:00,2026-07-17,10:50:00,7482.29,7483.26,7477.32,7478.36,28285961,false,,false,,
2026-07-17 10:55:00,2026-07-17,10:55:00,7478.72,7486.02,7473.57,7475.38,28679110,false,,false,,
2026-07-17 11:00:00,2026-07-17,11:00:00,7475.29,7477.15,7466.57,7467.4,29193435,false,,false,,
2026-07-17 11:05:00,2026-07-17,11:05:00,7467.29,7474.89,7466.87,7473.21,27608862,false,,false,,
2026-07-17 11:10:00,2026-07-17,11:10:00,7473.52,7476.86,7466.71,7468.53,27775625,false,,false,,
2026-07-17 11:15:00,2026-07-17,11:15:00,7468.41,7473.51,7465.04,7470.15,25948312,false,,false,,
2026-07-17 11:20:00,2026-07-17,11:20:00,7470.17,7473.63,7464.09,7467.76,26015731,false,,false,,
2026-07-17 11:25:00,2026-07-17,11:25:00,7467.62,7480.83,7467.62,7479.72,22625344,false,,false,,
2026-07-17 11:30:00,2026-07-17,11:30:00,7479.74,7483.53,7474.89,7475.64,30820490,false,,false,,
2026-07-17 11:35:00,2026-07-17,11:35:00,7475.72,7482.87,7470.35,7482.16,28903573,false,,false,,
2026-07-17 11:40:00,2026-07-17,11:40:00,7482.14,7484.61,7475.86,7479.83,23003934,false,,false,,
2026-07-17 11:45:00,2026-07-17,11:45:00,7480.04,7481.77,7475.2,7480.78,24313133,false,,false,,
2026-07-17 11:50:00,2026-07-17,11:50:00,7480.99,7486.33,7477.83,7486.28,23566203,false,,false,,
2026-07-17 11:55:00,2026-07-17,11:55:00,7486.45,7495.89,7486,7494.55,28713023,false,,false,,
2026-07-17 12:00:00,2026-07-17,12:00:00,7494.76,7496.92,7478.15,7480.25,38226177,false,,false,,
2026-07-17 12:05:00,2026-07-17,12:05:00,7481.03,7485.15,7474.94,7485.14,24083621,false,,false,,
2026-07-17 12:10:00,2026-07-17,12:10:00,7485.53,7488.97,7483.01,7488.87,24286344,false,,false,,
2026-07-17 12:15:00,2026-07-17,12:15:00,7488.77,7491.63,7486.17,7489.86,23761874,false,,false,,
2026-07-17 12:20:00,2026-07-17,12:20:00,7489.66,7490.66,7478.1,7478.48,25576693,false,,false,,
2026-07-17 12:25:00,2026-07-17,12:25:00,7478.32,7489.92,7477.05,7485.18,21214231,false,,false,,
2026-07-17 12:30:00,2026-07-17,12:30:00,7485.02,7486.8,7481.35,7481.92,21299605,false,,false,,
2026-07-17 12:35:00,2026-07-17,12:35:00,7481.91,7486.01,7481.73,7484.48,20119504,false,,false,,
2026-07-17 12:40:00,2026-07-17,12:40:00,7484.51,7489.59,7481.58,7488.83,20615563,false,,false,,
2026-07-17 12:45:00,2026-07-17,12:45:00,7488.96,7495.18,7488.01,7494.17,22809641,false,,false,,
2026-07-17 12:50:00,2026-07-17,12:50:00,7494.12,7498.46,7492.08,7495.02,24563725,true,7500,true,7500,7500:from_below
2026-07-17 12:55:00,2026-07-17,12:55:00,7494.73,7495.42,7487.65,7488.8,22986223,false,,false,,
2026-07-17 13:00:00,2026-07-17,13:00:00,7489.02,7496.63,7488.66,7492.55,23395546,false,,false,,
2026-07-17 13:05:00,2026-07-17,13:05:00,7492.5,7496.01,7490.68,7495.74,26682844,false,,false,,
2026-07-17 13:10:00,2026-07-17,13:10:00,7495.81,7496.81,7489.95,7489.95,23274111,false,,false,,
2026-07-17 13:15:00,2026-07-17,13:15:00,7490.04,7495.53,7488.52,7489.4,23597203,false,,false,,
2026-07-17 13:20:00,2026-07-17,13:20:00,7489.16,7490,7485.97,7488.67,24703386,false,,false,,
2026-07-17 13:25:00,2026-07-17,13:25:00,7488.93,7496.03,7488.53,7494.49,21191817,false,,false,,
2026-07-17 13:30:00,2026-07-17,13:30:00,7494.85,7495.79,7491.72,7492.2,22832632,false,,false,,
2026-07-17 13:35:00,2026-07-17,13:35:00,7492.17,7492.5,7485.16,7486.54,22806933,false,,false,,
2026-07-17 13:40:00,2026-07-17,13:40:00,7486.36,7486.36,7481.1,7481.8,21569945,false,,false,,
2026-07-17 13:45:00,2026-07-17,13:45:00,7481.74,7484.32,7480.12,7480.74,20690113,false,,false,,
2026-07-17 13:50:00,2026-07-17,13:50:00,7481.18,7481.65,7473.41,7475.29,21281413,false,,false,,
2026-07-17 13:55:00,2026-07-17,13:55:00,7475.21,7475.35,7469.33,7471.22,22243794,false,,false,,
2026-07-17 14:00:00,2026-07-17,14:00:00,7471.26,7477.06,7469.59,7472.29,23957559,false,,false,,
2026-07-17 14:05:00,2026-07-17,14:05:00,7472.35,7472.35,7467.32,7468.48,22729548,false,,false,,
2026-07-17 14:10:00,2026-07-17,14:10:00,7468.65,7470.67,7466.16,7466.66,20381046,false,,false,,
2026-07-17 14:15:00,2026-07-17,14:15:00,7466.62,7467.11,7461.84,7463.74,21997756,false,,false,,
2026-07-17 14:20:00,2026-07-17,14:20:00,7463.67,7466.82,7461.56,7462.92,20457930,false,,false,,
2026-07-17 14:25:00,2026-07-17,14:25:00,7462.91,7462.94,7458.44,7462.23,20499061,false,,false,,
2026-07-17 14:30:00,2026-07-17,14:30:00,7462.31,7468.78,7460.08,7462.35,21884332,false,,false,,
2026-07-17 14:35:00,2026-07-17,14:35:00,7462.3,7464.67,7460.79,7462.75,20267405,false,,false,,
2026-07-17 14:40:00,2026-07-17,14:40:00,7462.82,7463.42,7456.63,7458.43,20730323,false,,false,,
2026-07-17 14:45:00,2026-07-17,14:45:00,7458.38,7467.88,7456.86,7464.54,21624214,false,,false,,
2026-07-17 14:50:00,2026-07-17,14:50:00,7464.68,7470.94,7462.38,7470.94,19872825,false,,false,,
2026-07-17 14:55:00,2026-07-17,14:55:00,7471.06,7471.64,7467.37,7469.8,27567571,false,,false,,
2026-07-17 15:00:00,2026-07-17,15:00:00,7469.07,7469.45,7462.83,7464,26496424,false,,false,,
2026-07-17 15:05:00,2026-07-17,15:05:00,7463.98,7464.82,7459.2,7459.44,23227756,false,,false,,
2026-07-17 15:10:00,2026-07-17,15:10:00,7459.44,7460.16,7452.45,7452.45,25834613,false,,false,,
2026-07-17 15:15:00,2026-07-17,15:15:00,7452.47,7454.46,7450.5,7454.25,29449305,true,7450,true,7450,7450:from_above
2026-07-17 15:20:00,2026-07-17,15:20:00,7454.19,7454.19,7448.64,7448.64,25338593,true,7450,false,,
2026-07-17 15:25:00,2026-07-17,15:25:00,7448.51,7458.31,7446.27,7456.62,32251781,true,7450,false,,
2026-07-17 15:30:00,2026-07-17,15:30:00,7456.7,7461.26,7453.63,7455.35,38841831,false,,false,,
2026-07-17 15:35:00,2026-07-17,15:35:00,7455.63,7460.29,7452.96,7453.85,37226705,false,,false,,
2026-07-17 15:40:00,2026-07-17,15:40:00,7453.84,7461.49,7451.92,7460.36,39541803,true,7450,true,7450,7450:from_above
2026-07-17 15:45:00,2026-07-17,15:45:00,7460.48,7465.53,7459.4,7465.42,55279198,false,,false,,
2026-07-17 15:50:00,2026-07-17,15:50:00,7465.5,7467.85,7460.89,7465.58,79000774,false,,false,,
2026-07-17 15:55:00,2026-07-17,15:55:00,7465.2,7468.99,7455.47,7457.77,213305411,false,,false,,
2026-07-17 16:00:00,2026-07-17,16:00:00,7456.54,7457.73,7456.54,7457.69,589430655,false,,false,,
2026-07-17 16:05:00,2026-07-17,16:05:00,7457.71,7457.71,7457.68,7457.68,17596778,false,,false,,
2026-07-20 09:30:00,2026-07-20,09:30:00,7489.19,7506.18,7489.19,7505.59,104902155,true,7500,true,7500,7500:from_below
2026-07-20 09:35:00,2026-07-20,09:35:00,7506.15,7513.24,7503.88,7506.9,42770040,false,,false,,
2026-07-20 09:40:00,2026-07-20,09:40:00,7507.21,7512.62,7506.7,7512.13,36591156,false,,false,,
2026-07-20 09:45:00,2026-07-20,09:45:00,7512.22,7513.04,7501.71,7502.2,39757063,true,7500,true,7500,7500:from_above
2026-07-20 09:50:00,2026-07-20,09:50:00,7501.98,7503.52,7488.85,7490.84,37754658,true,7500,false,,
2026-07-20 09:55:00,2026-07-20,09:55:00,7490.61,7491.17,7481.53,7483.4,33021718,false,,false,,
2026-07-20 10:00:00,2026-07-20,10:00:00,7483.61,7489.01,7479.85,7484.82,35218131,false,,false,,
2026-07-20 10:05:00,2026-07-20,10:05:00,7484.71,7486.81,7478.82,7479.79,28096283,false,,false,,
2026-07-20 10:10:00,2026-07-20,10:10:00,7480.02,7480.02,7472.98,7475.08,30528236,false,,false,,
2026-07-20 10:15:00,2026-07-20,10:15:00,7475.12,7479.63,7471.79,7474.38,27859898,false,,false,,
2026-07-20 10:20:00,2026-07-20,10:20:00,7474.57,7477.9,7468.6,7475.91,27989027,false,,false,,
2026-07-20 10:25:00,2026-07-20,10:25:00,7475.86,7482.85,7475.32,7482.85,24244634,false,,false,,
2026-07-20 10:30:00,2026-07-20,10:30:00,7482.5,7484.15,7476.47,7478.23,27737849,false,,false,,
2026-07-20 10:35:00,2026-07-20,10:35:00,7478.21,7480.02,7474.77,7478.79,24511658,false,,false,,
2026-07-20 10:40:00,2026-07-20,10:40:00,7478.79,7482.79,7473.37,7474.83,24031275,false,,false,,
2026-07-20 10:45:00,2026-07-20,10:45:00,7474.75,7481.58,7470.87,7471.63,23245966,false,,false,,
2026-07-20 10:50:00,2026-07-20,10:50:00,7471.68,7474.43,7467.22,7468.57,22567165,false,,false,,
2026-07-20 10:55:00,2026-07-20,10:55:00,7468.48,7469.79,7462.38,7466.01,24521671,false,,false,,
2026-07-20 11:00:00,2026-07-20,11:00:00,7465.97,7474.29,7463.43,7471.46,27980941,false,,false,,
2026-07-20 11:05:00,2026-07-20,11:05:00,7471.27,7479.47,7463.96,7479.26,27330461,false,,false,,
2026-07-20 11:10:00,2026-07-20,11:10:00,7479.44,7479.54,7472.42,7473.47,24083194,false,,false,,
2026-07-20 11:15:00,2026-07-20,11:15:00,7473.49,7480.41,7471.61,7478.2,24190600,false,,false,,
2026-07-20 11:20:00,2026-07-20,11:20:00,7478.19,7484.53,7476.42,7482.66,25064814,false,,false,,
2026-07-20 11:25:00,2026-07-20,11:25:00,7482.68,7484.83,7478.03,7484.34,27384723,false,,false,,
2026-07-20 11:30:00,2026-07-20,11:30:00,7484.33,7485.59,7483.44,7484.14,22619775,false,,false,,
2026-07-20 11:35:00,2026-07-20,11:35:00,7484.22,7484.79,7479.59,7480.36,22572776,false,,false,,
2026-07-20 11:40:00,2026-07-20,11:40:00,7480.24,7484.62,7478.69,7484.6,19938217,false,,false,,
2026-07-20 11:45:00,2026-07-20,11:45:00,7485,7485.48,7476.61,7478.25,19644144,false,,false,,
2026-07-20 11:50:00,2026-07-20,11:50:00,7478.34,7489.01,7476.9,7488.06,20309654,false,,false,,
2026-07-20 11:55:00,2026-07-20,11:55:00,7488.04,7489.96,7485.25,7485.55,21187622,false,,false,,
2026-07-20 12:00:00,2026-07-20,12:00:00,7485.66,7488.12,7481.63,7487.67,23446483,false,,false,,
2026-07-20 12:05:00,2026-07-20,12:05:00,7487.65,7493.9,7487.59,7493.63,21165388,false,,false,,
2026-07-20 12:10:00,2026-07-20,12:10:00,7493.54,7495.52,7492.38,7493.71,19712834,false,,false,,
2026-07-20 12:15:00,2026-07-20,12:15:00,7493.78,7494.04,7489.97,7492.56,18017586,false,,false,,
2026-07-20 12:20:00,2026-07-20,12:20:00,7492.64,7494.61,7492.09,7493.28,18475403,false,,false,,
2026-07-20 12:25:00,2026-07-20,12:25:00,7493.43,7493.83,7487.64,7490.74,17982104,false,,false,,
2026-07-20 12:30:00,2026-07-20,12:30:00,7490.69,7493.35,7484.22,7484.27,20502274,false,,false,,
2026-07-20 12:35:00,2026-07-20,12:35:00,7484.21,7489.28,7483.9,7489.2,17737684,false,,false,,
2026-07-20 12:40:00,2026-07-20,12:40:00,7489.25,7490.34,7473.22,7479.52,30219957,false,,false,,
2026-07-20 12:45:00,2026-07-20,12:45:00,7479.62,7487.35,7478.39,7487.05,17295846,false,,false,,
2026-07-20 12:50:00,2026-07-20,12:50:00,7487.22,7487.3,7475.09,7475.58,19874046,false,,false,,
2026-07-20 12:55:00,2026-07-20,12:55:00,7475.57,7476.88,7473.22,7475.28,20914287,false,,false,,
2026-07-20 13:00:00,2026-07-20,13:00:00,7475.25,7477.14,7470.93,7470.94,20032434,false,,false,,
2026-07-20 13:05:00,2026-07-20,13:05:00,7470.85,7471.92,7467.36,7471.18,19314979,false,,false,,
2026-07-20 13:10:00,2026-07-20,13:10:00,7471.29,7471.76,7464.18,7464.87,18337650,false,,false,,
2026-07-20 13:15:00,2026-07-20,13:15:00,7464.84,7468.25,7461.37,7467.09,17545042,false,,false,,
2026-07-20 13:20:00,2026-07-20,13:20:00,7467.08,7470.38,7465.76,7466.65,18508344,false,,false,,
2026-07-20 13:25:00,2026-07-20,13:25:00,7466.69,7468.91,7464.86,7466.83,18224293,false,,false,,
2026-07-20 13:30:00,2026-07-20,13:30:00,7466.87,7469.77,7465.37,7468.59,21261379,false,,false,,
2026-07-20 13:35:00,2026-07-20,13:35:00,7468.75,7471.01,7465.81,7465.91,18305550,false,,false,,
2026-07-20 13:40:00,2026-07-20,13:40:00,7466.05,7466.07,7461.74,7463.18,22729542,false,,false,,
2026-07-20 13:45:00,2026-07-20,13:45:00,7463.2,7468.89,7462.89,7467.95,17413979,false,,false,,
2026-07-20 13:50:00,2026-07-20,13:50:00,7467.99,7473.96,7467.79,7472.31,19492592,false,,false,,
2026-07-20 13:55:00,2026-07-20,13:55:00,7472.41,7472.41,7467.97,7471.1,19293300,false,,false,,
2026-07-20 14:00:00,2026-07-20,14:00:00,7471.13,7476.93,7471.13,7473.6,21687293,false,,false,,
2026-07-20 14:05:00,2026-07-20,14:05:00,7473.84,7474.72,7471.13,7474.34,17373391,false,,false,,
2026-07-20 14:10:00,2026-07-20,14:10:00,7474.43,7477.64,7472.82,7475.94,17406052,false,,false,,
2026-07-20 14:15:00,2026-07-20,14:15:00,7476.09,7479.07,7474.64,7477.73,17160114,false,,false,,
2026-07-20 14:20:00,2026-07-20,14:20:00,7477.77,7478.16,7468.2,7468.41,20203389,false,,false,,
2026-07-20 14:25:00,2026-07-20,14:25:00,7468.39,7472.95,7466.94,7470.53,17860565,false,,false,,
2026-07-20 14:30:00,2026-07-20,14:30:00,7470.61,7470.61,7460.47,7462.01,19404950,false,,false,,
2026-07-20 14:35:00,2026-07-20,14:35:00,7461.89,7467.83,7459.92,7460.31,23223254,false,,false,,
2026-07-20 14:40:00,2026-07-20,14:40:00,7460.33,7460.69,7450.79,7450.79,23035598,true,7450,true,7450,7450:from_above
2026-07-20 14:45:00,2026-07-20,14:45:00,7450.52,7455.24,7449.55,7452.94,20388609,true,7450,false,,
2026-07-20 14:50:00,2026-07-20,14:50:00,7452.09,7456.96,7451.14,7455.9,21262170,true,7450,false,,
2026-07-20 14:55:00,2026-07-20,14:55:00,7455.92,7456.42,7450.4,7452.86,23030514,true,7450,false,,
2026-07-20 15:00:00,2026-07-20,15:00:00,7452.72,7457.01,7449.79,7451.28,25334917,true,7450,false,,
2026-07-20 15:05:00,2026-07-20,15:05:00,7451.15,7453.14,7448.21,7452.42,27912083,true,7450,false,,
2026-07-20 15:10:00,2026-07-20,15:10:00,7452.06,7455.91,7442.82,7442.82,26619542,true,7450,false,,
2026-07-20 15:15:00,2026-07-20,15:15:00,7442.66,7446.89,7440.54,7444.29,27422940,false,,false,,
2026-07-20 15:20:00,2026-07-20,15:20:00,7444.34,7449.27,7443.35,7448.36,26900862,true,7450,true,7450,7450:from_below
2026-07-20 15:25:00,2026-07-20,15:25:00,7448.43,7453.58,7443.71,7452.13,29227881,true,7450,false,,
2026-07-20 15:30:00,2026-07-20,15:30:00,7452.43,7457.05,7449.29,7455.23,37754788,true,7450,false,,
2026-07-20 15:35:00,2026-07-20,15:35:00,7455.29,7455.88,7450.19,7454.24,31718087,true,7450,false,,
2026-07-20 15:40:00,2026-07-20,15:40:00,7454.3,7458.52,7453.26,7454.68,34199316,false,,false,,
2026-07-20 15:45:00,2026-07-20,15:45:00,7454.71,7457.01,7451.73,7455.98,45053639,true,7450,true,7450,7450:from_above
2026-07-20 15:50:00,2026-07-20,15:50:00,7455.98,7455.98,7444.23,7446.73,69529614,true,7450,false,,
2026-07-20 15:55:00,2026-07-20,15:55:00,7446.94,7446.94,7441.33,7444.72,190675003,false,,false,,
2026-07-20 16:00:00,2026-07-20,16:00:00,7444.71,7444.71,7443.3,7443.3,503424882,false,,false,,
2026-07-20 16:05:00,2026-07-20,16:05:00,7443.32,7443.32,7443.27,7443.27,6485002,false,,false,,
2026-07-21 09:30:00,2026-07-21,09:30:00,7489.96,7492.51,7477.96,7483.13,124476113,false,,false,,
2026-07-21 09:35:00,2026-07-21,09:35:00,7482.71,7488.85,7479.62,7480.25,51222639,false,,false,,
2026-07-21 09:40:00,2026-07-21,09:40:00,7479.74,7479.89,7469.04,7470.74,43169622,false,,false,,
2026-07-21 09:45:00,2026-07-21,09:45:00,7471.25,7475.46,7467.87,7474.89,43632078,false,,false,,
2026-07-21 09:50:00,2026-07-21,09:50:00,7475.13,7478.92,7468.18,7476.48,36698456,false,,false,,
2026-07-21 09:55:00,2026-07-21,09:55:00,7476.02,7479.49,7471.88,7478.62,34189127,false,,false,,
2026-07-21 10:00:00,2026-07-21,10:00:00,7479.22,7483.86,7475.41,7479.83,34536920,false,,false,,
2026-07-21 10:05:00,2026-07-21,10:05:00,7479.93,7482.31,7476.47,7477.54,31356694,false,,false,,
2026-07-21 10:10:00,2026-07-21,10:10:00,7477.6,7482.61,7474.44,7482.14,30044333,false,,false,,
2026-07-21 10:15:00,2026-07-21,10:15:00,7482.21,7485.94,7473.16,7485.3,30449146,false,,false,,
2026-07-21 10:20:00,2026-07-21,10:20:00,7485.3,7487.34,7480.14,7485.42,25960739,false,,false,,
2026-07-21 10:25:00,2026-07-21,10:25:00,7485.58,7494.78,7484.51,7493.79,27269441,false,,false,,
2026-07-21 10:30:00,2026-07-21,10:30:00,7494.24,7496.9,7491.66,7493.52,30139585,false,,false,,
2026-07-21 10:35:00,2026-07-21,10:35:00,7493.67,7495.1,7486.5,7488.1,24718847,false,,false,,
2026-07-21 10:40:00,2026-07-21,10:40:00,7488.37,7491.45,7483.04,7491.16,25163668,false,,false,,
2026-07-21 10:45:00,2026-07-21,10:45:00,7491.13,7496.86,7489.87,7493.87,26618974,false,,false,,
2026-07-21 10:50:00,2026-07-21,10:50:00,7494.07,7494.68,7489.98,7491.43,22039710,false,,false,,
2026-07-21 10:55:00,2026-07-21,10:55:00,7491.51,7492.71,7488.43,7492.71,26088992,false,,false,,
2026-07-21 11:00:00,2026-07-21,11:00:00,7492.72,7494.38,7483.01,7485.21,28140694,false,,false,,
2026-07-21 11:05:00,2026-07-21,11:05:00,7485.38,7496,7483.64,7495.58,26300719,false,,false,,
2026-07-21 11:10:00,2026-07-21,11:10:00,7495.7,7500.33,7495.29,7497.48,25802702,true,7500,true,7500,7500:from_below
2026-07-21 11:15:00,2026-07-21,11:15:00,7497.37,7500.64,7496.95,7499.81,26110536,true,7500,false,,
2026-07-21 11:20:00,2026-07-21,11:20:00,7499.54,7504.35,7498.77,7501.83,26568127,true,7500,false,,
2026-07-21 11:25:00,2026-07-21,11:25:00,7501.81,7505.14,7501.49,7504.71,22338537,true,7500,false,,
2026-07-21 11:30:00,2026-07-21,11:30:00,7504.83,7505.04,7499.91,7503.32,23448558,true,7500,false,,
2026-07-21 11:35:00,2026-07-21,11:35:00,7503.27,7504.93,7499.74,7500.96,22429042,true,7500,false,,
2026-07-21 11:40:00,2026-07-21,11:40:00,7500.84,7503.65,7500.61,7501.24,21004246,true,7500,false,,
2026-07-21 11:45:00,2026-07-21,11:45:00,7501.4,7504.49,7500.65,7503.92,22226809,true,7500,false,,
2026-07-21 11:50:00,2026-07-21,11:50:00,7503.86,7505.13,7501.71,7501.95,28856962,true,7500,false,,
2026-07-21 11:55:00,2026-07-21,11:55:00,7502.08,7504.08,7499.13,7499.51,21924077,true,7500,false,,
2026-07-21 12:00:00,2026-07-21,12:00:00,7499.58,7506.75,7499.24,7506.75,25497933,true,7500,false,,
2026-07-21 12:05:00,2026-07-21,12:05:00,7506.77,7508.14,7505.95,7506.45,21316450,false,,false,,
2026-07-21 12:10:00,2026-07-21,12:10:00,7506.59,7507.78,7505.51,7507.39,20299274,false,,false,,
2026-07-21 12:15:00,2026-07-21,12:15:00,7507.47,7510.07,7507.18,7509.95,23846774,false,,false,,
2026-07-21 12:20:00,2026-07-21,12:20:00,7509.91,7512.64,7509.56,7510.93,20428536,false,,false,,
2026-07-21 12:25:00,2026-07-21,12:25:00,7511,7512.62,7509.9,7511.46,20002018,false,,false,,
2026-07-21 12:30:00,2026-07-21,12:30:00,7511.45,7512.81,7510.27,7512.68,22173889,false,,false,,
2026-07-21 12:35:00,2026-07-21,12:35:00,7512.68,7512.68,7510.55,7512.22,19103604,false,,false,,
2026-07-21 12:40:00,2026-07-21,12:40:00,7512.33,7513.18,7510.58,7511.51,19784208,false,,false,,
2026-07-21 12:45:00,2026-07-21,12:45:00,7511.45,7511.86,7509.53,7510.29,20200525,false,,false,,
2026-07-21 12:50:00,2026-07-21,12:50:00,7510.37,7514.79,7510.03,7514.79,20019051,false,,false,,
2026-07-21 12:55:00,2026-07-21,12:55:00,7514.74,7515.3,7511.69,7511.77,20572935,false,,false,,
2026-07-21 13:00:00,2026-07-21,13:00:00,7511.85,7513.2,7510.93,7511.22,22106771,false,,false,,
2026-07-21 13:05:00,2026-07-21,13:05:00,7511.18,7513.81,7510.91,7512.51,19039504,false,,false,,
2026-07-21 13:10:00,2026-07-21,13:10:00,7512.54,7512.98,7510.94,7511.88,20771681,false,,false,,
2026-07-21 13:15:00,2026-07-21,13:15:00,7511.9,7512.06,7508.78,7508.82,19989701,false,,false,,
2026-07-21 13:20:00,2026-07-21,13:20:00,7508.87,7510.47,7508.05,7509.65,19268866,false,,false,,
2026-07-21 13:25:00,2026-07-21,13:25:00,7509.77,7510.26,7507.99,7509.33,16239647,false,,false,,
2026-07-21 13:30:00,2026-07-21,13:30:00,7509.34,7511.09,7507.91,7508.96,17877035,false,,false,,
2026-07-21 13:35:00,2026-07-21,13:35:00,7508.99,7512.72,7508.67,7512.58,17354721,false,,false,,
2026-07-21 13:40:00,2026-07-21,13:40:00,7512.56,7512.72,7510.64,7511.97,17570589,false,,false,,
2026-07-21 13:45:00,2026-07-21,13:45:00,7512.01,7513.85,7510.72,7513.66,17356673,false,,false,,
2026-07-21 13:50:00,2026-07-21,13:50:00,7513.56,7514.51,7512.12,7512.15,18237316,false,,false,,
2026-07-21 13:55:00,2026-07-21,13:55:00,7512.26,7512.35,7510.49,7511.52,18693848,false,,false,,
2026-07-21 14:00:00,2026-07-21,14:00:00,7511.48,7512.94,7508.53,7509.78,20617859,false,,false,,
2026-07-21 14:05:00,2026-07-21,14:05:00,7508.84,7510.98,7508.59,7510.09,21132097,false,,false,,
2026-07-21 14:10:00,2026-07-21,14:10:00,7510.21,7510.76,7507.2,7507.46,19137121,false,,false,,
2026-07-21 14:15:00,2026-07-21,14:15:00,7507.35,7508.03,7506.65,7507.24,17595391,false,,false,,
2026-07-21 14:20:00,2026-07-21,14:20:00,7507.39,7509.76,7506.57,7508.72,18439857,false,,false,,
2026-07-21 14:25:00,2026-07-21,14:25:00,7508.67,7508.67,7505.91,7507.44,18681604,false,,false,,
2026-07-21 14:30:00,2026-07-21,14:30:00,7507.55,7508.04,7504.61,7505.26,18754870,false,,false,,
2026-07-21 14:35:00,2026-07-21,14:35:00,7505.2,7507.56,7505.09,7506.99,20149100,false,,false,,
2026-07-21 14:40:00,2026-07-21,14:40:00,7506.92,7511.31,7505.62,7510.96,21000209,false,,false,,
2026-07-21 14:45:00,2026-07-21,14:45:00,7510.91,7511.93,7509.3,7510.41,24734215,false,,false,,
2026-07-21 14:50:00,2026-07-21,14:50:00,7510.08,7510.51,7507.9,7507.9,21344848,false,,false,,
2026-07-21 14:55:00,2026-07-21,14:55:00,7507.85,7509.44,7507.59,7509.03,20549410,false,,false,,
2026-07-21 15:00:00,2026-07-21,15:00:00,7509,7509.87,7506.75,7508.25,22727862,false,,false,,
2026-07-21 15:05:00,2026-07-21,15:05:00,7508.2,7509.63,7506.47,7506.48,24075428,false,,false,,
2026-07-21 15:10:00,2026-07-21,15:10:00,7506.57,7508.47,7506.01,7507.75,23837252,false,,false,,
2026-07-21 15:15:00,2026-07-21,15:15:00,7507.89,7509.7,7507.14,7508.6,27527591,false,,false,,
2026-07-21 15:20:00,2026-07-21,15:20:00,7508.54,7508.86,7506.87,7508.37,26220145,false,,false,,
2026-07-21 15:25:00,2026-07-21,15:25:00,7508.28,7509.17,7507.13,7507.65,30227441,false,,false,,
2026-07-21 15:30:00,2026-07-21,15:30:00,7507.42,7508.79,7506.53,7506.65,34407324,false,,false,,
2026-07-21 15:35:00,2026-07-21,15:35:00,7506.75,7510.83,7506.39,7509.61,33043280,false,,false,,
2026-07-21 15:40:00,2026-07-21,15:40:00,7509.67,7511.14,7507.89,7510.7,34830093,false,,false,,
2026-07-21 15:45:00,2026-07-21,15:45:00,7510.55,7511.41,7508.06,7511.1,45506322,false,,false,,
2026-07-21 15:50:00,2026-07-21,15:50:00,7511.07,7512.05,7508.7,7509.2,74864587,false,,false,,
2026-07-21 15:55:00,2026-07-21,15:55:00,7509.31,7511.25,7507.18,7507.31,196579746,false,,false,,
2026-07-21 16:00:00,2026-07-21,16:00:00,7507.96,7509.23,7507.96,7509.18,488475596,false,,false,,
2026-07-21 16:05:00,2026-07-21,16:05:00,7509.21,7509.24,7509.19,7509.19,40420434,false,,false,,
2026-07-22 09:30:00,2026-07-22,09:30:00,7497.46,7500.81,7485.84,7497.79,141979840,true,7500,true,7500,7500:from_above
2026-07-22 09:35:00,2026-07-22,09:35:00,7497.87,7500.52,7495.43,7498.98,51436794,true,7500,false,,
2026-07-22 09:40:00,2026-07-22,09:40:00,7499.21,7502.51,7496.23,7501.29,46407736,true,7500,false,,
2026-07-22 09:45:00,2026-07-22,09:45:00,7501.26,7506.26,7501.26,7502.82,42502401,true,7500,false,,
2026-07-22 09:50:00,2026-07-22,09:50:00,7502.72,7506.95,7499.99,7506.95,41430476,true,7500,false,,
2026-07-22 09:55:00,2026-07-22,09:55:00,7507.04,7513.23,7505.52,7513.23,37658569,false,,false,,
2026-07-22 10:00:00,2026-07-22,10:00:00,7513.22,7515.3,7511.56,7515.22,37882676,false,,false,,
2026-07-22 10:05:00,2026-07-22,10:05:00,7515.19,7519.21,7509.92,7510.12,32470995,false,,false,,
2026-07-22 10:10:00,2026-07-22,10:10:00,7510.05,7513.25,7506.82,7507.78,31373353,false,,false,,
2026-07-22 10:15:00,2026-07-22,10:15:00,7507.99,7508.52,7503.22,7506.65,32156389,false,,false,,
2026-07-22 10:20:00,2026-07-22,10:20:00,7506.81,7509.3,7499.53,7501.36,32063425,true,7500,true,7500,7500:from_above
2026-07-22 10:25:00,2026-07-22,10:25:00,7501.58,7502.69,7496.93,7498.99,24765613,true,7500,false,,
2026-07-22 10:30:00,2026-07-22,10:30:00,7499.11,7503.35,7497.29,7497.47,28736988,true,7500,false,,
2026-07-22 10:35:00,2026-07-22,10:35:00,7497.66,7499.75,7496.24,7498.35,26002450,true,7500,false,,
2026-07-22 10:40:00,2026-07-22,10:40:00,7498.46,7499.75,7493.25,7493.32,29504072,true,7500,false,,
2026-07-22 10:45:00,2026-07-22,10:45:00,7493.35,7499.7,7492.1,7498.54,26708753,true,7500,false,,
2026-07-22 10:50:00,2026-07-22,10:50:00,7498.52,7501.39,7496.18,7499.39,24312302,true,7500,false,,
2026-07-22 10:55:00,2026-07-22,10:55:00,7499.14,7505.51,7496.8,7505.09,27033688,true,7500,false,,
2026-07-22 11:00:00,2026-07-22,11:00:00,7504.87,7509.49,7504.2,7508.67,26386452,false,,false,,
2026-07-22 11:05:00,2026-07-22,11:05:00,7508.65,7513.08,7507.61,7511.79,28778186,false,,false,,
2026-07-22 11:10:00,2026-07-22,11:10:00,7511.67,7515.68,7511.47,7514.82,29868657,false,,false,,
2026-07-22 11:15:00,2026-07-22,11:15:00,7514.74,7515.35,7510.63,7514.15,28581911,false,,false,,
2026-07-22 11:20:00,2026-07-22,11:20:00,7514.3,7518.75,7514.16,7518.38,28272810,false,,false,,
2026-07-22 11:25:00,2026-07-22,11:25:00,7518.57,7522.23,7518.08,7519.79,26168297,false,,false,,
2026-07-22 11:30:00,2026-07-22,11:30:00,7519.9,7520.61,7514.76,7515.4,25916364,false,,false,,
2026-07-22 11:35:00,2026-07-22,11:35:00,7515.22,7516.58,7513.18,7514.33,25194148,false,,false,,
2026-07-22 11:40:00,2026-07-22,11:40:00,7514.38,7517.3,7513.85,7515.29,24608680,false,,false,,
2026-07-22 11:45:00,2026-07-22,11:45:00,7515.37,7519.12,7515.37,7519.05,19970582,false,,false,,
2026-07-22 11:50:00,2026-07-22,11:50:00,7519.26,7521.68,7517.83,7518.38,21720801,false,,false,,
2026-07-22 11:55:00,2026-07-22,11:55:00,7518.38,7523.04,7517.36,7522.99,23259915,false,,false,,
2026-07-22 12:00:00,2026-07-22,12:00:00,7523.04,7523.54,7520.47,7522.6,22332107,false,,false,,
2026-07-22 12:05:00,2026-07-22,12:05:00,7522.7,7524.77,7521.35,7522.94,22959188,false,,false,,
2026-07-22 12:10:00,2026-07-22,12:10:00,7522.9,7523.78,7521.4,7523.01,21418420,false,,false,,
2026-07-22 12:15:00,2026-07-22,12:15:00,7522.82,7525.34,7522.28,7524.96,23214007,false,,false,,
2026-07-22 12:20:00,2026-07-22,12:20:00,7524.94,7524.94,7523.13,7524.24,21432218,false,,false,,
2026-07-22 12:25:00,2026-07-22,12:25:00,7524.32,7524.7,7522.51,7524.12,21178395,false,,false,,
2026-07-22 12:30:00,2026-07-22,12:30:00,7524.23,7525.93,7523.45,7524.86,19464343,false,,false,,
2026-07-22 12:35:00,2026-07-22,12:35:00,7524.87,7525.13,7523.29,7524,20516074,false,,false,,
2026-07-22 12:40:00,2026-07-22,12:40:00,7524.11,7524.27,7521.8,7522.95,19859628,false,,false,,
2026-07-22 12:45:00,2026-07-22,12:45:00,7522.92,7524.2,7520.95,7521.55,20753262,false,,false,,
2026-07-22 12:50:00,2026-07-22,12:50:00,7521.39,7522.41,7520.56,7520.84,19158713,false,,false,,
2026-07-22 12:55:00,2026-07-22,12:55:00,7520.84,7525.14,7520.57,7523.87,18590254,false,,false,,
2026-07-22 13:00:00,2026-07-22,13:00:00,7523.87,7525.22,7520.25,7520.81,19202830,false,,false,,
2026-07-22 13:05:00,2026-07-22,13:05:00,7520.82,7523.16,7520.61,7521.86,19322112,false,,false,,
2026-07-22 13:10:00,2026-07-22,13:10:00,7521.94,7522.1,7518.42,7518.98,18584144,false,,false,,
2026-07-22 13:15:00,2026-07-22,13:15:00,7518.84,7519.69,7517.18,7518.24,21256101,false,,false,,
2026-07-22 13:20:00,2026-07-22,13:20:00,7518.14,7518.22,7515.42,7517.41,19812930,false,,false,,
2026-07-22 13:25:00,2026-07-22,13:25:00,7517.49,7518.46,7515.55,7516.17,18696826,false,,false,,
2026-07-22 13:30:00,2026-07-22,13:30:00,7516.11,7518.37,7514.81,7514.81,25262397,false,,false,,
2026-07-22 13:35:00,2026-07-22,13:35:00,7514.85,7519.33,7514.44,7519.27,19373216,false,,false,,
2026-07-22 13:40:00,2026-07-22,13:40:00,7519.25,7519.31,7516.21,7516.66,18116114,false,,false,,
2026-07-22 13:45:00,2026-07-22,13:45:00,7516.69,7517.68,7515.64,7515.96,18244740,false,,false,,
2026-07-22 13:50:00,2026-07-22,13:50:00,7515.91,7516.82,7512.36,7512.36,19895358,false,,false,,
2026-07-22 13:55:00,2026-07-22,13:55:00,7512.34,7512.34,7509.67,7510.09,21701051,false,,false,,
2026-07-22 14:00:00,2026-07-22,14:00:00,7510.16,7511.98,7507.37,7509.49,22662616,false,,false,,
2026-07-22 14:05:00,2026-07-22,14:05:00,7509.6,7512.6,7508.61,7508.62,21840800,false,,false,,
2026-07-22 14:10:00,2026-07-22,14:10:00,7508.56,7509.71,7505.9,7506.24,22518376,false,,false,,
2026-07-22 14:15:00,2026-07-22,14:15:00,7505.99,7509.71,7505.82,7508.12,21667349,false,,false,,
2026-07-22 14:20:00,2026-07-22,14:20:00,7508.19,7510.79,7507.4,7507.86,19811298,false,,false,,
2026-07-22 14:25:00,2026-07-22,14:25:00,7507.83,7510.99,7507.6,7510.24,19818228,false,,false,,
2026-07-22 14:30:00,2026-07-22,14:30:00,7510.26,7510.33,7505.78,7507.16,24410655,false,,false,,
2026-07-22 14:35:00,2026-07-22,14:35:00,7507.11,7509.78,7506.63,7508.98,19756318,false,,false,,
2026-07-22 14:40:00,2026-07-22,14:40:00,7509.15,7509.71,7507.67,7508.56,23057749,false,,false,,
2026-07-22 14:45:00,2026-07-22,14:45:00,7508.51,7510.95,7507.19,7507.19,22522695,false,,false,,
2026-07-22 14:50:00,2026-07-22,14:50:00,7507.33,7510.43,7505.94,7510.23,23936046,false,,false,,
2026-07-22 14:55:00,2026-07-22,14:55:00,7510.31,7511.08,7508.96,7509.72,23082029,false,,false,,
2026-07-22 15:00:00,2026-07-22,15:00:00,7509.7,7510.02,7507.07,7508.23,28326810,false,,false,,
2026-07-22 15:05:00,2026-07-22,15:05:00,7508.03,7508.61,7507.07,7507.53,26452857,false,,false,,
2026-07-22 15:10:00,2026-07-22,15:10:00,7507.49,7507.49,7503.51,7504.55,30540584,false,,false,,
2026-07-22 15:15:00,2026-07-22,15:15:00,7504.39,7507.34,7503.56,7506.7,29436821,false,,false,,
2026-07-22 15:20:00,2026-07-22,15:20:00,7506.68,7506.68,7503.25,7503.58,29909146,false,,false,,
2026-07-22 15:25:00,2026-07-22,15:25:00,7503.59,7505.88,7501.37,7504.83,37779150,true,7500,true,7500,7500:from_above
2026-07-22 15:30:00,2026-07-22,15:30:00,7504.98,7505.04,7501.49,7501.67,39936701,true,7500,false,,
2026-07-22 15:35:00,2026-07-22,15:35:00,7501.89,7502.63,7498.28,7498.94,41261081,true,7500,false,,
2026-07-22 15:40:00,2026-07-22,15:40:00,7498.99,7503.87,7498.94,7502.38,42658565,true,7500,false,,
2026-07-22 15:45:00,2026-07-22,15:45:00,7502.42,7505.35,7502.3,7504.53,52197758,false,,false,,
2026-07-22 15:50:00,2026-07-22,15:50:00,7504.55,7507.2,7501.42,7503.05,81382901,true,7500,true,7500,7500:from_above
2026-07-22 15:55:00,2026-07-22,15:55:00,7502.9,7506.69,7499.33,7499.43,199425671,true,7500,false,,
2026-07-22 16:00:00,2026-07-22,16:00:00,7498.49,7499.25,7498.49,7498.94,539221681,true,7500,false,,
2026-07-22 16:05:00,2026-07-22,16:05:00,7498.96,7498.97,7498.94,7498.95,9132582,true,7500,false,,
2026-07-23 09:30:00,2026-07-23,09:30:00,7418.28,7437.87,7408.23,7437.69,165161597,false,,false,,
2026-07-23 09:35:00,2026-07-23,09:35:00,7437.76,7442.87,7433.51,7439.08,63914104,false,,false,,
2026-07-23 09:40:00,2026-07-23,09:40:00,7439.08,7450.11,7439.08,7443.62,51673701,true,7450,true,7450,7450:from_below
2026-07-23 09:45:00,2026-07-23,09:45:00,7443.51,7444.49,7427.31,7428.24,55237759,false,,false,,
2026-07-23 09:50:00,2026-07-23,09:50:00,7428.09,7434.24,7422.38,7434.1,46673146,false,,false,,
2026-07-23 09:55:00,2026-07-23,09:55:00,7434.02,7438.11,7418.84,7421.4,41313536,false,,false,,
2026-07-23 10:00:00,2026-07-23,10:00:00,7421.54,7430.84,7421.54,7428.27,42489240,false,,false,,
2026-07-23 10:05:00,2026-07-23,10:05:00,7428.73,7434.09,7414.06,7418.01,43401641,false,,false,,
2026-07-23 10:10:00,2026-07-23,10:10:00,7418.43,7429.23,7417.74,7421.52,38952367,false,,false,,
2026-07-23 10:15:00,2026-07-23,10:15:00,7421.1,7428.13,7419.39,7420.18,39170593,false,,false,,
2026-07-23 10:20:00,2026-07-23,10:20:00,7420.27,7428.96,7417.28,7419.23,35637159,false,,false,,
2026-07-23 10:25:00,2026-07-23,10:25:00,7419.09,7422.95,7415.5,7422.95,31907114,false,,false,,
2026-07-23 10:30:00,2026-07-23,10:30:00,7422.13,7423.89,7410.73,7414.08,35657778,false,,false,,
2026-07-23 10:35:00,2026-07-23,10:35:00,7413.85,7429.24,7410.57,7427.07,31886140,false,,false,,
2026-07-23 10:40:00,2026-07-23,10:40:00,7427.63,7430.39,7411.46,7412.94,31854630,false,,false,,
2026-07-23 10:45:00,2026-07-23,10:45:00,7413.17,7418.32,7411.12,7412.23,34094586,false,,false,,
2026-07-23 10:50:00,2026-07-23,10:50:00,7412.13,7414.61,7404.07,7405.31,31929551,false,,false,,
2026-07-23 10:55:00,2026-07-23,10:55:00,7405.23,7409.47,7404.84,7407.03,30186762,false,,false,,
2026-07-23 11:00:00,2026-07-23,11:00:00,7407.02,7408.02,7398.77,7400.03,32853929,true,7400,true,7400,7400:from_above
2026-07-23 11:05:00,2026-07-23,11:05:00,7400.27,7400.51,7393.39,7395.63,36290194,true,7400,false,,
2026-07-23 11:10:00,2026-07-23,11:10:00,7395.53,7397.24,7388.29,7390.01,35797358,false,,false,,
2026-07-23 11:15:00,2026-07-23,11:15:00,7390.16,7396.25,7389.9,7395.92,31588811,false,,false,,
2026-07-23 11:20:00,2026-07-23,11:20:00,7395.93,7400.45,7383.91,7390.77,33811333,true,7400,true,7400,7400:from_below
2026-07-23 11:25:00,2026-07-23,11:25:00,7390.5,7390.53,7382.01,7383.22,30790984,false,,false,,
2026-07-23 11:30:00,2026-07-23,11:30:00,7383.06,7387.05,7375.99,7386.77,31308278,false,,false,,
2026-07-23 11:35:00,2026-07-23,11:35:00,7386.96,7397.91,7386.96,7397.26,29488059,false,,false,,
2026-07-23 11:40:00,2026-07-23,11:40:00,7397.31,7399.77,7390.32,7390.63,27808356,true,7400,true,7400,7400:from_below
2026-07-23 11:45:00,2026-07-23,11:45:00,7390.47,7393.07,7387.57,7392.57,24651690,false,,false,,
2026-07-23 11:50:00,2026-07-23,11:50:00,7392.62,7397.15,7390.26,7397.15,27175519,false,,false,,
2026-07-23 11:55:00,2026-07-23,11:55:00,7397.08,7402.34,7395.62,7402.03,25715964,true,7400,true,7400,7400:from_below
2026-07-23 12:00:00,2026-07-23,12:00:00,7402.1,7407.14,7400.02,7405.28,26004030,true,7400,false,,
2026-07-23 12:05:00,2026-07-23,12:05:00,7405.16,7408.44,7399.95,7408.35,23063846,true,7400,false,,
2026-07-23 12:10:00,2026-07-23,12:10:00,7408.64,7412.34,7408.53,7410.61,24502152,false,,false,,
2026-07-23 12:15:00,2026-07-23,12:15:00,7410.39,7412.46,7407.03,7410.09,23788821,false,,false,,
2026-07-23 12:20:00,2026-07-23,12:20:00,7410.07,7420.7,7410.07,7419.53,23660754,false,,false,,
2026-07-23 12:25:00,2026-07-23,12:25:00,7419.65,7420.26,7416.16,7418.4,30331152,false,,false,,
2026-07-23 12:30:00,2026-07-23,12:30:00,7419,7419.12,7415.54,7415.76,24526525,false,,false,,
2026-07-23 12:35:00,2026-07-23,12:35:00,7415.58,7421.32,7414.43,7420.86,27365893,false,,false,,
2026-07-23 12:40:00,2026-07-23,12:40:00,7420.84,7421.21,7414.48,7414.68,21522365,false,,false,,
2026-07-23 12:45:00,2026-07-23,12:45:00,7414.5,7414.5,7405.43,7405.43,22646259,false,,false,,
2026-07-23 12:50:00,2026-07-23,12:50:00,7405.37,7407.46,7402.77,7404.23,20848337,false,,false,,
2026-07-23 12:55:00,2026-07-23,12:55:00,7404.09,7411.01,7404.09,7410.6,22770051,false,,false,,
2026-07-23 13:00:00,2026-07-23,13:00:00,7410.48,7413.92,7407.19,7407.19,21722178,false,,false,,
2026-07-23 13:05:00,2026-07-23,13:05:00,7407.23,7409.37,7403.22,7409.29,20064489,false,,false,,
2026-07-23 13:10:00,2026-07-23,13:10:00,7409.26,7413.24,7409.26,7410.85,18788935,false,,false,,
2026-07-23 13:15:00,2026-07-23,13:15:00,7410.73,7413.09,7406.67,7409.42,21138013,false,,false,,
2026-07-23 13:20:00,2026-07-23,13:20:00,7409.54,7414.31,7409.06,7413.88,19104832,false,,false,,
2026-07-23 13:25:00,2026-07-23,13:25:00,7413.9,7415.66,7412.43,7412.43,16339042,false,,false,,
2026-07-23 13:30:00,2026-07-23,13:30:00,7412.25,7412.25,7405.25,7405.77,22409172,false,,false,,
2026-07-23 13:35:00,2026-07-23,13:35:00,7405.84,7405.96,7399.57,7400.19,19576169,true,7400,true,7400,7400:from_above
2026-07-23 13:40:00,2026-07-23,13:40:00,7400.14,7402.55,7397.39,7401.8,19033370,true,7400,false,,
2026-07-23 13:45:00,2026-07-23,13:45:00,7401.83,7406.97,7399.96,7406.44,17267171,true,7400,false,,
2026-07-23 13:50:00,2026-07-23,13:50:00,7406.08,7406.53,7402.14,7402.14,17892883,false,,false,,
2026-07-23 13:55:00,2026-07-23,13:55:00,7401.92,7401.92,7395.91,7396.25,20960527,true,7400,true,7400,7400:from_above
2026-07-23 14:00:00,2026-07-23,14:00:00,7396.17,7397.21,7393.33,7394.01,23840303,false,,false,,
2026-07-23 14:05:00,2026-07-23,14:05:00,7393.92,7395.19,7392.09,7393.08,22133410,false,,false,,
2026-07-23 14:10:00,2026-07-23,14:10:00,7393.12,7397.79,7392.99,7394.32,22187409,false,,false,,
2026-07-23 14:15:00,2026-07-23,14:15:00,7394.19,7397.28,7392.56,7393.91,19668959,false,,false,,
2026-07-23 14:20:00,2026-07-23,14:20:00,7393.88,7398.41,7393.81,7398.29,19890458,true,7400,true,7400,7400:from_below
2026-07-23 14:25:00,2026-07-23,14:25:00,7398.39,7398.58,7394.69,7398.28,20898652,true,7400,false,,
2026-07-23 14:30:00,2026-07-23,14:30:00,7398.2,7400.56,7397.85,7400.03,21554935,true,7400,false,,
2026-07-23 14:35:00,2026-07-23,14:35:00,7400.12,7400.66,7392.96,7393.68,20944992,true,7400,false,,
2026-07-23 14:40:00,2026-07-23,14:40:00,7393.85,7394.67,7390.27,7392.48,22292356,false,,false,,
2026-07-23 14:45:00,2026-07-23,14:45:00,7392.64,7398.31,7392.64,7396.55,22850115,true,7400,true,7400,7400:from_below
2026-07-23 14:50:00,2026-07-23,14:50:00,7396.95,7397.6,7390.99,7390.99,21407870,false,,false,,
2026-07-23 14:55:00,2026-07-23,14:55:00,7391.16,7394.45,7390.52,7394.45,21318776,false,,false,,
2026-07-23 15:00:00,2026-07-23,15:00:00,7394.5,7397.54,7391.99,7391.99,21435593,false,,false,,
2026-07-23 15:05:00,2026-07-23,15:05:00,7392.1,7393.43,7391.5,7391.54,24119771,false,,false,,
2026-07-23 15:10:00,2026-07-23,15:10:00,7391.58,7392.49,7388.91,7390.2,25310405,false,,false,,
2026-07-23 15:15:00,2026-07-23,15:15:00,7390.05,7395.34,7389.94,7393.34,28609877,false,,false,,
2026-07-23 15:20:00,2026-07-23,15:20:00,7393.47,7399.76,7393.45,7399.76,31991737,true,7400,true,7400,7400:from_below
2026-07-23 15:25:00,2026-07-23,15:25:00,7399.9,7402.55,7397.25,7398.84,34068006,true,7400,false,,
2026-07-23 15:30:00,2026-07-23,15:30:00,7398.91,7400.89,7390.7,7395.48,38916165,true,7400,false,,
2026-07-23 15:35:00,2026-07-23,15:35:00,7395.36,7396.09,7392.11,7393.22,39401428,false,,false,,
2026-07-23 15:40:00,2026-07-23,15:40:00,7392.91,7393.74,7387.07,7387.07,46155114,false,,false,,
2026-07-23 15:45:00,2026-07-23,15:45:00,7386.89,7387.94,7381.64,7383.49,57817678,false,,false,,
2026-07-23 15:50:00,2026-07-23,15:50:00,7383.56,7392.45,7383.56,7390.37,95474000,false,,false,,
2026-07-23 15:55:00,2026-07-23,15:55:00,7390.59,7410.05,7390.59,7408.17,228764226,true,7400,true,7400,7400:from_below
2026-07-23 16:00:00,2026-07-23,16:00:00,7406.35,7408.3,7406.35,7408.28,588843710,false,,false,,
2026-07-23 16:05:00,2026-07-23,16:05:00,7408.3,7408.31,7408.28,7408.29,42931381,false,,false,,
2026-07-24 09:30:00,2026-07-24,09:30:00,7406.29,7419.66,7406.29,7418.12,128092514,false,,false,,
2026-07-24 09:35:00,2026-07-24,09:35:00,7417.82,7421.15,7412.35,7414.62,52423397,false,,false,,
2026-07-24 09:40:00,2026-07-24,09:40:00,7414.9,7415.41,7410.46,7411.82,46577062,false,,false,,
2026-07-24 09:45:00,2026-07-24,09:45:00,7411.67,7423,7410.68,7421.85,46195974,false,,false,,
2026-07-24 09:50:00,2026-07-24,09:50:00,7421.65,7421.65,7400.6,7401.27,43569010,true,7400,true,7400,7400:from_above
2026-07-24 09:55:00,2026-07-24,09:55:00,7401.63,7405.81,7397.86,7399.52,38500597,true,7400,false,,
2026-07-24 10:00:00,2026-07-24,10:00:00,7399.4,7410.08,7397.57,7400.97,37340280,true,7400,false,,
2026-07-24 10:05:00,2026-07-24,10:05:00,7401.1,7417.85,7400.72,7417.45,37058242,true,7400,false,,
2026-07-24 10:10:00,2026-07-24,10:10:00,7416.77,7421.92,7411.72,7419.08,35220783,false,,false,,
2026-07-24 10:15:00,2026-07-24,10:15:00,7418.87,7420.23,7403.39,7408.41,37033529,false,,false,,
2026-07-24 10:20:00,2026-07-24,10:20:00,7408.37,7422.16,7404.93,7418.43,31680173,false,,false,,
2026-07-24 10:25:00,2026-07-24,10:25:00,7418.59,7420.18,7413.86,7415.93,27333133,false,,false,,
2026-07-24 10:30:00,2026-07-24,10:30:00,7415.72,7415.79,7407.47,7407.49,31265897,false,,false,,
2026-07-24 10:35:00,2026-07-24,10:35:00,7407.04,7411.14,7402.42,7403.6,30021459,false,,false,,
2026-07-24 10:40:00,2026-07-24,10:40:00,7403.57,7406.34,7401.78,7402.21,34352733,true,7400,true,7400,7400:from_above
2026-07-24 10:45:00,2026-07-24,10:45:00,7402.56,7408.48,7397.58,7408.15,33613750,true,7400,false,,
2026-07-24 10:50:00,2026-07-24,10:50:00,7408.34,7416.5,7408.34,7413.16,31901748,false,,false,,
2026-07-24 10:55:00,2026-07-24,10:55:00,7413.34,7430.01,7413.34,7429.68,29994663,false,,false,,
2026-07-24 11:00:00,2026-07-24,11:00:00,7429.75,7432.99,7425.39,7425.39,29474765,false,,false,,
2026-07-24 11:05:00,2026-07-24,11:05:00,7425.38,7429.54,7420.44,7420.44,27465350,false,,false,,
2026-07-24 11:10:00,2026-07-24,11:10:00,7420.4,7444.58,7419.53,7442.8,32931771,false,,false,,
2026-07-24 11:15:00,2026-07-24,11:15:00,7442.56,7453.23,7437.88,7438.21,34352215,true,7450,true,7450,7450:from_below
2026-07-24 11:20:00,2026-07-24,11:20:00,7438.2,7449.82,7437.79,7447.43,28505370,true,7450,false,,
2026-07-24 11:25:00,2026-07-24,11:25:00,7447.39,7454.52,7447.11,7448.95,28775277,true,7450,false,,
2026-07-24 11:30:00,2026-07-24,11:30:00,7449.17,7452.57,7444.75,7444.75,24642849,true,7450,false,,
2026-07-24 11:35:00,2026-07-24,11:35:00,7444.74,7455.17,7444.5,7454.65,23738906,true,7450,false,,
2026-07-24 11:40:00,2026-07-24,11:40:00,7454.78,7456.57,7444.86,7446.62,24700538,true,7450,false,,
2026-07-24 11:45:00,2026-07-24,11:45:00,7446.35,7449.51,7444.13,7444.44,22386080,true,7450,false,,
2026-07-24 11:50:00,2026-07-24,11:50:00,7444.6,7451.32,7444.6,7449.06,20983697,true,7450,false,,
2026-07-24 11:55:00,2026-07-24,11:55:00,7449.11,7454.22,7448.9,7453.64,24673656,true,7450,false,,
2026-07-24 12:00:00,2026-07-24,12:00:00,7453.73,7456.71,7450.25,7456.51,24704308,true,7450,false,,
2026-07-24 12:05:00,2026-07-24,12:05:00,7456.56,7459.09,7453.85,7456.7,22405641,false,,false,,
2026-07-24 12:10:00,2026-07-24,12:10:00,7456.96,7460.97,7452.61,7453.9,22944125,false,,false,,
2026-07-24 12:15:00,2026-07-24,12:15:00,7453.79,7456.45,7452.27,7455.4,22548278,false,,false,,
2026-07-24 12:20:00,2026-07-24,12:20:00,7455.47,7458.47,7455.19,7457.29,19118523,false,,false,,
2026-07-24 12:25:00,2026-07-24,12:25:00,7457.24,7458.99,7455.57,7455.57,17965930,false,,false,,
2026-07-24 12:30:00,2026-07-24,12:30:00,7455.55,7455.65,7448.17,7449.13,23153056,true,7450,true,7450,7450:from_above
2026-07-24 12:35:00,2026-07-24,12:35:00,7449.15,7451.14,7446.38,7446.57,17483660,true,7450,false,,
2026-07-24 12:40:00,2026-07-24,12:40:00,7446.64,7446.64,7440.69,7440.69,18542767,false,,false,,
2026-07-24 12:45:00,2026-07-24,12:45:00,7440.58,7442.22,7434.19,7435.82,18463576,false,,false,,
2026-07-24 12:50:00,2026-07-24,12:50:00,7435.9,7436.68,7432,7435.26,19294465,false,,false,,
2026-07-24 12:55:00,2026-07-24,12:55:00,7435.01,7441.53,7433.65,7439.05,18303656,false,,false,,
2026-07-24 13:00:00,2026-07-24,13:00:00,7438.88,7439.75,7434.35,7435.66,18024665,false,,false,,
2026-07-24 13:05:00,2026-07-24,13:05:00,7435.66,7436.94,7428.36,7428.89,22186842,false,,false,,
2026-07-24 13:10:00,2026-07-24,13:10:00,7428.45,7434.39,7427.06,7433.23,17822025,false,,false,,
2026-07-24 13:15:00,2026-07-24,13:15:00,7433.31,7438.47,7430.89,7437.87,17198177,false,,false,,
2026-07-24 13:20:00,2026-07-24,13:20:00,7437.86,7438.76,7433.24,7436.22,17794273,false,,false,,
2026-07-24 13:25:00,2026-07-24,13:25:00,7436.58,7441.87,7434.46,7441.2,17592203,false,,false,,
2026-07-24 13:30:00,2026-07-24,13:30:00,7441.27,7445.47,7440.13,7445.47,21351164,false,,false,,
2026-07-24 13:35:00,2026-07-24,13:35:00,7445.51,7445.53,7438.17,7439.06,19279188,false,,false,,
2026-07-24 13:40:00,2026-07-24,13:40:00,7438.96,7439.03,7434.57,7434.57,17590651,false,,false,,
2026-07-24 13:45:00,2026-07-24,13:45:00,7434.65,7437.39,7433.23,7436.52,18515824,false,,false,,
2026-07-24 13:50:00,2026-07-24,13:50:00,7436.58,7439.02,7433.9,7436.32,16622364,false,,false,,
2026-07-24 13:55:00,2026-07-24,13:55:00,7436.29,7437.51,7433.9,7433.9,17373230,false,,false,,
2026-07-24 14:00:00,2026-07-24,14:00:00,7433.91,7436.45,7431.52,7432.58,19283761,false,,false,,
2026-07-24 14:05:00,2026-07-24,14:05:00,7432.52,7436.42,7431.58,7433.56,20806057,false,,false,,
2026-07-24 14:10:00,2026-07-24,14:10:00,7433.61,7434.16,7428.98,7429.56,20941313,false,,false,,
2026-07-24 14:15:00,2026-07-24,14:15:00,7429.5,7430.07,7425.19,7425.41,20661421,false,,false,,
2026-07-24 14:20:00,2026-07-24,14:20:00,7425.51,7425.51,7420.92,7421.56,20556125,false,,false,,
2026-07-24 14:25:00,2026-07-24,14:25:00,7421.49,7421.96,7413.85,7413.97,20771406,false,,false,,
2026-07-24 14:30:00,2026-07-24,14:30:00,7413.88,7415.04,7405.11,7405.51,25717329,false,,false,,
2026-07-24 14:35:00,2026-07-24,14:35:00,7405.55,7409.31,7402.39,7406.27,30036529,false,,false,,
2026-07-24 14:40:00,2026-07-24,14:40:00,7406.28,7406.28,7400.13,7402.12,25511095,true,7400,true,7400,7400:from_above
2026-07-24 14:45:00,2026-07-24,14:45:00,7402.07,7410.29,7401.37,7406.59,22686524,true,7400,false,,
2026-07-24 14:50:00,2026-07-24,14:50:00,7406.54,7408.63,7404.18,7405.39,21756722,false,,false,,
2026-07-24 14:55:00,2026-07-24,14:55:00,7405.34,7410.27,7404.69,7407.45,24011081,false,,false,,
2026-07-24 15:00:00,2026-07-24,15:00:00,7407.29,7412.02,7405.63,7406.16,31275263,false,,false,,
2026-07-24 15:05:00,2026-07-24,15:05:00,7406.09,7409.8,7399.04,7399.56,32000382,true,7400,true,7400,7400:from_above
2026-07-24 15:10:00,2026-07-24,15:10:00,7399.57,7405.05,7398.4,7399.33,32366410,true,7400,false,,
2026-07-24 15:15:00,2026-07-24,15:15:00,7399.32,7401.19,7397.82,7401.19,35192753,true,7400,false,,
2026-07-24 15:20:00,2026-07-24,15:20:00,7401.36,7403.21,7396.86,7397.61,33859346,true,7400,false,,
2026-07-24 15:25:00,2026-07-24,15:25:00,7397.56,7401.58,7396.52,7399.98,33495088,true,7400,false,,
2026-07-24 15:30:00,2026-07-24,15:30:00,7399.88,7406.83,7399.88,7404.39,45744257,true,7400,false,,
2026-07-24 15:35:00,2026-07-24,15:35:00,7404.14,7409.46,7403.19,7404.1,39841546,false,,false,,
2026-07-24 15:40:00,2026-07-24,15:40:00,7404.3,7406.44,7401.45,7405.76,45131809,true,7400,true,7400,7400:from_above
2026-07-24 15:45:00,2026-07-24,15:45:00,7406.04,7407.42,7400.87,7406.47,53148410,true,7400,false,,
2026-07-24 15:50:00,2026-07-24,15:50:00,7406.25,7408.65,7399.53,7408.01,82914333,true,7400,false,,
2026-07-24 15:55:00,2026-07-24,15:55:00,7407.97,7414.05,7403.87,7412.87,223218888,false,,false,,
2026-07-24 16:00:00,2026-07-24,16:00:00,7412.18,7412.18,7411.94,7411.98,451232942,false,,false,,
2026-07-24 16:05:00,2026-07-24,16:05:00,7412,7412,7411.97,7411.97,13843057,false,,false,,
2026-07-27 09:30:00,2026-07-27,09:30:00,7464.21,7474.62,7462.26,7471.27,126056054,false,,false,,
2026-07-27 09:35:00,2026-07-27,09:35:00,7471.39,7480.58,7470.87,7473.62,48273742,false,,false,,
2026-07-27 09:40:00,2026-07-27,09:40:00,7474.17,7475.02,7458.88,7459.06,46023810,false,,false,,
2026-07-27 09:45:00,2026-07-27,09:45:00,7458.73,7465.86,7456.85,7463.62,44394585,false,,false,,
2026-07-27 09:50:00,2026-07-27,09:50:00,7463.14,7466.42,7458.09,7459.49,37707416,false,,false,,
2026-07-27 09:55:00,2026-07-27,09:55:00,7459.39,7459.51,7441.19,7441.19,37316885,true,7450,true,7450,7450:from_above
2026-07-27 10:00:00,2026-07-27,10:00:00,7441.17,7444.76,7436.96,7440.89,43844651,false,,false,,
2026-07-27 10:05:00,2026-07-27,10:05:00,7440.94,7444.31,7436.43,7441.98,36440749,false,,false,,
2026-07-27 10:10:00,2026-07-27,10:10:00,7441.62,7441.62,7428.89,7433.49,39702618,false,,false,,
2026-07-27 10:15:00,2026-07-27,10:15:00,7433.38,7439.38,7429.46,7434.34,40739917,false,,false,,
2026-07-27 10:20:00,2026-07-27,10:20:00,7433.74,7433.74,7419.56,7421.5,37975188,false,,false,,
2026-07-27 10:25:00,2026-07-27,10:25:00,7421.72,7422.38,7405.51,7406.14,41372627,false,,false,,
2026-07-27 10:30:00,2026-07-27,10:30:00,7406.28,7408.56,7400.63,7403.24,45347501,true,7400,true,7400,7400:from_above
2026-07-27 10:35:00,2026-07-27,10:35:00,7402.56,7406.26,7395.09,7403.83,39083367,true,7400,false,,
2026-07-27 10:40:00,2026-07-27,10:40:00,7403.8,7405.41,7388.34,7390.64,42431761,true,7400,false,,
2026-07-27 10:45:00,2026-07-27,10:45:00,7390.7,7404.67,7390.7,7403.54,37545401,true,7400,false,,
2026-07-27 10:50:00,2026-07-27,10:50:00,7403.5,7411.6,7403.28,7408.72,32387112,false,,false,,
2026-07-27 10:55:00,2026-07-27,10:55:00,7409.01,7416.28,7407.78,7415.96,16316710,false,,false,,
